chunk_id,section_id,chunk_seq,start_char,end_char,text_chunk
SEC635272063273_C01,635272063273,1,0,476,"Abstract Previous experimental studies have shown that the isomerization reaction of previtamin D3 (PreD3) to vitamin D3 (VitD3) is accelerated 40-fold when it takes place within a β-cyclodextrin dimer, in comparison to the reaction occurring in conventional isotropic solutions. In this study, we employ quantum mechanics-based molecular dynamics (MD) simulations and statistical multistructural variational transition state theory to unveil the origin of this acceleration."
SEC635272063273_C02,635272063273,2,280,793,"In this study, we employ quantum mechanics-based molecular dynamics (MD) simulations and statistical multistructural variational transition state theory to unveil the origin of this acceleration. We find that the conformational landscape in the PreD3 isomerization is highly dependent on whether the system is encapsulated. In isotropic media, the triene moiety of the PreD3 exhibits a rich torsional flexibility. However, when encapsulated, such a flexibility is limited to a more confined conformational space."
SEC635272063273_C03,635272063273,3,604,1136,"In isotropic media, the triene moiety of the PreD3 exhibits a rich torsional flexibility. However, when encapsulated, such a flexibility is limited to a more confined conformational space. In both scenarios, our calculated rate constants are in close agreement with experimental results and allow us to identify the PreD3 flexibility restriction as the primary catalytic factor. These findings enhance our understanding of VitD3 isomerization and underscore the significance of MD and environmental factors in biochemical modeling."
SEC958251943746_C01,958251943746,1,0,580,"Introduction The “sunshine vitamin”, vitamin D3 (VitD3), is a steroid hormone hailing from cholesterol that holds a crucial place in the maintenance of calcium homeostasis and the enhancement of normal bone mineralization within the human anatomy. This vital nutrient is also intricately involved in several other indispensable biological processes, − and its insufficiency has been identified as a contributing factor to various health conditions, such as rickets and osteoporosis in children and adults, autoimmune diseases, − and even to the onset of depression in later life."
SEC958251943746_C02,958251943746,2,248,791,"This vital nutrient is also intricately involved in several other indispensable biological processes, − and its insufficiency has been identified as a contributing factor to various health conditions, such as rickets and osteoporosis in children and adults, autoimmune diseases, − and even to the onset of depression in later life., Despite its fundamental significance, hypovitaminosis D is a widespread global challenge, affecting approximately one billion individuals across the world, even in regions boasting high levels of sun exposure."
SEC958251943746_C03,958251943746,3,580,1093,", Despite its fundamental significance, hypovitaminosis D is a widespread global challenge, affecting approximately one billion individuals across the world, even in regions boasting high levels of sun exposure. VitD3 can be obtained by humans through two sources, namely, endogenous production and dietary intake, with the former serving as the principal source for the vast majority of individuals. Regarding the latter, the utilization of VitD3 supplements has witnessed an unprecedented surge in recent years."
SEC958251943746_C04,958251943746,4,791,1241,"VitD3 can be obtained by humans through two sources, namely, endogenous production and dietary intake, with the former serving as the principal source for the vast majority of individuals. Regarding the latter, the utilization of VitD3 supplements has witnessed an unprecedented surge in recent years. For example, their sales reached a staggering $936 million in the United States alone in the year 2017, a 9-fold increase from the previous decade."
SEC958251943746_C05,958251943746,5,1093,1645,"For example, their sales reached a staggering $936 million in the United States alone in the year 2017, a 9-fold increase from the previous decade. Given the growing demand for VitD3, an in-depth comprehension of the mechanism behind its formation holds immense significance for both the pharmaceutical and food industries, as it holds the potential to pave the way for the creation of more efficient and economically viable synthetic procedures. The endogenous biosynthesis of VitD3 within the skin involves a two-step process, as depicted in Figure."
SEC958251943746_C06,958251943746,6,1241,1645,"Given the growing demand for VitD3, an in-depth comprehension of the mechanism behind its formation holds immense significance for both the pharmaceutical and food industries, as it holds the potential to pave the way for the creation of more efficient and economically viable synthetic procedures. The endogenous biosynthesis of VitD3 within the skin involves a two-step process, as depicted in Figure."
SEC958251943746_C07,958251943746,7,1540,1987,"The endogenous biosynthesis of VitD3 within the skin involves a two-step process, as depicted in Figure. The first step is the UV-induced 6π electrocyclic ring opening of 7-dehydrocholesterol, otherwise known as provitamin D3 (ProD3), resulting in the formation of the secosteroid previtamin D3 (PreD3). The second step entails the thermal antarafacial -sigmatropic hydrogen shift reaction, culminating in the formation of the much-coveted VitD3."
SEC958251943746_C08,958251943746,8,1844,2300,"The second step entails the thermal antarafacial -sigmatropic hydrogen shift reaction, culminating in the formation of the much-coveted VitD3. In order for this second step of the biosynthesis of VitD3 to occur, it is necessary for the single bonds of the triene moiety, which connect rings A and C, to be in the s-cis conformation (−c or +c, depending on whether the corresponding dihedral angle is between −90 and 0° or between 0 and 90°, respectively)."
SEC958251943746_C09,958251943746,9,1987,2446,"In order for this second step of the biosynthesis of VitD3 to occur, it is necessary for the single bonds of the triene moiety, which connect rings A and C, to be in the s-cis conformation (−c or +c, depending on whether the corresponding dihedral angle is between −90 and 0° or between 0 and 90°, respectively). As a result, this reaction manifests two potential antarafacial hydrogen exchange pathways: +c+c and −c−c, or just and, as illustrated in Figure."
SEC958251943746_C10,958251943746,10,2300,2808,"As a result, this reaction manifests two potential antarafacial hydrogen exchange pathways: +c+c and −c−c, or just and, as illustrated in Figure. The nomenclature for these arrangements is derived from the torsion angles about the two single bonds of the triene moiety (ϕ 1 and ϕ 2, see Figure). According to the nonadiabatic molecular dynamics (MD) simulations carried out by Furche and co-workers, the UV-induced ring opening results in PreD3 in the −c−c arrangement (we refer to Figure 11 of their work)."
SEC958251943746_C11,958251943746,11,2596,3006,"According to the nonadiabatic molecular dynamics (MD) simulations carried out by Furche and co-workers, the UV-induced ring opening results in PreD3 in the −c−c arrangement (we refer to Figure 11 of their work). However, the small interconversion barriers in PreD3 allows the thermal isomerization to take place through the +c+c configuration, which is known to be about 10 times faster than the −c−c pathway."
SEC958251943746_C12,958251943746,12,2808,3368,"However, the small interconversion barriers in PreD3 allows the thermal isomerization to take place through the +c+c configuration, which is known to be about 10 times faster than the −c−c pathway. It is also important to note that the most stable conformer of PreD3, which has been found, to present a +t−c triene configuration, does not correspond to either of the two reactive triene arrangements (+t implies that the corresponding dihedral angle, in this case ϕ 1, is between +90 and +180°). Examples of these triene configurations can be found in Figure."
SEC958251943746_C13,958251943746,13,3006,3463,"It is also important to note that the most stable conformer of PreD3, which has been found, to present a +t−c triene configuration, does not correspond to either of the two reactive triene arrangements (+t implies that the corresponding dihedral angle, in this case ϕ 1, is between +90 and +180°). Examples of these triene configurations can be found in Figure. Holick and co-workers have delved into the thermal isomerization of PreD3 in a range of media."
SEC958251943746_C14,958251943746,14,3304,3857,"Examples of these triene configurations can be found in Figure. Holick and co-workers have delved into the thermal isomerization of PreD3 in a range of media. Their findings show that the thermal reaction necessitates a substantial amount of time, spanning several days, in an isotropic organic solution, such as n -hexane, at a temperature equivalent to that of the human body. However, they have uncovered that this transformation occurs at a 10-fold faster pace when taking place inside different skin types, including human and even reptilian skin."
SEC958251943746_C15,958251943746,15,3683,4270,"However, they have uncovered that this transformation occurs at a 10-fold faster pace when taking place inside different skin types, including human and even reptilian skin. Their experiments show a remarkable acceleration in the rate of this thermal isomerizationby 40 timeswhen PreD3 remains encapsulated within a β-cyclodextrin dimer (β-CD dimer), compared to its rate in an isotropic medium. In this specific experiment, ProD3 was first encapsulated inside the β-CD dimer and then irradiated to produce PreD3. Subsequently, the thermal isomerization of PreD3 to VitD3 was studied."
SEC958251943746_C16,958251943746,16,4081,4644,"In this specific experiment, ProD3 was first encapsulated inside the β-CD dimer and then irradiated to produce PreD3. Subsequently, the thermal isomerization of PreD3 to VitD3 was studied. Given the high excess of β-CD and the insolubility of free ProD3 in water, Holick and co-workers reported that the system (ProD3, PreD3, and VitD3) remained fully complexed throughout the experiment. Therefore, the observed 40-fold increase in the reaction is exclusively due to the isomerization reaction and is unaffected by the encapsulation and decapsulation processes."
SEC958251943746_C17,958251943746,17,4470,4849,"Therefore, the observed 40-fold increase in the reaction is exclusively due to the isomerization reaction and is unaffected by the encapsulation and decapsulation processes. To explain the catalytic effect of the β-CD dimer, Holick and co-workers proposed that the reactive conformers of PreD3 are stabilized upon complexation, thereby elevating the isomerization rate constant."
SEC958251943746_C18,958251943746,18,4644,5133,"To explain the catalytic effect of the β-CD dimer, Holick and co-workers proposed that the reactive conformers of PreD3 are stabilized upon complexation, thereby elevating the isomerization rate constant. On the other hand, Meana-Pañeda and Fernández-Ramos posited that this increase is a result of the diminutive cavity of the β-CD dimer, which restricts rotations about the single bonds of the triene moiety connecting the A and C rings in PreD3, thus isolating the reactive conformers."
SEC958251943746_C19,958251943746,19,4849,5309,"On the other hand, Meana-Pañeda and Fernández-Ramos posited that this increase is a result of the diminutive cavity of the β-CD dimer, which restricts rotations about the single bonds of the triene moiety connecting the A and C rings in PreD3, thus isolating the reactive conformers. Regrettably, a lack of quantitative computational evidence has prevented either of these hypotheses from being supported, and the catalytic mechanism remains an open question."
SEC958251943746_C20,958251943746,20,5133,5646,"Regrettably, a lack of quantitative computational evidence has prevented either of these hypotheses from being supported, and the catalytic mechanism remains an open question. With the intention of illuminating the catalytic mechanism, we conducted a comprehensive analysis of the dynamics of the isomerization reaction of PreD3 when encapsulated within the β-CD dimer. To achieve this, we utilized the statistical multistructural variational transition state theory (MS-VTST) in combination with MD simulations."
SEC273485125918_C01,273485125918,1,0,514,"Calculation Method It has been demonstrated that the lateral chain ( R in Figure) is not directly involved in the thermal isomerization and that, therefore, it can be safely replaced by a methyl group when studying this reaction in both gas-phase and n -hexane environments. We assume that this approximation also holds true within the β-CD dimer, and for this reason, we have also substituted this fragment by a methyl group. Hereinafter, we will replace the PreD3 name by PreD to refer to the modified reactant."
SEC763049830932_C01,763049830932,1,0,573,"Molecular Dynamics Simulations MD simulations were conducted for both the free [f] and encapsulated [e] versions of PreD, in order to compare the accessible torsional space of the triene moiety in each case. The most stable HL conformer of PreD exhibiting a −c−c triene arrangement was selected as the initial configuration for the simulation. For the encapsulated version, this conformer was manually inserted inside the β-CD dimer cavity and optimized at the HF/6-31G level of theory before the MD simulation. The xTB software (version 6.4.1), developed by Grimme et al."
SEC763049830932_C02,763049830932,2,344,861,"For the encapsulated version, this conformer was manually inserted inside the β-CD dimer cavity and optimized at the HF/6-31G level of theory before the MD simulation. The xTB software (version 6.4.1), developed by Grimme et al., was used, in combination with the semiempirical GFN2-xTB methodology, to calculate the forces throughout the simulation. Each system was propagated for 1 μs in five independent simulations with a time step of 2 ps at 310. K in an NVT ensemble (total simulation time per system of 5 μs)."
SEC763049830932_C03,763049830932,3,695,995,"Each system was propagated for 1 μs in five independent simulations with a time step of 2 ps at 310. K in an NVT ensemble (total simulation time per system of 5 μs). A Berendsen thermostat was used for keeping constant the temperature of the system, and the SHAKE algorithm was applied to all bonds."
SEC635272063273_C01,635272063273,1,0,476,"Abstract Previous experimental studies have shown that the isomerization reaction of previtamin D3 (PreD3) to vitamin D3 (VitD3) is accelerated 40-fold when it takes place within a β-cyclodextrin dimer, in comparison to the reaction occurring in conventional isotropic solutions. In this study, we employ quantum mechanics-based molecular dynamics (MD) simulations and statistical multistructural variational transition state theory to unveil the origin of this acceleration."
SEC635272063273_C02,635272063273,2,280,793,"In this study, we employ quantum mechanics-based molecular dynamics (MD) simulations and statistical multistructural variational transition state theory to unveil the origin of this acceleration. We find that the conformational landscape in the PreD3 isomerization is highly dependent on whether the system is encapsulated. In isotropic media, the triene moiety of the PreD3 exhibits a rich torsional flexibility. However, when encapsulated, such a flexibility is limited to a more confined conformational space."
SEC635272063273_C03,635272063273,3,604,1136,"In isotropic media, the triene moiety of the PreD3 exhibits a rich torsional flexibility. However, when encapsulated, such a flexibility is limited to a more confined conformational space. In both scenarios, our calculated rate constants are in close agreement with experimental results and allow us to identify the PreD3 flexibility restriction as the primary catalytic factor. These findings enhance our understanding of VitD3 isomerization and underscore the significance of MD and environmental factors in biochemical modeling."
SEC958251943746_C01,958251943746,1,0,580,"Introduction The “sunshine vitamin”, vitamin D3 (VitD3), is a steroid hormone hailing from cholesterol that holds a crucial place in the maintenance of calcium homeostasis and the enhancement of normal bone mineralization within the human anatomy. This vital nutrient is also intricately involved in several other indispensable biological processes, − and its insufficiency has been identified as a contributing factor to various health conditions, such as rickets and osteoporosis in children and adults, autoimmune diseases, − and even to the onset of depression in later life."
SEC958251943746_C02,958251943746,2,248,791,"This vital nutrient is also intricately involved in several other indispensable biological processes, − and its insufficiency has been identified as a contributing factor to various health conditions, such as rickets and osteoporosis in children and adults, autoimmune diseases, − and even to the onset of depression in later life., Despite its fundamental significance, hypovitaminosis D is a widespread global challenge, affecting approximately one billion individuals across the world, even in regions boasting high levels of sun exposure."
SEC958251943746_C03,958251943746,3,580,1093,", Despite its fundamental significance, hypovitaminosis D is a widespread global challenge, affecting approximately one billion individuals across the world, even in regions boasting high levels of sun exposure. VitD3 can be obtained by humans through two sources, namely, endogenous production and dietary intake, with the former serving as the principal source for the vast majority of individuals. Regarding the latter, the utilization of VitD3 supplements has witnessed an unprecedented surge in recent years."
SEC958251943746_C04,958251943746,4,791,1241,"VitD3 can be obtained by humans through two sources, namely, endogenous production and dietary intake, with the former serving as the principal source for the vast majority of individuals. Regarding the latter, the utilization of VitD3 supplements has witnessed an unprecedented surge in recent years. For example, their sales reached a staggering $936 million in the United States alone in the year 2017, a 9-fold increase from the previous decade."
SEC958251943746_C05,958251943746,5,1093,1645,"For example, their sales reached a staggering $936 million in the United States alone in the year 2017, a 9-fold increase from the previous decade. Given the growing demand for VitD3, an in-depth comprehension of the mechanism behind its formation holds immense significance for both the pharmaceutical and food industries, as it holds the potential to pave the way for the creation of more efficient and economically viable synthetic procedures. The endogenous biosynthesis of VitD3 within the skin involves a two-step process, as depicted in Figure."
SEC958251943746_C06,958251943746,6,1241,1645,"Given the growing demand for VitD3, an in-depth comprehension of the mechanism behind its formation holds immense significance for both the pharmaceutical and food industries, as it holds the potential to pave the way for the creation of more efficient and economically viable synthetic procedures. The endogenous biosynthesis of VitD3 within the skin involves a two-step process, as depicted in Figure."
SEC958251943746_C07,958251943746,7,1540,1987,"The endogenous biosynthesis of VitD3 within the skin involves a two-step process, as depicted in Figure. The first step is the UV-induced 6π electrocyclic ring opening of 7-dehydrocholesterol, otherwise known as provitamin D3 (ProD3), resulting in the formation of the secosteroid previtamin D3 (PreD3). The second step entails the thermal antarafacial -sigmatropic hydrogen shift reaction, culminating in the formation of the much-coveted VitD3."
SEC958251943746_C08,958251943746,8,1844,2300,"The second step entails the thermal antarafacial -sigmatropic hydrogen shift reaction, culminating in the formation of the much-coveted VitD3. In order for this second step of the biosynthesis of VitD3 to occur, it is necessary for the single bonds of the triene moiety, which connect rings A and C, to be in the s-cis conformation (−c or +c, depending on whether the corresponding dihedral angle is between −90 and 0° or between 0 and 90°, respectively)."
SEC958251943746_C09,958251943746,9,1987,2446,"In order for this second step of the biosynthesis of VitD3 to occur, it is necessary for the single bonds of the triene moiety, which connect rings A and C, to be in the s-cis conformation (−c or +c, depending on whether the corresponding dihedral angle is between −90 and 0° or between 0 and 90°, respectively). As a result, this reaction manifests two potential antarafacial hydrogen exchange pathways: +c+c and −c−c, or just and, as illustrated in Figure."
SEC958251943746_C10,958251943746,10,2300,2808,"As a result, this reaction manifests two potential antarafacial hydrogen exchange pathways: +c+c and −c−c, or just and, as illustrated in Figure. The nomenclature for these arrangements is derived from the torsion angles about the two single bonds of the triene moiety (ϕ 1 and ϕ 2, see Figure). According to the nonadiabatic molecular dynamics (MD) simulations carried out by Furche and co-workers, the UV-induced ring opening results in PreD3 in the −c−c arrangement (we refer to Figure 11 of their work)."
SEC958251943746_C11,958251943746,11,2596,3006,"According to the nonadiabatic molecular dynamics (MD) simulations carried out by Furche and co-workers, the UV-induced ring opening results in PreD3 in the −c−c arrangement (we refer to Figure 11 of their work). However, the small interconversion barriers in PreD3 allows the thermal isomerization to take place through the +c+c configuration, which is known to be about 10 times faster than the −c−c pathway."
SEC958251943746_C12,958251943746,12,2808,3368,"However, the small interconversion barriers in PreD3 allows the thermal isomerization to take place through the +c+c configuration, which is known to be about 10 times faster than the −c−c pathway. It is also important to note that the most stable conformer of PreD3, which has been found, to present a +t−c triene configuration, does not correspond to either of the two reactive triene arrangements (+t implies that the corresponding dihedral angle, in this case ϕ 1, is between +90 and +180°). Examples of these triene configurations can be found in Figure."
SEC958251943746_C13,958251943746,13,3006,3463,"It is also important to note that the most stable conformer of PreD3, which has been found, to present a +t−c triene configuration, does not correspond to either of the two reactive triene arrangements (+t implies that the corresponding dihedral angle, in this case ϕ 1, is between +90 and +180°). Examples of these triene configurations can be found in Figure. Holick and co-workers have delved into the thermal isomerization of PreD3 in a range of media."
SEC958251943746_C14,958251943746,14,3304,3857,"Examples of these triene configurations can be found in Figure. Holick and co-workers have delved into the thermal isomerization of PreD3 in a range of media. Their findings show that the thermal reaction necessitates a substantial amount of time, spanning several days, in an isotropic organic solution, such as n -hexane, at a temperature equivalent to that of the human body. However, they have uncovered that this transformation occurs at a 10-fold faster pace when taking place inside different skin types, including human and even reptilian skin."
SEC958251943746_C15,958251943746,15,3683,4270,"However, they have uncovered that this transformation occurs at a 10-fold faster pace when taking place inside different skin types, including human and even reptilian skin. Their experiments show a remarkable acceleration in the rate of this thermal isomerizationby 40 timeswhen PreD3 remains encapsulated within a β-cyclodextrin dimer (β-CD dimer), compared to its rate in an isotropic medium. In this specific experiment, ProD3 was first encapsulated inside the β-CD dimer and then irradiated to produce PreD3. Subsequently, the thermal isomerization of PreD3 to VitD3 was studied."
SEC958251943746_C16,958251943746,16,4081,4644,"In this specific experiment, ProD3 was first encapsulated inside the β-CD dimer and then irradiated to produce PreD3. Subsequently, the thermal isomerization of PreD3 to VitD3 was studied. Given the high excess of β-CD and the insolubility of free ProD3 in water, Holick and co-workers reported that the system (ProD3, PreD3, and VitD3) remained fully complexed throughout the experiment. Therefore, the observed 40-fold increase in the reaction is exclusively due to the isomerization reaction and is unaffected by the encapsulation and decapsulation processes."
SEC958251943746_C17,958251943746,17,4470,4849,"Therefore, the observed 40-fold increase in the reaction is exclusively due to the isomerization reaction and is unaffected by the encapsulation and decapsulation processes. To explain the catalytic effect of the β-CD dimer, Holick and co-workers proposed that the reactive conformers of PreD3 are stabilized upon complexation, thereby elevating the isomerization rate constant."
SEC958251943746_C18,958251943746,18,4644,5133,"To explain the catalytic effect of the β-CD dimer, Holick and co-workers proposed that the reactive conformers of PreD3 are stabilized upon complexation, thereby elevating the isomerization rate constant. On the other hand, Meana-Pañeda and Fernández-Ramos posited that this increase is a result of the diminutive cavity of the β-CD dimer, which restricts rotations about the single bonds of the triene moiety connecting the A and C rings in PreD3, thus isolating the reactive conformers."
SEC958251943746_C19,958251943746,19,4849,5309,"On the other hand, Meana-Pañeda and Fernández-Ramos posited that this increase is a result of the diminutive cavity of the β-CD dimer, which restricts rotations about the single bonds of the triene moiety connecting the A and C rings in PreD3, thus isolating the reactive conformers. Regrettably, a lack of quantitative computational evidence has prevented either of these hypotheses from being supported, and the catalytic mechanism remains an open question."
SEC958251943746_C20,958251943746,20,5133,5646,"Regrettably, a lack of quantitative computational evidence has prevented either of these hypotheses from being supported, and the catalytic mechanism remains an open question. With the intention of illuminating the catalytic mechanism, we conducted a comprehensive analysis of the dynamics of the isomerization reaction of PreD3 when encapsulated within the β-CD dimer. To achieve this, we utilized the statistical multistructural variational transition state theory (MS-VTST) in combination with MD simulations."
SEC273485125918_C01,273485125918,1,0,514,"Calculation Method It has been demonstrated that the lateral chain ( R in Figure) is not directly involved in the thermal isomerization and that, therefore, it can be safely replaced by a methyl group when studying this reaction in both gas-phase and n -hexane environments. We assume that this approximation also holds true within the β-CD dimer, and for this reason, we have also substituted this fragment by a methyl group. Hereinafter, we will replace the PreD3 name by PreD to refer to the modified reactant."
SEC763049830932_C01,763049830932,1,0,573,"Molecular Dynamics Simulations MD simulations were conducted for both the free [f] and encapsulated [e] versions of PreD, in order to compare the accessible torsional space of the triene moiety in each case. The most stable HL conformer of PreD exhibiting a −c−c triene arrangement was selected as the initial configuration for the simulation. For the encapsulated version, this conformer was manually inserted inside the β-CD dimer cavity and optimized at the HF/6-31G level of theory before the MD simulation. The xTB software (version 6.4.1), developed by Grimme et al."
SEC763049830932_C02,763049830932,2,344,861,"For the encapsulated version, this conformer was manually inserted inside the β-CD dimer cavity and optimized at the HF/6-31G level of theory before the MD simulation. The xTB software (version 6.4.1), developed by Grimme et al., was used, in combination with the semiempirical GFN2-xTB methodology, to calculate the forces throughout the simulation. Each system was propagated for 1 μs in five independent simulations with a time step of 2 ps at 310. K in an NVT ensemble (total simulation time per system of 5 μs)."
SEC763049830932_C03,763049830932,3,695,995,"Each system was propagated for 1 μs in five independent simulations with a time step of 2 ps at 310. K in an NVT ensemble (total simulation time per system of 5 μs). A Berendsen thermostat was used for keeping constant the temperature of the system, and the SHAKE algorithm was applied to all bonds."
SEC635272063273_C01,635272063273,1,0,476,"Abstract Previous experimental studies have shown that the isomerization reaction of previtamin D3 (PreD3) to vitamin D3 (VitD3) is accelerated 40-fold when it takes place within a β-cyclodextrin dimer, in comparison to the reaction occurring in conventional isotropic solutions. In this study, we employ quantum mechanics-based molecular dynamics (MD) simulations and statistical multistructural variational transition state theory to unveil the origin of this acceleration."
SEC635272063273_C02,635272063273,2,280,793,"In this study, we employ quantum mechanics-based molecular dynamics (MD) simulations and statistical multistructural variational transition state theory to unveil the origin of this acceleration. We find that the conformational landscape in the PreD3 isomerization is highly dependent on whether the system is encapsulated. In isotropic media, the triene moiety of the PreD3 exhibits a rich torsional flexibility. However, when encapsulated, such a flexibility is limited to a more confined conformational space."
SEC635272063273_C03,635272063273,3,604,1136,"In isotropic media, the triene moiety of the PreD3 exhibits a rich torsional flexibility. However, when encapsulated, such a flexibility is limited to a more confined conformational space. In both scenarios, our calculated rate constants are in close agreement with experimental results and allow us to identify the PreD3 flexibility restriction as the primary catalytic factor. These findings enhance our understanding of VitD3 isomerization and underscore the significance of MD and environmental factors in biochemical modeling."
SEC958251943746_C01,958251943746,1,0,580,"Introduction The “sunshine vitamin”, vitamin D3 (VitD3), is a steroid hormone hailing from cholesterol that holds a crucial place in the maintenance of calcium homeostasis and the enhancement of normal bone mineralization within the human anatomy. This vital nutrient is also intricately involved in several other indispensable biological processes, − and its insufficiency has been identified as a contributing factor to various health conditions, such as rickets and osteoporosis in children and adults, autoimmune diseases, − and even to the onset of depression in later life."
SEC958251943746_C02,958251943746,2,248,791,"This vital nutrient is also intricately involved in several other indispensable biological processes, − and its insufficiency has been identified as a contributing factor to various health conditions, such as rickets and osteoporosis in children and adults, autoimmune diseases, − and even to the onset of depression in later life., Despite its fundamental significance, hypovitaminosis D is a widespread global challenge, affecting approximately one billion individuals across the world, even in regions boasting high levels of sun exposure."
SEC958251943746_C03,958251943746,3,580,1093,", Despite its fundamental significance, hypovitaminosis D is a widespread global challenge, affecting approximately one billion individuals across the world, even in regions boasting high levels of sun exposure. VitD3 can be obtained by humans through two sources, namely, endogenous production and dietary intake, with the former serving as the principal source for the vast majority of individuals. Regarding the latter, the utilization of VitD3 supplements has witnessed an unprecedented surge in recent years."
SEC958251943746_C04,958251943746,4,791,1241,"VitD3 can be obtained by humans through two sources, namely, endogenous production and dietary intake, with the former serving as the principal source for the vast majority of individuals. Regarding the latter, the utilization of VitD3 supplements has witnessed an unprecedented surge in recent years. For example, their sales reached a staggering $936 million in the United States alone in the year 2017, a 9-fold increase from the previous decade."
SEC958251943746_C05,958251943746,5,1093,1645,"For example, their sales reached a staggering $936 million in the United States alone in the year 2017, a 9-fold increase from the previous decade. Given the growing demand for VitD3, an in-depth comprehension of the mechanism behind its formation holds immense significance for both the pharmaceutical and food industries, as it holds the potential to pave the way for the creation of more efficient and economically viable synthetic procedures. The endogenous biosynthesis of VitD3 within the skin involves a two-step process, as depicted in Figure."
SEC958251943746_C06,958251943746,6,1241,1645,"Given the growing demand for VitD3, an in-depth comprehension of the mechanism behind its formation holds immense significance for both the pharmaceutical and food industries, as it holds the potential to pave the way for the creation of more efficient and economically viable synthetic procedures. The endogenous biosynthesis of VitD3 within the skin involves a two-step process, as depicted in Figure."
SEC958251943746_C07,958251943746,7,1540,1987,"The endogenous biosynthesis of VitD3 within the skin involves a two-step process, as depicted in Figure. The first step is the UV-induced 6π electrocyclic ring opening of 7-dehydrocholesterol, otherwise known as provitamin D3 (ProD3), resulting in the formation of the secosteroid previtamin D3 (PreD3). The second step entails the thermal antarafacial -sigmatropic hydrogen shift reaction, culminating in the formation of the much-coveted VitD3."
SEC958251943746_C08,958251943746,8,1844,2300,"The second step entails the thermal antarafacial -sigmatropic hydrogen shift reaction, culminating in the formation of the much-coveted VitD3. In order for this second step of the biosynthesis of VitD3 to occur, it is necessary for the single bonds of the triene moiety, which connect rings A and C, to be in the s-cis conformation (−c or +c, depending on whether the corresponding dihedral angle is between −90 and 0° or between 0 and 90°, respectively)."
SEC958251943746_C09,958251943746,9,1987,2446,"In order for this second step of the biosynthesis of VitD3 to occur, it is necessary for the single bonds of the triene moiety, which connect rings A and C, to be in the s-cis conformation (−c or +c, depending on whether the corresponding dihedral angle is between −90 and 0° or between 0 and 90°, respectively). As a result, this reaction manifests two potential antarafacial hydrogen exchange pathways: +c+c and −c−c, or just and, as illustrated in Figure."
SEC958251943746_C10,958251943746,10,2300,2808,"As a result, this reaction manifests two potential antarafacial hydrogen exchange pathways: +c+c and −c−c, or just and, as illustrated in Figure. The nomenclature for these arrangements is derived from the torsion angles about the two single bonds of the triene moiety (ϕ 1 and ϕ 2, see Figure). According to the nonadiabatic molecular dynamics (MD) simulations carried out by Furche and co-workers, the UV-induced ring opening results in PreD3 in the −c−c arrangement (we refer to Figure 11 of their work)."
SEC958251943746_C11,958251943746,11,2596,3006,"According to the nonadiabatic molecular dynamics (MD) simulations carried out by Furche and co-workers, the UV-induced ring opening results in PreD3 in the −c−c arrangement (we refer to Figure 11 of their work). However, the small interconversion barriers in PreD3 allows the thermal isomerization to take place through the +c+c configuration, which is known to be about 10 times faster than the −c−c pathway."
SEC958251943746_C12,958251943746,12,2808,3368,"However, the small interconversion barriers in PreD3 allows the thermal isomerization to take place through the +c+c configuration, which is known to be about 10 times faster than the −c−c pathway. It is also important to note that the most stable conformer of PreD3, which has been found, to present a +t−c triene configuration, does not correspond to either of the two reactive triene arrangements (+t implies that the corresponding dihedral angle, in this case ϕ 1, is between +90 and +180°). Examples of these triene configurations can be found in Figure."
SEC958251943746_C13,958251943746,13,3006,3463,"It is also important to note that the most stable conformer of PreD3, which has been found, to present a +t−c triene configuration, does not correspond to either of the two reactive triene arrangements (+t implies that the corresponding dihedral angle, in this case ϕ 1, is between +90 and +180°). Examples of these triene configurations can be found in Figure. Holick and co-workers have delved into the thermal isomerization of PreD3 in a range of media."
SEC958251943746_C14,958251943746,14,3304,3857,"Examples of these triene configurations can be found in Figure. Holick and co-workers have delved into the thermal isomerization of PreD3 in a range of media. Their findings show that the thermal reaction necessitates a substantial amount of time, spanning several days, in an isotropic organic solution, such as n -hexane, at a temperature equivalent to that of the human body. However, they have uncovered that this transformation occurs at a 10-fold faster pace when taking place inside different skin types, including human and even reptilian skin."
SEC958251943746_C15,958251943746,15,3683,4270,"However, they have uncovered that this transformation occurs at a 10-fold faster pace when taking place inside different skin types, including human and even reptilian skin. Their experiments show a remarkable acceleration in the rate of this thermal isomerizationby 40 timeswhen PreD3 remains encapsulated within a β-cyclodextrin dimer (β-CD dimer), compared to its rate in an isotropic medium. In this specific experiment, ProD3 was first encapsulated inside the β-CD dimer and then irradiated to produce PreD3. Subsequently, the thermal isomerization of PreD3 to VitD3 was studied."
SEC958251943746_C16,958251943746,16,4081,4644,"In this specific experiment, ProD3 was first encapsulated inside the β-CD dimer and then irradiated to produce PreD3. Subsequently, the thermal isomerization of PreD3 to VitD3 was studied. Given the high excess of β-CD and the insolubility of free ProD3 in water, Holick and co-workers reported that the system (ProD3, PreD3, and VitD3) remained fully complexed throughout the experiment. Therefore, the observed 40-fold increase in the reaction is exclusively due to the isomerization reaction and is unaffected by the encapsulation and decapsulation processes."
SEC958251943746_C17,958251943746,17,4470,4849,"Therefore, the observed 40-fold increase in the reaction is exclusively due to the isomerization reaction and is unaffected by the encapsulation and decapsulation processes. To explain the catalytic effect of the β-CD dimer, Holick and co-workers proposed that the reactive conformers of PreD3 are stabilized upon complexation, thereby elevating the isomerization rate constant."
SEC958251943746_C18,958251943746,18,4644,5133,"To explain the catalytic effect of the β-CD dimer, Holick and co-workers proposed that the reactive conformers of PreD3 are stabilized upon complexation, thereby elevating the isomerization rate constant. On the other hand, Meana-Pañeda and Fernández-Ramos posited that this increase is a result of the diminutive cavity of the β-CD dimer, which restricts rotations about the single bonds of the triene moiety connecting the A and C rings in PreD3, thus isolating the reactive conformers."
SEC958251943746_C19,958251943746,19,4849,5309,"On the other hand, Meana-Pañeda and Fernández-Ramos posited that this increase is a result of the diminutive cavity of the β-CD dimer, which restricts rotations about the single bonds of the triene moiety connecting the A and C rings in PreD3, thus isolating the reactive conformers. Regrettably, a lack of quantitative computational evidence has prevented either of these hypotheses from being supported, and the catalytic mechanism remains an open question."
SEC958251943746_C20,958251943746,20,5133,5646,"Regrettably, a lack of quantitative computational evidence has prevented either of these hypotheses from being supported, and the catalytic mechanism remains an open question. With the intention of illuminating the catalytic mechanism, we conducted a comprehensive analysis of the dynamics of the isomerization reaction of PreD3 when encapsulated within the β-CD dimer. To achieve this, we utilized the statistical multistructural variational transition state theory (MS-VTST) in combination with MD simulations."
SEC273485125918_C01,273485125918,1,0,514,"Calculation Method It has been demonstrated that the lateral chain ( R in Figure) is not directly involved in the thermal isomerization and that, therefore, it can be safely replaced by a methyl group when studying this reaction in both gas-phase and n -hexane environments. We assume that this approximation also holds true within the β-CD dimer, and for this reason, we have also substituted this fragment by a methyl group. Hereinafter, we will replace the PreD3 name by PreD to refer to the modified reactant."
SEC763049830932_C01,763049830932,1,0,573,"Molecular Dynamics Simulations MD simulations were conducted for both the free [f] and encapsulated [e] versions of PreD, in order to compare the accessible torsional space of the triene moiety in each case. The most stable HL conformer of PreD exhibiting a −c−c triene arrangement was selected as the initial configuration for the simulation. For the encapsulated version, this conformer was manually inserted inside the β-CD dimer cavity and optimized at the HF/6-31G level of theory before the MD simulation. The xTB software (version 6.4.1), developed by Grimme et al."
SEC763049830932_C02,763049830932,2,344,861,"For the encapsulated version, this conformer was manually inserted inside the β-CD dimer cavity and optimized at the HF/6-31G level of theory before the MD simulation. The xTB software (version 6.4.1), developed by Grimme et al., was used, in combination with the semiempirical GFN2-xTB methodology, to calculate the forces throughout the simulation. Each system was propagated for 1 μs in five independent simulations with a time step of 2 ps at 310. K in an NVT ensemble (total simulation time per system of 5 μs)."
SEC763049830932_C03,763049830932,3,695,995,"Each system was propagated for 1 μs in five independent simulations with a time step of 2 ps at 310. K in an NVT ensemble (total simulation time per system of 5 μs). A Berendsen thermostat was used for keeping constant the temperature of the system, and the SHAKE algorithm was applied to all bonds."
SEC635272063273_C01,635272063273,1,0,476,"Abstract Previous experimental studies have shown that the isomerization reaction of previtamin D3 (PreD3) to vitamin D3 (VitD3) is accelerated 40-fold when it takes place within a β-cyclodextrin dimer, in comparison to the reaction occurring in conventional isotropic solutions. In this study, we employ quantum mechanics-based molecular dynamics (MD) simulations and statistical multistructural variational transition state theory to unveil the origin of this acceleration."
SEC635272063273_C02,635272063273,2,280,793,"In this study, we employ quantum mechanics-based molecular dynamics (MD) simulations and statistical multistructural variational transition state theory to unveil the origin of this acceleration. We find that the conformational landscape in the PreD3 isomerization is highly dependent on whether the system is encapsulated. In isotropic media, the triene moiety of the PreD3 exhibits a rich torsional flexibility. However, when encapsulated, such a flexibility is limited to a more confined conformational space."
SEC635272063273_C03,635272063273,3,604,1136,"In isotropic media, the triene moiety of the PreD3 exhibits a rich torsional flexibility. However, when encapsulated, such a flexibility is limited to a more confined conformational space. In both scenarios, our calculated rate constants are in close agreement with experimental results and allow us to identify the PreD3 flexibility restriction as the primary catalytic factor. These findings enhance our understanding of VitD3 isomerization and underscore the significance of MD and environmental factors in biochemical modeling."
SEC958251943746_C01,958251943746,1,0,580,"Introduction The “sunshine vitamin”, vitamin D3 (VitD3), is a steroid hormone hailing from cholesterol that holds a crucial place in the maintenance of calcium homeostasis and the enhancement of normal bone mineralization within the human anatomy. This vital nutrient is also intricately involved in several other indispensable biological processes, − and its insufficiency has been identified as a contributing factor to various health conditions, such as rickets and osteoporosis in children and adults, autoimmune diseases, − and even to the onset of depression in later life."
SEC958251943746_C02,958251943746,2,248,791,"This vital nutrient is also intricately involved in several other indispensable biological processes, − and its insufficiency has been identified as a contributing factor to various health conditions, such as rickets and osteoporosis in children and adults, autoimmune diseases, − and even to the onset of depression in later life., Despite its fundamental significance, hypovitaminosis D is a widespread global challenge, affecting approximately one billion individuals across the world, even in regions boasting high levels of sun exposure."
SEC958251943746_C03,958251943746,3,580,1093,", Despite its fundamental significance, hypovitaminosis D is a widespread global challenge, affecting approximately one billion individuals across the world, even in regions boasting high levels of sun exposure. VitD3 can be obtained by humans through two sources, namely, endogenous production and dietary intake, with the former serving as the principal source for the vast majority of individuals. Regarding the latter, the utilization of VitD3 supplements has witnessed an unprecedented surge in recent years."
SEC958251943746_C04,958251943746,4,791,1241,"VitD3 can be obtained by humans through two sources, namely, endogenous production and dietary intake, with the former serving as the principal source for the vast majority of individuals. Regarding the latter, the utilization of VitD3 supplements has witnessed an unprecedented surge in recent years. For example, their sales reached a staggering $936 million in the United States alone in the year 2017, a 9-fold increase from the previous decade."
SEC958251943746_C05,958251943746,5,1093,1645,"For example, their sales reached a staggering $936 million in the United States alone in the year 2017, a 9-fold increase from the previous decade. Given the growing demand for VitD3, an in-depth comprehension of the mechanism behind its formation holds immense significance for both the pharmaceutical and food industries, as it holds the potential to pave the way for the creation of more efficient and economically viable synthetic procedures. The endogenous biosynthesis of VitD3 within the skin involves a two-step process, as depicted in Figure."
SEC958251943746_C06,958251943746,6,1241,1645,"Given the growing demand for VitD3, an in-depth comprehension of the mechanism behind its formation holds immense significance for both the pharmaceutical and food industries, as it holds the potential to pave the way for the creation of more efficient and economically viable synthetic procedures. The endogenous biosynthesis of VitD3 within the skin involves a two-step process, as depicted in Figure."
SEC958251943746_C07,958251943746,7,1540,1987,"The endogenous biosynthesis of VitD3 within the skin involves a two-step process, as depicted in Figure. The first step is the UV-induced 6π electrocyclic ring opening of 7-dehydrocholesterol, otherwise known as provitamin D3 (ProD3), resulting in the formation of the secosteroid previtamin D3 (PreD3). The second step entails the thermal antarafacial -sigmatropic hydrogen shift reaction, culminating in the formation of the much-coveted VitD3."
SEC958251943746_C08,958251943746,8,1844,2300,"The second step entails the thermal antarafacial -sigmatropic hydrogen shift reaction, culminating in the formation of the much-coveted VitD3. In order for this second step of the biosynthesis of VitD3 to occur, it is necessary for the single bonds of the triene moiety, which connect rings A and C, to be in the s-cis conformation (−c or +c, depending on whether the corresponding dihedral angle is between −90 and 0° or between 0 and 90°, respectively)."
SEC958251943746_C09,958251943746,9,1987,2446,"In order for this second step of the biosynthesis of VitD3 to occur, it is necessary for the single bonds of the triene moiety, which connect rings A and C, to be in the s-cis conformation (−c or +c, depending on whether the corresponding dihedral angle is between −90 and 0° or between 0 and 90°, respectively). As a result, this reaction manifests two potential antarafacial hydrogen exchange pathways: +c+c and −c−c, or just and, as illustrated in Figure."
SEC958251943746_C10,958251943746,10,2300,2808,"As a result, this reaction manifests two potential antarafacial hydrogen exchange pathways: +c+c and −c−c, or just and, as illustrated in Figure. The nomenclature for these arrangements is derived from the torsion angles about the two single bonds of the triene moiety (ϕ 1 and ϕ 2, see Figure). According to the nonadiabatic molecular dynamics (MD) simulations carried out by Furche and co-workers, the UV-induced ring opening results in PreD3 in the −c−c arrangement (we refer to Figure 11 of their work)."
SEC958251943746_C11,958251943746,11,2596,3006,"According to the nonadiabatic molecular dynamics (MD) simulations carried out by Furche and co-workers, the UV-induced ring opening results in PreD3 in the −c−c arrangement (we refer to Figure 11 of their work). However, the small interconversion barriers in PreD3 allows the thermal isomerization to take place through the +c+c configuration, which is known to be about 10 times faster than the −c−c pathway."
SEC958251943746_C12,958251943746,12,2808,3368,"However, the small interconversion barriers in PreD3 allows the thermal isomerization to take place through the +c+c configuration, which is known to be about 10 times faster than the −c−c pathway. It is also important to note that the most stable conformer of PreD3, which has been found, to present a +t−c triene configuration, does not correspond to either of the two reactive triene arrangements (+t implies that the corresponding dihedral angle, in this case ϕ 1, is between +90 and +180°). Examples of these triene configurations can be found in Figure."
SEC958251943746_C13,958251943746,13,3006,3463,"It is also important to note that the most stable conformer of PreD3, which has been found, to present a +t−c triene configuration, does not correspond to either of the two reactive triene arrangements (+t implies that the corresponding dihedral angle, in this case ϕ 1, is between +90 and +180°). Examples of these triene configurations can be found in Figure. Holick and co-workers have delved into the thermal isomerization of PreD3 in a range of media."
SEC958251943746_C14,958251943746,14,3304,3857,"Examples of these triene configurations can be found in Figure. Holick and co-workers have delved into the thermal isomerization of PreD3 in a range of media. Their findings show that the thermal reaction necessitates a substantial amount of time, spanning several days, in an isotropic organic solution, such as n -hexane, at a temperature equivalent to that of the human body. However, they have uncovered that this transformation occurs at a 10-fold faster pace when taking place inside different skin types, including human and even reptilian skin."
SEC958251943746_C15,958251943746,15,3683,4270,"However, they have uncovered that this transformation occurs at a 10-fold faster pace when taking place inside different skin types, including human and even reptilian skin. Their experiments show a remarkable acceleration in the rate of this thermal isomerizationby 40 timeswhen PreD3 remains encapsulated within a β-cyclodextrin dimer (β-CD dimer), compared to its rate in an isotropic medium. In this specific experiment, ProD3 was first encapsulated inside the β-CD dimer and then irradiated to produce PreD3. Subsequently, the thermal isomerization of PreD3 to VitD3 was studied."
SEC958251943746_C16,958251943746,16,4081,4644,"In this specific experiment, ProD3 was first encapsulated inside the β-CD dimer and then irradiated to produce PreD3. Subsequently, the thermal isomerization of PreD3 to VitD3 was studied. Given the high excess of β-CD and the insolubility of free ProD3 in water, Holick and co-workers reported that the system (ProD3, PreD3, and VitD3) remained fully complexed throughout the experiment. Therefore, the observed 40-fold increase in the reaction is exclusively due to the isomerization reaction and is unaffected by the encapsulation and decapsulation processes."
SEC958251943746_C17,958251943746,17,4470,4849,"Therefore, the observed 40-fold increase in the reaction is exclusively due to the isomerization reaction and is unaffected by the encapsulation and decapsulation processes. To explain the catalytic effect of the β-CD dimer, Holick and co-workers proposed that the reactive conformers of PreD3 are stabilized upon complexation, thereby elevating the isomerization rate constant."
SEC958251943746_C18,958251943746,18,4644,5133,"To explain the catalytic effect of the β-CD dimer, Holick and co-workers proposed that the reactive conformers of PreD3 are stabilized upon complexation, thereby elevating the isomerization rate constant. On the other hand, Meana-Pañeda and Fernández-Ramos posited that this increase is a result of the diminutive cavity of the β-CD dimer, which restricts rotations about the single bonds of the triene moiety connecting the A and C rings in PreD3, thus isolating the reactive conformers."
SEC958251943746_C19,958251943746,19,4849,5309,"On the other hand, Meana-Pañeda and Fernández-Ramos posited that this increase is a result of the diminutive cavity of the β-CD dimer, which restricts rotations about the single bonds of the triene moiety connecting the A and C rings in PreD3, thus isolating the reactive conformers. Regrettably, a lack of quantitative computational evidence has prevented either of these hypotheses from being supported, and the catalytic mechanism remains an open question."
SEC958251943746_C20,958251943746,20,5133,5646,"Regrettably, a lack of quantitative computational evidence has prevented either of these hypotheses from being supported, and the catalytic mechanism remains an open question. With the intention of illuminating the catalytic mechanism, we conducted a comprehensive analysis of the dynamics of the isomerization reaction of PreD3 when encapsulated within the β-CD dimer. To achieve this, we utilized the statistical multistructural variational transition state theory (MS-VTST) in combination with MD simulations."
SEC273485125918_C01,273485125918,1,0,514,"Calculation Method It has been demonstrated that the lateral chain ( R in Figure) is not directly involved in the thermal isomerization and that, therefore, it can be safely replaced by a methyl group when studying this reaction in both gas-phase and n -hexane environments. We assume that this approximation also holds true within the β-CD dimer, and for this reason, we have also substituted this fragment by a methyl group. Hereinafter, we will replace the PreD3 name by PreD to refer to the modified reactant."
SEC763049830932_C01,763049830932,1,0,573,"Molecular Dynamics Simulations MD simulations were conducted for both the free [f] and encapsulated [e] versions of PreD, in order to compare the accessible torsional space of the triene moiety in each case. The most stable HL conformer of PreD exhibiting a −c−c triene arrangement was selected as the initial configuration for the simulation. For the encapsulated version, this conformer was manually inserted inside the β-CD dimer cavity and optimized at the HF/6-31G level of theory before the MD simulation. The xTB software (version 6.4.1), developed by Grimme et al."
SEC763049830932_C02,763049830932,2,344,861,"For the encapsulated version, this conformer was manually inserted inside the β-CD dimer cavity and optimized at the HF/6-31G level of theory before the MD simulation. The xTB software (version 6.4.1), developed by Grimme et al., was used, in combination with the semiempirical GFN2-xTB methodology, to calculate the forces throughout the simulation. Each system was propagated for 1 μs in five independent simulations with a time step of 2 ps at 310. K in an NVT ensemble (total simulation time per system of 5 μs)."
SEC763049830932_C03,763049830932,3,695,995,"Each system was propagated for 1 μs in five independent simulations with a time step of 2 ps at 310. K in an NVT ensemble (total simulation time per system of 5 μs). A Berendsen thermostat was used for keeping constant the temperature of the system, and the SHAKE algorithm was applied to all bonds."
SEC635272063273_C01,635272063273,1,0,476,"Abstract Previous experimental studies have shown that the isomerization reaction of previtamin D3 (PreD3) to vitamin D3 (VitD3) is accelerated 40-fold when it takes place within a β-cyclodextrin dimer, in comparison to the reaction occurring in conventional isotropic solutions. In this study, we employ quantum mechanics-based molecular dynamics (MD) simulations and statistical multistructural variational transition state theory to unveil the origin of this acceleration."
SEC635272063273_C02,635272063273,2,280,793,"In this study, we employ quantum mechanics-based molecular dynamics (MD) simulations and statistical multistructural variational transition state theory to unveil the origin of this acceleration. We find that the conformational landscape in the PreD3 isomerization is highly dependent on whether the system is encapsulated. In isotropic media, the triene moiety of the PreD3 exhibits a rich torsional flexibility. However, when encapsulated, such a flexibility is limited to a more confined conformational space."
SEC635272063273_C03,635272063273,3,604,1136,"In isotropic media, the triene moiety of the PreD3 exhibits a rich torsional flexibility. However, when encapsulated, such a flexibility is limited to a more confined conformational space. In both scenarios, our calculated rate constants are in close agreement with experimental results and allow us to identify the PreD3 flexibility restriction as the primary catalytic factor. These findings enhance our understanding of VitD3 isomerization and underscore the significance of MD and environmental factors in biochemical modeling."
SEC958251943746_C01,958251943746,1,0,580,"Introduction The “sunshine vitamin”, vitamin D3 (VitD3), is a steroid hormone hailing from cholesterol that holds a crucial place in the maintenance of calcium homeostasis and the enhancement of normal bone mineralization within the human anatomy. This vital nutrient is also intricately involved in several other indispensable biological processes, − and its insufficiency has been identified as a contributing factor to various health conditions, such as rickets and osteoporosis in children and adults, autoimmune diseases, − and even to the onset of depression in later life."
SEC958251943746_C02,958251943746,2,248,791,"This vital nutrient is also intricately involved in several other indispensable biological processes, − and its insufficiency has been identified as a contributing factor to various health conditions, such as rickets and osteoporosis in children and adults, autoimmune diseases, − and even to the onset of depression in later life., Despite its fundamental significance, hypovitaminosis D is a widespread global challenge, affecting approximately one billion individuals across the world, even in regions boasting high levels of sun exposure."
SEC958251943746_C03,958251943746,3,580,1093,", Despite its fundamental significance, hypovitaminosis D is a widespread global challenge, affecting approximately one billion individuals across the world, even in regions boasting high levels of sun exposure. VitD3 can be obtained by humans through two sources, namely, endogenous production and dietary intake, with the former serving as the principal source for the vast majority of individuals. Regarding the latter, the utilization of VitD3 supplements has witnessed an unprecedented surge in recent years."
SEC958251943746_C04,958251943746,4,980,1540,"Regarding the latter, the utilization of VitD3 supplements has witnessed an unprecedented surge in recent years. For example, their sales reached a staggering $936 million in the United States alone in the year 2017, a 9-fold increase from the previous decade. Given the growing demand for VitD3, an in-depth comprehension of the mechanism behind its formation holds immense significance for both the pharmaceutical and food industries, as it holds the potential to pave the way for the creation of more efficient and economically viable synthetic procedures."
SEC958251943746_C05,958251943746,5,1241,1645,"Given the growing demand for VitD3, an in-depth comprehension of the mechanism behind its formation holds immense significance for both the pharmaceutical and food industries, as it holds the potential to pave the way for the creation of more efficient and economically viable synthetic procedures. The endogenous biosynthesis of VitD3 within the skin involves a two-step process, as depicted in Figure."
SEC958251943746_C06,958251943746,6,1540,1987,"The endogenous biosynthesis of VitD3 within the skin involves a two-step process, as depicted in Figure. The first step is the UV-induced 6π electrocyclic ring opening of 7-dehydrocholesterol, otherwise known as provitamin D3 (ProD3), resulting in the formation of the secosteroid previtamin D3 (PreD3). The second step entails the thermal antarafacial -sigmatropic hydrogen shift reaction, culminating in the formation of the much-coveted VitD3."
SEC958251943746_C07,958251943746,7,1844,2300,"The second step entails the thermal antarafacial -sigmatropic hydrogen shift reaction, culminating in the formation of the much-coveted VitD3. In order for this second step of the biosynthesis of VitD3 to occur, it is necessary for the single bonds of the triene moiety, which connect rings A and C, to be in the s-cis conformation (−c or +c, depending on whether the corresponding dihedral angle is between −90 and 0° or between 0 and 90°, respectively)."
SEC958251943746_C08,958251943746,8,1987,2446,"In order for this second step of the biosynthesis of VitD3 to occur, it is necessary for the single bonds of the triene moiety, which connect rings A and C, to be in the s-cis conformation (−c or +c, depending on whether the corresponding dihedral angle is between −90 and 0° or between 0 and 90°, respectively). As a result, this reaction manifests two potential antarafacial hydrogen exchange pathways: +c+c and −c−c, or just and, as illustrated in Figure."
SEC958251943746_C09,958251943746,9,2300,2808,"As a result, this reaction manifests two potential antarafacial hydrogen exchange pathways: +c+c and −c−c, or just and, as illustrated in Figure. The nomenclature for these arrangements is derived from the torsion angles about the two single bonds of the triene moiety (ϕ 1 and ϕ 2, see Figure). According to the nonadiabatic molecular dynamics (MD) simulations carried out by Furche and co-workers, the UV-induced ring opening results in PreD3 in the −c−c arrangement (we refer to Figure 11 of their work)."
SEC958251943746_C10,958251943746,10,2596,3006,"According to the nonadiabatic molecular dynamics (MD) simulations carried out by Furche and co-workers, the UV-induced ring opening results in PreD3 in the −c−c arrangement (we refer to Figure 11 of their work). However, the small interconversion barriers in PreD3 allows the thermal isomerization to take place through the +c+c configuration, which is known to be about 10 times faster than the −c−c pathway."
SEC958251943746_C11,958251943746,11,2808,3368,"However, the small interconversion barriers in PreD3 allows the thermal isomerization to take place through the +c+c configuration, which is known to be about 10 times faster than the −c−c pathway. It is also important to note that the most stable conformer of PreD3, which has been found, to present a +t−c triene configuration, does not correspond to either of the two reactive triene arrangements (+t implies that the corresponding dihedral angle, in this case ϕ 1, is between +90 and +180°). Examples of these triene configurations can be found in Figure."
SEC958251943746_C12,958251943746,12,3006,3463,"It is also important to note that the most stable conformer of PreD3, which has been found, to present a +t−c triene configuration, does not correspond to either of the two reactive triene arrangements (+t implies that the corresponding dihedral angle, in this case ϕ 1, is between +90 and +180°). Examples of these triene configurations can be found in Figure. Holick and co-workers have delved into the thermal isomerization of PreD3 in a range of media."
SEC958251943746_C13,958251943746,13,3304,3857,"Examples of these triene configurations can be found in Figure. Holick and co-workers have delved into the thermal isomerization of PreD3 in a range of media. Their findings show that the thermal reaction necessitates a substantial amount of time, spanning several days, in an isotropic organic solution, such as n -hexane, at a temperature equivalent to that of the human body. However, they have uncovered that this transformation occurs at a 10-fold faster pace when taking place inside different skin types, including human and even reptilian skin."
SEC958251943746_C14,958251943746,14,3683,4270,"However, they have uncovered that this transformation occurs at a 10-fold faster pace when taking place inside different skin types, including human and even reptilian skin. Their experiments show a remarkable acceleration in the rate of this thermal isomerizationby 40 timeswhen PreD3 remains encapsulated within a β-cyclodextrin dimer (β-CD dimer), compared to its rate in an isotropic medium. In this specific experiment, ProD3 was first encapsulated inside the β-CD dimer and then irradiated to produce PreD3. Subsequently, the thermal isomerization of PreD3 to VitD3 was studied."
SEC958251943746_C15,958251943746,15,4081,4644,"In this specific experiment, ProD3 was first encapsulated inside the β-CD dimer and then irradiated to produce PreD3. Subsequently, the thermal isomerization of PreD3 to VitD3 was studied. Given the high excess of β-CD and the insolubility of free ProD3 in water, Holick and co-workers reported that the system (ProD3, PreD3, and VitD3) remained fully complexed throughout the experiment. Therefore, the observed 40-fold increase in the reaction is exclusively due to the isomerization reaction and is unaffected by the encapsulation and decapsulation processes."
SEC958251943746_C16,958251943746,16,4470,4849,"Therefore, the observed 40-fold increase in the reaction is exclusively due to the isomerization reaction and is unaffected by the encapsulation and decapsulation processes. To explain the catalytic effect of the β-CD dimer, Holick and co-workers proposed that the reactive conformers of PreD3 are stabilized upon complexation, thereby elevating the isomerization rate constant."
SEC958251943746_C17,958251943746,17,4644,5133,"To explain the catalytic effect of the β-CD dimer, Holick and co-workers proposed that the reactive conformers of PreD3 are stabilized upon complexation, thereby elevating the isomerization rate constant. On the other hand, Meana-Pañeda and Fernández-Ramos posited that this increase is a result of the diminutive cavity of the β-CD dimer, which restricts rotations about the single bonds of the triene moiety connecting the A and C rings in PreD3, thus isolating the reactive conformers."
SEC958251943746_C18,958251943746,18,4849,5309,"On the other hand, Meana-Pañeda and Fernández-Ramos posited that this increase is a result of the diminutive cavity of the β-CD dimer, which restricts rotations about the single bonds of the triene moiety connecting the A and C rings in PreD3, thus isolating the reactive conformers. Regrettably, a lack of quantitative computational evidence has prevented either of these hypotheses from being supported, and the catalytic mechanism remains an open question."
SEC958251943746_C19,958251943746,19,5133,5646,"Regrettably, a lack of quantitative computational evidence has prevented either of these hypotheses from being supported, and the catalytic mechanism remains an open question. With the intention of illuminating the catalytic mechanism, we conducted a comprehensive analysis of the dynamics of the isomerization reaction of PreD3 when encapsulated within the β-CD dimer. To achieve this, we utilized the statistical multistructural variational transition state theory (MS-VTST) in combination with MD simulations."
SEC273485125918_C01,273485125918,1,0,514,"Calculation Method It has been demonstrated that the lateral chain ( R in Figure) is not directly involved in the thermal isomerization and that, therefore, it can be safely replaced by a methyl group when studying this reaction in both gas-phase and n -hexane environments. We assume that this approximation also holds true within the β-CD dimer, and for this reason, we have also substituted this fragment by a methyl group. Hereinafter, we will replace the PreD3 name by PreD to refer to the modified reactant."
SEC763049830932_C01,763049830932,1,0,573,"Molecular Dynamics Simulations MD simulations were conducted for both the free [f] and encapsulated [e] versions of PreD, in order to compare the accessible torsional space of the triene moiety in each case. The most stable HL conformer of PreD exhibiting a −c−c triene arrangement was selected as the initial configuration for the simulation. For the encapsulated version, this conformer was manually inserted inside the β-CD dimer cavity and optimized at the HF/6-31G level of theory before the MD simulation. The xTB software (version 6.4.1), developed by Grimme et al."
SEC763049830932_C02,763049830932,2,344,861,"For the encapsulated version, this conformer was manually inserted inside the β-CD dimer cavity and optimized at the HF/6-31G level of theory before the MD simulation. The xTB software (version 6.4.1), developed by Grimme et al., was used, in combination with the semiempirical GFN2-xTB methodology, to calculate the forces throughout the simulation. Each system was propagated for 1 μs in five independent simulations with a time step of 2 ps at 310. K in an NVT ensemble (total simulation time per system of 5 μs)."
SEC763049830932_C03,763049830932,3,695,995,"Each system was propagated for 1 μs in five independent simulations with a time step of 2 ps at 310. K in an NVT ensemble (total simulation time per system of 5 μs). A Berendsen thermostat was used for keeping constant the temperature of the system, and the SHAKE algorithm was applied to all bonds."
SEC635272063273_C01,635272063273,1,0,793,"Abstract Previous experimental studies have shown that the isomerization reaction of previtamin D3 (PreD3) to vitamin D3 (VitD3) is accelerated 40-fold when it takes place within a β-cyclodextrin dimer, in comparison to the reaction occurring in conventional isotropic solutions. In this study, we employ quantum mechanics-based molecular dynamics (MD) simulations and statistical multistructural variational transition state theory to unveil the origin of this acceleration. We find that the conformational landscape in the PreD3 isomerization is highly dependent on whether the system is encapsulated. In isotropic media, the triene moiety of the PreD3 exhibits a rich torsional flexibility. However, when encapsulated, such a flexibility is limited to a more confined conformational space."
SEC635272063273_C02,635272063273,2,604,1136,"In isotropic media, the triene moiety of the PreD3 exhibits a rich torsional flexibility. However, when encapsulated, such a flexibility is limited to a more confined conformational space. In both scenarios, our calculated rate constants are in close agreement with experimental results and allow us to identify the PreD3 flexibility restriction as the primary catalytic factor. These findings enhance our understanding of VitD3 isomerization and underscore the significance of MD and environmental factors in biochemical modeling."
SEC958251943746_C01,958251943746,1,0,791,"Introduction The “sunshine vitamin”, vitamin D3 (VitD3), is a steroid hormone hailing from cholesterol that holds a crucial place in the maintenance of calcium homeostasis and the enhancement of normal bone mineralization within the human anatomy. This vital nutrient is also intricately involved in several other indispensable biological processes, − and its insufficiency has been identified as a contributing factor to various health conditions, such as rickets and osteoporosis in children and adults, autoimmune diseases, − and even to the onset of depression in later life., Despite its fundamental significance, hypovitaminosis D is a widespread global challenge, affecting approximately one billion individuals across the world, even in regions boasting high levels of sun exposure."
SEC958251943746_C02,958251943746,2,580,1241,", Despite its fundamental significance, hypovitaminosis D is a widespread global challenge, affecting approximately one billion individuals across the world, even in regions boasting high levels of sun exposure. VitD3 can be obtained by humans through two sources, namely, endogenous production and dietary intake, with the former serving as the principal source for the vast majority of individuals. Regarding the latter, the utilization of VitD3 supplements has witnessed an unprecedented surge in recent years. For example, their sales reached a staggering $936 million in the United States alone in the year 2017, a 9-fold increase from the previous decade."
SEC958251943746_C03,958251943746,3,1093,1844,"For example, their sales reached a staggering $936 million in the United States alone in the year 2017, a 9-fold increase from the previous decade. Given the growing demand for VitD3, an in-depth comprehension of the mechanism behind its formation holds immense significance for both the pharmaceutical and food industries, as it holds the potential to pave the way for the creation of more efficient and economically viable synthetic procedures. The endogenous biosynthesis of VitD3 within the skin involves a two-step process, as depicted in Figure. The first step is the UV-induced 6π electrocyclic ring opening of 7-dehydrocholesterol, otherwise known as provitamin D3 (ProD3), resulting in the formation of the secosteroid previtamin D3 (PreD3)."
SEC958251943746_C04,958251943746,4,1645,2300,"The first step is the UV-induced 6π electrocyclic ring opening of 7-dehydrocholesterol, otherwise known as provitamin D3 (ProD3), resulting in the formation of the secosteroid previtamin D3 (PreD3). The second step entails the thermal antarafacial -sigmatropic hydrogen shift reaction, culminating in the formation of the much-coveted VitD3. In order for this second step of the biosynthesis of VitD3 to occur, it is necessary for the single bonds of the triene moiety, which connect rings A and C, to be in the s-cis conformation (−c or +c, depending on whether the corresponding dihedral angle is between −90 and 0° or between 0 and 90°, respectively)."
SEC958251943746_C05,958251943746,5,1987,2596,"In order for this second step of the biosynthesis of VitD3 to occur, it is necessary for the single bonds of the triene moiety, which connect rings A and C, to be in the s-cis conformation (−c or +c, depending on whether the corresponding dihedral angle is between −90 and 0° or between 0 and 90°, respectively). As a result, this reaction manifests two potential antarafacial hydrogen exchange pathways: +c+c and −c−c, or just and, as illustrated in Figure. The nomenclature for these arrangements is derived from the torsion angles about the two single bonds of the triene moiety (ϕ 1 and ϕ 2, see Figure)."
SEC958251943746_C06,958251943746,6,2446,3006,"The nomenclature for these arrangements is derived from the torsion angles about the two single bonds of the triene moiety (ϕ 1 and ϕ 2, see Figure). According to the nonadiabatic molecular dynamics (MD) simulations carried out by Furche and co-workers, the UV-induced ring opening results in PreD3 in the −c−c arrangement (we refer to Figure 11 of their work). However, the small interconversion barriers in PreD3 allows the thermal isomerization to take place through the +c+c configuration, which is known to be about 10 times faster than the −c−c pathway."
SEC958251943746_C07,958251943746,7,2808,3463,"However, the small interconversion barriers in PreD3 allows the thermal isomerization to take place through the +c+c configuration, which is known to be about 10 times faster than the −c−c pathway. It is also important to note that the most stable conformer of PreD3, which has been found, to present a +t−c triene configuration, does not correspond to either of the two reactive triene arrangements (+t implies that the corresponding dihedral angle, in this case ϕ 1, is between +90 and +180°). Examples of these triene configurations can be found in Figure. Holick and co-workers have delved into the thermal isomerization of PreD3 in a range of media."
SEC958251943746_C08,958251943746,8,3304,4081,"Examples of these triene configurations can be found in Figure. Holick and co-workers have delved into the thermal isomerization of PreD3 in a range of media. Their findings show that the thermal reaction necessitates a substantial amount of time, spanning several days, in an isotropic organic solution, such as n -hexane, at a temperature equivalent to that of the human body. However, they have uncovered that this transformation occurs at a 10-fold faster pace when taking place inside different skin types, including human and even reptilian skin. Their experiments show a remarkable acceleration in the rate of this thermal isomerizationby 40 timeswhen PreD3 remains encapsulated within a β-cyclodextrin dimer (β-CD dimer), compared to its rate in an isotropic medium."
SEC958251943746_C09,958251943746,9,3857,4644,"Their experiments show a remarkable acceleration in the rate of this thermal isomerizationby 40 timeswhen PreD3 remains encapsulated within a β-cyclodextrin dimer (β-CD dimer), compared to its rate in an isotropic medium. In this specific experiment, ProD3 was first encapsulated inside the β-CD dimer and then irradiated to produce PreD3. Subsequently, the thermal isomerization of PreD3 to VitD3 was studied. Given the high excess of β-CD and the insolubility of free ProD3 in water, Holick and co-workers reported that the system (ProD3, PreD3, and VitD3) remained fully complexed throughout the experiment. Therefore, the observed 40-fold increase in the reaction is exclusively due to the isomerization reaction and is unaffected by the encapsulation and decapsulation processes."
SEC958251943746_C10,958251943746,10,4470,5133,"Therefore, the observed 40-fold increase in the reaction is exclusively due to the isomerization reaction and is unaffected by the encapsulation and decapsulation processes. To explain the catalytic effect of the β-CD dimer, Holick and co-workers proposed that the reactive conformers of PreD3 are stabilized upon complexation, thereby elevating the isomerization rate constant. On the other hand, Meana-Pañeda and Fernández-Ramos posited that this increase is a result of the diminutive cavity of the β-CD dimer, which restricts rotations about the single bonds of the triene moiety connecting the A and C rings in PreD3, thus isolating the reactive conformers."
SEC958251943746_C11,958251943746,11,4849,5646,"On the other hand, Meana-Pañeda and Fernández-Ramos posited that this increase is a result of the diminutive cavity of the β-CD dimer, which restricts rotations about the single bonds of the triene moiety connecting the A and C rings in PreD3, thus isolating the reactive conformers. Regrettably, a lack of quantitative computational evidence has prevented either of these hypotheses from being supported, and the catalytic mechanism remains an open question. With the intention of illuminating the catalytic mechanism, we conducted a comprehensive analysis of the dynamics of the isomerization reaction of PreD3 when encapsulated within the β-CD dimer. To achieve this, we utilized the statistical multistructural variational transition state theory (MS-VTST) in combination with MD simulations."
SEC273485125918_C01,273485125918,1,0,514,"Calculation Method It has been demonstrated that the lateral chain ( R in Figure) is not directly involved in the thermal isomerization and that, therefore, it can be safely replaced by a methyl group when studying this reaction in both gas-phase and n -hexane environments. We assume that this approximation also holds true within the β-CD dimer, and for this reason, we have also substituted this fragment by a methyl group. Hereinafter, we will replace the PreD3 name by PreD to refer to the modified reactant."
SEC763049830932_C01,763049830932,1,0,796,"Molecular Dynamics Simulations MD simulations were conducted for both the free [f] and encapsulated [e] versions of PreD, in order to compare the accessible torsional space of the triene moiety in each case. The most stable HL conformer of PreD exhibiting a −c−c triene arrangement was selected as the initial configuration for the simulation. For the encapsulated version, this conformer was manually inserted inside the β-CD dimer cavity and optimized at the HF/6-31G level of theory before the MD simulation. The xTB software (version 6.4.1), developed by Grimme et al., was used, in combination with the semiempirical GFN2-xTB methodology, to calculate the forces throughout the simulation. Each system was propagated for 1 μs in five independent simulations with a time step of 2 ps at 310."
SEC763049830932_C02,763049830932,2,695,995,"Each system was propagated for 1 μs in five independent simulations with a time step of 2 ps at 310. K in an NVT ensemble (total simulation time per system of 5 μs). A Berendsen thermostat was used for keeping constant the temperature of the system, and the SHAKE algorithm was applied to all bonds."
SEC608360347376_C01,608360347376,1,0,478,"Conformational Search All stationary-point geometries (equilibrium configurations and transition state structures) for the free system were located with the TorsiFlex software, at the MPWB1K density functional method with the 6-31+G­(d,p) basis set, a combination which has previously demonstrated reliability for this system. Regarding the encapsulated system, each located conformer of interest for the free system was placed inside the β-CD dimer (see Figure) and optimized."
SEC608360347376_C02,608360347376,2,327,881,"Regarding the encapsulated system, each located conformer of interest for the free system was placed inside the β-CD dimer (see Figure) and optimized. The electronic structure calculations for the encapsulated system were carried out using the ONIOM hybrid method, where the high layer, consisting of PreD atoms, was computed at the MPWB1K/6-31+G­(d,p) level, and the low layer, reserved for the β-CD dimer atoms, was studied using the density-functional-based tight-binding semiempirical level with analytic expressions for the matrix elements (DFTBA)."
SEC608360347376_C03,608360347376,3,478,1208,"The electronic structure calculations for the encapsulated system were carried out using the ONIOM hybrid method, where the high layer, consisting of PreD atoms, was computed at the MPWB1K/6-31+G­(d,p) level, and the low layer, reserved for the β-CD dimer atoms, was studied using the density-functional-based tight-binding semiempirical level with analytic expressions for the matrix elements (DFTBA). Finally, the absolute energy of each conformer, considering both the free and the encapsulated scenarios, was refined by means of single-point calculations with the MPWB1K/6-31+G­(d,p) level utilizing Truhlar and co-workers’ SMD variation of the integral equation formalism variant of the polarizable continuum model (IEFPCM)."
SEC608360347376_C04,608360347376,4,881,1332,"Finally, the absolute energy of each conformer, considering both the free and the encapsulated scenarios, was refined by means of single-point calculations with the MPWB1K/6-31+G­(d,p) level utilizing Truhlar and co-workers’ SMD variation of the integral equation formalism variant of the polarizable continuum model (IEFPCM). All electronic structure calculations were automatically managed by TorsiFlex and carried out with the Gaussian 09 package."
SEC477603482855_C01,477603482855,1,0,645,"MS-VTST Rate Constants We have calculated the multistructural (MS) partition functions,, for PreD by considering their thermically accessible conformers (based on the MD results). We notice that this partition function effectively weighs the contribution of each conformer of reactants based on its stability. Thus, even if the lowest-energy reactant conformer is not directly involved in the reaction, its influence on the overall reaction kinetics is fully considered in the calculations. The same applies to the two types of transition states, TS­ and TS. The calculation of the MS partitions functions was performed with the aid of Pilgrim."
SEC477603482855_C02,477603482855,2,491,1247,"The same applies to the two types of transition states, TS­ and TS. The calculation of the MS partitions functions was performed with the aid of Pilgrim. With this information, Pilgrim is also able to estimate the unimolecular reaction rate constant through MS-TST as [EQ:EQ9] where Q R MS and Q MS,‡ are, respectively, the MS ro-vibrational partition functions for the reactant (PreD) and the transition state, either TS­ or TS. The energy difference between the most stable conformer of the reactant and the transition state is denoted by V 0. Vibrational frequencies, required for the calculation of the ro-vibrational partition functions, were determined applying the recommended parametrized scaling factor of 0.951 for the MPWB1K/6-31+G­(d,p) level."
SEC477603482855_C03,477603482855,3,1037,1791,"Vibrational frequencies, required for the calculation of the ro-vibrational partition functions, were determined applying the recommended parametrized scaling factor of 0.951 for the MPWB1K/6-31+G­(d,p) level. k B and h are Boltzmann and Planck constants. T is the temperature, which was set to 37 °C (human body temperature). MS-TST rate constants for both the and reactions were corrected, by considering variational effects and quantum tunneling, as follows [EQ:EQ10] with Γ 0 CVT being the variational coefficient that accounts for recrossing effects (calculated within the canonical variational transition state theory, CVT),, and κ 0 SCT being the tunneling transmission coefficient calculated by the small curvature tunneling (SCT) approximation."
SEC477603482855_C04,477603482855,4,1364,2042,"MS-TST rate constants for both the and reactions were corrected, by considering variational effects and quantum tunneling, as follows [EQ:EQ10] with Γ 0 CVT being the variational coefficient that accounts for recrossing effects (calculated within the canonical variational transition state theory, CVT),, and κ 0 SCT being the tunneling transmission coefficient calculated by the small curvature tunneling (SCT) approximation., − The 0 subscript indicates that these effects are calculated by employing the transition state conformation with the lowest energy for each reaction channel. The product of these two coefficients, γ 0 CVT/SCT, is the total transmission coefficient."
SEC477603482855_C05,477603482855,5,1791,2474,", − The 0 subscript indicates that these effects are calculated by employing the transition state conformation with the lowest energy for each reaction channel. The product of these two coefficients, γ 0 CVT/SCT, is the total transmission coefficient. In order to obtain γ 0 CVT/SCT, minimum energy path (MEP) calculations were performed for the most stable conformers of TS­ and TS of the free previtamin and for the most stable conformer of TS in the encapsulated scenario. Each MEP was followed using the Page-McIver algorithm with steps of 0.010 bohr with Hessian calculations every nine steps and automatically extended until κ 0 SCT converged within an error smaller than 0.5%."
SEC477603482855_C06,477603482855,6,2337,3080,"010 bohr with Hessian calculations every nine steps and automatically extended until κ 0 SCT converged within an error smaller than 0.5%. The magnitude of the catalytic effect can be estimated by the ratio between the MS-VTST rate constants for the encapsulated and free systems [EQ:EQ11] Notice that both eq and Holick’s experimental findings assess the isomerization rate constant of the system under encapsulated conditions compared to its free state, neglecting the influence of the encapsulation and the decapsulation processes. In this context, the experimental and computational catalytic ratios might not accurately capture the magnitude of the catalytic effect if the free form of PreD were considered to be the common starting point."
SEC493550926674_C01,493550926674,1,0,644,"Factorization of the Catalytic Ratio For the encapsulated systems, the rovibrational partition function includes contributions from both PreD and the β-CD dimer. The Hessian matrix for the encapsulated system, denoted as F [e], comprises four distinct blocks [EQ:EQ12] Here, F PreD represents part of the matrix for PreD, while F β‑CD is for the β-CD dimer. The F coup parts show how these two components interact with each other. The F PreD submatrix in conjunction with the corresponding geometry of the PreD molecule allows estimating the contribution of PreD to the ro-vibrational partition function of the encapsulated system, Q PreD [e]."
SEC493550926674_C02,493550926674,2,431,1031,"The F PreD submatrix in conjunction with the corresponding geometry of the PreD molecule allows estimating the contribution of PreD to the ro-vibrational partition function of the encapsulated system, Q PreD [e]. Similarly, F β‑CD together with the geometric parameters of the β-CD dimer facilitates the estimation of the contribution associated with the β-CD dimer, Q β‑CD [e]. This allows factorizing the partition function into three distinct terms [EQ:EQ13] were the last term accounts for the coupling between PreD and the β-CD dimer and is calculated from Q [e] and two previous contributions."
SEC493550926674_C03,493550926674,3,810,1546,"This allows factorizing the partition function into three distinct terms [EQ:EQ13] were the last term accounts for the coupling between PreD and the β-CD dimer and is calculated from Q [e] and two previous contributions. Considering the previous decomposition, the catalytic ratio can be easily factored as a product of five terms [EQ:EQ14] The first term, φ γ 0, accounts for the change in the total CVT/SCT transmission coefficient. φ V 0 measures the modification of the energy barrier upon encapsulation. The third term examines the impact of encapsulation, specifically on the PreD atoms, in both the reactant and the transition state [EQ:EQ15] where Q [f] represents the rovibrational partition function of the free previtamin D."
SEC493550926674_C04,493550926674,4,1319,1777,"The third term examines the impact of encapsulation, specifically on the PreD atoms, in both the reactant and the transition state [EQ:EQ15] where Q [f] represents the rovibrational partition function of the free previtamin D. The fourth term assesses the change in the β-CD dimer when transitioning from the reactant to the transition state. [EQ:EQ16] Meanwhile, φ coup delves into the coupling between the PreD atoms and the dimer during the same process."
SEC968657043554_C01,968657043554,1,0,663,"Results and Discussion In this section, we study and compare the dynamics of the thermal isomerization of PreD in its free [f] and its encapsulated version [e]. First, we inspect the outcome of the MD in order to understand how the β-CD dimer restricts the torsional space of PreD (subsection Accessible Conformers). Second, we explore the results of the conformational analysis (subsection Conformational Analysis). Finally, we estimate the reaction rate constants for thermal isomerization under both the free and the encapsulated conditions to determine the catalytic effect and comprehend its underlying causes ( Thermal Rate Constants and Catalytic Effect)."
SEC201386631759_C01,201386631759,1,0,687,"Accessible Conformers Based on the findings from Furche and co-workers’ nonadiabatic MD simulations, it is clear that the UV-induced ring–opening reaction in ProD3 directly produces PreD3 in the −c−c reactive arrangement. For this reason, the −c−c triene configuration was used as the starting point for the MD simulations. These were carried out for both free and encapsulated PreD in order to determine the accessible domain within the triene subspace. As anticipated, PreD is capable of attaining all stable triene arrangements in the free scenario, as evidenced in Figure (top left panel). This clearly suggests an “unrestricted” molecular flexibility when PreD is not encapsulated."
SEC201386631759_C02,201386631759,2,455,1077,"As anticipated, PreD is capable of attaining all stable triene arrangements in the free scenario, as evidenced in Figure (top left panel). This clearly suggests an “unrestricted” molecular flexibility when PreD is not encapsulated. In other words, all PreD conformers are accessible at the reaction temperature and, thus, must be taken into account when estimating its partition function and, consequently, when estimating the rate constant of the thermal sigmatropic reaction. In contrast, MD simulations for the encapsulated system reveal a restricted torsional movement of the triene moiety ( Figure, top right panel)."
SEC201386631759_C03,201386631759,3,933,1717,"In contrast, MD simulations for the encapsulated system reveal a restricted torsional movement of the triene moiety ( Figure, top right panel). Simulations initiated from the reactive −c−c configuration become trapped in the torsional space associated with the starting conformer, leaving the torsional space associated with the +c+c reactive arrangement, and to the nonreactive (NR) ones, unexplored. Hence, in accordance with Meana-Pañeda and Fernández-Ramos’ predictions, the β-CD dimer cavity impedes rotations about the single bonds in the triene moiety, rendering a fraction of the system’s conformers inaccessible at the temperature at which the reaction takes place. Consequently, only the −c−c pathway will lead to VitD when the system is encapsulated inside the β-CD dimer."
SEC38334504447_C01,38334504447,1,0,774,"Conformational Analysis The conformational exploration using TorsiFlex identified a total of 103 conformers for PreD and 24 conformers for each transition state. This is nearly 3 times the count from an earlier study, primarily because it omitted conformers derived from OH group rotation. The distribution of these conformers by energy is shown in Figure a, and their Cartesian coordinates are provided in the Supporting Information. Echoing prior findings,, the prevalent configuration of free PreD in the gas phase is the NR +t−c ( Figure, top) with angles (ϕ 1, ϕ 2) = (123, −48°). The first reactive conformation stands at an energy 1.58 kcal/mol higher, corresponding to the +c+c triene with angles (ϕ 1, ϕ 2) = (+54, +43°), which is depicted in the center of Figure."
SEC38334504447_C02,38334504447,2,641,1341,"58 kcal/mol higher, corresponding to the +c+c triene with angles (ϕ 1, ϕ 2) = (+54, +43°), which is depicted in the center of Figure. The energy of the optimal −c−c conformation is marginally higher at 1.67 kcal/mol ( Figure, bottom). Concerning the interconversion between triene conformations, we conducted a 2D potential energy surface (2D-PES) calculation at the MPWB1K/6-31+G­(d,p) level, as illustrated in Figure. This 2D-PES was generated by maintaining the remaining proper torsional angles of PreD at the values found in the most stable conformer. We observe that a direct interconversion between reactive conformers, specifically from −c−c to +c+c, is hindered due to a high energy barrier."
SEC38334504447_C03,38334504447,3,1197,1976,"We observe that a direct interconversion between reactive conformers, specifically from −c−c to +c+c, is hindered due to a high energy barrier. However, it is feasible to transition between these conformers by passing through other conformations with distinct triene configurations, leading to interconversion barriers that are less than 6 kcal/mol. These results are congruent with those obtained from the MD simulation, which deliberately avoided triene configurations where ϕ 1 approaches zero, but effectively explored regions associated with all system conformers. Regarding the thermal reaction, its barrier height ( V 0), which represents the energy difference between the most stable conformer of the reactant and the transition state, is 28.07 kcal/mol for the pathway."
SEC38334504447_C04,38334504447,4,1767,2371,"Regarding the thermal reaction, its barrier height ( V 0), which represents the energy difference between the most stable conformer of the reactant and the transition state, is 28.07 kcal/mol for the pathway. Comparatively, the first transition state conformer for the pathway is at 29.61 kcal/mol. This energy difference of 1.54 kcal/mol between the barriers of the two pathways aligns with the observation that the channel exhibits a reaction rate approximately ten times faster than the one. Encapsulation within the β-CD dimer dramatically alters this conformational energy distribution ( Figure a)."
SEC38334504447_C05,38334504447,5,2262,3021,"Encapsulation within the β-CD dimer dramatically alters this conformational energy distribution ( Figure a). MD simulations reveal that the NR and +c+c triene configurations become inaccessible and, hence, the reactant and transition state are now restricted to the −c−c triene setup, bringing the reaction energy barrier down to V 0 = 27.63 kcal/mol. This decrease of Δ V 0 = −0.44 kcal/mol in the reaction barrier suggests a 2-fold augmentation of the rate constant upon encapsulation, estimated using φ ∼ exp­(−Δ V 0 /( k B T)). Yet, this would fall short of experimental observations. When the solvent environment is considered, Figure b, the results seem to contrast with experiments. Specifically, the energy barrier rises from V 0 = 27.40 to V 0 = 27."
SEC38334504447_C06,38334504447,6,2851,3483,"When the solvent environment is considered, Figure b, the results seem to contrast with experiments. Specifically, the energy barrier rises from V 0 = 27.40 to V 0 = 27.88 kcal/mol upon encapsulation, implying that the rate constant would actually halve at 37 °C. This indicates that the catalytic effect does not arise from alterations in the energy barrier. In conclusion, the encapsulation and solvent environment significantly influence the conformational energy distribution and reaction barriers. However, the primary catalytic effect cannot be ascribed to these energy barrier alterations, pointing to other factors at play."
SEC902290971613_C01,902290971613,1,0,792,"Thermal Rate Constants and Catalytic Effect Our MD simulations show that all conformers must be considered for the free scenario when computing partition functions and, hence, when calculating the rate constants. However, in the encapsulated scenario, only those with a −c−c triene arrangement should be incorporated. Resulting rate constants are 1.01×10 –5 s –1 for the free system in n -hexane and 6.07×10 –4 s –1 for the encapsulated system in water. While both values align closely with the experimental outcome reported by Holick and co-workers (0.68×10 –5 and 3.07×10 –4 s –1), they are slightly overestimated. It is worth noting that our rate constant for the free system closely agrees with the estimate from a previous computational study, which reported a value of 0.90×10 –5 s –1."
SEC902290971613_C02,902290971613,2,617,1371,"It is worth noting that our rate constant for the free system closely agrees with the estimate from a previous computational study, which reported a value of 0.90×10 –5 s –1. Notably, and as previously indicated, this prior study did not consider conformations resulting from OH group rotations, potentially explaining minor observed differences. With the previous rate constants, the computed catalytic effect approximates 60, which closely aligns with the experimentally observed value of 45. When we dissect this ratio as per eq, it is evident that every component, except the reaction barrier, plays a role in influencing the catalytic effect (refer to Table). Notably, φ PreD stands out as the contribution that is the most significant contributor."
SEC902290971613_C03,902290971613,3,1112,1805,"When we dissect this ratio as per eq, it is evident that every component, except the reaction barrier, plays a role in influencing the catalytic effect (refer to Table). Notably, φ PreD stands out as the contribution that is the most significant contributor. As expected, this underscores that the true essence of the catalytic effect is intricately tied to how the encapsulation modifies the PreD moiety. Several factors may influence φ PreD, including the reduction of conformational space; the impact of the β-CD dimer on encapsulated PreD conformers; and the solvent environment. To quantify these factors, we considered several hypothetical intermediate reactions, as depicted in Figure."
SEC902290971613_C04,902290971613,4,1696,2205,"To quantify these factors, we considered several hypothetical intermediate reactions, as depicted in Figure. For naming conventions, we employ f and e to denote reactions in the free and encapsulated systems, respectively. The subscripts g, nh, and w are utilized to estimate conditions in the gas phase, n -hexane, and water. Additionally, superscript signifies that our focus is solely on the −c−c conformations for both reactants and transition state conformers. (i) Reduction of the conformational space."
SEC902290971613_C05,902290971613,5,2023,2586,"Additionally, superscript signifies that our focus is solely on the −c−c conformations for both reactants and transition state conformers. (i) Reduction of the conformational space. The singular effect of conformational restriction imposed by the β-CD dimer can be appraised by analyzing two versions of the reaction within the free scenario in n -hexane: the real reaction incorporating all conformations, denoted as f nh, and a hypothetical one involving only the −c−c conformations, denoted as f nh. Under the consideration of these two reactions, φ PreD ∼ 5."
SEC902290971613_C06,902290971613,6,2205,2978,"The singular effect of conformational restriction imposed by the β-CD dimer can be appraised by analyzing two versions of the reaction within the free scenario in n -hexane: the real reaction incorporating all conformations, denoted as f nh, and a hypothetical one involving only the −c−c conformations, denoted as f nh. Under the consideration of these two reactions, φ PreD ∼ 5. This value accounts for the reduction in the number of conformers to be considered, which notably affects the reactant, since reactive +c+c and NR arrangements are no longer accessible upon encapsulation (the number of conformers is reduced from 103 to 22). Conversely, the impact on the transition state is less pronounced, as only the reactive +c+c configurations are rendered unavailable."
SEC902290971613_C07,902290971613,7,2844,3508,"Conversely, the impact on the transition state is less pronounced, as only the reactive +c+c configurations are rendered unavailable. (ii) Impact of the β -CD dimer on encapsulated PreD conformers. Upon consideration of the gas-phase reaction, solely encompassing reactive −c−c conformers, for both the free system, denoted as f g, and the encapsulated counterpart, e g, it is possible to isolate the effect of the encapsulation from the conformational restriction previously measured. This effect also contributes to the catalytic effect, but only with a factor of φ PreD ∼ 2. The origin of this acceleration can be found on the low-frequency vibrations of PreD."
SEC902290971613_C08,902290971613,8,3330,4097,"This effect also contributes to the catalytic effect, but only with a factor of φ PreD ∼ 2. The origin of this acceleration can be found on the low-frequency vibrations of PreD. These low-frequency movements are more restricted upon encapsulation, leading to an increase of their vibrational frequencies and, consequently, to a decrease in the rovibrational partition function. For instance, the first three vibrational frequencies for the −c−c conformers of the reactant in gas phase are 24 ± 5, 31 ± 5, and 46 ± 5 cm –1, whereas these frequencies are, for the encapsulated system, 42 ± 5, 54 ± 4, and 64 ± 3 cm –1. This significant variation (more than 10%) takes place in the first six vibrational frequencies, where the value always increases upon encapsulation."
SEC902290971613_C09,902290971613,9,3947,4584,"This significant variation (more than 10%) takes place in the first six vibrational frequencies, where the value always increases upon encapsulation. This effect is less significant in the transition state structures, basically because the transferred H links ring A to ring C, already restricting these movements. As the increase of these low-frequencies is more significant in the reactant, the whole effect contributes to φ PreD with a factor greater than 1. (iii) Effect of the solvent environment. Ultimately, the impact of solvent alteration can be gauged through the analysis of two sets of reactions: f nh to f g and e g to e w."
SEC902290971613_C10,902290971613,10,4450,5177,"Ultimately, the impact of solvent alteration can be gauged through the analysis of two sets of reactions: f nh to f g and e g to e w. Although the change in solvent significantly contributes to the catalytic mechanism, it represents the least influential effect in φ PreD, as it only imparts a factor of approximately 1.7. Drawing from our computational chemistry findings, it is apparent that the dominant factor driving the catalytic effect is the constrained rotation of single bonds in the triene moiety, resulting from the small cavity of the β-CD dimer. This conformational restriction leads to the seclusion of reactive −c−c conformers, manifested as a pronounced reduction in the number of conformers to be considered."
SEC902290971613_C11,902290971613,11,5010,5408,"This conformational restriction leads to the seclusion of reactive −c−c conformers, manifested as a pronounced reduction in the number of conformers to be considered. Notably, this primarily affects the reactant, thereby elevating the rate constant. However, it should be acknowledged that this is not the sole effect contributing to the observed acceleration of Vitamin D’s thermal isomerization."
SEC891878339030_C01,891878339030,1,0,690,"Conclusions Our computational results revealed a richer conformational landscape than previously documented in the PreD isomerization, emphasizing the importance of thorough conformational studies for molecular understanding. Notably, the relevance of specific conformers varied dramatically between free and encapsulated conditions. In the encapsulated scenario, only the −c−c triene conformers are accessible. Our computed rate constants for both scenarios aligned closely with experimental observations, reinforcing the accuracy and reliability of our approach. The crux of our findings is that the catalytic enhancement is primarily an entropic phenomenon rather than an enthalpic one."
SEC891878339030_C02,891878339030,2,565,1277,"The crux of our findings is that the catalytic enhancement is primarily an entropic phenomenon rather than an enthalpic one. While enthalpic factors, such as the reaction barrier, would predict a slowdown in the reaction, it is the entropic factors, particularly the reduction in conformer variety and an upswing in low vibrational frequencies, that exert dominance. More specifically, the restricted rotation of the triene moiety within the β-CD dimer emerged as the primary factor enhancing the catalytic effect. This pivotal observation resonates with the hypothesis of Meana-Pañeda and Fernández-Ramos, highlighting the relationship between conformational restraint and catalysis in Vitamin d isomerization."
SEC891878339030_C03,891878339030,3,1080,1446,"This pivotal observation resonates with the hypothesis of Meana-Pañeda and Fernández-Ramos, highlighting the relationship between conformational restraint and catalysis in Vitamin d isomerization. Overall, our findings refine our understanding of Vitamin d isomerization catalysis and advocate for incorporating MD and environmental factors in biochemical modeling."
SEC884774306161_C01,884774306161,1,0,22,Supplementary Material
SEC329809430167_C01,329809430167,1,0,264,"Abstract In this issue of Molecular Cell, Roeselová et al.1 provide insights into co-translational folding of a multidomain protein in bacteria, revealing how the chaperones Trigger Factor, DnaJ, and DnaK work together to facilitate the folding of nascent chains."
SEC741557571220_C01,741557571220,1,0,766,"Abstract AbstractProtein expression and function in eukaryotic cells are tightly harmonized processes modulated by the combination of different layers of regulation, including transcription, processing, stability, and translation of messenger RNA, as well as assembly, maturation, sorting, recycling, and degradation of polypeptides. Integrating all these pathways and the protein quality control machinery, deputed to avoid the production and accumulation of aberrantly folded proteins, determines protein homeostasis. Over the last decade, the combined development of accurate time‐resolved experimental techniques and efficient computer simulations has opened the possibility of investigating biological mechanisms at atomic resolution with physics‐based models."
SEC741557571220_C02,741557571220,2,520,1218,"Over the last decade, the combined development of accurate time‐resolved experimental techniques and efficient computer simulations has opened the possibility of investigating biological mechanisms at atomic resolution with physics‐based models. A meaningful example is the reconstruction of protein folding pathways at atomic resolution, which has enabled the characterization of the folding kinetics of biologically relevant globular proteins consisting of a few hundred amino acids. Combining these innovative computational technologies with rigorous experimental approaches reveals the existence of non‐native metastable states transiently appearing along the folding process of such proteins."
SEC741557571220_C03,741557571220,3,1006,1697,"Combining these innovative computational technologies with rigorous experimental approaches reveals the existence of non‐native metastable states transiently appearing along the folding process of such proteins. Here, we review the primary evidence indicating that these protein folding intermediates could play roles in disparate biological processes, from the posttranslational regulation of protein expression to disease‐relevant protein misfolding mechanisms. Finally, we discuss how the information encoded into protein folding pathways could be exploited to design an entirely new generation of pharmacological agents capable of promoting the selective degradation of protein targets."
SEC53301157245_C01,53301157245,1,0,791,"INTRODUCTION 1 In its classical definition, the native state of a protein refers to the three‐dimensional conformation of the polypeptide that determines its biological activity. Such a conformation is reached at the end of a complex series of structural transitions that each chain of amino acids undergoes soon after exiting the ribosomal channel, collectively referred to as the protein folding process. A correct folding pathway for newly synthesized proteins is fundamental for maintaining biological activities, influencing the rate and efficiency of protein expression and functions. This process is, in fact, closely monitored by multiple cellular mechanisms, which intervene to correct aberrantly folded species or to reroute them to degradation in the proteasome or the lysosomes."
SEC53301157245_C02,53301157245,2,591,1177,"This process is, in fact, closely monitored by multiple cellular mechanisms, which intervene to correct aberrantly folded species or to reroute them to degradation in the proteasome or the lysosomes. These mechanisms collectively guarantee protein homeostasis, also called proteostasis. Theoretical and experimental evidence gathered over the last 30 years have established that the thermodynamics and kinetics of the folding of single‐domain globular proteins are determined by the polypeptide chain's multidimensional free‐energy landscape, which is funneled toward the native state."
SEC53301157245_C03,53301157245,3,878,1587,"Theoretical and experimental evidence gathered over the last 30 years have established that the thermodynamics and kinetics of the folding of single‐domain globular proteins are determined by the polypeptide chain's multidimensional free‐energy landscape, which is funneled toward the native state. The critical hypothesis underlying the so‐called energy landscape theory is that natural evolution has selected sequences of amino acids that minimize the intrinsic frustration associated with ordinary heteropolymers. The result is a highly cooperative transition that enables the chain to effectively reach its minimum energy structure by avoiding the random exploration of the whole space of configurations."
SEC53301157245_C04,53301157245,4,1395,2043,"The result is a highly cooperative transition that enables the chain to effectively reach its minimum energy structure by avoiding the random exploration of the whole space of configurations. In the extreme limit of a completely smooth energy landscape, proteins can roll down their folding funnel from any unfolded configuration and reach the native state via virtually infinite different folding pathways. An important prediction of this idealized model is that the folding transition should obey simple two‐state kinetics, a feature confirmed by physics‐based microscopic simulations 2 and by experiments carried out on small globular proteins."
SEC53301157245_C05,53301157245,5,1803,2466,"An important prediction of this idealized model is that the folding transition should obey simple two‐state kinetics, a feature confirmed by physics‐based microscopic simulations 2 and by experiments carried out on small globular proteins. In contrast, understanding the folding of larger or multi‐domain proteins has proven much more challenging, both from theoretical and experimental points of view. In fact, the relevant time scales of protein folding can extend to seconds, minutes, or even longer. Moreover, the folding kinetics is often characterized by the population of partially folded intermediates, 4 which can be prone to misfolding and aggregation."
SEC53301157245_C06,53301157245,6,2307,2894,"Moreover, the folding kinetics is often characterized by the population of partially folded intermediates, 4 which can be prone to misfolding and aggregation. 5, 6 The emerging picture is one in which the energy landscape of biologically relevant proteins is much more rugged than that of small globular proteins. This feature enables the emergence of predominant folding pathways. In particular, the folding of large proteins seems to occur through the rapid and cooperative formation of a few small structural building blocks (foldons), which then dock together to form the structure."
SEC53301157245_C07,53301157245,7,2689,3424,"In particular, the folding of large proteins seems to occur through the rapid and cooperative formation of a few small structural building blocks (foldons), which then dock together to form the structure. All these concepts imply that the landscape of conformations that a protein may explore during the folding process includes a variety of dynamically interconverting metastable species, different from the native state, whose abundance and thermodynamics principles govern kinetics. Such a perspective suggests that if the docking of foldons occurs through relatively consistent steps, intermediate conformations appearing along the process could play fundamental roles by affecting both the rate and efficiency of protein folding."
SEC53301157245_C08,53301157245,8,3175,3883,"Such a perspective suggests that if the docking of foldons occurs through relatively consistent steps, intermediate conformations appearing along the process could play fundamental roles by affecting both the rate and efficiency of protein folding. While the relevance of the whole folding process in modulating proteostasis is conceptually established, there is so far insufficient evidence that non‐native protein states appearing along the folding pathways might hold relevant biological information and be directly implicated in functional or regulatory events. In the last three decades, computer simulations have played a growing role in establishing a physics‐rooted understanding of protein folding."
SEC53301157245_C09,53301157245,9,3741,4382,"In the last three decades, computer simulations have played a growing role in establishing a physics‐rooted understanding of protein folding. In particular, molecular dynamics (MD) simulations can provide an accurate atomically detailed representation of the folding transition, thus elucidating the energy landscape's structure and identifying the prominent folding mechanisms. Unfortunately, even relying on the most powerful special‐purpose supercomputer, all‐atom MD simulations are extremely computationally expensive and can only be used to study the folding of small polypeptide chains with folding times up to the millisecond scale."
SEC53301157245_C10,53301157245,10,4120,4902,"Unfortunately, even relying on the most powerful special‐purpose supercomputer, all‐atom MD simulations are extremely computationally expensive and can only be used to study the folding of small polypeptide chains with folding times up to the millisecond scale. Thus, while plain MD simulations can offer valuable insights into the folding kinetics of very small chains or the cooperative formation of protein domains or foldons, they do not provide a viable tool to investigate the kinetics involving the interconversion between partially folded structures. The development of computational enhanced‐sampling techniques has been partially able to overcome those limitations, allowing for interesting mechanistic insights into the folding process of biologically relevant proteins."
SEC53301157245_C11,53301157245,11,4679,5384,"The development of computational enhanced‐sampling techniques has been partially able to overcome those limitations, allowing for interesting mechanistic insights into the folding process of biologically relevant proteins. The combination of these innovative computational technologies with rigorous experimental approaches has recently provided evidence indicating that protein folding intermediates could play roles in disparate physiological and pathological processes. We refer to these protein conformers as functional protein folding intermediates to show precise protein structures appearing along the folding process and distinct from the native state that serves a specific function in the cell."
SEC53301157245_C12,53301157245,12,5152,5943,"We refer to these protein conformers as functional protein folding intermediates to show precise protein structures appearing along the folding process and distinct from the native state that serves a specific function in the cell. Importantly, these intermediates are not considered misfolded but rather transiently populated in a dynamic equilibrium with the native state. This manuscript will review relevant literature regarding functional protein folding intermediates and their involvement in the posttranslational regulation of protein expression and protein misfolding disorders. We will also discuss new and unexpected pharmacological paradigms arising from the knowledge of functional protein folding intermediates and their unique biology. The manuscript is organized as follows."
SEC53301157245_C13,53301157245,13,5740,6528,"We will also discuss new and unexpected pharmacological paradigms arising from the knowledge of functional protein folding intermediates and their unique biology. The manuscript is organized as follows. In Section 2, we briefly review some enhanced sampling schemes and approximations that have enabled, for the first time, the all‐atom simulations of large proteins and the structural characterization of folding intermediates. Sections 2 and 3 discuss specific study cases, highlighting how folding intermediates can play an essential role in protein function, (mis‐)regulation, and disease‐relevant aggregation. Section 4 presents the hypothesis that folding intermediates can provide an unappreciated role in regulating protein homeostasis via posttranslational modifications (PTMs)."
SEC53301157245_C14,53301157245,14,6355,6787,"Section 4 presents the hypothesis that folding intermediates can provide an unappreciated role in regulating protein homeostasis via posttranslational modifications (PTMs). In Section 5, we discuss how these studies have led to the development of an entirely new paradigm for drug discovery based on reducing the expression level of proteins by targeting folding intermediates. Conclusions and outlooks are summarized in Section 6."
SEC69842123994_C01,69842123994,1,0,782,"SIMULATIONS OF PROTEIN FOLDING, MISFOLDING, AND AGGREGATION WITH ALL‐ATOM PHYSICS‐BASED MODELS 2 All‐atom MD simulations can aptly complement experiments investigating the kinetics of complex protein transitions, including in principle folding, misfolding and aggregation. The advantage of MD simulations is that they rely on physics‐based theoretical modeling to yield the atomically resolved reconstruction of structural rearrangements. Unfortunately, in practice, even depending on the most powerful special‐purpose supercomputer (Anton, developed by D.E.S. Research), MD simulations can only cover time intervals of up to a few milliseconds for polypeptide chains consisting of nearly 100 amino acids, 2 which are considerably smaller than most proteins of biological interest."
SEC69842123994_C02,69842123994,2,561,1276,"Research), MD simulations can only cover time intervals of up to a few milliseconds for polypeptide chains consisting of nearly 100 amino acids, 2 which are considerably smaller than most proteins of biological interest. While the next generations of the Anton supercomputer may be able to increase the time windows accessible to MD, it is unlikely that a brute‐force MD scheme will enable the simulation of many critical biomolecular processes that can occur at the time scales of seconds or longer and can involve several hundreds of amino acids. Given the computational limitations of MD, more sophisticated alternative algorithms have been developed and then applied to investigate rare biological transitions."
SEC69842123994_C03,69842123994,3,1110,1848,"Given the computational limitations of MD, more sophisticated alternative algorithms have been developed and then applied to investigate rare biological transitions. Most of these schemes typically require complementing MD simulations with additional information, such as identifying the slowest collective variables (CVs) in the system or choosing a good reaction coordinate. To the best of our knowledge, to date, the only enhanced sampling technique that has been systematically applied to perform all‐atom simulations of the folding, misfolding, and aggregation of proteins consisting of several hundreds of amino acids are the so‐called bias functional (BF) approach 10 and its evolution called self‐consistent path sampling (SCPS)."
SEC69842123994_C04,69842123994,4,1487,2188,"To the best of our knowledge, to date, the only enhanced sampling technique that has been systematically applied to perform all‐atom simulations of the folding, misfolding, and aggregation of proteins consisting of several hundreds of amino acids are the so‐called bias functional (BF) approach 10 and its evolution called self‐consistent path sampling (SCPS). In the BF scheme, a specific type of biased dynamics called ratchet‐and‐pawl MD (rMD) is employed to efficiently generate a statistically significant number of productive trajectories. In rMD, an auxiliary history‐dependent potential depending on a suitable CV is introduced to prevent the chain from backtracking toward the initial state."
SEC69842123994_C05,69842123994,5,2033,2795,"In rMD, an auxiliary history‐dependent potential depending on a suitable CV is introduced to prevent the chain from backtracking toward the initial state. Conversely, the biasing force is inactive when the system spontaneously progresses toward the final state. It has been shown that, in the ideal case in which the CV is an ideal reaction coordinate (the so‐called committor function), rMD simulations yield the correct Boltzmann sampling in the region explored by the transition path ensemble. On the other hand, in practical applications, rMD must rely on a proxy of the ideal reaction coordinate, so it yields only an approximate sampling of the equilibrium distribution. The BF approach provides a scheme to keep the systematic errors of rMD to a minimum."
SEC69842123994_C06,69842123994,6,2530,3028,"On the other hand, in practical applications, rMD must rely on a proxy of the ideal reaction coordinate, so it yields only an approximate sampling of the equilibrium distribution. The BF approach provides a scheme to keep the systematic errors of rMD to a minimum. In this approach, a variational principle derived from Langevin dynamics is used for scoring the reactive trajectories generated by rMD to identify those with the highest probability of occurring in the absence of any biasing force."
SEC69842123994_C07,69842123994,7,2795,3398,"In this approach, a variational principle derived from Langevin dynamics is used for scoring the reactive trajectories generated by rMD to identify those with the highest probability of occurring in the absence of any biasing force. SCPS exploits a different strategy to mitigate the systematic errors of plain rMD simulations: It is based on an iterative procedure through which the reactive rMD trajectories obtained in the previous iteration are analyzed to obtain a better proxy of the reaction coordinate, which is then used in the next iteration of rMD to generate improved reactive trajectories."
SEC69842123994_C08,69842123994,8,3028,3725,"SCPS exploits a different strategy to mitigate the systematic errors of plain rMD simulations: It is based on an iterative procedure through which the reactive rMD trajectories obtained in the previous iteration are analyzed to obtain a better proxy of the reaction coordinate, which is then used in the next iteration of rMD to generate improved reactive trajectories. It has been shown that the folding mechanism obtained by BF and SCPS schemes is statistically indistinguishable from that predicted by the plain MD simulations performed on the Anton Supercomputer. The same enhanced sampling schemes have also been extensively validated against the result of different biophysical experiments."
SEC69842123994_C09,69842123994,9,3596,3912,"The same enhanced sampling schemes have also been extensively validated against the result of different biophysical experiments. SCPS and BF have then been applied to several case studies of biological interest to be discussed below, to yield a complete structural characterization of protein folding intermediates."
SEC175054575049_C01,175054575049,1,0,743,"FUNCTIONAL ROLE OF FOLDING INTERMEDIATE IN PROTEIN AGGREGATION, FUNCTION, AND REGULATION, CASE I: PRIONS 3 Proteins evolve under two kinds of evolutionary pressure, one selecting their biological function, the other challenging their ability to remain soluble under physiological conditions. However, in several pathologies, specific proteins lose their native fold and acquire a different conformation, ultimately clustering into aberrant aggregates. The phenomenon, known as protein misfolding, lies at the root of a wide variety of human diseases, such as neurodegenerative disorders, in which protein aggregation occurs in the brain. Prion diseases, also known as transmissible spongiform encephalopathies, represent a meaningful example."
SEC175054575049_C02,175054575049,2,638,1438,"Prion diseases, also known as transmissible spongiform encephalopathies, represent a meaningful example. These disorders have the peculiarity of manifesting in a sporadic, inherited, or transmissible fashion. All forms of prion diseases, including Creutzfeldt–Jakob disease (CJD), fatal familial insomnia, and Gerstmann–Sträussler–Scheinker syndrome, are associated with the conformational conversion of the cellular prion protein (PrP), a cell surface glycoprotein mainly expressed in the central nervous system, into a misfolded isoform (PrP Sc) that accumulates in the brain of affected individuals. PrP Sc is a proteinaceous infectious particle (prion) capable of multiplying by directly recruiting other PrP molecules and causing their conformational rearrangement into growing PrP Sc polymers."
SEC175054575049_C03,175054575049,3,1241,2027,"PrP Sc is a proteinaceous infectious particle (prion) capable of multiplying by directly recruiting other PrP molecules and causing their conformational rearrangement into growing PrP Sc polymers. Despite the recent elucidation by cryogenic electron microscopy of the structure of PrP Sc as a parallel‐in‐register‐β‐sheet fiber and decades of research from multiple laboratories, the definition of the mechanism underlying prion replication at atomic resolution has proven to be an unprecedented experimental challenge, mainly due to the lack of techniques combining deep spatial and temporal resolution. Previous results collected using stopped‐flow and force spectroscopy techniques suggested that a relatively stable folding intermediate is present along the folding pathway of PrP."
SEC175054575049_C04,175054575049,4,1846,2591,"Previous results collected using stopped‐flow and force spectroscopy techniques suggested that a relatively stable folding intermediate is present along the folding pathway of PrP. However, they failed to provide high‐resolution structural information about it. Interestingly, three more recent studies further supported the existence of a PrP folding intermediate. In the first one, 28 an intermediate folding conformer of a disease‐relevant PrP mutant (T183A) was identified using NMR spectroscopy, biophysics, and metadynamics simulations. Strikingly, this conformer was nearly identical to a PrP folding intermediate identified in coarse‐grained 29 and in all‐atom simulations, 30 the latter based on the BF approach described in Section 2."
SEC175054575049_C05,175054575049,5,2389,3032,"Strikingly, this conformer was nearly identical to a PrP folding intermediate identified in coarse‐grained 29 and in all‐atom simulations, 30 the latter based on the BF approach described in Section 2. Interestingly, computational and biochemical experiments revealed that such a PrP conformer might also spontaneously appear during the structural fluctuation of the protein starting from its native state, implying that its appearance in a cell may not be strictly limited to the subcellular compartment where the protein folds (i.e., the endoplasmic reticulum) but also occur on the cell surface, where the mature protein typically resides."
SEC175054575049_C06,175054575049,6,2924,3301,", the endoplasmic reticulum) but also occur on the cell surface, where the mature protein typically resides. Collectively, these data suggest that in addition to its role in the normal folding pathway of the protein, a folding intermediate could be involved in other biological aspects of PrP, including prion conversion, by acting as a direct substrate for PrP Sc replication."
SEC74184164151_C01,74184164151,1,0,793,"FUNCTIONAL ROLE OF FOLDING INTERMEDIATE IN PROTEIN AGGREGATION, FUNCTION AND REGULATION, CASE II: SERPINS 4 Serpins (serine protease inhibitors) provide another notable example of proteins that are associated with a family of misfolding pathologies (serpinopathies) that are induced mainly by the pathogenic dysregulation of their target proteases. The most common serpinopathies are induced by mutations in the canonical secretory serpin a1‐antitrypsin (A1AT) responsible for regulating leukocyte serine proteases. For example, the relatively benign S‐mutation (Glu264Val) promotes the population of a state of misfolded conformations structurally and kinetically close to the native state. The resulting lung diseases can be slowed (although not wholly halted) by A1AT augmentation therapy."
SEC74184164151_C02,74184164151,2,692,1326,"The resulting lung diseases can be slowed (although not wholly halted) by A1AT augmentation therapy. On the other hand, the highly pathogenic Z‐mutation (Glu342Lys) is associated with an irreversible and aggregation‐prone misfolded conformation. The resulting shallow levels of circulating active A1AT lead to severe liver diseases, for which the only known effective treatment is liver transplants. Using the BF algorithm described in Section 2, it has become possible to simulate many folding and misfolding events with realistic all‐atom models for different A1AT variants, including the wild‐type, the S‐mutant, and the Z‐mutant."
SEC74184164151_C03,74184164151,3,1092,1873,"Using the BF algorithm described in Section 2, it has become possible to simulate many folding and misfolding events with realistic all‐atom models for different A1AT variants, including the wild‐type, the S‐mutant, and the Z‐mutant. These theoretical predictions were first validated using the available biophysical experiments to refold wild‐type serpins and later applied to elucidate the chemical–physical mechanism responsible for the misfolding of S and Z mutants. In agreement with experimental observation, the Z mutation was found in simulations to disrupt the folding efficiency. In particular, an in‐depth analysis of the folding trajectories revealed that the detouring from the correct folding pathway occurs at a relatively early stage of the transition (Figure 1A)."
SEC74184164151_C04,74184164151,4,1682,2382,"In particular, an in‐depth analysis of the folding trajectories revealed that the detouring from the correct folding pathway occurs at a relatively early stage of the transition (Figure 1A). A1AT misfolding is driven by the fact that the Z mutation affects an electrostatic interaction between two residues, changing it from attractive (Glu‐Lys) into repulsive (Lys‐Lys). This repulsion prevents the two residues from coming in contact at an early folding stage. If this contact does not occur early in the reaction, the chain cannot reach the native conformation. On the other hand, in the BF simulations for the S‐mutant, a much more significant fraction of successful folding events was observed."
SEC74184164151_C05,74184164151,5,2247,3023,"On the other hand, in the BF simulations for the S‐mutant, a much more significant fraction of successful folding events was observed. The predicted misfolded conformations were much more structurally close to the native state and less aggregation‐prone. The comparative analysis of the successful and unsuccessful folding trajectories revealed that misfolding is associated with an alteration of the same electrostatic interaction involved in the misfolding of the Z‐mutant. However, the S mutation does not turn the attractive Glu‐Lys interaction into a repulsive one (which in Z‐mutant is Lys‐Lys) because the charged residue (Glu) is replaced by a neutral one (Val), so these two residues are not as strongly impeded to come close at the beginning of the folding process."
SEC74184164151_C06,74184164151,6,2723,3511,"However, the S mutation does not turn the attractive Glu‐Lys interaction into a repulsive one (which in Z‐mutant is Lys‐Lys) because the charged residue (Glu) is replaced by a neutral one (Val), so these two residues are not as strongly impeded to come close at the beginning of the folding process. As a result, the detour from the correct folding pathway occurs much more sporadically and at a later stage of the transition. The physicochemical mechanism underpinning the misfolding of A1AT mutants was validated by comparing experiments and simulations of several A1AT variants characterized by suitable rescue mutations. For example, the disruptive effect of the Z mutation could be rescued by replacing the Lys residue involved in the repulsive electrostatic interaction with a Glu."
SEC74184164151_C07,74184164151,7,3348,3889,"For example, the disruptive effect of the Z mutation could be rescued by replacing the Lys residue involved in the repulsive electrostatic interaction with a Glu. This way, the Glu‐Lys pair is turned into a Lys‐Glu, and the attractive electrostatic interaction is preserved. Proteins with such double mutation were predicted and observed to have a folding efficiency comparable to that of the wild‐type. Another exciting feature of serpin proteins is that their physiological function and regulation rely on meta‐stable chain conformations."
SEC74184164151_C08,74184164151,8,3752,4480,"Another exciting feature of serpin proteins is that their physiological function and regulation rely on meta‐stable chain conformations. Indeed, the interaction with the target protease typically occurs in the so‐called reactive center loop (RCL) and induces a large “mouse‐trap” conformational transition to an inactive stable state, in which the RCL is inserted in a central beta‐sheet (Figure 1B). To reach the central beta‐sheet, the RCL has to overcome an exposed beta‐sheet referred to as the gate. After this irreversible conformational change, the serpin becomes biologically inert. In most cases, the latency transition is initiated by the cleavage of the RCL, which releases a significant amount of mechanical energy."
SEC74184164151_C09,74184164151,9,4343,5093,"In most cases, the latency transition is initiated by the cleavage of the RCL, which releases a significant amount of mechanical energy. However, in some members of the serpin family, most notably plasminogen activator 1 serpin (PAI‐1), the transition can also occur spontaneously, albeit on a much longer time scale (in the range of hours). Hence, from a kinetic and thermodynamic point of view, the active state of PA1‐1 may be regarded as a folding intermediate. PAI‐1 negatively regulates blood clot clearance by mechanically inhibiting several serine proteases, including tissue‐type plasminogen activator and urokinase‐type plasminogen activator. The spontaneous latency transition, therefore, provides a facile way to regulate PAI‐1 activity."
SEC74184164151_C10,74184164151,10,4809,5602,"PAI‐1 negatively regulates blood clot clearance by mechanically inhibiting several serine proteases, including tissue‐type plasminogen activator and urokinase‐type plasminogen activator. The spontaneous latency transition, therefore, provides a facile way to regulate PAI‐1 activity. In physiological conditions, it is achieved by binding to the cell adhesion factor vitronectin, which leads to a significant increase in the active state half‐life. Since high levels of active PAI‐1 are associated both with poor cancer prognosis and cardiovascular diseases, PAI‐1 inhibitors that accelerate the latency transition are under development. 7, For example, incubation of active PAI‐1 with the antibody H4B3 has been shown to accelerate the latency transition in a concentration‐dependent manner."
SEC74184164151_C11,74184164151,11,5447,6114,"7, For example, incubation of active PAI‐1 with the antibody H4B3 has been shown to accelerate the latency transition in a concentration‐dependent manner. Unfortunately, the lack of detailed molecular mechanisms for PAI‐1 conformational changes has limited drug design efforts. For example, it has been noted that the epitope recognized by H4B3 is not accessible in PAI‐1 active state, thus raising the question of how this antibody can accelerate the transition. Simulations performed in a native‐centric coarse‐grained model have confirmed that direct folding to the latent structure is disfavored by the presence of a large, entropy‐dominated free‐energy barrier."
SEC74184164151_C12,74184164151,12,5911,6596,"Simulations performed in a native‐centric coarse‐grained model have confirmed that direct folding to the latent structure is disfavored by the presence of a large, entropy‐dominated free‐energy barrier. On the other hand, simulations performed using the BF scheme have made it possible for the first time to obtain a fully atomistic reconstruction of the PAI‐1 latency transition and provide a viable Physicochemical mechanism of action of H4B3. Indeed, these simulations showed that the latency transition involves an on‐pathway long‐lived intermediate state in which the RCL is only partially inserted in the central loop (Figure 1C), where the interaction with H4B3 can take place."
SEC74184164151_C13,74184164151,13,6357,7006,"Indeed, these simulations showed that the latency transition involves an on‐pathway long‐lived intermediate state in which the RCL is only partially inserted in the central loop (Figure 1C), where the interaction with H4B3 can take place. This binding prevents the protein from backtracking to the active state, thus promoting the latency transition's reaction rate. Another puzzling feature of the PAI‐1 latency transition concerns how the interaction with the cell adhesion factor vitronectin can slow the latency transition. This question was recently addressed by comparing BF simulations of the latency simulation with and without vitronectin."
SEC74184164151_C14,74184164151,14,6885,7400,"This question was recently addressed by comparing BF simulations of the latency simulation with and without vitronectin. An analysis of the productive trajectories revealed that vitronectin binding reduces RCL and gate mobility by allosterically rigidifying structural elements over 40 Å away from the binding site, thus blocking the transition to the latent conformation. The same simulations also revealed a cryptic drug‐binding area (identified by crystallography) populated only in the vitronectin‐bound state."
SEC857201892121_C01,857201892121,1,0,728,"FUNCTIONAL FOLDING INTERMEDIATES AND PTMs 5 PTMs are chemical changes that may occur to a protein after it is translated from its corresponding RNA molecule. These modifications include adding or removing chemical groups or entire molecules by specific enzymes and can occur on the protein's amino acid side chains or backbone. Known types of PTMs include, among others, proteolytic cleavage, glycosylation, phosphorylation, acetylation, methylation, sumoylation, and ubiquitination. PTMs can have a wide range of effects on a protein's structure, function, and stability. For example, adding a phosphate group can change a protein's activity or strength, while adding a ubiquitin moiety may reroute the protein to degradation."
SEC857201892121_C02,857201892121,2,573,1265,"For example, adding a phosphate group can change a protein's activity or strength, while adding a ubiquitin moiety may reroute the protein to degradation. Notably, the specific combination of PTMs on a given protein is highly regulated and can change in response to different cellular stimuli. Overall, PTMs play a critical role in regulating protein activity, stability, and localization and can also significantly impact a wide range of cellular processes, such as signaling pathways, enzyme activity, and protein–protein interactions. PTMs are generally thought to occur on native states of proteins. However, PTMs could theoretically also target long‐lived protein folding intermediates."
SEC857201892121_C03,857201892121,3,1111,1845,"PTMs are generally thought to occur on native states of proteins. However, PTMs could theoretically also target long‐lived protein folding intermediates. There is ample evidence, for example, that glycosyl‐ and glycosyl‐phosphatidylinositol chains occur co‐translationally as soon as a polypeptide starts exiting the ribosomal channel. In principle, any PTM targeting a protein folding intermediate could alter the folding pathway, thus impacting the expression rate of the protein. Regulating the homeostasis of protein folding intermediates, rather than just acting on transcription, translation, or clearance of mature protein forms, could theoretically be energetically favorable and allow the cell to respond rapidly to stimuli."
SEC857201892121_C04,857201892121,4,1594,2282,"Regulating the homeostasis of protein folding intermediates, rather than just acting on transcription, translation, or clearance of mature protein forms, could theoretically be energetically favorable and allow the cell to respond rapidly to stimuli. Interesting evidence supporting this hypothesis has recently emerged from the analysis of the mtcPTM database, which contains information about phosphorylation sites identified through mass spectrometry‐based experiments. A significant proportion (~15%) of all known phosphorylation sites exhibits solvent accessibility scores of their side chains lower than 10% in the unmodified form of the protein and under physiological conditions."
SEC857201892121_C05,857201892121,5,2067,2792,"A significant proportion (~15%) of all known phosphorylation sites exhibits solvent accessibility scores of their side chains lower than 10% in the unmodified form of the protein and under physiological conditions. Such a high proportion of hidden phosphosites is striking and unexpected, as an inaccessible positioning would not only dramatically hamper the ability of kinases to reach their target sites but also generate an energetically unfavorable environment for hosting the steric and electrostatic properties of a phosphate group. A plausible explanation for such observation is that the target structures of these phosphorylation events on hidden residues are non‐native, functional folding intermediate conformers."
SEC857201892121_C06,857201892121,6,2606,3337,"A plausible explanation for such observation is that the target structures of these phosphorylation events on hidden residues are non‐native, functional folding intermediate conformers. Direct evidence for a functional role of protein folding intermediates in PTM‐mediated regulation of protein expression emerged from the analysis of the regulatory mechanism of the androgen receptor (AR), a paradigmatic example of proteins undergoing folding‐upon‐binding transition. This AR is responsible for the hormone‐dependent transcription of genes involved in cell proliferation and differentiation. Once produced in the Leydig cells of the testes, testosterone circulates in the bloodstream bound to serum sex hormone‐binding globulin."
SEC857201892121_C07,857201892121,7,3200,3892,"Once produced in the Leydig cells of the testes, testosterone circulates in the bloodstream bound to serum sex hormone‐binding globulin. The free form of this hormone can cross the cell membrane and may be converted into 5‐dihydrotestosterone (DHT) in the cytoplasm. The AR's inactive form resides in the cytoplasm bound to heat shock proteins, which are then displaced upon binding of the AR to DHT, leading the receptor to reach its functional conformation, translocate into the nucleus, and activate transcription of target genes. Ligand binding to the AR stabilizes its conformation by inducing an intramolecular structural reorganization of helix 12 that caps the ligand‐binding pocket."
SEC857201892121_C08,857201892121,8,3734,4520,"Ligand binding to the AR stabilizes its conformation by inducing an intramolecular structural reorganization of helix 12 that caps the ligand‐binding pocket. Additionally, the AR could be regulated by several PTMs, including phosphorylation, ubiquitination, SUMOylation, acetylation, and methylation. In one of these cases, it has been shown that serine 791 (S791) within the ligand‐binding domain of the AR could be phosphorylated by protein kinase B. This modification inhibits ligand interaction and promotes polyubiquitination and degradation of the AR by the proteasome. Interestingly, in natively folded, ligand‐bound AR, the S791 residue is buried inside the protein core, suggesting that regulation of this phosphorylation site likely happens before the AR binds to its ligand."
SEC857201892121_C09,857201892121,9,4310,4970,"Interestingly, in natively folded, ligand‐bound AR, the S791 residue is buried inside the protein core, suggesting that regulation of this phosphorylation site likely happens before the AR binds to its ligand. This was the possibility offered by computational analyses of the AR folding pathway that revealed the existence of complex folding kinetics, including a folding intermediate in which residue S791 is exposed to the solvent. Therefore, residue S791 appears as a regulatory site representing a crossroad between a nonphosphorylated, viable ligand‐binding folding pathway of AR and a phosphorylated, nonviable folding pathway leading to AR degradation."
SEC645203870110_C01,645203870110,1,0,771,"PHARMACOLOGICAL VALUE OF TARGETING FOLDING INTERMEDIATES 6 Conventional rational drug discovery is primarily based on identifying small molecules that can hinder the biological activity of a target protein by binding to pockets in its native structure. Unfortunately, this is not a viable therapeutic strategy for many pathologies. In particular, neurodegenerative diseases rooted in protein misfolding and aggregation are paradigmatic examples of pathologies for which conventional therapeutic methods are largely unsuccessful. The observation that a protein's physiological regulation can occur at the level of the folding pathway inspired us to test the possibility of pharmacologically modulating the expression of a given protein by targeting folding intermediates."
SEC645203870110_C02,645203870110,2,529,1193,"The observation that a protein's physiological regulation can occur at the level of the folding pathway inspired us to test the possibility of pharmacologically modulating the expression of a given protein by targeting folding intermediates. Strategies to modulate protein folding kinetics using small peptides have been based on theoretical simulations and in‐vitro biophysical kinetic experiments. In particular, Das et al. employed a variety of biophysical experiments and coarse‐grained simulations to show that small peptides that provide a template secondary motif in the folding nucleus of a target protein can speed up its folding kinetics. Broglia et al."
SEC645203870110_C03,645203870110,3,955,1662,employed a variety of biophysical experiments and coarse‐grained simulations to show that small peptides that provide a template secondary motif in the folding nucleus of a target protein can speed up its folding kinetics. Broglia et al. used a lattice‐based coarse‐grained model to theoretize the design of small peptides capable of docking to specific regions of a polypeptide and inhibiting its folding. The design of small molecules that suppress the expression of target proteins by acting on folding pathways was made possible by the development of a completely new paradigm for rational drug discovery named pharmacological protein inactivation by folding intermediate targeting (PPI‐FIT; Figure 2).
SEC645203870110_C04,645203870110,4,1362,2099,"The design of small molecules that suppress the expression of target proteins by acting on folding pathways was made possible by the development of a completely new paradigm for rational drug discovery named pharmacological protein inactivation by folding intermediate targeting (PPI‐FIT; Figure 2). In contrast to the conventional rational drug discovery approach, PPI‐FIT is based on reducing the cellular level of a target protein through small molecules that bind to specific folding intermediates, thus triggering protein degradation via the cell's protein folding quality control machinery. The rationale is that the cellular quality control machinery recognizes artificially stabilized intermediates as improperly folded species."
SEC645203870110_C05,645203870110,5,1959,2752,"The rationale is that the cellular quality control machinery recognizes artificially stabilized intermediates as improperly folded species. In practice, the PPI‐FIT protocol is made possible by a novel generation of molecular simulations based on the enhanced sampling schemes discussed in Section 2, which enable the prediction of the folding process of the target protein with an atomic degree of resolution. Virtual screening campaigns are then run to identify small molecules that can bind to pockets in long‐lived protein configurations that are transiently visited only during the folding process and are not present in the native state. The PPI‐FIT can be applied in virtually all therapeutic areas and protein targets, including those considered undruggable with conventional methods."
SEC645203870110_C06,645203870110,6,2603,3378,"The PPI‐FIT can be applied in virtually all therapeutic areas and protein targets, including those considered undruggable with conventional methods. Indeed, the first proof‐of‐concept application of PPI‐FIT led to the identification of small molecules capable of lowering the levels of the cellular prion protein in a dose‐dependent fashion, with no detected effect on a control protein with identical biogenesis. Biochemical assays performed with one of these small molecules (named SM875) demonstrated that the level of PrP in different cell types is reduced by promoting the lysosomal‐dependent degradation pathway. Further essays on inducible cell cultures showed that the molecule only acts on nascent proteins, while it shows no effects on native forms of the protein."
SEC645203870110_C07,645203870110,7,3222,3571,"Further essays on inducible cell cultures showed that the molecule only acts on nascent proteins, while it shows no effects on native forms of the protein. Remarkably, SM875 also suppresses prion replication in cell cultures. The PPI‐FIT methodology is now being industrially exploited to identifying drug candidates in different therapeutic areas."
SEC931571724729_C01,931571724729,1,0,703,"CONCLUSIONS 7 The elucidation of the sequence of structural rearrangements through which globular proteins spontaneously reach their active native state (often referred to as the “Part II of the protein folding problem”) has been challenging theoretical and experimental biophysicists and biochemists for several decades. Until recently, such an intense research activity has mostly focused on addressing fundamental chemical‐physics questions: how can these polypeptide chains avoid the exhaustive exploration of their huge configuration space to efficiently and rapidly reach their native state? Is the folding mechanism sequential and deterministic, or is it completely heterogeneous and stochastic?"
SEC931571724729_C02,931571724729,2,598,1398,"Is the folding mechanism sequential and deterministic, or is it completely heterogeneous and stochastic? What is the rate‐limiting step in folding, and what is the origin of the underlying free‐energy barrier? From a biological perspective, biological interest in understanding folding has mainly concerned pathogenic implications of misfolding. In contrast, the details of productive folding transitions have mostly been regarded as having little physiological relevance, assuming that the function and regulation of proteins only involved interactions with the polypeptide's native structures. Over the last decade, however, several theoretical and experimental studies have challenged this view, suggesting that protein folding intermediates may be involved in many critical biological processes."
SEC931571724729_C03,931571724729,3,1194,1860,"Over the last decade, however, several theoretical and experimental studies have challenged this view, suggesting that protein folding intermediates may be involved in many critical biological processes. In this perspective, A1AT serpin provides an extreme paradigmatic example of a biologically active protein in a metastable state on the folding pathway. Furthermore, in many cases, folding intermediates may be the only states where a polypeptide chain can undergo PTMs. In addition, many proteins are believed to be able to reach their stable state only upon binding to specific targets, suggesting the existence of complex feedback‐based regulatory mechanisms."
SEC931571724729_C04,931571724729,4,1668,2366,"In addition, many proteins are believed to be able to reach their stable state only upon binding to specific targets, suggesting the existence of complex feedback‐based regulatory mechanisms. Reconstructing folding pathways at high resolution also provides an entirely new class of pharmacological targets, potentially paving the way for treating diseases for which conventional rational drug discovery schemes are inefficient or inapplicable. Examples involve proteins which do not display druggable pockets in their native structure or proteins responsible for misfolding diseases. Several factors have driven this paradigmatic change of perspective on the role of protein folding intermediates."
SEC931571724729_C05,931571724729,5,2252,2879,"Several factors have driven this paradigmatic change of perspective on the role of protein folding intermediates. On the one hand, the development of sophisticated time‐resolved experimental techniques has revealed that the folding kinetics of biologically relevant proteins is far more complex than that of small globular domains, as it typically involves many time scales and rate‐limiting steps. On the other hand, the development of powerful algorithms and accurate models has made it possible to reconstruct these folding events at various degrees of resolution, ranging from relatively coarse‐grained to fully atomistic."
SEC931571724729_C06,931571724729,6,2651,3280,"On the other hand, the development of powerful algorithms and accurate models has made it possible to reconstruct these folding events at various degrees of resolution, ranging from relatively coarse‐grained to fully atomistic. While the initial seminal theoretical activity of the previous decades focused on so‐called native‐centric models that emphasize the role of the native structure in shaping the folding pathways, several models or approaches developed in the last 15 years have made it possible for the first time to predict folding pathways while retaining the information about the chemical composition of the chain."
SEC931571724729_C07,931571724729,7,2879,3643,"While the initial seminal theoretical activity of the previous decades focused on so‐called native‐centric models that emphasize the role of the native structure in shaping the folding pathways, several models or approaches developed in the last 15 years have made it possible for the first time to predict folding pathways while retaining the information about the chemical composition of the chain. This progress paves the way to investigating the impact of mutations on folding kinetics and folding efficiency and the role of non‐native interactions in shaping the folding pathway. Finally, various methods are currently being developed that coherently integrate experimental information into numerical simulations, for example, Bayesian statistics approaches."
SEC931571724729_C08,931571724729,8,3464,4029,"Finally, various methods are currently being developed that coherently integrate experimental information into numerical simulations, for example, Bayesian statistics approaches. These schemes may correct for possible inaccuracies of the underlying atomistic models. At the same time, powerful machine learning and information‐theory‐based techniques are being exploited to obtain reliable multiscale and coarse‐grained models (for a recent review, see Reference 49) to consistently analyze vast amounts of data generated in simulations 50 and to enhance sampling."
SEC931571724729_C09,931571724729,9,3731,4379,"At the same time, powerful machine learning and information‐theory‐based techniques are being exploited to obtain reliable multiscale and coarse‐grained models (for a recent review, see Reference 49) to consistently analyze vast amounts of data generated in simulations 50 and to enhance sampling. In the next decade, the combination and integration of all these experimental and theoretical developments will likely have a great impact by generating a breakthrough in the appreciation of biological aspects connected with the folding mechanisms, potentially unveiling additional layers of complexity in the fundamental dogma of molecular biology."
SEC302698336252_C01,302698336252,1,0,117,"CONFLICT OF INTEREST The authors are co‐founders and share holders of Sibylla Biotech SPA, a drug discovery company."
SEC817834552653_C01,817834552653,1,0,620,"Abstract We review the use of nuclear magnetic resonance (NMR) spectroscopy to assess the exchange of amide protons for deuterons (HDX) in efforts to understand how high concentration of cosolutes, especially macromolecules, affect the equilibrium thermodynamics of protein stability. HDX NMR is the only method that can routinely provide such data at the level of individual amino acids. We begin by discussing the properties of the protein systems required to yield equilibrium thermodynamic data and then review publications using osmolytes, sugars, denaturants, synthetic polymers, proteins, cytoplasm and in cells."
SEC744912620689_C01,744912620689,1,0,730,"Introduction 1 The cytoplasm is crowded with a variety of proteins, nucleic acids, and small molecules, which can occupy 30%–40% of a cell's volume, with a total concentration exceeding 300 g/L. In this complicated environment, proteins experience interactions with macromolecules that are absent in dilute buffer where proteins are most often studied. Crowding effects on protein- and protein complex-stability are explained by a combination of hard repulsions and so-called “soft” chemical interactions [ 3,,,,,,]. Simple crowding theory treats macromolecules as inert spheres that exclude volume due to steric repulsion. These hard repulsions are entropic and favor more compact protein conformations under crowded conditions."
SEC744912620689_C02,744912620689,2,624,1319,"These hard repulsions are entropic and favor more compact protein conformations under crowded conditions. Therefore, simple theory predicts that crowding will stabilize folded proteins and protein complexes. Chemical interactions can be both enthalpic and entropic (by affecting the number of bound solvent or cosolute molecules), and modulate hard repulsions via repulsive or attractive interactions. Repulsive chemical interactions (i.e., non-complementary charges) reinforce the hard repulsions and are therefore stabilizing; attractive chemical interactions (e.g., opposite charges, hydrogen bonds) weaken the hard repulsions and are destabilizing because they favor expanded conformations."
SEC744912620689_C03,744912620689,3,1192,1951,", opposite charges, hydrogen bonds) weaken the hard repulsions and are destabilizing because they favor expanded conformations. It is important to study proteins in their native environments—living cells, to gain the most physiologically-relevant information. However, before the advent of methods for in-cell studies, protein- and protein complex-stability were, and often still are, studied in concentrated solutions of cosolutes. We begin by discussing cosolutes with molecular weights up to several hundred Daltons (Da). These molecules include natural osmolytes and the monomers that comprise synthetic polymers. We then focus on cosolutes with molecular weights from a few kDa to MDa, including synthetic polymers, individual proteins, and cell lysates."
SEC744912620689_C04,744912620689,4,1809,2421,"We then focus on cosolutes with molecular weights from a few kDa to MDa, including synthetic polymers, individual proteins, and cell lysates. Among these larger cosolutes, synthetic polymers are often used to mimic the cellular interior. Although less physiologically relevant, synthetic polymers are useful for protecting proteins, biological drugs, and vaccines. Synthetic polymers commonly used to protect proteins and in studies of macromolecular crowding include polyethylene glycols (PEGs), polyvinylpyrrolidones (also called povidones, PVPs), the sucrose polymer Ficoll™, and the glucose polymer dextran."
SEC824158513307_C01,824158513307,1,0,488,"Measuring stability 2 Many single-domain globular proteins undergo the following reversible, two-state reaction [EQ:EQ70] where N represents the biologically active native state, and U represents the unfolded (i.e., biologically inactive) state. The conformational stability of a globular protein is defined as the modified standard-state Gibbs free energy of unfolding ( [EQ:EQ71]). [EQ:EQ72] where [EQ:EQ73] is the unfolded state free energy and [EQ:EQ74] the native state free energy."
SEC824158513307_C02,824158513307,2,384,1147,"[EQ:EQ72] where [EQ:EQ73] is the unfolded state free energy and [EQ:EQ74] the native state free energy. Protein stability is quantified by determining the populations, or relative populations, of native and unfolded states at equilibrium with a variety of tools, and calculating the Gibbs standard-state free energy of unfolding, [EQ:EQ75] where [EQ:EQ76] is the gas constant and [EQ:EQ77] is temperature in Kelvin, and [EQ:EQ78] is the equilibrium constant for unfolding. Typical globular proteins have [EQ:EQ79] values of ∼7 kcal/mol at room temperature, which means that only one out of 10 5 protein molecules are not in the native state. Christian Anfinsen developed the “thermodynamic hypothesis” to explain how a protein folds into its native conformation."
SEC824158513307_C03,824158513307,3,1026,1802,"Christian Anfinsen developed the “thermodynamic hypothesis” to explain how a protein folds into its native conformation. His efforts on ribonuclease A showed that the native state is the thermodynamically most stable structure in physiologically relevant conditions. The most common tools for detecting the equilibrium between U and N include fluorescence- and absorbance- spectroscopy, circular dichroism (CD) spectropolarimetry, and differential scanning calorimetry (DSC). Perturbants used to populate the unfolded state include guanidinium chloride, urea, and heat. Values of [EQ:EQ80] can then be obtained from [EQ:EQ81] using Equation. The observation that different tools give similar thermodynamic values provides confidence that the protein shows two-state behavior."
SEC824158513307_C04,824158513307,4,1668,2455,"The observation that different tools give similar thermodynamic values provides confidence that the protein shows two-state behavior. Protein stability can also be measured under non-perturbing conditions by using nuclear magnetic resonance (NMR) - or mass spectrometry (MS)- detected hydrogen-deuterium exchange (HDX). HDX MS is fast, sensitive, and provides information about protein dynamics, but may not routinely provide information at the residue level. However, NMR-detected HDX can be used to assess stability at the level of individual backbone amide protons for proteins up to about 200 residues. NMR-detected HDX is usually performed using an 15 N-enriched test protein and the 15 N– 1 H heteronuclear single quantum coherence (HSQC) experiment or one of its close relatives."
SEC824158513307_C05,824158513307,5,2275,3050,"NMR-detected HDX is usually performed using an 15 N-enriched test protein and the 15 N– 1 H heteronuclear single quantum coherence (HSQC) experiment or one of its close relatives. In this experiment, every amide nitrogen-proton pair gives rise to a cross peak at the coordinates of its 15 N, 1 H chemical shifts. To a first approximation, cross peak volume is proportional to the concentration of the amide linkage. When the protein is resuspended in D 2 O, the amide proton exchanges irreversibly with deuterons. Deuterium is not detected at the same frequency as a proton. Therefore, when a proton is exchanged for a deuteron, its cross-peak volume decreases with time, and finally disappears. These properties make NMR-detected HDX amenable to studying protein stability."
SEC824158513307_C06,824158513307,6,2850,3605,"Therefore, when a proton is exchanged for a deuteron, its cross-peak volume decreases with time, and finally disappears. These properties make NMR-detected HDX amenable to studying protein stability. If HDX occurs on a time scale of minutes or longer, the exponential decay in the volume of each amide proton cross peak can be used to obtain a rate constant for exchange ( [EQ:EQ82]), which, as described next, can be connected to protein stability. Each amide proton has an open and a closed state. HDX only occurs from the open state: [EQ:EQ83] where [EQ:EQ84] and [EQ:EQ85] are the opening- and closing- rate constants, and [EQ:EQ86] is the intrinsic rate constant from the open state. [EQ:EQ87] values are obtained from data on unstructured peptides."
SEC824158513307_C07,824158513307,7,3350,4149,"HDX only occurs from the open state: [EQ:EQ83] where [EQ:EQ84] and [EQ:EQ85] are the opening- and closing- rate constants, and [EQ:EQ86] is the intrinsic rate constant from the open state. [EQ:EQ87] values are obtained from data on unstructured peptides. Provided the assumptions described below are valid, [EQ:EQ88] can be linked to stability. The first assumption is that the protein is stable, i.e., [EQ:EQ89]. If this assumption is valid, then exchange occurs at one of two limits, EX1 or EX2. Under the EX1 limit, [EQ:EQ90] is rate-determining, and [EQ:EQ91]. The EX1 limit is usually associated with less stable proteins or proteins at basic pH, and the resulting HDX data cannot be used to quantify stability. At the EX2 limit, a exchange from the open state, [EQ:EQ92], is rate-determining."
SEC824158513307_C08,824158513307,8,3915,4704,"The EX1 limit is usually associated with less stable proteins or proteins at basic pH, and the resulting HDX data cannot be used to quantify stability. At the EX2 limit, a exchange from the open state, [EQ:EQ92], is rate-determining. In this case, the ratio of [EQ:EQ93] to [EQ:EQ94] defines the equilibrium opening constant of an amide proton, [EQ:EQ95] (Equation), which can be converted to equilibrium opening free energy, [EQ:EQ96] via Equation [EQ:EQ97] [EQ:EQ98] The largest value of [EQ:EQ99] approximates the free energy of unfolding, [EQ:EQ100], as shown on the right-hand side of Fig. 1, providing information on global stability. Local fluctuations, of the native state, as shown on the left-hand side of Fig. 1, result in [EQ:EQ101] values less than that for global stability."
SEC824158513307_C09,824158513307,9,4556,4942,"Local fluctuations, of the native state, as shown on the left-hand side of Fig. 1, result in [EQ:EQ101] values less than that for global stability. If a residue is in a disordered region, there is no protection, and [EQ:EQ102] is zero. Key to this review, cosolutes are essentially invisible to NMR-detected HDX and other 15 N-directed NMR experiments if they are not enriched in 15 N."
SEC104902879444_C01,104902879444,1,0,729,"Calorimetry measures global unfolding 3 DSC measures temperature dependence of heat capacity of a protein solution and thus provides a direct measure of [EQ:EQ103]. Assuming a two-state transition, the shape of the curve can be used to assess the degree of unfolding to provide a measure of [EQ:EQ104] as a function of temperature. The constant pressure heat capacity of the unfolded state is greater than that of the native state, such that [EQ:EQ105] is greater than zero. The sign of [EQ:EQ106] is considered evidence that hydrophobic surface is exposed upon unfolding. Knowing [EQ:EQ107] for unfolding is positive and assuming a two-state unfolding mechanism, we can write the Gibbs-Helmholtz equation for protein stability."
SEC104902879444_C02,104902879444,2,573,1338,"Knowing [EQ:EQ107] for unfolding is positive and assuming a two-state unfolding mechanism, we can write the Gibbs-Helmholtz equation for protein stability. [EQ:EQ108] where [EQ:EQ109] is the enthalpy at the transition and [EQ:EQ110] is the temperature where [EQ:EQ111] and [EQ:EQ112]. Calorimetric enthalpy, [EQ:EQ113], is the area under a transition peak. By assuming a two-state transition, the van't Hoff enthalpy ( [EQ:EQ114] can be derived from the shape DSC thermogram, as it can from other spectroscopic measurements. The observation that [EQ:EQ115] equals 1 —meaning that the directly measured DSC enthalpy equals the van't Hoff enthalpy, which requires assuming a two-state transition— is strong evidence that the protein unfolds via a two-state reaction."
SEC680939180525_C01,680939180525,1,0,771,"Stability in dilute solution 4 NMR-detected HDX ( Fig. 1) has been used to study protein stability for decades. For global unfolding residues, the opening free energy, [EQ:EQ116], approximates [EQ:EQ117], the free energy of unfolding from calorimetric data. The [EQ:EQ118] values for local unfolding residues are, by definition, less than [EQ:EQ119], because they undergo smaller fluctuations from the native state. Temperature-dependent HDX experiments have been performed on several proteins. At high temperatures, exchange rates cannot be measured because the protein is unstable (making the assumptions [EQ:EQ120] and [EQ:EQ121] invalid). In the temperature range consistent with the EX2 mechanism, [EQ:EQ122] for globally unfolding residues approximates [EQ:EQ123]."
SEC680939180525_C02,680939180525,2,643,1431,"In the temperature range consistent with the EX2 mechanism, [EQ:EQ122] for globally unfolding residues approximates [EQ:EQ123]. Under these conditions, [EQ:EQ124] for locally unfolding residues is, by definition, less than [EQ:EQ125]. At high temperatures, [EQ:EQ126] for locally unfolding residues converges on [EQ:EQ127], suggesting that global unfolding becomes the dominant exchange mechanism. Orban et al. showed that the [EQ:EQ128] values obtained from HDX results and calorimetric [EQ:EQ129] provide highly complementary information on the [EQ:EQ130] versus temperature profiles of the B1 and B2 IgG-binding domains. Furthermore, the temperature-dependent HDX data can be used to obtain the van't Hoff enthalpies of opening ( [EQ:EQ131]) by plotting [EQ:EQ132] against [EQ:EQ133]."
SEC680939180525_C03,680939180525,3,1267,1564,"Furthermore, the temperature-dependent HDX data can be used to obtain the van't Hoff enthalpies of opening ( [EQ:EQ131]) by plotting [EQ:EQ132] against [EQ:EQ133]. Which, given the standard-state free energy, provides access to the entropy of opening via the Gibbs equation (Equation). [EQ:EQ134]"
SEC83156834266_C01,83156834266,1,0,752,"Osmolytes and monomers of synthetic polymers 5 Many tools, including NMR and spectrophotometric methods (e.g., CD, UV-Vis), have been used to study protein stability under crowded conditions. Zwitterionic osmolytes [e.g., trimethylamine N -oxide (TMAO), glycine betaine ( N, N, N -trimethylglycine)] stabilize globular proteins and their complexes. However, lowering the pH imparts a net positive charge on TMAO, which can change it from a stabilizing cosolute to a destabilizing cosolute, showing the importance of chemical interactions. Sucrose, glucose, and ethylene glycol, the monomers of Ficoll™, dextran, and PEG, respectively, also tend to stabilize proteins and protein-protein interactions, as do polyols (e.g., sorbitol, xylitol, mannitol)."
SEC83156834266_C02,83156834266,2,539,1300,"Sucrose, glucose, and ethylene glycol, the monomers of Ficoll™, dextran, and PEG, respectively, also tend to stabilize proteins and protein-protein interactions, as do polyols (e.g., sorbitol, xylitol, mannitol). Osmolytes usually stabilize proteins enthalpically. Glycerol, glucose, and trehalose enthalpically stabilize a β-hairpin structure. Similar data show that ethylene glycol stabilizes SH3. However, stabilization by sugars can be entropic [ 48,,,]. The predominance of an enthalpic effect suggests a role for chemical interactions, but for sugar-based polymers at high concentrations, an entropic effect arising from hard repulsions is expected. The destabilizing osmolyte, urea, is the most used small cosolute for NMR detected HDX studies [ 40,,,]."
SEC83156834266_C03,83156834266,3,1195,1825,"The destabilizing osmolyte, urea, is the most used small cosolute for NMR detected HDX studies [ 40,,,]. Its concentration, and other conditions (e.g., pH, temperature), must be chosen carefully to prevent HDX from moving to the EX1 regime. Urea destabilizes proteins because it interacts favorably with the backbone, and more backbone is exposed in the unfolded state. The unfolded-state free energy decreases more than the native state free energy, resulting in a decrease in stability. Therefore, urea promotes exposure to the protein backbone, causing the HDX rates to increase. In contrast to urea, TMAO stabilizes proteins."
SEC83156834266_C04,83156834266,4,1684,2452,"Therefore, urea promotes exposure to the protein backbone, causing the HDX rates to increase. In contrast to urea, TMAO stabilizes proteins. TMAO interacts unfavorably with the protein backbone, increasing the free energy of the unfolded state relative to the native state, shifting the [EQ:EQ135] equilibrium toward N. TMAO suppresses structural fluctuations that expose protein backbone, decreasing the rate of HDX. Another osmolyte, glycine betaine, is also a protein stabilizer. It stabilizes proteins in buffer, and is even more effective in cell lysates. Sucrose, the monomer of Ficoll™, and trehalose stabilize proteins by increasing the free energy of the unfolded state relative to the native state. N -ethylpyrrolidone, the monomer of PVP, is destabilizing."
SEC83156834266_C05,83156834266,5,2245,2635,"Sucrose, the monomer of Ficoll™, and trehalose stabilize proteins by increasing the free energy of the unfolded state relative to the native state. N -ethylpyrrolidone, the monomer of PVP, is destabilizing. Studies of the temperature dependence of NMR detected HDX show that sucrose stabilizes chymotrypsin inhibitor 2 (CI2) enthalpically. The details of their polymers are discussed next."
SEC379326678116_C01,379326678116,1,0,659,"Synthetic polymers 6 PEG, with its high water solubility, is commonly used to understand macromolecular crowding. It has well-studied physical properties and is commercially available at high purity in more than ten molecular weights ranging from 0.1 to 2000 kDa. Dextrans are bacterially-synthesized glucose polymers available commercially in at least six sizes from 6 to 150 kDa. Ficoll™, which is made from sucrose, is a crosslinked polymer and available in two sizes, 70- and 400- kDa. PVP is well characterized and available in at least five sizes from 10 kDa to 1300 kDa. An essential property of synthetic polymer solutions changes with concentration."
SEC379326678116_C02,379326678116,2,490,1132,"PVP is well characterized and available in at least five sizes from 10 kDa to 1300 kDa. An essential property of synthetic polymer solutions changes with concentration. At low concentrations (the so-called dilute region), synthetic polymers act as individual molecules, and simple hard-particle exclusion may be used to explain their effect on protein stability. Above a certain concentration, called c ∗, which is defined by the polymer's molecular weight, the polymer no longer acts like a collection of individual molecules, but instead becomes entangled with its neighbors, causing the macroscopic solution viscosity to increase steeply."
SEC379326678116_C03,379326678116,3,853,1557,"Above a certain concentration, called c ∗, which is defined by the polymer's molecular weight, the polymer no longer acts like a collection of individual molecules, but instead becomes entangled with its neighbors, causing the macroscopic solution viscosity to increase steeply. Above c ∗, confinement is used to explain crowding effects on protein stability, in that the test protein molecule exists in a cavity created by polymers big enough to contain the protein and its water of hydration. Confinement is most often considered stabilizing because there is no room for the globular protein to unfold. In confinement, changes in stability depend on the size, shape, and chemical nature of the cavity."
SEC379326678116_C04,379326678116,4,1348,1978,"Confinement is most often considered stabilizing because there is no room for the globular protein to unfold. In confinement, changes in stability depend on the size, shape, and chemical nature of the cavity. Contrary to simple expectations, even early work on crowding showed that PEGs can decrease globular protein stability. Destabilization can grow with PEG size, and destabilization is dominated by PEG's hydrophobic nature and the increasing hydrophobicity of the test protein. However, the more hydrophilic sugar polymers, Ficoll™ and dextran stabilize α-lactalbumin and lysozyme, and the stabilization is often enthalpic."
SEC379326678116_C05,379326678116,5,1832,2579,"However, the more hydrophilic sugar polymers, Ficoll™ and dextran stabilize α-lactalbumin and lysozyme, and the stabilization is often enthalpic. The Ebbinghaus group also showed that concentrated dextran solutions enthalpically stabilize ubiquitin, but other groups interpret the dextran-induced stabilization as purely entropic. A systematic investigation of a β-hairpin peptide shows that the stabilization by PEGs, dextrans, and glucose switches from entropic to enthalpic with increasing cosolute concentration. Turning to residue-level HDX, our lab reported the systematic study of PVPs on the equilibrium stability of the small globular protein, CI2. HDX in PVP solutions occurs under the EX2 mechanism, and PVP does not change [EQ:EQ136]."
SEC379326678116_C06,379326678116,6,2349,3136,"Turning to residue-level HDX, our lab reported the systematic study of PVPs on the equilibrium stability of the small globular protein, CI2. HDX in PVP solutions occurs under the EX2 mechanism, and PVP does not change [EQ:EQ136]. In solutions of PVP from 10 kDa to 55 kDa, almost all residues experience a stabilizing effect. The exceptions are residues for which stabilities are the same in the presence and absence of PVP. Below c ∗, protein stabilities in PVP solutions are consistent with the predictions of stability changes from hard-particle exclusion. Stability increases with increases in PVP concentrations, but higher-molecular weights of PVPs show a weaker stabilization. Above c ∗, the data are independent of PVP molecular weights, consistent with ideas about confinement."
SEC379326678116_C07,379326678116,7,3033,3770,"Above c ∗, the data are independent of PVP molecular weights, consistent with ideas about confinement. In addition to hard interactions, the data for some residues show that PVP stabilizes CI2 by weakly binding the folded state, which is a soft interaction. Ficoll™, like its monomer sucrose, also stabilizes CI2. Ficoll™ increases [EQ:EQ137] and [EQ:EQ138] in general and increases with increasing Ficoll™ concentration. Both Ficoll™ and sucrose stabilize CI2 enthalpically. In summary, observations of stabilization in concentrated solutions of PVP and Ficoll™ show that the stabilization is driven by enthalpy, not entropy. That is, we must consider not just hard repulsions but also polymer-protein and polymer-solvent interactions."
SEC379326678116_C08,379326678116,8,3660,4332,"That is, we must consider not just hard repulsions but also polymer-protein and polymer-solvent interactions. HDX studies of protein stability in synthetic polymers are incomplete but promise to reveal new information. For example, little is known about the effect of PEGs, which are widely used to protect protein-based drugs, on local unfolding. Gaining such knowledge is important because partial protein unfolding can presage aggregation, which harms these increasingly important medicines. We used HDX NMR to assess the effects of PEGs and ethylene glycol on GB1 stability and structure. The data show that PEGs and ethylene glycol stabilize the protein differently."
SEC379326678116_C09,379326678116,9,4155,4736,"We used HDX NMR to assess the effects of PEGs and ethylene glycol on GB1 stability and structure. The data show that PEGs and ethylene glycol stabilize the protein differently. Chemical shift and CD data show that ethylene glycol interacts with GB1 more strongly than PEGs but neither affects the structure of the folded state. In terms of stability, ethylene glycol and 12000 g/mol PEG stabilize GB1 more than PEGs of intermediate size. Temperature dependent HDX data show that ethylene glycol and smaller PEGs stabilize GB1 enthalpically while the largest PEG acts entropically."
SEC379326678116_C10,379326678116,10,4593,5084,"Temperature dependent HDX data show that ethylene glycol and smaller PEGs stabilize GB1 enthalpically while the largest PEG acts entropically. The key finding is that PEGs turn local unfolding into global unfolding, and this conclusion is supported by meta-analysis of published NMR-detected protein HDX data acquired in the presence of a number of small and large cosolutes. In other words, there are fundamental differences between how small and large synthetic polymers affect stability."
SEC363005868907_C01,363005868907,1,0,761,"Protein crowders and in-cell efforts 7 Cells are not crowded with synthetic polymers. If one is interested in biology, it is better to use globular proteins as crowders. Unlike PEG, Ficoll™, PVP or dextran, globular proteins are compact, and can be treated more like spheres. Another key difference between protein crowders and most common synthetic polymers is that proteins are charged. Destabilization is often observed in high concentrations of globular proteins, but there are exceptions. At least part of the destabilization comes from the attraction of the protein crowder to the backbone of the test protein. The ultimate goal is to study protein stability in living cells, but that is a challenging task. Cells must remain alive during the experiment."
SEC363005868907_C02,363005868907,2,617,1409,"The ultimate goal is to study protein stability in living cells, but that is a challenging task. Cells must remain alive during the experiment. Another problem is test protein leakage from dead cells, which can cause artifacts, but control experiments can be performed to identify this problem. Protein stability in cells is assessed using several approaches, including fluorescence, 19 F NMR and heteronuclear NMR. Cellular environments tend to destabilize test proteins compared to buffer alone due to the attractive interactions, and charge plays an important role in this destabilization. However, increased stability has also been reported. HDX NMR has also been applied to study stability in solutions of protein crowders and in cells. Reconstituted cytosol and lysate destabilize CI2."
SEC363005868907_C03,363005868907,3,1263,2038,"HDX NMR has also been applied to study stability in solutions of protein crowders and in cells. Reconstituted cytosol and lysate destabilize CI2. However, the stabilizing osmolyte glycine betaine can relieve this destabilization. Our lab also studied the stability of the B1 domain of protein G (GB1) in living Escherichia coli cells and in solutions of either bovine serum albumin (BSA) or lysozyme. The pH in E. coli cells in the stationary phase is close to pH 5.8. At pH 5.8 and 37 °C, the cytoplasm of E. coli destabilizes GB1 compared to buffer. The destabilization arises from the attractive interactions. The accumulation of positive charge on GB1 with the decreased intracellular pH strengthens interactions with the majority of negatively charged E. coli proteins."
SEC363005868907_C04,363005868907,4,1876,2623,The accumulation of positive charge on GB1 with the decreased intracellular pH strengthens interactions with the majority of negatively charged E. coli proteins. BSA and lysozyme also destabilize GB1 compared with buffer alone. The destabilization by lysozyme can be explained by the attractive interactions between positively charged lysozyme and anionic GB1. The destabilization by BSA and lysozyme is in agreement with the HDX results for CI2. The explanation for destabilization by BSA is that nonspecific attractive backbone interactions overcome charge-charge interactions and hard repulsions. The temperature dependence of ubiquitin stability in the solutions of BSA and lysozyme was used to quantify the enthalpic and entropic components.
SEC363005868907_C05,363005868907,5,2476,3133,"The temperature dependence of ubiquitin stability in the solutions of BSA and lysozyme was used to quantify the enthalpic and entropic components. The results suggest that stabilizing hard repulsions can be completely offset by attractive test protein-crowder protein interactions. These chemical interactions can arise from charge-charge interactions, the hydrophobic effect, and hydrogen bonding. In summary, although there are few studies of protein stability in solutions of protein crowders and in cells, the observation of both increased and decreased stability points to a key role in chemical interactions under physiologically relevant conditions."
SEC142631989497_C01,142631989497,1,0,553,"What's next 8 Efforts should consider how the shape and charge of protein crowders affect stability, which is a challenging task because there is no easy way to keep the surface properties of a crowder protein constant while changing its molecular weight. Perhaps we should start with charged synthetic polymers even though synthetic polymers are not globular. Such efforts will yield a more nuanced view of macromolecular crowding that will increase both our understanding of nature and improve our ability to protect protein-based drugs and vaccines."
SEC1973837496_C01,1973837496,1,0,211,"CRediT authorship contribution statement I-Te Chu: Formal analysis, Writing – original draft, Writing – review & editing. Gary J. Pielak: Funding acquisition, Project administration, Writing – review & editing."
SEC760708163935_C01,760708163935,1,0,342,Declaration of competing interest Gary J. Pielak is an editorial board member of MRL but was not involved in the editorial review or the decision to publish this article. All authors declare that they have no known competing financial interests or personal relationships that could have appeared to influence the work reported in this paper.
SEC7928917164_C01,7928917164,1,0,570,"Abstract SignificanceGPX4, an antioxidant defense enzyme, is a critical regulator of ferroptosis by neutralizing lipid hydroperoxides. However, our understanding of the mechanisms underlying the regulation of GPX4 remains limited. In this study, we provide unique mechanistic insights into GPX4 regulation, showing that MALT1 stabilizes GPX4 by protecting it from ubiquitin-mediated degradation through the specific cleavage of the E3 ubiquitin ligase RC3H1. The MALT1–RC3H1 axis represents a promising therapeutic target for inducing ferroptosis in liver cancer cells."
SEC7928917164_C02,7928917164,2,459,914,"The MALT1–RC3H1 axis represents a promising therapeutic target for inducing ferroptosis in liver cancer cells. Pharmacological inhibition of MALT1 with MI-2 induces ferroptosis and shows strong synergistic effects when combined with sorafenib or regorafenib across various cancer types, including liver, thyroid, kidney, and colorectal cancers, highlighting the translational potential of our findings for the development of novel therapeutic strategies."
SEC980925048258_C01,980925048258,1,0,7,Results
SEC325697206832_C01,325697206832,1,0,759,"Identification of MALT1 as a Modulator of GPX4 Protein. To evaluate the potential of leveraging ferroptosis as a therapeutic approach in liver cancer, we first examined the expression levels of GPX4 in HCC tissues. We observed significant upregulation of GPX4 mRNA in tumor tissues compared to adjacent nontumor tissues ( SI Appendix, Fig. S1 A). Furthermore, in a cohort of 365 HCC patients, those with the highest levels of GPX4 mRNA in their tumors experienced the poorest survival outcomes ( Fig. A). Importantly, genetic inhibition of GPX4 markedly suppressed the proliferation of Huh7 and SK-Hep1 cells ( SI Appendix, Fig. S1 B–D). Collectively, these findings suggest that GPX4 could serve as a potential therapeutic target for liver cancer treatment."
SEC325697206832_C02,325697206832,2,638,1436,"Collectively, these findings suggest that GPX4 could serve as a potential therapeutic target for liver cancer treatment. To systematically elucidate the molecular regulators of GPX4, we conducted a genome-wide fluorescence-activated cell sorting (FACS)-based CRISPR screening to identify potential candidates that modulate GPX4 expression ( Fig. B). PLC/PRF/5 cells were selected for the FACS-based CRISPR screening because PLC/PRF/5 cells are relatively resistant to GPX4 knockdown ( SI Appendix, Fig. S1 E–G), whereas knockdown of GPX4 significantly suppressed the proliferation of Huh7 and SK-Hep1 cells, which are therefore not suitable for screening assay. Through bioinformatics analysis, we identified 40 positive and 113 negative regulators of GPX4 protein levels ( Fig. C and Dataset S1)."
SEC325697206832_C03,325697206832,3,1300,2057,"Through bioinformatics analysis, we identified 40 positive and 113 negative regulators of GPX4 protein levels ( Fig. C and Dataset S1). As expected, GPX4 gRNAs were enriched in the GPX4 low cell population, underscoring the reliability of the genetic screening ( Dataset S1). Notably, EEFSEC (eukaryotic elongation factor, selenocysteine-tRNA specific) and FBXW7 (F-box and WD repeat domain containing 7) were identified as regulators of GPX4 expression, consistent with their known involvement in ferroptosis regulation ( Fig. D). Interestingly, the gene encoding MALT1 emerged as one of the most significant hits ( Fig. D). MALT1 acts as a distinctive paracaspase that cleaves substrates after arginine or lysine residues, leading to protein degradation."
SEC325697206832_C04,325697206832,4,1926,2613,"MALT1 acts as a distinctive paracaspase that cleaves substrates after arginine or lysine residues, leading to protein degradation. However, the role of MALT1 in ferroptosis and how MALT1 regulates GPX4 expression remain unknown. To validate the screening findings, we generated MALT1-knockout PLC/PRF/5 and Hep3B cells and assessed GPX4 protein levels. In PLC/PRF/5, MALT1-knockout cells exhibited comparable mRNA levels but significantly reduced GPX4 protein levels compared to control cells ( Fig. E and F). In Hep3B cells, while a 40 to 50% reduction in GPX4 mRNA levels was observed in MALT1-knockout cells, this did not fully correspond to the nearly complete loss of GPX4 protein."
SEC325697206832_C05,325697206832,5,2436,3176,"In Hep3B cells, while a 40 to 50% reduction in GPX4 mRNA levels was observed in MALT1-knockout cells, this did not fully correspond to the nearly complete loss of GPX4 protein. These results suggest that the regulation of GPX4 occurs, at least in part, at the posttranscriptional level ( Fig. E and F). Supporting this hypothesis, we found that the reduction in GPX4 protein levels caused by MALT1-knockout could be mitigated by the proteasome inhibitor MG132 and enhanced by the protein synthesis inhibitor, cycloheximide (CHX) ( Fig. G and SI Appendix, Fig. S2 A). Additionally, we observed elevated levels of GPX4 ubiquitination in MALT1-knockout cells ( Fig. H), suggesting that MALT1 plays a crucial role in regulating GPX4 stability."
SEC325697206832_C06,325697206832,6,3003,3781,"Additionally, we observed elevated levels of GPX4 ubiquitination in MALT1-knockout cells ( Fig. H), suggesting that MALT1 plays a crucial role in regulating GPX4 stability. Subsequently, we confirmed that MALT1-knockout increased the susceptibility of liver cancer cells to ferroptosis induced by GPX4 inhibitors RSL3 or ML210 ( Fig. I and J). Through bioinformatics analysis, we identified a positive correlation between MALT1 and GPX4 protein levels across CCLE pan-cancer cell lines, with particularly strong correlations observed in liver cancer cell lines. This finding was further supported in our cell line panel ( SI Appendix, Fig. S2 B and C and Fig. K). However, no substantial correlation was detected at the mRNA level for these two genes ( SI Appendix, Fig. S2 D)."
SEC325697206832_C07,325697206832,7,3667,4026,"However, no substantial correlation was detected at the mRNA level for these two genes ( SI Appendix, Fig. S2 D). Tissue array analysis of MALT1 and GPX4 in 75 human HCC tissues revealed a significant positive correlation between their protein levels ( Fig. L and M), lending additional support to the positive regulatory relationship between MALT1 and GPX4."
SEC754884498839_C01,754884498839,1,0,720,"MALT1 Stabilizes GPX4 through Cleavage of E3 Ubiquitin Ligase RC3H1. To investigate the mechanisms by which MALT1 regulates GPX4 ubiquitination, we performed a proteomic analysis on control and MALT1-knockout PLC/PRF/5 cells, identifying 1,427 differentially expressed proteins. We then overlapped these differentially expressed proteins with our FACS screening data, revealing 16 proteins that modulate GPX4 protein levels ( Fig. A and B and Datasets S1 and S2). Among these, RC3H1 was further identified from the Human E3 Ubiquitin Ligase database, based on the MALT1’s regulatory role on GPX4 ubiquitination ( Fig. C and Datasets S1 and S2). RC3H1 has previously been reported to be a proteolytic substrate of MALT1."
SEC754884498839_C02,754884498839,2,618,1414,"C and Datasets S1 and S2). RC3H1 has previously been reported to be a proteolytic substrate of MALT1. Indeed, MALT1 ablation increased RC3H1 protein expression while reducing its cleavage compared to control cells ( Fig. D and E). After establishing a connection between the MALT1–RC3H1 axis and GPX4 protein regulation, we further investigated the underlying mechanism by which RC3H1 modulate GPX4 protein level. We first proceeded with coimmunoprecipitation analyses to investigate potential interactions between GPX4 and RC3H1. Our findings revealed a notable interaction between these two proteins ( Fig. F). Furthermore, we observed that knockdown of RC3H1 in liver cancer cells led to a substantial increase in GPX4 protein levels, accompanied by reduced GPX4 ubiquitination ( Fig. G – I)."
SEC754884498839_C03,754884498839,3,1231,1900,"Furthermore, we observed that knockdown of RC3H1 in liver cancer cells led to a substantial increase in GPX4 protein levels, accompanied by reduced GPX4 ubiquitination ( Fig. G – I). Conversely, overexpression of RC3H1 enhanced the ubiquitin-dependent degradation of GPX4 protein ( Fig. J and K) and knockdown of RC3H1 could block the reduction in GPX4 protein levels facilitated by cycloheximide (CHX) ( Fig. L). More importantly, interference with RC3H1 in MALT1-deficient cells reversed ubiquitin-dependent degradation of GPX4 expression ( Fig. M). Collectively, these data suggest that MALT1 inhibits GPX4 degradation through cleavage of E3 ubiquitin ligase RC3H1."
SEC240141529945_C01,240141529945,1,0,686,"MALT1 Inhibition Triggers Ferroptosis in Liver Cancer Cells. The crucial regulatory role of the MALT1–RC3H1 axis on GPX4 protein prompted us to investigate the potential of targeting MALT1 as an approach to induce ferroptosis. We conducted a compound screening involving 2,103 compounds on two ferroptosis-sensitive liver cancer cell lines, focusing on identifying potential ferroptosis inducers evidenced by the rescue effects of ferrostatin-1 on cell viability ( Fig. A, SI Appendix, Fig. S3 A, and Dataset S3). The compound screening assay identified MI-2, EX 527 (selisistat), and AI- as potential candidate drugs capable of inducing ferroptosis in both cell lines ( Fig. B and C)."
SEC240141529945_C02,240141529945,2,514,1209,"The compound screening assay identified MI-2, EX 527 (selisistat), and AI- as potential candidate drugs capable of inducing ferroptosis in both cell lines ( Fig. B and C). EX 527 (selisistat) and AI- were excluded from further analysis due to high-concentration requirements and narrow concentration range of rescue effects, respectively ( SI Appendix, Fig. S3 B and C). MI-2, originally identified as an inhibitor of MALT1 protease, has shown notable efficacy against activated B cell-like diffuse large B cell lymphoma (ABC-DLBCL) in both in vitro and in vivo studies. Consistent with our findings, a recent study also discovered that MI-2 induces ferroptosis in vascular smooth muscle cells."
SEC240141529945_C03,240141529945,3,1085,1881,"Consistent with our findings, a recent study also discovered that MI-2 induces ferroptosis in vascular smooth muscle cells. The identification of MALT1 inhibitor MI-2 as a ferroptosis inducer in such an unbiased compound screening further emphasizes the important role of MALT1 in GPX4 regulation. Then, we treated a panel of cell lines with increasing concentrations of MI-2 or traditional GPX4 inhibitor (RSL3 or ML210) for 10 to 14 d in colony formation assays. While the response to these compounds varied across cell lines, the effects of MI-2 and GPX4 inhibitors on the panel of liver cancer cell lines were remarkably similar ( Fig. D). Generally, elevated levels of either GPX4 or MALT1 protein expression correlate with reduced sensitivity to MI-2 or GPX4 inhibitors ( SI Appendix, Fig."
SEC240141529945_C04,240141529945,4,1729,2503,"Generally, elevated levels of either GPX4 or MALT1 protein expression correlate with reduced sensitivity to MI-2 or GPX4 inhibitors ( SI Appendix, Fig. S2 C). It is possible that a high dose of MI-2 or GPX4 inhibitors is required to suppress the expression or activity of GPX4 in cells with higher MALT1/GPX4 expression, which require further investigation. Cell death induced by MI-2 in Huh7, SK-Hep1, and SNU398 cells could be rescued effectively by ferrostatin-1. However, other types of cell death inhibitors were ineffective in suppressing the cell death induced by MI-2 ( Fig. E and SI Appendix, Fig. S3 D). We also observed an increase in lipid reactive oxygen species (ROS) levels and mitochondrial damage in Huh7, SK-Hep1, and SNU398 cells treated with MI-2 ( Fig."
SEC240141529945_C05,240141529945,5,2343,3143,"We also observed an increase in lipid reactive oxygen species (ROS) levels and mitochondrial damage in Huh7, SK-Hep1, and SNU398 cells treated with MI-2 ( Fig. F and G and SI Appendix, Fig. S3 E and F). Additionally, MI-2 significantly suppressed growth of Huh7 xenografts ( Fig. H), accompanied by increased lipid peroxidation levels evidenced by 4-HNE staining, and decreased proliferation, as indicated by Ki67 staining ( Fig. I). To further uncover the regulatory network responsible for the sensitivity of MALT1 inhibitor, we conducted an unbiased genome-wide CRISPR screening ( Fig. J). This analysis identified the essential role of three genes (ACSL4, LPCAT3, and AGPAT3) in MI-2-induced cell death ( Fig. K and Dataset S4), which are also commonly recognized in ferroptosis induction ( Fig."
SEC240141529945_C06,240141529945,6,2936,3588,"This analysis identified the essential role of three genes (ACSL4, LPCAT3, and AGPAT3) in MI-2-induced cell death ( Fig. K and Dataset S4), which are also commonly recognized in ferroptosis induction ( Fig. L). It is known that therapy-resistant cancer cells often exhibit altered metabolic states that make them susceptible to ferroptosis induction. To investigate whether MI-2 maintains the characteristic effects of conventional GPX4 inhibitors on drug-resistant cell lines, we established lenvatinib-resistant and FGFR4 inhibitor BLU554-resistant Hep3B cells ( SI Appendix, Fig. S3 G) and treated them with RSL3 or MI-2 in colony formation assays."
SEC240141529945_C07,240141529945,7,3287,3945,"To investigate whether MI-2 maintains the characteristic effects of conventional GPX4 inhibitors on drug-resistant cell lines, we established lenvatinib-resistant and FGFR4 inhibitor BLU554-resistant Hep3B cells ( SI Appendix, Fig. S3 G) and treated them with RSL3 or MI-2 in colony formation assays. Interestingly, we found that the resistant cells displayed similar increased sensitivity to both MI-2 and RSL3 treatments, which could be rescued by the addition of ferrostatin-1 ( SI Appendix, Fig. S3 H and I). Collectively, our findings suggest that MI-2 could represent a ferroptosis inducer with potential applications in the treatment of liver cancer."
SEC918823962143_C01,918823962143,1,0,719,"MALT1 Inhibitor Down-Regulates GPX4 through Ubiquitination-Mediated Degradation via RC3H1. Quantitative proteomics analysis revealed that treatment with the MALT1 inhibitor MI-2 led to a reduction of GPX4 protein levels in liver cancer cells, which was confirmed through both in vitro and in vivo validation ( Fig. A – D). To extend our investigation, we used another MALT1 inhibitor safimaltib and observed similar effects in down-regulating GPX4 protein level without affecting its mRNA level ( SI Appendix, Fig. S4 A and B). Since we have found that MALT1-knockout exerts a modulatory effect on GPX4 stability at the posttranscriptional level, we investigated whether MALT1 inhibition would produce similar results."
SEC918823962143_C02,918823962143,2,528,1229,"Since we have found that MALT1-knockout exerts a modulatory effect on GPX4 stability at the posttranscriptional level, we investigated whether MALT1 inhibition would produce similar results. As expected, the reduction in GPX4 protein levels induced by MI-2 could be blocked by the proteasome inhibitor MG132 and facilitated by the protein synthesis inhibitor cycloheximide ( Fig. E and F). Similar effects were not observed when cells were treated with RSL3 or ML210 ( SI Appendix, Fig. S4 C–F), suggesting a distinct role of the MALT1 inhibitor compared to classic GPX4 inhibitor. Additionally, consistent with MALT1 knockout, MI-2-treated cells exhibited increased ubiquitination of GPX4 ( Fig. G)."
SEC918823962143_C03,918823962143,3,1110,1894,"Additionally, consistent with MALT1 knockout, MI-2-treated cells exhibited increased ubiquitination of GPX4 ( Fig. G). Considering that MALT1 regulates GPX4 stability by cleaving the E3 ubiquitin ligase RC3H1, we examined the levels of RC3H1 following MI-2 treatment. Compared to control cells, MI-2-treated cells displayed comparable mRNA levels but increased protein expression of RC3H1 ( Fig. H and I). Importantly, RC3H1 knockdown effectively prevented MALT1 inhibition-induced GPX4 downregulation and ubiquitination ( Fig. J and K). In conclusion, we establish MALT1 as a regulator of GPX4 protein levels. MALT1 inhibition using MI-2 promotes RC3H1-mediated, ubiquitin-dependent degradation of GPX4, a mechanism that can be exploited to induce ferroptosis in liver cancer cells."
SEC726246059565_C01,726246059565,1,0,712,"MALT1 Inhibition Is Synergistic with Sorafenib or Regorafenib. Given that many liver cancer cell lines demonstrate insensitivity to MI-2, we aimed to investigate whether combination treatment could enhance the susceptibility of these cells to ferroptosis induction. Initially, we confirmed that MI-2 effectively reduced GPX4 protein levels in Hep3B, SNU449, and MHCC97H cells, irrespective of their sensitivity to ferroptosis induction ( Fig. A). To determine whether conventional therapeutic drugs used in HCC treatment could synergize with MI-2 in these ferroptosis-insensitive cells, we treated Hep3B, SNU449, and MHCC97H cells with MI-2 and sorafenib, regorafenib, lenvatinib, or the indicated combinations."
SEC726246059565_C02,726246059565,2,447,1096,"To determine whether conventional therapeutic drugs used in HCC treatment could synergize with MI-2 in these ferroptosis-insensitive cells, we treated Hep3B, SNU449, and MHCC97H cells with MI-2 and sorafenib, regorafenib, lenvatinib, or the indicated combinations. Strong synergies between MI-2 and sorafenib or regorafenib were observed in all three cell lines ( Fig. B and SI Appendix, Fig. S5 A). However, no synergistic effect was observed when cells were treated with MI-2 and lenvatinib ( SI Appendix, Fig. S5 A). Sorafenib, regorafenib, and lenvatinib are all clinically approved multikinase inhibitors used in the treatment of advanced HCC."
SEC726246059565_C03,726246059565,3,967,1617,"Sorafenib, regorafenib, and lenvatinib are all clinically approved multikinase inhibitors used in the treatment of advanced HCC. Regorafenib is structurally similar to sorafenib, which may explain the similar synergic effects observed when combining either sorafenib or regorafenib with MI-2. Comparable results were obtained when combining RSL3 with sorafenib or regorafenib ( SI Appendix, Fig. S5 B). Furthermore, we observed ferroptosis-specific mitochondrial alterations and increasing lipid peroxides accumulation in liver cancer cell lines treated with sorafenib when combined with MI-2 ( Fig. C and D) or RSL3 ( SI Appendix, Fig. S5 C and D)."
SEC726246059565_C04,726246059565,4,1370,2079,"Furthermore, we observed ferroptosis-specific mitochondrial alterations and increasing lipid peroxides accumulation in liver cancer cell lines treated with sorafenib when combined with MI-2 ( Fig. C and D) or RSL3 ( SI Appendix, Fig. S5 C and D). Given that sorafenib is a multikinase inhibitor, we conducted kinome-based CRISPR screenings to investigate the mechanisms underlying the synergistic lethality of sorafenib. We found that loss of individual kinase targets of sorafenib did not synergize with GPX4 inhibition. However, it remains possible that the synergy with GPX4 inhibition is due to the simultaneous inhibition of multiple kinase targets of sorafenib ( SI Appendix, Fig. S5 E and Dataset S5)."
SEC726246059565_C05,726246059565,5,1892,2564,"However, it remains possible that the synergy with GPX4 inhibition is due to the simultaneous inhibition of multiple kinase targets of sorafenib ( SI Appendix, Fig. S5 E and Dataset S5). As a multikinase inhibitor, sorafenib has been shown to induce ferroptosis by targeting SLC7A11. To further investigate this, we used 15 N labeled L-cysteine to trace cystine uptake and biosynthesis of GSH. As expected, sorafenib treatment induced a notable reduction in both cystine uptake and biosynthesis of GSH, as evidenced by the decreased utilization of 15 N-labeled L-cysteine ( Fig. E). SLC7A11, as one of the subunits of system x c –, plays a crucial role in cystine uptake."
SEC726246059565_C06,726246059565,6,2286,3035,"As expected, sorafenib treatment induced a notable reduction in both cystine uptake and biosynthesis of GSH, as evidenced by the decreased utilization of 15 N-labeled L-cysteine ( Fig. E). SLC7A11, as one of the subunits of system x c –, plays a crucial role in cystine uptake. We found that expression of SLC7A11 was significantly associated with the sensitivity to GPX4 inhibitor in both liver cancer cell line panel and pan-cancer cell lines ( SI Appendix, Fig. S5 F). Together, these findings suggest that sorafenib may synergize with MI-2 through its activity against SLC7A11. In order to enhance the clinical relevance of our findings, we evaluated synergistic effect of this combination in patient-derived liver cancer organoid (PDO) models."
SEC726246059565_C07,726246059565,7,2868,3541,"In order to enhance the clinical relevance of our findings, we evaluated synergistic effect of this combination in patient-derived liver cancer organoid (PDO) models. The combination of MI-2 and sorafenib notably suppressed the proliferation of these organoids ( Fig. F). To assess whether these in vitro findings could be recapitulated in vivo, we established subcutaneous tumors in nude mice using MHCC97H cells. Consistent with our in vitro results, the combined administration of MI-2 and sorafenib demonstrated a substantial inhibition of tumor growth, accompanied by decreased GPX4 expression and increased lipid peroxidation levels in tumor tissues ( Fig. G and H)."
SEC726246059565_C08,726246059565,8,3283,3920,"Consistent with our in vitro results, the combined administration of MI-2 and sorafenib demonstrated a substantial inhibition of tumor growth, accompanied by decreased GPX4 expression and increased lipid peroxidation levels in tumor tissues ( Fig. G and H). Sorafenib has been approved by the FDA for the treatment of thyroid cancer and kidney cancer, while regorafenib, an analog of sorafenib, has been approved for colorectal cancer treatment. The remarkable synergy observed between MI-2 and sorafenib in liver cancer cells inspired us to investigate the potential of this combination therapy in treating these three types of cancer."
SEC726246059565_C09,726246059565,9,3729,4487,"The remarkable synergy observed between MI-2 and sorafenib in liver cancer cells inspired us to investigate the potential of this combination therapy in treating these three types of cancer. Encouragingly, synergistic effects on cell proliferation were observed when sorafenib or regorafenib was combined with MI-2 in thyroid cancer, kidney cancer, and colorectal cancer cell lines ( SI Appendix, Fig. S6 A–C). CellTiter-Blue viability assay confirmed that the cell death induced by these combinations was attributable to ferroptosis, as evidenced by the rescue effects of ferrostatin-1 ( SI Appendix, Fig. S6 D–F). Furthermore, an increase in lipid ROS levels was noted in KTC-1, OSRC-2, and LoVo cells upon combination treatment ( SI Appendix, Fig. S6 G)."
SEC726246059565_C10,726246059565,10,4345,5078,"Furthermore, an increase in lipid ROS levels was noted in KTC-1, OSRC-2, and LoVo cells upon combination treatment ( SI Appendix, Fig. S6 G). Consistent with in vitro results, mice bearing OSRC-2 and LoVo xenografts that received combination therapy exhibited a significant reduction in tumor burden compared to those receiving monotherapy ( SI Appendix, Fig. S6 H and J). Ferroptosis induction in vivo was also evident in tumor tissues with combination treatment, as demonstrated by GPX4 and 4-HNE staining ( SI Appendix, Fig. S6 I and K). Collectively, these findings suggest that combining sorafenib or regorafenib with GPX4 inhibition using MI-2 could represent a broadly applicable strategy for a diverse range of malignancies."
SEC63856321554_C01,63856321554,1,0,725,"Discussion Targeting GPX4 to promote ferroptosis has emerged as a promising cancer treatment strategy; however, the development of effective GPX4 inhibitors has proven to be challenging. Recent research has revealed that GPX4 is regulated through various mechanisms, including transcriptional control and posttranslational modifications (PTMs), suggesting that targeting these regulatory processes could provide an alternative approach for inducing ferroptosis. Studies have uncovered specific mechanisms involved in the regulation of GPX4. For instance, ZEB1, a transcription factor, inhibits GPX4 transcription in cancer cells by binding to the E-box motifs, while OTUD5 confers ferroptosis resistance by stabilizing GPX4."
SEC63856321554_C02,63856321554,2,541,1299,"For instance, ZEB1, a transcription factor, inhibits GPX4 transcription in cancer cells by binding to the E-box motifs, while OTUD5 confers ferroptosis resistance by stabilizing GPX4. Despite these findings, our understanding of the mechanisms governing GPX4 regulation remains limited, and current knowledge is still insufficient for identifying effective strategies for ferroptosis induction. In a recent study, through In-Cell Western assays along with a drug screening, Li et al. identified the compound N6F11 promotes the degradation of GPX4 by triggering TRIM25-mediated K48-linked ubiquitination of GPX4 in cancer cells. From a different perspective, we conducted a FACS-based genome-wide genetic screen to systematically identify modulators of GPX4."
SEC63856321554_C03,63856321554,3,1169,1779,"From a different perspective, we conducted a FACS-based genome-wide genetic screen to systematically identify modulators of GPX4. Unexpectedly, we found that MALT1, previously recognized as a potential therapeutic target in ABC-DLBCL, emerged as one of the most significant regulators of GPX4 levels. Genetic knockout or pharmacological inhibition of MALT1 using MI-2 effectively induces the ubiquitination of GPX4 and facilitates specific ferroptosis in cancer cells, which have been validated not only through functional experiments but also via unbiased compound screening and functional genetic screening."
SEC63856321554_C04,63856321554,4,1470,2256,"Genetic knockout or pharmacological inhibition of MALT1 using MI-2 effectively induces the ubiquitination of GPX4 and facilitates specific ferroptosis in cancer cells, which have been validated not only through functional experiments but also via unbiased compound screening and functional genetic screening. These findings underscore the specific effects of MI-2 in targeting GPX4 regulation and hold significant promise as a foundational step toward the development of drug-like inhibitors for GPX4 regulation. Concerns have been raised regarding the long-term safety of MALT1 inhibition, as congenital disruption of the MALT1 protease in mice is associated with a rapid, dose-dependent reduction in regulatory T cells, leading to the progressive development of immune abnormalities."
SEC63856321554_C05,63856321554,5,1983,2653,"Concerns have been raised regarding the long-term safety of MALT1 inhibition, as congenital disruption of the MALT1 protease in mice is associated with a rapid, dose-dependent reduction in regulatory T cells, leading to the progressive development of immune abnormalities. Despite these challenges, some studies have also shown that an uncoupling of anti-inflammatory effects of MALT1 inhibition from reduction of regulatory T cells can be achieved. Therefore, the balance between the safety risks and antitumor effects of MALT1 inhibitors warrants further investigation. Recent research has elucidated the dual roles of MALT1 as both a protease and a scaffold protein."
SEC63856321554_C06,63856321554,6,2433,3232,"Therefore, the balance between the safety risks and antitumor effects of MALT1 inhibitors warrants further investigation. Recent research has elucidated the dual roles of MALT1 as both a protease and a scaffold protein. Our study reveals a critical role of MALT1 in regulating GPX4 expression by maintaining its stability through a proteasome-dependent mechanism. We demonstrated that MALT1 deficiency or inhibition by MI-2 leads to increased GPX4 ubiquitination and decreased GPX4 expression levels, resulting in heightened cellular sensitivity to ferroptosis. Although MALT1 is not an E3 ubiquitin ligase, it may modulate the activity of other components within the ubiquitin machinery, highlighting its multifaceted role in cellular processes beyond its established function in immune signaling."
SEC63856321554_C07,63856321554,7,2995,3768,"Although MALT1 is not an E3 ubiquitin ligase, it may modulate the activity of other components within the ubiquitin machinery, highlighting its multifaceted role in cellular processes beyond its established function in immune signaling. By combining proteomic analysis with FACS-based genetic screening, we identified RC3H1, a RING finger E3 ubiquitin ligase, as a key regulator mediating MALT1’s involvement in the ubiquitination and proteasomal degradation of GPX4 protein. MALT1 stabilizes GPX4 through the specific cleavage of RC3H1, which directly binds to GPX4 and facilitates its ubiquitination and subsequent proteasomal degradation. Our identification of the MALT1–RC3H1 axis regulating GPX4 adds a layer of complexity to the posttranslational regulation of GPX4."
SEC63856321554_C08,63856321554,8,3637,4324,"Our identification of the MALT1–RC3H1 axis regulating GPX4 adds a layer of complexity to the posttranslational regulation of GPX4. Future research should prioritize the detailed mapping of the interacting domains between RC3H1 and GPX4, as well as the identification of the specific lysine residues on GPX4 that are ubiquitinated by RC3H1. Such insights will further enhance our understanding of the molecular dynamics governing GPX4 regulation. Combining different agents with ferroptosis inducers has shown promise in enhancing the susceptibility of cancer cells to ferroptosis induction. In our study, we utilized sorafenib or regorafenib as combination agents to induce ferroptosis."
SEC63856321554_C09,63856321554,9,4083,4824,"Combining different agents with ferroptosis inducers has shown promise in enhancing the susceptibility of cancer cells to ferroptosis induction. In our study, we utilized sorafenib or regorafenib as combination agents to induce ferroptosis. Both sorafenib and regorafenib exhibited synergistic effects when combined with MALT1 inhibitor or RSL3 in inducing ferroptosis. Additionally, both our findings and other studies have indicated that sorafenib exerts activity against SLC7A11, a key component involved in ferroptosis regulation. This synergy can be attributed to the cotargeting of SLC7A11 and GPX4, key components of system x c − –GSH–GPX4 axis, which helps overcome the intrinsic resistance of cancer cells to ferroptosis induction."
SEC63856321554_C10,63856321554,10,4618,5336,"This synergy can be attributed to the cotargeting of SLC7A11 and GPX4, key components of system x c − –GSH–GPX4 axis, which helps overcome the intrinsic resistance of cancer cells to ferroptosis induction. Considering that sorafenib or regorafenib has been approved for use in various cancer types, including advanced liver cancer, thyroid cancer, kidney cancer, and colorectal cancer, this combination strategy holds potential for further investigation. In our study, through FACS-based genome-wide CRISPR screening, we identified the MALT1–RC3H1 axis as a critical regulator of GPX4 protein stability. MALT1 stabilizes GPX4 from ubiquitin-mediated degradation by specifically cleaving the E3 ubiquitin ligase RC3H1."
SEC63856321554_C11,63856321554,11,5222,5491,"MALT1 stabilizes GPX4 from ubiquitin-mediated degradation by specifically cleaving the E3 ubiquitin ligase RC3H1. The MALT1 inhibitor MI-2 demonstrates the capacity to induce ferroptosis, which is synergistic with sorafenib and regorafenib across various cancer types."
SEC153163966561_C01,153163966561,1,0,394,Materials and Methods Our research complies with all relevant ethical regulations. The collection and use of clinical materials were approved by the Eastern Hepatobiliary Hospital Research Ethics Committee. All animal protocols were approved by the Animal Research Ethics Committee of Shanghai Jiao Tong University and were performed following the guidelines for the use of laboratory animals.
SEC146148604986_C01,146148604986,1,0,789,"Human Cell Lines and Culture Conditions. The human cell lines, Hep3B (HB-8604), SK-Hep1 (HTB-52), PLC/PRF/5 (CRL-8024), HepG2 (CRL-11997), SNU398 (CRL-2233), SNU182 were obtained from ATCC. Huh7 (RCB1366) cell line was sourced from RIKEN (Tokyo, Japan). The MHCC97H cell line was provided by the Liver Cancer Institute of Zhongshan Hospital (Shanghai, China). CAL-62 (CL-0618) was obtained from Procell (Wuhan, China). These cell lines were cultured in a controlled environment at 37 °C with 5% CO 2 in Dulbecco’s Modified Eagle Medium (DMEM) with 10% fetal bovine serum (FBS), 2 mM glutamine, and 1% penicillin/streptomycin. LoVo (CCL-229) cell line was obtained from ATCC and cultured in F-12 K medium with 10% FBS, 1% penicillin/streptomycin, and 2Â mM glutamine at 37 °C with 5% CO 2."
SEC146148604986_C02,146148604986,2,626,1387,"LoVo (CCL-229) cell line was obtained from ATCC and cultured in F-12 K medium with 10% FBS, 1% penicillin/streptomycin, and 2Â mM glutamine at 37 °C with 5% CO 2. SW480 (CCL-228) cell line was obtained from ATCC. OS-RC-2 (RCB0735) cell line was sourced from RIKEN (Tokyo, Japan). KTC-1 was obtained from Shanghai Institutes for Biological Sciences (Shanghai, China). These cell lines were cultured at the same controlled conditions mentioned above but in RPMI-based medium supplemented with 10% FBS, 1% penicillin/streptomycin, and 2 mM glutamine. ACHN (CRL-1611) cell line was obtained from ATCC and cultured in MEM with 10% FBS, 1% penicillin/streptomycin, and 2Â mM glutamine at 37 °C with 5% CO 2. The presence of mycoplasma was tested by PCR-based assays."
SEC146148604986_C03,146148604986,3,1174,1460,"ACHN (CRL-1611) cell line was obtained from ATCC and cultured in MEM with 10% FBS, 1% penicillin/streptomycin, and 2Â mM glutamine at 37 °C with 5% CO 2. The presence of mycoplasma was tested by PCR-based assays. The identities of all the cell lines were confirmed using STR profiling."
SEC778495391765_C01,778495391765,1,0,658,"Compounds and Antibodies. MI-2 (Cat# S7429), 1S,3R-RSL3 (Cat# S8155), ferrostatin-1 (Cat# S7243), ZVAD-FMK (Cat# S7023), erastin (Cat# S7242), EX 527 (Cat# S1541), regorafenib (Cat# S1178), lenvatinib (Cat# S1164), sorafenib (Cat# S1040), safimaltib (Cat# S9896), cycloheximide (Cat# S7418), necrostatin-1 (Cat# S8037), and 3-Methyladenine (Cat# S2767) were purchased from Selleck Chemicals. AI- (Cat# S80232) was purchased from Shanghai Yuanye Bio-Technology. ML210 (Cat# SML0521) and MG132 (Cat# M7449) were purchased from Sigma-Aldrich. Antibodies against GPX4 (Cat# ab125066), Ki67 (Cat# ab16667), and caspase-3 (Cat# ab32351) were purchased from Abcam."
SEC778495391765_C02,778495391765,2,540,1157,"Antibodies against GPX4 (Cat# ab125066), Ki67 (Cat# ab16667), and caspase-3 (Cat# ab32351) were purchased from Abcam. Antibodies against β-actin (Cat# HRP-60008), GAPDH (Cat# HRP-60004), and GPX4 (Cat# 67763-1-Ig, for immunoprecipitation) were purchased from Proteintech. Antibodies against HA-tag (Cat# 3724S) and Flag-tag (Cat# 14793) were purchased from Cell Signaling Technology. Antibody against MALT1 (Cat# sc-46677) was purchased from Santa Cruz Biotechnology. Antibody against RC3H1 (Cat# PSI-7251) was purchased from ProSci Incorporated. Antibody against 4-HNE (Cat# MAB3249) was purchased from R&D Systems."
SEC159327232325_C01,159327232325,1,0,656,"FACS-Based CRISPR-Cas9 Screening. Fluorescence-activated cell sorting (FACS)-based genome-wide CRISPR screens were performed using Brunello lentiviral pooled libraries in PLC/PRF/5 cells. The cells selected by puromycin were first stained with LIVE/DEAD™ Fixable Near-IR Dead Cell Stain (Cat# L10119, Invitrogen) to exclude nonviable cells, and then fixed and permeabilized with Fixation/Permeabilization solution (Cat#, Thermo Fisher Scientific). After washing, the cells were incubated with the anti-GPX4 antibody for 45 min at 4 °C, followed by incubation with the appropriate dilutions of Alexa Fluor secondary antibody for 30 min at 4 °C in the dark."
SEC159327232325_C02,159327232325,2,448,881,"After washing, the cells were incubated with the anti-GPX4 antibody for 45 min at 4 °C, followed by incubation with the appropriate dilutions of Alexa Fluor secondary antibody for 30 min at 4 °C in the dark. The cells were then washed with FACS buffer, and the top 5% (cells with the highest signals) and bottom 5% (cells with the lowest signals) populations were sorted and collected for deep sequencing and bioinformatic analysis."
SEC292816191811_C01,292816191811,1,0,672,"Established Stable Cells. All shRNAs targeting GPX4 and RC3H1 in the PLKO vector were obtained from TRC_2 human shRNA (Lenti) library. For MALT1-knockout cells, two gRNAs targeting MALT1 were cloned into lentiCRISPR v2 for lentivirus production. Lentiviral were produced through transient transfection of HEK293T cells using jetPRIME® Versatile DNA/siRNA transfection reagent (Cat# PT-, Polyplus Transfection). HEK293T cells were cultured in 10-cm tissue culture dishes and then cotransfected with the lentiviral transfer plasmid and packaging vectors (psPAX2 and pMD2.G). The viral supernatant was harvested 48 h after transfection and filtered through a 0.45 μm filter."
SEC292816191811_C02,292816191811,2,570,901,"G). The viral supernatant was harvested 48 h after transfection and filtered through a 0.45 μm filter. Huh7, SK-Hep1, PLC/PRF/5, and Hep3B cells were subsequently infected with lentivirus in the presence of polybrene and propagated for further analysis following selection. The sequences of shRNA and gRNA are listed in Dataset S6."
SEC568179993659_C01,568179993659,1,0,421,"qRT-PCR. Total RNA was extracted from cells using FastPure Cell/Tissue Total RNA Isolation Kit V2 (Cat# RC112, Vazyme). Complementary DNA was synthesized from 1 μg of RNA using HisyGo RT Red SuperMix (Cat# RT101, Vazyme). qRT - PCR was performed using ChamQ Blue Universal SYBR qPCR Master Mix (Cat# Q312, Vazyme). Primer sequences are shown in Dataset S6. The relative mRNA levels were normalized to housekeeping genes."
SEC992784884932_C01,992784884932,1,0,599,"Western Blotting. An equal amount of total protein lysates was separated using 8 to 12% SDS-PAGE and then transferred onto PVDF membranes. The membranes were blocked with 5% fat-free dried milk dissolved in Tris-buffered saline with 0.5% Tween-20 (TBST) for 1 to 2 h. The membranes were then incubated overnight at 4 °C with the corresponding primary antibodies. Following that, the membranes were washed with TBST and then incubated in horseradish peroxidase–conjugated (HRP-conjugated) secondary antibodies for 1 h. Then membranes were washed with TBST for three times, followed by ECL detection."
SEC812646651444_C01,812646651444,1,0,708,"Proteomic Analysis. In brief, at least 2 × 10 6 cells were collected and ground with liquid nitrogen into cell powder. Afterward, four volumes of lysis buffer (8 M urea, 1% protease inhibitor cocktail) was added to the cell powder, followed by sonication 3 min on ice using a high-intensity ultrasonic processor (Scientz). The samples were cleared by centrifugation at × g for 10 min at 4 °C. Following that, the precipitated proteins were obtained using TCA and washed by precooled acetone for three times and dried for 1 min. The protein sample was then redissolved in 200 mM TEAB and dispersed using ultrasound. Trypsin was added at a 1:50 trypsin-to-protein mass ratio for the first overnight digestion."
SEC812646651444_C02,812646651444,2,528,952,"The protein sample was then redissolved in 200 mM TEAB and dispersed using ultrasound. Trypsin was added at a 1:50 trypsin-to-protein mass ratio for the first overnight digestion. The sample was reduced with 5 mM dithiothreitol for 30 min at 56 °C and alkylated with 11 mM iodoacetamide for 15 min at room temperature in the dark. After that, the peptides were desalted using a Strata X SPE column and analyzed by LC–MS/MS."
SEC64189527795_C01,64189527795,1,0,734,"Ubiquitination Assay. To assess the ubiquitination levels of endogenous GPX4, we generated several cell lines, including MALT1-knockout PLC/PRF/5, Hep3B, RC3H1-knockdown Huh7, SK-Hep1, PLC/PRF/5, RC3H1-overexpressing PLC/PRF/5, and MALT1-knockout PLC/PRF/5 with or without RC3H1 additional knockdown. After cell lysis, the samples were subjected to immunoprecipitation with anti-GPX4 antibody and protein G-conjugated magnetic beads overnight at constant rotation, followed by immunoblotting analysis with anti-ubiquitin antibody. A transfection of HA-tagged ubiquitin plasmid was conducted to evaluate the ubiquitination levels of Flag-GPX4 in cells. The transfected cells were treated with or without MI-2 in the presence of MG132."
SEC64189527795_C02,64189527795,2,531,1092,"A transfection of HA-tagged ubiquitin plasmid was conducted to evaluate the ubiquitination levels of Flag-GPX4 in cells. The transfected cells were treated with or without MI-2 in the presence of MG132. Subsequently, the cells were lysed in cold Pierce IP Lysis buffer (Cat# 87787, Thermo Fisher Scientific) and cleared by centrifugation. An appropriate amount of protein was then incubated with anti-Flag beads overnight at a constant rotation. The beads were washed three times with IP lysis buffer, followed by immunoblotting analysis with anti-HA antibody."
SEC910733474062_C01,910733474062,1,0,545,"Coimmunoprecipitation. Flag-tagged GPX4 plasmid was transfected to detect the potential interactions between GPX4 and RC3H1 in PLC/PRF/5 cells. Following this, the transfected cells were lysed in cold Pierce IP Lysis buffer (Cat# 87787, Thermo Fisher Scientific) and centrifuged at × g for 30 min. The protein samples were then incubated with anti-Flag beads at 4 °C overnight under constant rotation. After washing three times with cold IP buffer, the immunocomplexes were collected for immunoblotting with anti-RC3H1 and anti-Flag antibodies."
SEC662014416485_C01,662014416485,1,0,610,"Compound Screens. Huh7 and SK-Hep1 were screened with a compound library (n = 2,103, 2 μM) in the presence or absence of 250 nM ferrostatin-1 for 4 d in two replicates. Cell viability was assessed by CellTiter-Glo Cell Viability Assay. Compounds exhibiting an impact on cell viability that could be rescued by ferrostatin-1 (at least 1.5-fold increase in the group treated with combination of the compound and ferrostatin-1 compared to the group treated with the compound alone) were selected for further investigation. The compound library contains FDA-approved drugs as well as bioactive targeted compounds."
SEC561229906517_C01,561229906517,1,0,331,Long-Term Cell Proliferation Assay. Cells were seeded into 6-well plates at a density of 1.5 to 3 × 10 4 cells per well and cultured in medium supplemented with the specified drugs for duration of 10 to 14 d. Cells were fixed with 4% formaldehyde in PBS and subsequently stained with 0.1% crystal violet solution diluted in water.
SEC636285255287_C01,636285255287,1,0,424,Transmission Electron Microscopy. Cells were fixed in a solution of 2% glutaraldehyde in PBS for 2 h at 4 °C. They were then postfixed in 1% osmium tetroxide for 1 h at 4 °C. Cells were dehydrated in a series of graded ethanol and embedded in epoxy resin. Ultrathin sections were obtained using a LKB V-type ultramicrotome and stained with lead citrate for electron microscopy. Sections were imaged on a HITACHI H-7650 TEM.
SEC296782990490_C01,296782990490,1,0,430,"Lipid Peroxidation Assessment. Briefly, to cells per well were seeded in 6-well plates and then cells were treated with indicated compounds for 3 to 4 d. Cells were harvested and resuspended in PBS containing C11-BODIPY (581/591) (2 μM) (Cat# D3861, Invitrogen) at 37 °C for 30 min. Subsequently, cells were analyzed using a flow cytometer equipped with a 488 nm laser for excitation. A minimum of cells were analyzed per sample."
SEC560148266655_C01,560148266655,1,0,658,"Xenografts. Huh7 cells (1 × 10 7 cells per mouse) were injected subcutaneously into the right posterior flanks of 6-wk-old BALB/c nude mice (male, 6 mice per group). Tumor volume based on caliper measurements was calculated using a modified ellipsoidal formula: tumor volume = 1/2 length × width 2. After tumor establishment, the mice were randomly assigned to 6 d per week treatment with vehicle, or MI-2 (20 mg/kg, intraperitoneal injection). For combination treatment assay, MHCC97H, OSRC-2, and LoVo cells (1 × 10 7 cells per mouse) were injected subcutaneously into the right posterior flanks of 6-wk-old BALB/c nude mice (male, 6 to 8 mice per group)."
SEC560148266655_C02,560148266655,2,445,1001,"For combination treatment assay, MHCC97H, OSRC-2, and LoVo cells (1 × 10 7 cells per mouse) were injected subcutaneously into the right posterior flanks of 6-wk-old BALB/c nude mice (male, 6 to 8 mice per group). Mice were randomly assigned to different treatment groups: vehicle, MI-2 (20 mg/kg, intraperitoneal injection, 6 d per week), sorafenib (30 mg/kg, oral gavage, 3 or 6 d per week), regorafenib (5 mg/kg, oral gavage, 6 d per week), or a drug combination in which each compound was administered at the same dose and schedule as the single agent."
SEC415564965782_C01,415564965782,1,0,794,"CRISPR-Cas9 Genetic Screens. To identify genes whose knockout may confer resistance to MI-2, CRISPR-Cas9 genetic screening was conducted in SK-Hep1 cells. The genome-wide CRISPR library was introduced into SK-Hep1 cells by lentiviral transduction. The T0 arm was used as one of the controls after puromycin selection. The cells were then divided into two groups with or without treatment of MI-2 (700 nM) for 45 d. The alterations in library representation were evaluated through Illumina deep sequencing to determine changes in gRNA abundance. To explore the mechanisms underlying the synergistic lethality of sorafenib, kinome-based CRISPR screenings were performed in Hep3B and MHCC97H cells. The kinome CRISPR library was introduced into Hep3B and MHCC97H cells by lentiviral transduction."
SEC415564965782_C02,415564965782,2,545,1043,"To explore the mechanisms underlying the synergistic lethality of sorafenib, kinome-based CRISPR screenings were performed in Hep3B and MHCC97H cells. The kinome CRISPR library was introduced into Hep3B and MHCC97H cells by lentiviral transduction. Cells with stable gRNA expression were cultured for 14 d. The abundance of gRNA was assessed by Illumina deep sequencing. For each sgRNA, the fold change in enrichment was calculated by comparing the T14 group (cultured for 14 d) with the T0 group."
SEC162071139861_C01,162071139861,1,0,368,"CellTitle-Blue Cell Viability Assay. Cells were seeded into 96-well plates at a density of 2,000 to 2,500 cells per well and cultured in 100 μL of medium containing the specified drugs for 4 to 5 d. CellTiter-Blue® Reagent (Cat# G8080, Promega) (20 μL per well) was added into the assay plates and then incubated for 2 to 4 h. Fluorescence was recorded at 560/590 nm."
SEC363793687053_C01,363793687053,1,0,762,"Tissue Microarray and Scoring. A tissue microarray consisting of 75 hepatocellular carcinoma (HCC) specimens was created using samples collected from patients who had undergone curative surgery at the Affiliated Eastern Hepatobiliary Hospital in Shanghai, China. Ethical approval was granted by the Eastern Hepatobiliary Hospital Research Ethics Committee, and written informed consent was obtained from each participating patient. The assembly of tissue microarrays, immunohistochemistry (IHC), and measurement of integrated optical density (IOD) were performed. Formalin-fixed paraffin-embedded tissue microarray was probed with the GPX4 antibody (Cat# ab125066, Abcam, 1:1,200 dilution) and MALT1 antibody (sc-46677, Santa Cruz Biotechnology, 1:50 dilution)."
SEC363793687053_C02,363793687053,2,564,1307,"Formalin-fixed paraffin-embedded tissue microarray was probed with the GPX4 antibody (Cat# ab125066, Abcam, 1:1,200 dilution) and MALT1 antibody (sc-46677, Santa Cruz Biotechnology, 1:50 dilution). An EnVision Detection kit (Cat# GK500705, Gene Tech, Shanghai, China) was utilized for the visualization of GPX4 and MALT1. For the measurement of IOD, the imaging system consisted of a Leica CCD camera DFC420 connected to a Leica DM IRE2 microscope (Leica Microsystems Imaging Solutions Ltd., Cambridge, UK). Photographs of representative fields were taken using the Leica QWin Plus v3 software at high-power magnification (×200). Image-Pro Plus v6.0 software (Media Cybernetics, Inc., MD) was used to measure and count the IODs in each image."
SEC513930127044_C01,513930127044,1,0,793,"Generation of Liver Cancer Organoid. Liver cancer tissues were minced and digested with PBS supplemented with collagenase type IV at 37 °C for 30 to 60 min. The suspension was filtered through a 100-μm cell strainer and then centrifuged. The pellet was resuspended in cold organoid culture medium and then combined with Matrigel at a 1:2 ratio to achieve a cell density of 4,000 cells per 50 μL before being seeded into a 12-well culture plate. Organoid culture medium was added to each well after solidification and organoids were cultured in a humidified incubator at 37 °C with 5% CO 2. The organoids were then cultured for 5 to 7 d in medium supplemented with the specific drugs. Image acquisition was by means of ZEISS AxioObserver7. Image processing was conducted using ImageJ software."
SEC87666705340_C01,87666705340,1,0,376,"Immunohistochemical Staining. Formalin-fixed paraffin-embedded samples were obtained from xenograft tumors and then probed with antibodies against GPX4 (Cat# ab125066, Abcam), Ki67 (Cat# ab16667, Abcam), 4-HNE (Cat# MAB3249, R&D), and caspase-3 (Cat# ab32351, Abcam). Following incubation with the primary antibodies, positive cells were visualized using DAB+ as a chromogen."
SEC756120741808_C01,756120741808,1,0,389,"Statistics. All the computational analyses and graphical visualization were performed with Prism 7 software (GraphPad). All in vitro data are reported as the mean ± SD, and all in vivo data are presented as mean ± SEM. Correlation between two continuous variables was measured by Pearson’s r correlation. For the animal experiments, mice were randomly grouped before different treatments."
SEC353069081959_C01,353069081959,1,0,155,Supplementary Material Appendix 01 (PDF) Dataset S01 (XLSX) Dataset S02 (XLSX) Dataset S03 (XLSX) Dataset S04 (XLSX) Dataset S05 (XLSX) Dataset S06 (XLSX)
SEC118376224474_C01,118376224474,1,0,647,"Abstract Paralogs of the bifunctional nuclease, Ribonuclease J (RNase J), demonstrate varied catalytic efficiencies despite extensive sequence and structural similarity. Of the two Staphylococcus aureus RNase J paralogues, RNase J1 is substantially more active than RNase J2. Mutational analysis of active site residues revealed that only H80 and E166 were critical for nuclease activity. Electronic properties of active site residues were further evaluated using density functional theory in conjunction with molecular mechanics. This analysis suggested that multiple residues at the active site can function as Lewis bases or acids in RNase J2."
SEC118376224474_C02,118376224474,2,531,1125,"This analysis suggested that multiple residues at the active site can function as Lewis bases or acids in RNase J2. The bond dissociation energy, on the other hand, suggested that the Mn ion in RNase J2, located at a structurally identical location to that in RNase J1, is crucial for overall structural integrity. Structures of mutant enzymes lacking the metal ion were seen to adopt a different orientation between the substrate binding and catalytic domain than wild-type RNase J2. A surprising finding was that the RNase J2 H78 A mutant was five-fold more active than the wild-type enzyme."
SEC118376224474_C03,118376224474,3,1016,1467,A surprising finding was that the RNase J2 H78 A mutant was five-fold more active than the wild-type enzyme. Structural and biochemical experiments performed in light of this observation revealed that the RNase J2 catalytic mechanism is distinct from both two-metal ion and one-metal ion reaction mechanisms proposed for RNase J nucleases. Different activity levels in RNase J paralogues can thus be ascribed to the diversity in catalytic mechanisms.
SEC655952717750_C01,655952717750,1,0,7,Results
SEC217416055769_C01,217416055769,1,0,667,"H80 and E166 are essential for RNase J2 activity The active site of RNase J2 has a single metal ion (Mn 2+). The coordination geometry of the bound manganese ion is octahedral and is coordinated by residues H76, H78, H80, H144, and E166. These residues at the active site of RNase J2 were evaluated by mutational analysis ( Fig. S1). Mutant RNase J2 enzymes were obtained by replacing five active site residues, i.e., H76, H78, H80, H144, and E166 by alanine. Three other residues at the RNase J2 active site (S368, S369, and H370) that were previously demonstrated to have minimal or no impact on the catalytic activity of RNase J2 were excluded from this analysis."
SEC217416055769_C02,217416055769,2,460,1239,"Three other residues at the RNase J2 active site (S368, S369, and H370) that were previously demonstrated to have minimal or no impact on the catalytic activity of RNase J2 were excluded from this analysis. The effect of these mutations on the activity of RNase J2 was assessed using a RT-FeDEx (Real-time fluorescence detection of Exoribonuclease activity) assay ( Fig. A). The substrate used for the assay was a hybrid oligonucleotide containing a fluorophore FAM (6-Carboxyfluorescein) linked RNA, hybridized with a strand containing a quencher molecule, TAM (Carboxytetramethylrhodamine). In this assay, the fluorophore (FAM) is released upon the endo-nuclease activity of RNase J2 resulting in a fluorescence signal that can be detected at 520 nm and quantified ( Fig. S2)."
SEC217416055769_C03,217416055769,3,1053,1815,"In this assay, the fluorophore (FAM) is released upon the endo-nuclease activity of RNase J2 resulting in a fluorescence signal that can be detected at 520 nm and quantified ( Fig. S2). The velocity profile of the RNase J2 mutants vis-a-vis the wild type enzyme led to one unambiguous conclusion - H80 and E166 are crucial for RNase J2 activity ( Fig. 2). While the mutation of E166, E166A, caused a ten-fold decrease in catalytic activity, we note a two-fold decrease in the case of the H80A mutant. The H76A and H144A mutations, however, had no impact on enzyme activity. Surprisingly, the H78A mutant enzyme had five-fold higher catalytic activity when compared to wild-type RNase J2 ( Fig. 2). To evaluate if these mutations in RNase J2 had any effect on S."
SEC217416055769_C04,217416055769,4,1627,2359,"Surprisingly, the H78A mutant enzyme had five-fold higher catalytic activity when compared to wild-type RNase J2 ( Fig. 2). To evaluate if these mutations in RNase J2 had any effect on S. aureus, we utilized a previous finding that RNase J2 interacts with a long non-coding RNA, RNAIII. Increased RNAIII levels are associated with the switch from the persistent to the virulent phenotype in S. aureus. RNAIII is co-transcribed with δ hemolysin (hld). Changes in RNAIII levels thus provide a direct read-out by way of differences in hemolysis due to altered levels of the secreted pore-forming hemolysin. A rnjB deletion mutant strain ( S. aureus strain with the deletion of the gene encoding RNase J2) was essential for this assay."
SEC217416055769_C05,217416055769,5,2231,3008,"A rnjB deletion mutant strain ( S. aureus strain with the deletion of the gene encoding RNase J2) was essential for this assay. This assay was performed using an RNase J2 deletion mutant strain and the corresponding isogenic strain (a generous gift from the laboratory of Dr Peter Redder, Paul Sabatier University, Toulouse). The hemolytic activity was monitored on a sheep blood agar plate, and the zone of clearance (hemolytic activity) was quantified using ImageJ ( https://imagej.net/ij/). The wild-type and RNase J2 mutant enzymes were cloned into the pRMC2 vector, a tetracycline-inducible expression vector for S. aureus. Hemolysin assays were performed using the rnjB deletion mutant strain transformed with plasmids encoding the wild-type RNase J2 and mutant enzymes."
SEC217416055769_C06,217416055769,6,2860,3491,"Hemolysin assays were performed using the rnjB deletion mutant strain transformed with plasmids encoding the wild-type RNase J2 and mutant enzymes. Among the RNase J2 mutants, RNase J2 H78A exhibits a significantly smaller zone of clearance, indicating reduced hemolysis ( Fig. D). This suggests that RNAIII, which encodes for δ hemolysin (hld), is present at lower levels in cells containing the RNase J2 H78A mutant enzyme ( Fig. S14). Albeit preliminary, this finding suggests that the activity of RNase J enzymes could have a direct bearing on the phenotypic switch between the persistent and virulent phenotypes of S. aureus."
SEC405980997604_C01,405980997604,1,0,756,"Impact of the protonation state of H80 on RNase J2 activity In general, nuclease mechanisms minimally rely on two amino acid residues at the active site-one for the activation of a nucleophile (deprotonation of water) while the other promotes the departure (protonation) of the leaving group. We note that RNase J2 activity decreases when the pH of the reaction mixture is less than six while it remains unaffected at pH 9 ( Fig. C). This observation is expected as low pH would influence the ability of a Lewis acid to accept electrons. There are no significant structural changes in RNase J2 in this pH range ( Fig. S3). As was evident from the activity assays, RNase J2 activity is governed by a histidine (H80) and glutamate (E166) at the active site."
SEC405980997604_C02,405980997604,2,623,1299,"As was evident from the activity assays, RNase J2 activity is governed by a histidine (H80) and glutamate (E166) at the active site. The protonation state of the imidazole ring of H80 was evaluated from high-resolution crystal structures. This computational analysis was performed using two crystal structures ( ca 1.1 Å resolution) of the H78A and the H144A mutant enzymes ( Table S1). In both these structures, H80 is doubly protonated. The active site histidines can be protonated at both nitrogen (Nε and Nδ) in RNase J2 H144A because it lacks a Mn ion. However, in the RNase J2 H78A mutant, where Mn is bound (albeit with lower occupancy), only H80 is doubly protonated."
SEC405980997604_C03,405980997604,3,1181,1629,"However, in the RNase J2 H78A mutant, where Mn is bound (albeit with lower occupancy), only H80 is doubly protonated. The double protonation state of H80 suggests that this residue is a better Lewis acid candidate among the four contenders- His76, His78, His80 and E166. The activity assays and the protonation state of H80 thus suggest that E166 could serve as a Lewis base whereas H80 would be the Lewis acid in the RNase J2 catalytic mechanism."
SEC156966351089_C01,156966351089,1,0,734,"Influence of the active site dynamics on RNase J2 activity The RT-FeDEx assay revealed an unanticipated finding that the mutation of H78 to alanine enhanced the catalytic activity of the enzyme ( Fig. B). From the crystal structure of wild-type RNase J2, we note that H78 coordinates the Mn B ion at the active site. A comparison between RNase J2 mutant structures suggests a plausible rationale for the enhanced activity of the RNase J2 H78A mutant. Electron density, modelled as Mn B, was observed in the case of both the H78A and H80A RNaseJ2 mutants. The presence of Mn at the active site was confirmed by an X-ray fluorescence emission scan and, subsequently, by the difference anomalous electron density map ( Figs. S4 and S5)."
SEC156966351089_C02,156966351089,2,555,1159,"The presence of Mn at the active site was confirmed by an X-ray fluorescence emission scan and, subsequently, by the difference anomalous electron density map ( Figs. S4 and S5). The lack of electron density corresponding to the Mn ion in the crystal structures of the other active site mutants (H76A, H144A, and E166A) suggested that these mutations led to a metal ion-free enzyme. Further, we note that H78 adopts different rotamers across multiple structures modelled in electron density maps using diffraction data collected at cryogenic temperature, whereas H76, H80, H144 or E166 do not ( Fig. A)."
SEC156966351089_C03,156966351089,3,938,1578,"Further, we note that H78 adopts different rotamers across multiple structures modelled in electron density maps using diffraction data collected at cryogenic temperature, whereas H76, H80, H144 or E166 do not ( Fig. A). The dynamics of the active site residues were also experimentally evaluated by ensemble models fitted into electron density calculated from a diffraction dataset recorded at room temperature using a wildtype RNase J2 crystal. Ensemble refinement is a combination of X-ray structure refinement with molecular dynamics. This procedure can generate multiple ensemble models that fit the experimental electron density map."
SEC156966351089_C04,156966351089,4,1477,2132,"This procedure can generate multiple ensemble models that fit the experimental electron density map. The diffraction data are affected by multiple sources of disorder arising from atomic vibrations, concerted motions of protein domains or inter-molecular lattice distortions. Ensemble models contain multiple structures that can simultaneously account for both anisotopic and anharmonic distributions. The Phenix ensemble refinement was used to generate the structure ensemble for RNase J2. The input structure in this case was a traditionally refined single-structure model. 17 structural models could be fitted into the electron density map ( Fig. S6)."
SEC156966351089_C05,156966351089,5,1968,2416,"The input structure in this case was a traditionally refined single-structure model. 17 structural models could be fitted into the electron density map ( Fig. S6). In this ensemble, H78 is amongst the most dynamic residues at the active site, a finding consistent with the different rotamers adopted by this residue in crystal structures determined at cryogenic temperature. The other residues, H76, H80, H144, and E166 are less dynamic ( Fig. B)."
SEC847833207934_C01,847833207934,1,0,785,"Multiple residues can serve as a Lewis acid or base in RNase J2 Phosphodiester bond cleavage can either involve a general acid-base catalysis or a metal ion-dependent catalytic mechanism. Given that Mn B likely played a structural role, we surmised that RNase J2 would adopt a general acid-base catalysis mechanism for nuclease activity. A local orbital analysis led to the identification of residues with the highest occupied molecular orbital (HOMO) and the lowest unoccupied molecular orbital (LUMO) ( Fig. A). Fig. C represents the HOMO localized around H76, H144, and E166. Theoretically, all three residues could thus serve as potential Lewis bases i.e. donate non-bonded electron pairs. Similarly, we note LUMO localized around His76, His78, His80, and E166 residues ( Fig. D)."
SEC847833207934_C02,847833207934,2,660,1112,"donate non-bonded electron pairs. Similarly, we note LUMO localized around His76, His78, His80, and E166 residues ( Fig. D). This finding suggests the possibility of multiple routes, and by extension, catalytic mechanisms that could compensate for the absence of Mn A. It is worth noting in this context that a similar orbital analysis in the case of RNase J1 could unambiguously locate functionally significant residues at the active site ( Fig. S7)."
SEC130787458012_C01,130787458012,1,0,710,"A structural role for the metal cofactor in RNase J2 QM/MM studies were performed to understand the charge distribution at the active site of two RNase J paralogs, RNase J1 and RNase J2. The electron density distribution of chemical bonds was classified using Bader’s quantum theory of atoms in molecules which aids in the identification of the bonding nature, stability, and reactivity in molecular systems. Briefly, in this approach the local curvature of electron density ρ(r) is inferred from the Hessian matrix of ρ(r) formed by nine second-order partial derivatives in three-dimensional space. The diagonalization of this matrix gives the second derivative of the Laplacian of electron density [EQ:EQ4]."
SEC130787458012_C02,130787458012,2,600,1324,"The diagonalization of this matrix gives the second derivative of the Laplacian of electron density [EQ:EQ4]. While [EQ:EQ5] > 0 suggests that the charges are locally depleted, [EQ:EQ6] <0 suggests that the charges are concentrated. A region with maximum electron density is referred to as a critical point. The critical points on residues interacting with the metal cofactor in RNase J2 revealed low electron density supported by a positive Laplacian of electron density, suggesting a metallic bond character ( Table 1). As expected, superposition of the two Staphylococcal RNase J paralogs, RNase J1 (PDB- 6K6S) and RNase J2 (PDB- 6K6W) showed that the metal ion M B is conserved in the two RNase J paralogues ( Fig. S1)."
SEC130787458012_C03,130787458012,3,1122,1905,"As expected, superposition of the two Staphylococcal RNase J paralogs, RNase J1 (PDB- 6K6S) and RNase J2 (PDB- 6K6W) showed that the metal ion M B is conserved in the two RNase J paralogues ( Fig. S1). A comparison of bond dissociation energies of the metal cofactor (Mn) in RNase J1 revealed that of the two metal ions, Mn B has a high bond dissociation energy, like that of the Mn B in RNase J2 ( Table 1). The high bond dissociation energy suggested that Mn B would have a significant influence on structural stability. Consistent with this hypothesis, we note a difference in the thermal stability of Mn-bound and apo RNase J2. Differential scanning calorimetry data suggests that the Mn-bound RNase J2 (Tm of 52 ° C) is more stable than apo RNase J2 (Tm of 48 ° C). ( Fig. S9)."
SEC25087411935_C01,25087411935,1,0,694,"The metal cofactor M B tethers interdomain movement in RNase J2 The superposition of the RNase J2 mutant structures revealed an interesting observation. Four out of five RNase J2 mutant structures (H76A, H78A, H144A, and E166A) had a 13° tilt between the β-lactamase and β-CASP domains when compared to the wild-type enzyme ( Fig. 5). However, the interdomain orientation in the case of the RNase J2 H80A is identical to the wild type. The H80A mutant also had electron density for the Mn ion (albeit lower occupancy than the wild type) at the active site. In the case of the RNase J2 H78A mutant enzyme, which is fivefold more active than the wild type, the occupancy of the bound Mn was 0.4."
SEC25087411935_C02,25087411935,2,557,1269,"In the case of the RNase J2 H78A mutant enzyme, which is fivefold more active than the wild type, the occupancy of the bound Mn was 0.4. We surmise that low metal ion occupancy results in domain reorientation, comparable to other RNase J2 mutants that lack the Mn ion. To evaluate if the altered interdomain orientations are also sampled by the wildtype RNase J2 enzyme, we examined the ensemble models fitted into the room temperature electron density maps ( Fig. A). A superposition of 17 models post-refinement is shown in Fig. S6. The ensemble models, however, revealed that the altered inter-domain orientations seen in the metal ion-free RNase J2 mutants are not sampled by the wild-type enzyme ( Fig. B)."
SEC25087411935_C03,25087411935,3,1092,1644,"The ensemble models, however, revealed that the altered inter-domain orientations seen in the metal ion-free RNase J2 mutants are not sampled by the wild-type enzyme ( Fig. B). The structural data thus reveals that Mn B at the active site plays the role of tethering the β-lactamase and β-CASP domains. This finding is consistent with the hypothesis of a structural role for the metal ion in RNase J2 suggested based on the high bond dissociation energy seen in the QM/MM calculations and the thermostability measurements on Mn bound and apo RNase J2."
SEC774279138809_C01,774279138809,1,0,723,"Catalytically important water molecules at the active site Water molecules, as nucleophiles, are critical for nuclease activity. High-resolution crystal structures of RNase J2 mutants allowed the modeling of water molecules in the experimental electron density maps ( Fig. 6, A–E). Superposing the active site of RNase J2 mutants on the wild-type enzyme revealed two conserved water molecules (W1 and W2) ( Fig. F). These water molecules are located near H80 and E166 at the active site. While W1 is approximately equidistant (4Å) from both residues, W2 is closer to H80 (3Å). The conservation of these water molecules at the active site suggested that one, or both, of these conserved waters could serve as a nucleophile."
SEC774279138809_C02,774279138809,2,577,1256,"The conservation of these water molecules at the active site suggested that one, or both, of these conserved waters could serve as a nucleophile. The position of one conserved water (W1) when the RNase J2 structure is superimposed with different substrate-bound structures of two metal ions containing RNase J homologs suggests that W1 could play a critical role in the reaction mechanism of RNase J2. It is worth noting in this context that W1 is positioned to interact with the scissile phosphate group in RNase J enzymes ( Fig. S8). The protonation state of H80 and the position of the conserved water thus suggest a mechanism in which E166 deprotonates the nucleophile (W1)."
SEC774279138809_C03,774279138809,3,1113,1745,The protonation state of H80 and the position of the conserved water thus suggest a mechanism in which E166 deprotonates the nucleophile (W1). The activated nucleophile is thus poised to attack the scissile phosphate of a substrate leading to the intermediate state. The leaving group can be subsequently protonated either by H80 or a water molecule-completing the reaction to release the product ( Fig. 7). A high-confidence AlphaFold three model of RNase J2 bound to an RNA substrate is consistent with these conclusions derived from the activity assays and crystal structures of the mutant RNase J2 enzymes ( Figs. S10 and S11).
SEC856607293620_C01,856607293620,1,0,720,"Discussion The two-metal ion mechanism for nuclease activity is the most widely accepted. This mechanism is appealing as it is generally applicable for diverse nucleases including ribozyme catalyzed RNA splicing-even in the absence of chemical groups with pKa near neutrality as general base or acid for a phosphoryl transfer reaction. The position of the metal ions dictates its functional role- M A is located closer to the nucleophile while M B is near the 3′ O leaving group separated by ca 4Å. As expected, water molecules at the active site are crucial while carboxylates on polar groups coordinate the metal ions and exclude the water molecule from M B. Thus, both metal ions play significant but distinct roles."
SEC856607293620_C02,856607293620,2,499,1218,"As expected, water molecules at the active site are crucial while carboxylates on polar groups coordinate the metal ions and exclude the water molecule from M B. Thus, both metal ions play significant but distinct roles. The identity of the metal cofactor in this context can also be rationalized in terms of the physico-chemical requirements. Mn, a transition element with less stringent coordination restraints, is associated with relaxed substrate specificity and rescue of defective enzymes. Mixed metal ions are particularly suited in this scenario. M A in this case drives the reaction by deprotonating the nucleophile (a water molecule). This hydrolytic reaction can also occur in the absence of a general base."
SEC856607293620_C03,856607293620,3,1054,1781,"M A in this case drives the reaction by deprotonating the nucleophile (a water molecule). This hydrolytic reaction can also occur in the absence of a general base. M B stabilizes the penta-covalent transition state and destabilizes the ground state of a scissile phosphate for cleavage. In the absence of M A, for example in the ββα-Me nucleases, a His residue serves as a general base to deprotonate and activate a nucleophilic water. Others, like the HUH nuclease, employ Tyr as the nucleophile to cleave DNA substrates. ββα-Me nucleases are catalytically highly efficient enzymes. On the other hand, the catalytic efficiency of RNase J2 is significantly lower than RNase J1, effectively condemning it as an inactive enzyme."
SEC856607293620_C04,856607293620,4,1638,2434,"On the other hand, the catalytic efficiency of RNase J2 is significantly lower than RNase J1, effectively condemning it as an inactive enzyme. Retaining the structural metal co-factor M B in RNase J2 appears to have different implication(s). While M B in the two-metal ion catalytic mechanism facilitates the departure of the leaving group, that role in RNase J2 is performed by H80. M B, in RNase J2, stabilizes the overall structure. Indeed, removal of this metal cofactor alters domain orientation. That said, a single metal can contribute either directly or indirectly to catalysis. In the case of RNase J2, where M B plays a structural role, it is likely that substrate binding could potentially alter the active site enabling direct interactions of the substrate with the metal ion ( Figs."
SEC856607293620_C05,856607293620,5,2225,2846,"In the case of RNase J2, where M B plays a structural role, it is likely that substrate binding could potentially alter the active site enabling direct interactions of the substrate with the metal ion ( Figs. S10 and S11). It is worth noting in this context that recent studies on the nuclease EndoV and I-PpO-I suggested different roles for the single metal ion at the active site. EndoV utilizes a Mg ion for substrate stabilization through indirect interaction facilitated by a water molecule. In the case of I-PpO-I, the Mg ion directly coordinates with the substrate and helps in the departure of the leaving group."
SEC856607293620_C06,856607293620,6,2722,3454,"In the case of I-PpO-I, the Mg ion directly coordinates with the substrate and helps in the departure of the leaving group. The finding that the role of the metal ion in RNase J2 is more towards overall structural integrity than the reaction mechanism per se thus suggests a different reaction mechanism than that proposed for other single metal ion containing nucleases. Weak metal cofactor binding, as in the case of the H78A mutant, was seen to enhance enzymatic activity suggesting that conformational flexibility could be a factor in dictating the activity levels of RNase J enzymes. Interestingly, RNase J2 H78A, despite having a bound Mn ion (albeit low occupancy), shows interdomain reorientation like that of apo RNase J2."
SEC856607293620_C07,856607293620,7,3311,4074,"Interestingly, RNase J2 H78A, despite having a bound Mn ion (albeit low occupancy), shows interdomain reorientation like that of apo RNase J2. This appears plausible as of all the active site residues, the H78-Mn pair has the lowest bond dissociation energy ( Table 1). Furthermore, the structures of active site mutants suggest that alternate rotamer preferences of all active site residues (except H78) are limited. This aspect could also be noted from the ensemble models fitted into the electron density map of diffraction data collected at room temperature. Overall, in these ensemble models, only the loop regions at the interface of the β-lactamase and β-CASP domains show significant variation and at the active site, H78 is the most dynamic. ( Fig. S6)."
SEC856607293620_C08,856607293620,8,3874,4543,"Overall, in these ensemble models, only the loop regions at the interface of the β-lactamase and β-CASP domains show significant variation and at the active site, H78 is the most dynamic. ( Fig. S6). It thus appears likely that mutation of this residue to Ala removes a steric deterrent leading to higher catalytic activity in the case of the RNase J2 H78A mutant. Even otherwise, we note multiple factors that could pre-dispose wild-type RNase J2 to be a sluggish enzyme when compared to RNase J1. First, the site of substrate entry in RNase J2 is negatively charged, limiting substrate recruitment ( Fig. S12). Second, the relative orientation of catalytic residues."
SEC856607293620_C09,856607293620,9,4373,5126,"First, the site of substrate entry in RNase J2 is negatively charged, limiting substrate recruitment ( Fig. S12). Second, the relative orientation of catalytic residues. For example, superposing the substrate-bound structure of RNase J (PDB - 4XWW) on RNase J2, the orientation of Lewis acid (H80), scissile phosphate, and Lewis base (E166) in RNase J2 is different ( Fig. S12). Finally, in RNase J2, HOMO, and LUMO are localized around several active site residues suggesting the possible involvement of multiple residues in catalysis. Indeed, the structural and biochemical data strongly support the hypothesis that RNase J2 is not really a one-metal cofactor nuclease in the sense that the metal ion does not have a direct role in nuclease activity."
SEC856607293620_C10,856607293620,10,4910,5580,"Indeed, the structural and biochemical data strongly support the hypothesis that RNase J2 is not really a one-metal cofactor nuclease in the sense that the metal ion does not have a direct role in nuclease activity. This is significantly different from the more catalytically active paralog, RNase J1 ( Fig. S7). From a functional perspective, it is interesting to note that RNase J2 plays a critical role in the CRISPR-Cas mechanism. RNase J1, on the other hand, is an important player in RNA turnover in S. aureus. Differences in the reaction mechanisms and catalytic activity levels thus appear to dictate the functional roles for the two S. aureus RNase J paralogs."
SEC807885011545_C01,807885011545,1,0,6,Method
SEC215315772531_C01,215315772531,1,0,727,"Protein purification and crystallization Mutations were introduced into the rnjB gene using primers compiled in Table S2. The plasmid (pETDuet1) containing the gene of interest was transformed into Escherichia coli BL21 star (DE3) expression strain. The E. coli cultures were grown at 37 °C and induced with 0.3 mM of Isopropyl-D-1-thiogalactopyranoside (IPTG) at an OD 600nm of 0.5 to 0.6. The cells were harvested by centrifugation at 4000 rpm, 4 °C. The pellet was resuspended in lysis buffer (25 mM Tris pH 8.0, 600 mM NaCl, 10% Glycerol, 2 mM β-mercaptoethanol, containing 2 mM Phenylmethylsulfonyl fluoride). The protein was subsequently stepwise eluted at varying concentrations of imidazole (maximum 500 mM imidazole)."
SEC215315772531_C02,215315772531,2,615,1388,"The protein was subsequently stepwise eluted at varying concentrations of imidazole (maximum 500 mM imidazole). The eluted protein was subjected to another round of purification by passing through a Hi-prep 16/60 Sephacryl S-200 column (GE Healthcare). The protein was finally stored in 25 mM Tris-HCl pH-8.0, 250 mM NaCl, 10% Glycerol, and 2 mM β-mercaptoethanol. Crystallization of mutant RNase J2 enzymes was performed using the micro-batch method at 20 °C. Trial grids for crystallization were set up around the condition containing 100 mM trisodium citrate pH-5.6, 20% isopropanol, and 20% polyethylene glycol 4000. 40% formamide was used as an additive in the crystallization drop. The volumetric ratio of protein (8–10 mg/ml), precipitant, and additive was 2:2:0.4."
SEC781551422954_C01,781551422954,1,0,800,"Data collection and structure determination Diffraction data reported here were recorded both at the home source and at the XRD2 beamline of the Elettra Sincrotrone ( Table S4). The in-house X-ray source for recording diffraction data was a Rigaku FRE Cu K-alpha (1.54Å) X Ray generator equipped with a Rigaku-IV++ Axis detector ( Rigaku Holdings Co). Diffraction images were indexed and integrated using iMosflm and scaled using SCALA. PHASER-MR (molecular replacement) was used to obtain phase information using Staphylococcus epidermidis RNase J2 wild type (PDB: 6K6W) as a search model. The model was subsequently built using coot and refined using REFMAC and/or Phenix. In the case of data recorded at room temperature, crystals were mounted in glass capillaries (Hampton Inc) with sealed ends."
SEC781551422954_C02,781551422954,2,675,1082,"In the case of data recorded at room temperature, crystals were mounted in glass capillaries (Hampton Inc) with sealed ends. The capillary containing a single crystal was subjected to X-ray diffraction at the home source. Ensemble refinement was performed using Phenix. Illustration of the structures were prepared using Pymol (The PyMOL Molecular Graphics System, Version 3. Schrödinger, LLC) and Chimera."
SEC560981650916_C01,560981650916,1,0,771,"Estimation of the protonation state of histidine from high-resolution crystal structures A detailed procedure for the estimation of protonation state from crystal structures is described in Banerjee et al. 2022. Briefly, high-resolution structures were refined using REFMAC5, where restraints for histidine residues were removed. By default, REFMAC5 always considers both nitrogens of the histidine ring to be protonated; therefore, it was necessary to remove these restraints for the histidine residues. Four stereochemical parameters of the histidine imidazole ring were used to determine its protonation state as described. The stereochemical parameters are bond lengths Cε1- Nε2(X1Å), Nδ1-Cε1(X2Å) and the endocyclic angles -Nδ1- (X3 degrees) and -Nε2- (X4 degrees)."
SEC560981650916_C02,560981650916,2,627,1202,"The stereochemical parameters are bond lengths Cε1- Nε2(X1Å), Nδ1-Cε1(X2Å) and the endocyclic angles -Nδ1- (X3 degrees) and -Nε2- (X4 degrees). Based on these parameters, the following functions were derived- his1 = −37.31X1 + 15.57X2–0.64X3 + 0.76X4 + 17.30 his2 = −2.16X1–6.08X2 + 0.56X3 + 0.42X4–94. A negative his1 value suggests that the Nδ1 group is protonated. In the case of a positive value of Nδ1, the his2 value is calculated. A negative his2 value suggests that only the Nε2 atom is protonated. Both N atoms are protonated when his1 and his2 values are positive."
SEC90872380033_C01,90872380033,1,0,766,"RT-FeDEx assay for RNase J2 and its mutants RT-FeDEx assays for RNase J2 and its mutants were performed as mentioned as described earlier. A 30 nt long RNA labeled at the 3′ end with a fluorophore group FAM (6-Carboxyfluorescein) (5′ ACUCACUCACUCAGGUUUUUUUAAUUAUCC 3′) was synthesized. It was hybridized to a synthesized 17 nt long DNA labeled at the 5′ end with a quencher molecule TAM (Carboxytetramethylrhodamine) (3′ CCAAAAAAATTAATAGG 5′). The annealing of the two strands was performed in a buffer containing 10 mM TRIS pH 7.5, 50 mM NaCl, and 50 mM KCl at 55 °C with a gradual decrease in the temperature over the period of 45 min. The assay was performed using a thermal cycler (RT-PCR machine). The annealed substrate was incubated with the enzyme at 30 °C."
SEC90872380033_C02,90872380033,2,638,1156,"The assay was performed using a thermal cycler (RT-PCR machine). The annealed substrate was incubated with the enzyme at 30 °C. The assay was performed in a buffer containing 30 mM TRIS pH7.5, 100 mM NaCl and 100 mM KCl. The reaction mixture consisted of 1 μM of enzyme and 0.5 μM of substrate in 20 μl of volume. The activity of RNase J2 at different pH was estimated using the same approach but in a different buffer system with 30 mM Bis-Tris propane (pH5.5, pH6, pH6.5, pH7.5 and pH9), 100 mM NaCl and 100 mM KCl."
SEC159573015517_C01,159573015517,1,0,720,"Cloning of rnjB mutants for transformation in a rnjB deletion strain S. aureus strains PR (WT) and PR01 to 04 ( ΔrnjB) were generous gifts from Dr P. Redder. Different rnjB mutants were cloned into an E. coli - S. aureus shuttle vector, pRMC2. The vector backbone was modified by introducing a rbs (ribosome binding site). PR01 to 04 ( ΔrnjB) electrocompetent cells were prepared as described by Löfblom and colleagues. The plasmid DNA containing different rnjB mutants was electroporated into competent S. aureus cells. The cells were revived in TSB (tryptic soy broth) media containing 500 mM of sucrose at 37 °C for 3 hours. After incubation the cells were plated on TSB plate containing 10 μg/ml of chloramphenicol."
SEC240239015845_C01,240239015845,1,0,667,"Hemolysis assay A single colony of different constructs were inoculated in TSB media containing 30 μg/ml of chloramphenicol and were incubated at 37 °C overnight. 1% (v/v) of the overnight culture was added to fresh TSB containing 30 μg/ml chloramphenicol. At an OD 600 of 0.5, the secondary cultures were induced with 1 μg/ml of AHT (anhydrotetracycline) followed by incubation at 37 °C for 9 hours. Post induction, the OD 600 of each culture was measured and normalized. 2 μl of each culture having the same OD 600 was spotted onto sheep blood agar plate (Himedia). The plate was incubated at 37 °C for 24 hours followed by incubation at 4 °C for another 24 hours."
SEC240239015845_C02,240239015845,2,473,823,2 μl of each culture having the same OD 600 was spotted onto sheep blood agar plate (Himedia). The plate was incubated at 37 °C for 24 hours followed by incubation at 4 °C for another 24 hours. Images were taken using Olympus SZ61 stereomicroscope and the zone was clearance (difference between outer and inner diameter) was quantified using ImageJ.
SEC498553672094_C01,498553672094,1,0,750,"Bacterial RNA isolation and relative expression of genes by RT-qPCR Total RNA was isolated from different rnjB mutants induced cultures. The culture pellet was resuspended in 400 μl of lysis buffer (30 mM TRIS pH 8.0, 1 mM EDTA, 0.2 mg/ml lysostaphin, 0.2 mg/ml proteinase K, 0.1 mg/ml lysozyme) followed by incubation at 37 °C for 30 min. Subsequently, RNeasy mini kit (Qiagen) was used for further processing of the samples as per manufacturer protocol. The RNA yield was quantified using a NanoDrop spectrophotometer (Thermo Scientific). 1 μg of RNA was used for cDNA conversion using QuantiTect Reverse Transcriptase kit (Qiagen). Real time quantitative PCR (RT-qPCR) was carried out in iQ5 cycler (Bio-Rad) to estimate the relative gene levels."
SEC498553672094_C02,498553672094,2,635,990,"Real time quantitative PCR (RT-qPCR) was carried out in iQ5 cycler (Bio-Rad) to estimate the relative gene levels. The reaction mix consists of SYBR green mix, cDNA and corresponding primers. Relative transcripts levels were calculated with the ΔΔCt method using 16S rRNA was used as internal control. The primers used for RT-qPCR are listed in Table S3."
SEC742462820779_C01,742462820779,1,0,45,Quantum mechanics/molecular mechanics (QM/MM)
SEC982013002999_C01,982013002999,1,0,474,"Input files The structures of RNase J1 (PDB: 6K6S) and RNase J2 (PDB: 6K6W) paralogs were prepared using a protein preparation wizard by adding hydrogens, bond orders, and disulfide bonds to the protein structure. Missing residues and loops were added to the structure with the help of the prime routine. The protonation state of all titratable residues was modified using PropKa at neutral pH. The structure was subsequently energy minimized using the OPLS2005 forcefield."
SEC702379460253_C01,702379460253,1,0,731,"MD simulations MD simulations were performed for enzymes with the bound metal cofactors using AMBER20. As the enzyme was coordinated with Mn as a metal cofactor, MCPB.Py a Python-based metal parameter builder was used. This builder employs a bonded model approach to generate a forcefield for the metal center of the enzyme. The structure of both enzymes was immersed in an orthorhombic water box of 12 Å using the TIP3P water model. The solvated system was neutralized by adding seven and 5 Na ions in the case of RNase J1 and J2, respectively. For long-range electrostatic interactions, the particle mesh Ewald method was employed with a cut-off value of 12 Å. Two-step minimization was performed to remove unfavorable contacts."
SEC702379460253_C02,702379460253,2,546,1342,"For long-range electrostatic interactions, the particle mesh Ewald method was employed with a cut-off value of 12 Å. Two-step minimization was performed to remove unfavorable contacts. The first step was partial minimization with restraints while these were removed in the second minimization step. Each minimization was performed using the steepest descent method for 5000 steps followed by another 5000 steps using the conjugate gradient method. Further, the Langevin thermostat was used to gradually heat the system from 0 to 300 K at a constant volume of 500 ps. Production dynamics were carried out using NPT ensemble for the period of 50 ns each, and for every 2 fs trajectories were recorded. The SHAKE algorithm was utilized during the simulation to retain hydrogen bonding interactions."
SEC702379460253_C03,702379460253,3,1113,1493,"Production dynamics were carried out using NPT ensemble for the period of 50 ns each, and for every 2 fs trajectories were recorded. The SHAKE algorithm was utilized during the simulation to retain hydrogen bonding interactions. The conformer after 50 ns MD simulations (in the case of both RNase J paralogs) was taken as the initial structure for QM/MM minimization ( Fig. S13)."
SEC316472860159_C01,316472860159,1,0,798,"QM/MM minimization For both paralogs, the QM/MM minimization was performed using AMBER20 with Gaussian16 as an interface for 1000 steps; in which the first 500 steps were performed using the steepest descent method followed by the conjugate gradient method. The QM region of RNase J1 consists of two Mn ions along with the coordinating residues (His74, His76, Asp78, His79, His142, Asp164 and His390) while the rest of the enzyme is considered as MM region. For RNase J2, the QM region consists of His76, His78, His80, His144 and Glu166 along with the Mn cofactor. For both paralogs the QM cutoff value was fixed at 12 Å. The electrostatic embedding scheme has been employed to describe the charges between QM and MM atoms and the link atom approach has been applied for QM and MM interface atoms."
SEC316472860159_C02,316472860159,2,622,1376,"The electrostatic embedding scheme has been employed to describe the charges between QM and MM atoms and the link atom approach has been applied for QM and MM interface atoms. The QM calculations were performed using Density functional theory B3LYP method employing a 6 to 311G∗∗ basis set. The MM region on the other hand employed the AMBERff19SB forcefield. During minimization, the Shake algorithm was not introduced. The particle mesh Ewald method was used to define long-range electrostatics. Further, from the last snapshot of QM/MM minimization, for the QM region residues, single point energy calculations were performed using Gaussian16, and the wavefunction obtained was used for further charge density and electrostatic property calculations."
SEC525317127769_C01,525317127769,1,0,246,"Data availability The data produced by this study are available in this article and in the supporting information. The atomic coordinates and structure factors (8YYF, 8YYG, 8YYJ, 8YYH, 8YYI and 8YYK) have been deposited in the Protein Data Bank."
SEC425074499847_C01,425074499847,1,0,69,Supporting information This article contains supporting information.
SEC907496691208_C01,907496691208,1,0,116,Conflict of interest The authors declare that they have no conflicts of interest with the contents of this article.
SEC742268530401_C01,742268530401,1,0,671,"Abstract SignificanceHomo-oligomeric proteins are ubiquitous in biology, and their function is often regulated by ligands that bind cooperatively, via poorly understood mechanisms. Aha TRAP is a bacterial protein that assembles into dodecameric rings and is responsible for sensing changes in cellular tryptophan concentration, and for downregulating its production when levels are elevated. By fusing two subunits via a flexible linker, we assembled protein rings in which every other of its twelve ligand binding sites could be altered. Monitoring ligand binding by native mass spectrometry revealed that disabling every other site disrupts cooperative ligand binding."
SEC742268530401_C02,742268530401,2,539,815,Monitoring ligand binding by native mass spectrometry revealed that disabling every other site disrupts cooperative ligand binding. Cryo-EM of these engineered proteins revealed how ligand binding events alter the structure of neighboring sites to enable cooperative binding.
SEC524415675240_C01,524415675240,1,0,22,Results and Discussion
SEC520188408711_C01,520188408711,1,0,650,"Engineered Linked TRAP Dimers (dTRAP) Enable Control Over Nearest-Neighbor Configurations. To manipulate the NN effect in TRAP, we engineered pairs of tandemly linked Aha TRAP subunits fused with flexible linkers, here termed dTRAP ( Fig. 2). Because Trp binds between adjacent protomers, in dTRAP one of the Trp binding sites lies at the interface connected by the linker, while the other binding site is between linked dimers. By introducing mutations to disable Trp binding on either the N- or C-terminal protomer, only every other site would be competent for Trp binding, and the potential for NN interaction would be eliminated ( Fig. B and C)."
SEC520188408711_C02,520188408711,2,429,1208,"By introducing mutations to disable Trp binding on either the N- or C-terminal protomer, only every other site would be competent for Trp binding, and the potential for NN interaction would be eliminated ( Fig. B and C). In the crystal structure of Aha TRAP, the side chain hydroxyls of Thr49 and Thr52 from the DE loop of each protomer are observed to hydrogen bond with one of the carboxyl oxygens of the bound Trp ligand. Mutation to Ala of both of these residues, T49A/T52A, is expected to strongly weaken Trp binding to that site. To avoid perturbing the structure and thermodynamics of Trp binding by TRAP, we experimented with three different linker lengths for fusing C- to N-terminus two Aha TRAP protomers with flexible Gly-Ser linkers (GGGS, GGGSGGG, and GGGGSGGGGS)."
SEC520188408711_C03,520188408711,3,965,1610,"To avoid perturbing the structure and thermodynamics of Trp binding by TRAP, we experimented with three different linker lengths for fusing C- to N-terminus two Aha TRAP protomers with flexible Gly-Ser linkers (GGGS, GGGSGGG, and GGGGSGGGGS). We then evaluated the resulting fusion proteins in terms of recombinant expression yield, in vitro solubility, and Trp- and RNA-binding capabilities ( SI Appendix, Fig. S2). Based on those criteria, and guided in part by loop modeling with Rosetta and AlphaFold2 ( Fig. 2, SI Appendix, Fig. S3), we selected for biochemical characterization a fusion construct with the 10-residue linker (Gly 4 Ser) 2."
SEC726062963002_C01,726062963002,1,0,731,"Aha dTRAP Retains Native Oligomeric Structure and Strong Cooperativity in Trp Binding. By several measures, linking together two WT protomers with the (G 4 S) 2 linker did not significantly disrupt the structural integrity of the protein ring, or its ligand binding capacity. Two-dimensional 1 H- 15 N-correlated NMR spectra were recorded for both the ligand-free apo and ligand-saturated holo states of both Aha TRAP and dTRAP ( Fig. A). Aha TRAP protomers comprise 76 amino acids and both apo and holo spectra feature the number of signals expected for a single chain, indicating that the protein exhibits C12 cyclic symmetry. Although additional signals are expected from the linker and C-terminal protease site in dTRAP ( Fig."
SEC726062963002_C02,726062963002,2,629,1379,"Although additional signals are expected from the linker and C-terminal protease site in dTRAP ( Fig. 2), most signals superposed well in both apo and holo states, indicating that introduction of the linker does not perturb the overall structure of the protein; broader signals in the spectrum of apo dTRAP suggest some weak aggregation under the NMR conditions. Circular dichroism (CD) spectrum of TRAP is sensitive to Trp binding, and similarity of the Trp-dependent CD spectra indicates that the linked protein dTRAP binds Trp similarly to the WT protein, with similar apparent dissociation constants ( Fig. B). ITC data also showed that these two proteins share similar biphasic trends, indicative of cooperative binding ( SI Appendix, Fig. S4)."
SEC726062963002_C03,726062963002,3,1244,1883,"ITC data also showed that these two proteins share similar biphasic trends, indicative of cooperative binding ( SI Appendix, Fig. S4). We have found nMS to be particularly useful for quantifying cooperativity in TRAP and those spectra revealed similar strong cooperativity in dTRAP compared to TRAP ( Fig. D). Native mass spectra of both proteins recorded in the absence of Trp yielded a dominant set of signals corresponding to the mass of the oligomeric apo proteins (TRAP: Da expected, observed; dTRAP: Da expected, observed). MS signals from dTRAP were broader than those of WT TRAP 12, reflecting a higher degree of adduct formation."
SEC726062963002_C04,726062963002,4,1774,2441,"MS signals from dTRAP were broader than those of WT TRAP 12, reflecting a higher degree of adduct formation. Differences between expected and measured masses are likely the result of attempts to use cool MS tuning to avoid restructuring of the complex and associated adducting with salts and solvents, in addition to uncertainty in the specific charging species; i.e., H +, Na +, K +. While nonspecific ligand binding is sometimes observed in nMS experiments, the absence of signals attributable to superstoichiometric Trp:site complexes, and insensitivity of the spectra to low activation energy indicated that a correction for nonspecific binding is not necessary."
SEC726062963002_C05,726062963002,5,2159,2882,"While nonspecific ligand binding is sometimes observed in nMS experiments, the absence of signals attributable to superstoichiometric Trp:site complexes, and insensitivity of the spectra to low activation energy indicated that a correction for nonspecific binding is not necessary. Across a range of Trp concentrations, nMS signals from the apo and fully loaded holo states (dTRAP with 12 bound Trp, expected: Da, observed: Da; TRAP with 12 bound Trp: Da expected, observed) dominated both sets of spectra ( Fig. C and D). Depletion of partially loaded states of the oligomer is a defining feature of positive cooperativity, indicating that both TRAP and dTRAP exhibit strong positive cooperativity under those conditions."
SEC726062963002_C06,726062963002,6,2682,3269,"Depletion of partially loaded states of the oligomer is a defining feature of positive cooperativity, indicating that both TRAP and dTRAP exhibit strong positive cooperativity under those conditions. Populations of Trp n -TRAP 12 states obtained from the nMS peak heights were fit with the NN binding model using the standard deviation from three replicates as an estimate of precision. Best fit parameters to the NN models yielded for Aha TRAP a NN cooperativity strength α = 256 ± 87 and for dTRAP α = 123 ± 5; intrinsic affinities K 0 were 720 ± 140 µM and 240 ± 90 µM, respectively."
SEC34491351548_C01,34491351548,1,0,696,"Eliminating NN Interactions Impairs Trp Binding. To produce dTRAP variants incapable of NN interactions, dual T49A/T52A mutations were introduced either on the N-terminal or C-terminal protomer ( Fig. 2) to generate Mut-WT or WT-Mut dTRAP proteins, or at both sites to generate a Mut-Mut dTRAP variant. We expressed and purified each of these dTRAP variants and performed preliminary characterization. Each protein construct eluted from a size exclusion column with the apparent molecular weight (MW) expected of a TRAP dodecamer (here with six linked dTRAP). Heteronuclear NMR spectra of WT-WT, WT-Mut, and Mut-WT dTRAP were highly congruent in the absence of Trp ( Fig. A and SI Appendix, Fig."
SEC34491351548_C02,34491351548,2,560,1332,"Heteronuclear NMR spectra of WT-WT, WT-Mut, and Mut-WT dTRAP were highly congruent in the absence of Trp ( Fig. A and SI Appendix, Fig. S5), indicating highly similar structures; poor expression and solubility of the Mut-Mut variant precluded it from NMR analysis. The 2D NMR spectra of WT-WT dTRAP recorded in the presence of excess Trp showed large chemical shift perturbations, consistent with Trp binding and induced structural changes. By contrast, spectra of WT-Mut and Mut-WT dTRAP were largely unperturbed under equivalent Trp concentrations indicating a Trp binding defect. The Mut-WT variant failed to bind Trp as assayed by other metrics ( SI Appendix, Fig. S5), suggesting that the location of the interprotomer linker does affect Trp binding in this context."
SEC34491351548_C03,34491351548,3,1229,2027,"S5), suggesting that the location of the interprotomer linker does affect Trp binding in this context. Nevertheless, without identifying the cause of that effect, we proceeded with thermodynamic analysis of two other mutants, WT-Mut dTRAP, which, when assembled into rings, should be capable of Trp binding at every other site, and the Mut-Mut construct, which lacks native Trp binding sites ( Fig. B – D). dTRAP variants remain functional in Trp-activated RNA binding. To test for unintended consequences from introduction of the linker and Thr/Ala mutations, we examined Trp-dependent RNA binding by dTRAP variants to (GAGUU) 11 RNA repeats with a filter binding assay ( Fig. B). In the presence of a high excess of Trp (1 mM), WT-WT, WT-Mut, and Mut-WT dTRAP each exhibits RNA binding capacity."
SEC34491351548_C04,34491351548,4,1911,2671,"In the presence of a high excess of Trp (1 mM), WT-WT, WT-Mut, and Mut-WT dTRAP each exhibits RNA binding capacity. Expected differences in Trp-dependent RNA binding could not be discerned under the conditions of these experiments, with each variant showing similar affinities to that exhibited by the WT protein ( K D,app = 20 ± 5 nM). Interestingly, although as mentioned above, Mut-WT dTRAP failed to bind Trp on its own, it does exhibit Trp-dependent RNA binding with a similar apparent affinity ( SI Appendix, Fig. S6). These results indicate that the (G 4 S) 2 linker is not strongly perturbing of dTRAP structure and ligand binding. In addition, the Thr/Ala mutations at every other site do not significantly diminish the protein’s ability to bind RNA."
SEC34491351548_C05,34491351548,5,2551,3077,"In addition, the Thr/Ala mutations at every other site do not significantly diminish the protein’s ability to bind RNA. Conversely, dTRAP Mut-Mut appears incapable of RNA binding, presumably due to its inability to bind Trp ( Fig. B). One hallmark of cooperative ligand binding is biphasic thermograms in ITC experiments. ITC measurement of Trp titrations reveals a biphasic thermograms for dTRAP consistent with cooperative Trp binding and an apparent maximal enthalpy change of −13 kcal/mol ( Fig. C, SI Appendix, Fig. S7)."
SEC34491351548_C06,34491351548,6,2873,3636,"ITC measurement of Trp titrations reveals a biphasic thermograms for dTRAP consistent with cooperative Trp binding and an apparent maximal enthalpy change of −13 kcal/mol ( Fig. C, SI Appendix, Fig. S7). Under comparable binding site concentrations of WT-Mut dTRAP (~ twice to account for WT binding sites per chain), the thermograms for titrating Trp into WT-Mut and Mut-Mut, exhibit a smaller binding ΔH of −4 kcal/mol and reduced biphasic character, whereas no measurable heat of binding was detected at that protein concentration for Mut-Mut dTRAP. Although the biphasic character of the thermograms was much reduced, they were reproducibly biphasic, indicating that despite deficient Trp binding to Mut sites, WT-Mut dTRAP retains some modest cooperativity."
SEC34491351548_C07,34491351548,7,3426,4221,"Although the biphasic character of the thermograms was much reduced, they were reproducibly biphasic, indicating that despite deficient Trp binding to Mut sites, WT-Mut dTRAP retains some modest cooperativity. Nevertheless, these data are consistent with a dominant role of NN contributions on cooperativity and overall Trp binding affinity. Because nMS can better describe the distribution of Trp–TRAP states than can other bulk measures of ligand binding, we used nMS to compare Trp binding to dTRAP and WT-Mut dTRAP ( Fig. D and SI Appendix, Fig. S8). Under conditions of approximately half maximal saturation for dTRAP at 12 µM binding sites, the mass spectrum is dominated by signals from the Trp-free apo protein and from the fully Trp-loaded holo dTRAP ring (expected: Da, observed: Da)."
SEC34491351548_C08,34491351548,8,3981,4656,"Under conditions of approximately half maximal saturation for dTRAP at 12 µM binding sites, the mass spectrum is dominated by signals from the Trp-free apo protein and from the fully Trp-loaded holo dTRAP ring (expected: Da, observed: Da). By comparison, WT-Mut dTRAP exhibits a strong Trp binding defect. In the absence of Trp, we observe the expected major signal corresponding to the apo WT-Mut oligomer ( Da expected, Da observed), while in the presence of a 10-fold excess of Trp (12 µM WT sites, 128 µM Trp), not only are the fully Trp-loaded rings a minor species, but intermediate species are much more populated, resembling a statistical gaussian-like distribution."
SEC34491351548_C09,34491351548,9,4287,5055,"In the absence of Trp, we observe the expected major signal corresponding to the apo WT-Mut oligomer ( Da expected, Da observed), while in the presence of a 10-fold excess of Trp (12 µM WT sites, 128 µM Trp), not only are the fully Trp-loaded rings a minor species, but intermediate species are much more populated, resembling a statistical gaussian-like distribution. Nevertheless, the population distribution of WT-Mut dTRAP rings with zero to six bound Trp was poorly fit with a noncooperative, independent sites model, yielding nonrandom residuals ( SI Appendix, Fig. S10). Fitting the WT-Mut dTRAP populations using the NN cooperative model yielded small, near-random residuals and best fit values of 873 ± 90 µM and 5 ± 1 for K 0 and the cooperativity factor α."
SEC34491351548_C10,34491351548,10,4865,5503,"Fitting the WT-Mut dTRAP populations using the NN cooperative model yielded small, near-random residuals and best fit values of 873 ± 90 µM and 5 ± 1 for K 0 and the cooperativity factor α. Thus, cooperativity in WT-Mut dTRAP is down by a factor of ~25 compared to that of WT-WT dTRAP (α = 123). These data support a model in which the strong cooperativity observed in dTRAP arises from favorable cooperative interactions between adjacent binding sites. It also suggests that differences in the structural features of Trp-loaded oligomers composed of dTRAP and WT-Mut dTRAP may reveal insights into the basis for this cooperative effect."
SEC974641333579_C01,974641333579,1,0,755,"Cryo-EM Single Particle Reconstruction of dTRAP WT-WT and WT-Mut Constructs. Availability of WT-Mut dTRAP, with alternating binding-competent and -impaired sites provides an opportunity to discern the structural basis for the observed nearest-neighbor cooperativity. We sought to obtain these insights by comparing cryo-EM maps from dTRAP in the absence and presence of Trp, and of WT-Mut dTRAP in the presence of Trp; these samples are expected to exhibit characteristics corresponding to the ligand-free apo protein, the fully liganded holo protein, and an intermediate in which every other site is occupied. Cryo-EM grids of dTRAP and its variants yielded well-defined particles with a good distribution of orientations ( SI Appendix, Figs. S 11–S13)."
SEC974641333579_C02,974641333579,2,611,1284,"Cryo-EM grids of dTRAP and its variants yielded well-defined particles with a good distribution of orientations ( SI Appendix, Figs. S 11–S13). Single-particle reconstructions of the Cryo-EM data with application of overall six-fold symmetry resulted in distinct electron potential maps for the three samples ( Fig. 5); although each of the unsymmetrized maps yielded slightly higher scores for C12 symmetry, because of the linkers C6 refinement was applied during map and model refinement. Local resolution differences reveal a progressive increase in order from the unbound apo dTRAP protein, to the partially bound WT-Mut protein and finally the fully bound holo dTRAP."
SEC974641333579_C03,974641333579,3,1102,1807,"Local resolution differences reveal a progressive increase in order from the unbound apo dTRAP protein, to the partially bound WT-Mut protein and finally the fully bound holo dTRAP. Application of six-fold symmetry is justified by the linker connecting the two protomers in dTRAP, reducing overall symmetry from twelve-fold in TRAP to six-fold in dTRAP. Nevertheless, potential map refinement using C1 symmetry resulted in maps with distinct but low overall resolution, as well as visually inequivalent maps for alternating sites in Trp-loaded WT-Mut dTRAP ( SI Appendix, Figs. S14–S16); imposition of C6 symmetry following homogeneous C1 refinement increased the WT-Mut map resolution from 5.3 to 4.4 Å."
SEC974641333579_C04,974641333579,4,1680,2478,"S14–S16); imposition of C6 symmetry following homogeneous C1 refinement increased the WT-Mut map resolution from 5.3 to 4.4 Å. Use of these C6-refined maps in particle reclassification, followed by two more rounds of homogenous and nonhomogeneous refinement resulted in a map with a resolution of 4.1 Å for WT-Mut dTRAP. Similar workflows for apo and holo dTRAP yielded maps with a global resolution of 4.2 Å and 3.6 Å, respectively (gold standard FSC cutoff of 0.143; Fig. 5, SI Appendix, Figs. S11–S13 and Table S1). The ring shape of dTRAP oligomers is clearly established by the density maps, and the highest local resolution is obtained for the β-strands forming the base and the core of each ring. The lowest local resolution is observed for regions that correspond to the Trp binding loops."
SEC974641333579_C05,974641333579,5,2199,2987,"The ring shape of dTRAP oligomers is clearly established by the density maps, and the highest local resolution is obtained for the β-strands forming the base and the core of each ring. The lowest local resolution is observed for regions that correspond to the Trp binding loops. No density could be assigned to the flexible linker connecting the two TRAP protomers. The C6-refined potential maps are consistent with ligand-dependent local ordering. For the holo protein, maps corresponding to adjacent binding sites were highly congruent despite C6 refinement ( Figs. 5, 6 and SI Appendix, Fig. S13). This finding is consistent with the similarity in the NMR spectra of Trp-loaded TRAP and dTRAP ( Fig. A), which indicates that the Trp-bound sites are isomorphous in the Trp-bound state."
SEC974641333579_C06,974641333579,6,2800,3535,"This finding is consistent with the similarity in the NMR spectra of Trp-loaded TRAP and dTRAP ( Fig. A), which indicates that the Trp-bound sites are isomorphous in the Trp-bound state. Similarity between the NMR spectra of TRAP and dTRAP in the absence of Trp ( Fig. A) also suggests that sites in apo dTRAP should be congruent. However, maps for adjacent protomers are visually different at a contour level of 0.135. This apparent asymmetry could be a consequence of the lower resolution of the apo maps, particularly given that the loops are expected to be dynamically disordered, due to the effect of the linker on particle alignment, or because the interprotomer linker has a measurable effect on the proximal Trp binding sites."
SEC974641333579_C07,974641333579,7,3220,3885,"This apparent asymmetry could be a consequence of the lower resolution of the apo maps, particularly given that the loops are expected to be dynamically disordered, due to the effect of the linker on particle alignment, or because the interprotomer linker has a measurable effect on the proximal Trp binding sites. The lower resolution of the map for apo dTRAP, and unexpected asymmetry, gives us less confidence in interpreting this asymmetry. The electron potential map for Trp-bound WT-Mut dTRAP exhibits intermediate resolution between that observed for apo and holo dTRAP and the greatest structural difference between adjacent binding sites ( Figs. 5 and 6)."
SEC849902256958_C01,849902256958,1,0,723,"Map Differences Correspond Primarily to the Trp Binding Loops. To build atomic models into the potential maps for apo and holo dTRAP, and Trp-bound WT-Mut dTRAP, we used Rosetta to build the (Gly 4 Ser) 2 linkers using the crystal structure of Trp-bound Aha TRAP [PDB ID 3ZZL;] as the template. Model refinement performed in an iterative fashion using Coot, ISOLDE, and PHENIX yielded good local agreement between the template and optimized model. Model building into the electron potential map reveals that the largest differences in between the apo, holo, and WT-Mut dTRAP structures are in degree of order of the BC and DE loops ( Fig. 6). Of the three samples, the map for holo dTRAP was best defined ( Figs. 5 and 6)."
SEC849902256958_C02,849902256958,2,448,1146,"Model building into the electron potential map reveals that the largest differences in between the apo, holo, and WT-Mut dTRAP structures are in degree of order of the BC and DE loops ( Fig. 6). Of the three samples, the map for holo dTRAP was best defined ( Figs. 5 and 6). Backbone density could be resolved for most of the protein chain, with the exception of residues 1-6, which were also not observed in the crystal structure of wild-type Aha TRAP, the Gly-Ser linker, and the C-terminal TEV sequence; density was also weaker for Gly27 and Asp29 in the BC loop. Density corresponding to the bound Trp can be clearly observed between each protomer monomers ( Fig. C and SI Appendix, Fig. S17)."
SEC849902256958_C03,849902256958,3,1015,1799,"Density corresponding to the bound Trp can be clearly observed between each protomer monomers ( Fig. C and SI Appendix, Fig. S17). Overall, there is strong agreement between the location of secondary structural elements and overall geometry of the Trp binding site, although sidechain rotamers cannot clearly be distinguished at this resolution. In comparison to holo dTRAP, in addition to lower overall resolution for apo dTRAP, the most obvious feature is that the density corresponding to the BC and B’C’ loops of apo dTRAP ( Fig. A, middle and right panels) cannot be discerned. This is consistent with the loops being flexible and disordered in the absence of the ligand. The Trp binding sites in apo dTRAP feature only weak density, consistent with the sites being empty ( Fig."
SEC849902256958_C04,849902256958,4,1692,2326,"The Trp binding sites in apo dTRAP feature only weak density, consistent with the sites being empty ( Fig. A, right panel). Although no clear density could be discerned for the BC and DE loops, they are nevertheless included in the model for guidance, but their position should not be interpreted as defined by the data. The density map for Trp-bound WT-Mut dTRAP showed better overall resolution than that of apo dTRAP ( Figs. 5 and 6 B), with clearer density for the BC (and B’C’) loops. Defined density assignable to the Trp ligand is observed at alternating binding sites ( Fig. B Middle and Right panels, SI Appendix, Fig. S18)."
SEC849902256958_C05,849902256958,5,2182,2778,"Defined density assignable to the Trp ligand is observed at alternating binding sites ( Fig. B Middle and Right panels, SI Appendix, Fig. S18). However, lesser density is also observed in the Mut sites, which could result from either partial site occupancy under Trp saturating conditions used, buffer atoms or sidechain rearrangement, or partial misalignment of particles during reconstruction; similar weak density is observed in the apo WT-WT dTRAP ligand binding sites, suggesting the latter ( Fig. A). The higher local resolution indicates a higher degree of order in the Trp binding loops."
SEC778307571292_C01,778307571292,1,0,753,"Ligand Binding Induces Increased Order at Neighboring Sites. The principal objective of the present cryo-EM studies is to provide insights into the structural basis for ligand binding cooperativity by TRAP. The ligand binding experiments described above demonstrate that WT-Mut dTRAP is strongly deficient in Trp binding, in a way that is consistent with a major role for NN interactions in mediating this effect. One possible mechanism for achieving NN cooperativity would be to induce in neighboring sites a discrete structure that favors ligand binding. In Trp-bound WT-Mut dTRAP, those loops are much less well ordered than in holo dTRAP, indicating that protein rings with ligand bound at alternating sites retain a significant degree of disorder."
SEC778307571292_C02,778307571292,2,557,1357,"In Trp-bound WT-Mut dTRAP, those loops are much less well ordered than in holo dTRAP, indicating that protein rings with ligand bound at alternating sites retain a significant degree of disorder. Nevertheless, the loop disorder is measurably decreased in the Trp-bound WT-Mut protein, compared to the apo protein ( Fig. A and B). This suggests that NN cooperativity can be explained by a population shift from the wide range of conformations sampled by apo TRAP, to a narrower distribution of states that comparatively favor ligand binding. While this is evident in terms of increased order at the backbone level, it likely also arises from a narrowing of the conformational space sampled by protein side chains in the Trp binding site, and connecting one site to its adjacent sites via strands B,C."
SEC790344944477_C01,790344944477,1,0,679,"Conclusions Evolutionary pressures have produced in Bacilli a complex network of protein–ligand, protein–RNA, and RNA–RNA interactions as a means of regulating production of the metabolically expensive, but essential amino acid, tryptophan. TRAP, which forms rings of 11 or 12 subunits, depending on species, serves as the intracellular sensor for monitoring changes in intracellular concentrations of Trp and becomes activated to downregulate its production when levels are high. Activation involves the binding of multiple Trp ligands, which induces structural changes in the protein rings, priming them for binding to specific sites in the 5’ leader region of the trp operon."
SEC790344944477_C02,790344944477,2,481,1194,"Activation involves the binding of multiple Trp ligands, which induces structural changes in the protein rings, priming them for binding to specific sites in the 5’ leader region of the trp operon. While heterotropic cooperativity between Trp and RNA provides the means for downregulation, homotropic cooperativity between Trp binding events on the homo-oligomeric rings enables fine-tuning of the response. Trp binding to linked dTRAP with alternating mutant and wild-type sites approximates independent site binding. We engineered dTRAP to dissect the intrinsic affinity of Trp for a site, K 0, from the NN interaction term α that results in higher affinity for binding next to occupied sites ( Figs. 1 and 2)."
SEC790344944477_C03,790344944477,3,1000,1727,"We engineered dTRAP to dissect the intrinsic affinity of Trp for a site, K 0, from the NN interaction term α that results in higher affinity for binding next to occupied sites ( Figs. 1 and 2). Comparison of NMR spectra for Aha TRAP and linked dTRAP, and macroscopic binding metrics ( Fig. 3) suggested that the linker introduces only minor perturbations in the structure of the TRAP dodecameric ring and its Trp binding thermodynamics (i.e., a two-fold reduction in the interaction term α). Mutation to Ala of two ligand-coordinating Thr residues in one of the protomers of dTRAP resulted in protein rings with six intact Trp binding sites, but a major defect in Trp binding, with a twenty-five-fold reduction in α ( Fig. 4)."
SEC790344944477_C04,790344944477,4,1492,2059,"Mutation to Ala of two ligand-coordinating Thr residues in one of the protomers of dTRAP resulted in protein rings with six intact Trp binding sites, but a major defect in Trp binding, with a twenty-five-fold reduction in α ( Fig. 4). This is consistent with a dominant effect from NN interactions between sites. Comparing cryo-EM density maps for apo dTRAP, WT-Mut dTRAP, and holo dTRAP, we observe progressive increase in map resolution for the BC and DE loops that gate access to the Trp binding sites ( Fig. 6), and also play a role in Trp-activated RNA binding."
SEC790344944477_C05,790344944477,5,1805,2597,"Comparing cryo-EM density maps for apo dTRAP, WT-Mut dTRAP, and holo dTRAP, we observe progressive increase in map resolution for the BC and DE loops that gate access to the Trp binding sites ( Fig. 6), and also play a role in Trp-activated RNA binding. A plausible mechanism for cooperativity in Aha TRAP, consistent with the presented data, is that binding of Trp to a site rigidifies the BC and DE loops flanking the site, while their proximity and structural coupling to adjacent sites ( Fig. 1) likewise results in partial ordering of the adjacent sites. The accompanying shift in the free energy landscape can thus be understood to favor the ligand-bound state, without specifying specifically which conformational states are excluded by rigidification of the adjacent sites ( Fig. 7)."
SEC790344944477_C06,790344944477,6,2365,3108,"The accompanying shift in the free energy landscape can thus be understood to favor the ligand-bound state, without specifying specifically which conformational states are excluded by rigidification of the adjacent sites ( Fig. 7). In this model, ligand binding to neighboring sites changes the free energy landscape such that binding-competent conformations are more populated and thus subsequent ligand binding is favored. A lesser effect from binding at next-nearest-neighbors can also be envisioned as arising from more modest shift in the free energy landscape. The combination of protein engineering with nMS and cryo-EM single-particle reconstruction provided the means to dissect direct and indirect effects of ligand binding on TRAP."
SEC790344944477_C07,790344944477,7,2932,3667,"The combination of protein engineering with nMS and cryo-EM single-particle reconstruction provided the means to dissect direct and indirect effects of ligand binding on TRAP. nMS provides unmatched detail into the thermodynamics of Trp binding by enabling quantification of states with differing numbers of bound Trp. Construction of the dTRAP-linked variants allows for control over the Trp–TRAP configurations, whereas oligomers with isolated chains would necessarily populate statistical distribution of states, some with bound neighbors, some not. The resulting well-defined configurations provided an opportunity to detail the structural differences between TRAP rings free, fully bound to Trp, and with alternating sites bound."
SEC790344944477_C08,790344944477,8,3485,4183,"The resulting well-defined configurations provided an opportunity to detail the structural differences between TRAP rings free, fully bound to Trp, and with alternating sites bound. The results strongly support a model in which cooperativity in TRAP is dominated by ligand-mediated ordering of loops that gate Trp binding to individual sites and serve as bridges connecting sites. While the results of the present study strongly support this model, complications limited the precision of the resulting insights. Although introduction of the linkers seemed, based on NMR data and bulk measurements to not perturb the structure and thermodynamics of Trp binding, the linkers had a measurable effect."
SEC790344944477_C09,790344944477,9,3997,4714,"Although introduction of the linkers seemed, based on NMR data and bulk measurements to not perturb the structure and thermodynamics of Trp binding, the linkers had a measurable effect. nMS of Trp binding to WT dTRAP nevertheless showed that ligand binding thermodynamics was slightly perturbed (by - RT ln Δα = −0. RT; Fig. 3), and the Mut-WT protein seemed unable to bind Trp at all ( SI Appendix, Fig. S5). Although modeling predicts that the linker should not interfere with either Trp or RNA binding ( Fig. 2 and SI Appendix, Fig. S3), the observation suggests that coincidence of the linker and the sole WT site could introduce a modest structural defect that interferes with Trp binding in the absence of RNA."
SEC790344944477_C10,790344944477,10,4533,5183,"S3), the observation suggests that coincidence of the linker and the sole WT site could introduce a modest structural defect that interferes with Trp binding in the absence of RNA. In addition, while the flexibility of the linkers was intended to prevent perturbation of the protein fold and thermodynamics, the fact that the linkers are small and disordered rendered them invisible in reconstructed electron density maps. Because of this, it is difficult to assess the extent to which particle misalignment might have contributed to reduced density of the maps, especially for the Trp-loaded WT-Mut protein, wherein asymmetry is expected ( Fig. 5)."
SEC790344944477_C11,790344944477,11,4956,5682,"Because of this, it is difficult to assess the extent to which particle misalignment might have contributed to reduced density of the maps, especially for the Trp-loaded WT-Mut protein, wherein asymmetry is expected ( Fig. 5). Last, while the data presented strongly support a model in which disorder-order transitions are responsible for the observed Trp–Trp cooperativity, they are insufficient to map out at atomic resolution the conformational ensemble of states present in the Trp-bound and partially loaded TRAP rings. Such atomic-level insights are likely required to enable rational efforts to modulate the thermodynamic response of TRAP and molecules like it for use in diagnostics or synthetic biology applications."
SEC349094419942_C01,349094419942,1,0,7,Methods
SEC175786764466_C01,175786764466,1,0,772,"Preparation of Linked Aha TRAP Variants (dTRAP). DNA constructs encoding Aha TRAP-(linker)-TRAP-(TEV cleavage site)-His 6 with varying length Gly/Ser linkers were obtained commercially (GenScript, Inc) in a pET21a (Novagen) plasmid; linker sequences were GGGS, GGGSGGG, and GGGGSGGGGS. Proteins were expressed in Escherichia coli BL21(DE3) cells and inducted by adding 0.5 mM IPTG (isopropyl ß-D-1-thiogalactopyranoside) at mid-log phase (OD600 = 0.4 to 0.6) at 37 ˚C. Cells were then harvested through centrifuge and then resuspended in loading buffer (20 mM NaPi, 500 mM NaCl, 100 mM Imidazole, pH = 7.4). The cells were lysed using the French press method at psi. The lysate was cleared by centrifugation at × g for 20 min, and the supernatant was filtrated through 0."
SEC175786764466_C02,175786764466,2,667,1363,"The lysate was cleared by centrifugation at × g for 20 min, and the supernatant was filtrated through 0.45 um cellulose acetate filters (Advantec) using 30 mL syringes (BD). The supernatant was loaded onto 1 mL HisTrap HP column (GE Healthcare) on an AKTA fast protein liquid chromatography. Proteins were then eluted with a gradient of imidazole from 100 mM to 1 M in the buffer of 20 mM NaPi pH 7.4, and 500 mM NaCl. The C-terminal 6xHis-tag was then removed by treatment with TEV protease (in-house produced) at a protease-to-target molar ratio of 1:100 and products were passed through Ni-NTA to remove uncleaved protein. To ensure complete removal of bound Trp, proteins were dialyzed in 3."
SEC175786764466_C03,175786764466,3,1086,1753,"The C-terminal 6xHis-tag was then removed by treatment with TEV protease (in-house produced) at a protease-to-target molar ratio of 1:100 and products were passed through Ni-NTA to remove uncleaved protein. To ensure complete removal of bound Trp, proteins were dialyzed in 3.5 kDa cut-off (Spectrum Labs) dialysis tubing against 3 M Gdn-HCl in buffer A (100 mM NaCl, 50 mM NaPO 4, pH 8.0 at 25 °C, 0.02% NaN 3) for 6 h at room temperature. The samples were then step-down dialyzed against 1. M and 0 M Gdn-HCl in buffer A. Refolded proteins were further purified by size-exclusion chromatography using a Hiload 16/600 Superdex 75 column (Sigma-Aldrich) in buffer A."
SEC175786764466_C04,175786764466,4,1610,2380,"Refolded proteins were further purified by size-exclusion chromatography using a Hiload 16/600 Superdex 75 column (Sigma-Aldrich) in buffer A. After initial trials for expression, solubility, and Trp- and RNA-binding activity, the construct with the GGGGSGGGGS linker (G 4 S) 2, was selected for further characterization. The resulting protein has the expected amino acid sequence: MNVGDNSNFF VIKAKENGVN VFGMTRGTDT RFHHSEKLDK GEVM IAQF T E H T SAVKIRGK AIIQTSYGTL DTEKDEGGGG SGGGGSMNVG DNSNFFVIKA KENGVNVFGM TRGTDTRFHH SEKLDKGEVM IAQF T EH T SA VKIRGKAIIQ TSYGTLDTEK DEenlyfq, where the linker is underlined, and the C-terminal TEV protease recognition site is lowercase. With a predicted MW of. Da (ProtParam), fully assembled Trp-free rings have an expected MW of Da."
SEC175786764466_C05,175786764466,5,1932,2709,"The resulting protein has the expected amino acid sequence: MNVGDNSNFF VIKAKENGVN VFGMTRGTDT RFHHSEKLDK GEVM IAQF T E H T SAVKIRGK AIIQTSYGTL DTEKDEGGGG SGGGGSMNVG DNSNFFVIKA KENGVNVFGM TRGTDTRFHH SEKLDKGEVM IAQF T EH T SA VKIRGKAIIQ TSYGTLDTEK DEenlyfq, where the linker is underlined, and the C-terminal TEV protease recognition site is lowercase. With a predicted MW of. Da (ProtParam), fully assembled Trp-free rings have an expected MW of Da. To produce dTRAP variants with one or both sites deficient in Trp binding, we used site-directed mutagenesis to generate Ala substitutions of Thr49 and Thr52 (boldface, above) in the N-terminal protomer, the C-terminal protomer, or both protomers to generate dTRAP WT-Mut, dTRAP Mut-WT, and dTRAP Mut-Mut proteins, respectively."
SEC175786764466_C06,175786764466,6,2380,2973,"To produce dTRAP variants with one or both sites deficient in Trp binding, we used site-directed mutagenesis to generate Ala substitutions of Thr49 and Thr52 (boldface, above) in the N-terminal protomer, the C-terminal protomer, or both protomers to generate dTRAP WT-Mut, dTRAP Mut-WT, and dTRAP Mut-Mut proteins, respectively. Sample preparation steps were as above, except that dialysis in 1 M Gdn-HCl buffer A was enough to deplete the bound Trp. Variants with one pair of Thr/Ala mutants (WT-Mut, Mut-WT) have a predicted MW of. Da, and the double mutant (Mut-Mut) MW is. Da (ProtParam)."
SEC79505171646_C01,79505171646,1,0,719,"Concentration of Components. All dTRAP proteins shared the same predicted extinction coefficient at 280 nm (ε = 4470 M −1 cm −1; ProtParam). Protein concentrations were measured using a Nanodrop 2000c spectrophotometer (Thermo Scientific) in droplet mode. Unless otherwise specified, TRAP concentrations refer to the concentration of the TRAP 12-mer ring, not the protomer concentration. Ring concentration is 1/12th the promoter concentration for WT TRAP; it is 1/6th the protomer concentration for dTRAP and its variants. The binding site concentration equals the promoter concentration for WT TRAP, it is twice the concentration for WT-WT dTRAP, and it equals the promoter concentration for Mut-WT and WT-Mut dTRAP."
SEC79505171646_C02,79505171646,2,524,909,"The binding site concentration equals the promoter concentration for WT TRAP, it is twice the concentration for WT-WT dTRAP, and it equals the promoter concentration for Mut-WT and WT-Mut dTRAP. Trp concentration was determined by UV absorbance at 280 nm with the extinction coefficient ε = 5540 M −1 cm −1 using a Nanodrop 2000c spectrophotometer (Thermo Scientific) in droplet mode."
SEC764758406444_C01,764758406444,1,0,604,"CD. Trp binding to dTRAP variants was assayed by CD spectropolarimetry using a JASCO model J-715 instrument and a 1 mm pathlength at 37 °C. The data were recorded between 226 nm to 230 nm using 2 µM TRAP in 50 µM sodium phosphate solution (pH = 8.0) with the Trp concentrations ranging from 0 µM to 300 µM. The CD signal at 228 nm was used to quantify tryptophan binding. The fractional change in CD signal Y was fit with the single-site mass-balance binding model, with parameters describing total protein and ligand concentrations, [ P tot], [ L tot], and apparent dissociation constant, K D: [EQ:EQ3]"
SEC400589204552_C01,400589204552,1,0,748,"ITC. ITC isotherms were recorded on the MicroCal VP-ITC instrument (Malvern) at temperatures of 35 and 40 ˚C. HPLC-purified, refolded, and SEC S75 column-purified TRAP was dialyzed against buffer A (100 mM NaCl, 50 mM NaPO 4, pH 8.0, 0.02% NaN 3). Tryptophan (Trp) stock solution was prepared by dissolving L-Trp powder (Sigma-Aldrich) in the TRAP-dialysate. At 35 ˚C, 293 µM Trp was titrated into 1.9 µM WT TRAP; 512 µM Trp was titrated into 3.4 µM dTRAP WT-WT. At 40 ˚C, ITC thermograms of Trp into dTRAP variants were recorded at 40 ˚C at concentrations of 435 µM Trp into 3.4 µM WT-WT, 500 µM Trp to 8.3 µM WT-Mut and Mut-WT, and 530 µM Trp to 8.3 µM Mut-Mut. Baseline correction and integration of ITC thermograms were performed using NITPIC."
SEC400589204552_C02,400589204552,2,607,907,"3 µM WT-Mut and Mut-WT, and 530 µM Trp to 8.3 µM Mut-Mut. Baseline correction and integration of ITC thermograms were performed using NITPIC. Processed data were then fit with one-site phenomenological binding model via itcsimlib. CI in fitted parameters were estimated from 200 bootstrapped samples."
SEC735302002342_C01,735302002342,1,0,746,"TROSY-HSQC NMR Spectra of Aha TRAP and dTRAP Variants. Purified [U- 15 N]-TRAP samples were dialyzed against buffer A (100 mM NaCl, 50 mM NaPO 4, pH 8.0, 0.02% NaN 3) supplemented with 10% (v/v) D 2 O (99.8 atom %, Sigma-Aldrich) and 0.001% (v/v) DSS (4,4-Dimethyl-4-silapentane-1-sulfonic acid) (Sigma-Aldrich). 2D 1 H- 15 N TROSY-HSQC NMR spectra of TRAP samples loaded in Wilmad ® 5 mm 541-PP NMR tubes (Sigma-Aldrich) were recorded at 55 °C (328 K) on a Bruker Avance III HD Ultrashield 600 MHz NMR spectrometer equipped with a 5 mm triple-resonance inverse (TXI) cryoprobe with z-axis gradients. Spectra included: 500 µL of 62 µM TRAP (744 µM WT Trp binding sites), alone and titrated with 30 µL 11.5 mM Trp ([Trp]/[WT sites] ratio of 0.9)."
SEC735302002342_C02,735302002342,2,601,1389,"Spectra included: 500 µL of 62 µM TRAP (744 µM WT Trp binding sites), alone and titrated with 30 µL 11.5 mM Trp ([Trp]/[WT sites] ratio of 0.9). NMR spectra of dTRAP variants (WT-WT, WT-Mut, and Mut-WT) were recorded at 55 °C (328 K) on a Bruker Avance III HD 800 MHz NMR spectrometer equipped with a TXI cryoprobe. The dTRAP NMR spectra were recorded on: a) 600 µL of 145.2 µM dTRAP WT-WT (1.74 mM WT Trp binding sites) alone and after addition of 77 µL of 14.6 mM Trp ([Trp]/[WT sites] ratio of 1.1); b) 555 µL 58 µM WT-Mut dTRAP (348 µM WT Trp binding sites) alone and after addition of 27 µL of 10.7 mM Trp stock ([Trp]/[WT sites] ratio of 1.5); c) 555 µL of 136 µM Mut-WT dTRAP (816 µM Trp WT binding sites) alone and after addition of 54.6 µL of 24 mM Trp ([Trp]/[WT sites] = 2.9)."
SEC85743437661_C01,85743437661,1,0,725,"dTRAP Structure Modeling and Prediction. The starting model of dTRAP WT-WT with (G 4 S) 2 linker and C-terminal TEV ENLYFQ was built using the loop modeling tools in Rosetta3 (RosettaRemodel release r.35) running on NMRBox, expanded via C6 symmetry and relaxed using built-in scoring functions. The lowest energy of 100 modeled trajectories was used as the starting point for modeling the cryoEM density. The position of the modeled linker extends from the C-terminus of the first protomer up through the center of the TRAP ring to the N-terminus of the second protomer, opposite of the Trp binding pocket and RNA binding interface. An Alphafold2 model of dTRAP WT-WT was generated using Alphafold2 multimer v3 on Colabfold."
SEC85743437661_C02,85743437661,2,405,1058,"The position of the modeled linker extends from the C-terminus of the first protomer up through the center of the TRAP ring to the N-terminus of the second protomer, opposite of the Trp binding pocket and RNA binding interface. An Alphafold2 model of dTRAP WT-WT was generated using Alphafold2 multimer v3 on Colabfold. The hexameric dTRAP WT-WT sequences were aligned using MMseqs2 searching against PDB100 and in unpaired_paired mode. The top hit ranked by the predicted local distance difference test score (pLDDT) was relaxed using the Amber forcefield with the default settings. This model was qualitatively similar to that generated with Rosetta."
SEC730969791679_C01,730969791679,1,0,732,"RNA Filter Binding Assay. To determine binding affinity of protein to RNA, nitrocellulose filter binding was performed in excess tryptophan (1 mM) with protein ring concentrations from 0 nM to 300 nM. A DNA sequence encoding the 55-nucleotide RNA, formed by 11 repeats of the sequence 5’-GAGUU-3’, was cloned into the plasmid pUC118GAGUU which includes a hammerhead ribozyme fused to the 3’-end. The RNA (GAGUU) 11 was generated from in vitro transcription followed by hammerhead ribozyme cleavage as previously described. The RNA was 5’ end-labeled with and purified from 8 M urea gels by the crush and soak method, as described previously. The reactions contained 5 pM RNA and were incubated at 37 °C for 10 min before filtering."
SEC730969791679_C02,730969791679,2,523,959,"The RNA was 5’ end-labeled with and purified from 8 M urea gels by the crush and soak method, as described previously. The reactions contained 5 pM RNA and were incubated at 37 °C for 10 min before filtering. The data were fit with a hyperbolic single binding site model, [EQ:EQ4], where B max is the maximum observed bound fraction, [TRAP] is the total protein concentration, and K D is the apparent equilibrium dissociation constant."
SEC594406167428_C01,594406167428,1,0,734,"Native Mass Spectrometry (nMS). Native mass spectra were recorded on a Q Exactive Ultra-High Mass Range (UHMR) orbitrap mass spectrometer and an Exactive Plus Extended Mass Range (EMR) Orbitrap mass spectrometer (Thermo Fisher Scientific). Both instruments were modified with a surface-induced dissociation device, and the EMR with a custom mass selection quadrupole; dissociation methods were used to confirm expected masses and oligomeric states. Trp–TRAP titration spectra were recorded on the UHMR under conditions described previously. Briefly, a series of Trp-TRAP samples was prepared at room temperature in a 400 mM ammonium acetate solution, with approximately 2 µM protein and varying concentration of Trp from 0 to 120 µM."
SEC594406167428_C02,594406167428,2,541,1310,"Briefly, a series of Trp-TRAP samples was prepared at room temperature in a 400 mM ammonium acetate solution, with approximately 2 µM protein and varying concentration of Trp from 0 to 120 µM. Similarly, parallel samples of 2 µM dTRAP were prepared, mixed with Trp concentrations from 0 to 48 µM. Titration data of WT-WT dTRAP were deconvolved using MetaUniDec V4.4, and populations of liganded species were quantified from peak intensities. Because of proteoform signal interference, titration data of WT TRAP were deconvolved using DoubleDec, a double deconvolution method that uses a reference apo TRAP spectrum to account for proteoform signals across the titration spectra, producing zero-charge mass spectra corrected for overlaps in proteoform and ligand state."
SEC594406167428_C03,594406167428,3,983,1764,"Because of proteoform signal interference, titration data of WT TRAP were deconvolved using DoubleDec, a double deconvolution method that uses a reference apo TRAP spectrum to account for proteoform signals across the titration spectra, producing zero-charge mass spectra corrected for overlaps in proteoform and ligand state. Binding site concentrations were further corrected using mass balance Eq. 1, resulting in adjustment to 1.70 µM for dTRAP and 5.16 µM for Bha TRAP ( SI Appendix, Fig. S19). Samples for titration of Trp into WT-WT dTRAP (2 µM ring), WT-Mut dTRAP (2 µM ring), Mut-WT dTRAP (2 µM ring), and Mut-Mut dTRAP (1 µM ring), were prepared at room temperature (~25 ˚C) in 200 mM ammonium acetate and measured on the EMR by static nanoelectrospray as with the UHMR."
SEC594406167428_C04,594406167428,4,1483,2063,"Samples for titration of Trp into WT-WT dTRAP (2 µM ring), WT-Mut dTRAP (2 µM ring), Mut-WT dTRAP (2 µM ring), and Mut-Mut dTRAP (1 µM ring), were prepared at room temperature (~25 ˚C) in 200 mM ammonium acetate and measured on the EMR by static nanoelectrospray as with the UHMR. The nMS titration of dTRAP WT-WT and Mut-Mut was performed with the protein samples mixed with Trp concentration of 0 µM, 12 µM, and 24 µM. The nMS titration of both dTRAP WT-Mut and dTRAP Mut-WT was performed with the protein samples mixed with Trp concentration of 0 µM, 36 µM, 64 µM, and 128 µM."
SEC594406167428_C05,594406167428,5,1904,2542,"The nMS titration of both dTRAP WT-Mut and dTRAP Mut-WT was performed with the protein samples mixed with Trp concentration of 0 µM, 36 µM, 64 µM, and 128 µM. Binding polynomials were generated in the itcsimlib software by iterating through all possible 2 N Trp–TRAP configurations and assigning an intrinsic binding free energy Δ G 0 to each site, plus a nearest-neighbor interaction free energy term Δ G α for each NN interaction on a lattice with twelve (or six) sites ( SI Appendix, Fig. S9). Populations extracted from the nMS data were then globally fit with the resulting binding polynomials in itcsimlib, as previously described."
SEC497419058059_C01,497419058059,1,0,729,"Cryo-EM Sample Preparation. An aliquot of 10 mg/mL of apo dTRAP was diluted with cryo-EM buffer (20 mM HEPES, 200 mM NaCl, pH 8) supplemented with a 0.6% stock of Triton X-100 to obtain a final sample of 6 mg/mL protein and 0.05% Triton X-100. Holo dTRAP was prepared by diluting an aliquot of 10 mg/mL protein with cryo-EM buffer supplemented with 1 mM Trp and 0.6% of Triton X-100, to obtain a sample at 6 mg/mL with 0.05% Triton X-100 and 600 μM Trp. Inclusion of Trion X-100 was found to be critical for avoiding adherence of TRAP rings to the air–water interface, and overcoming orientation bias. The sample of Trp-bound WT-Mut dTRAP was prepared by diluting 14 mg/mL of WT-Mut dTRAP with 20 mM Trp in cryo-EM buffer and 0."
SEC497419058059_C02,497419058059,2,602,1286,"The sample of Trp-bound WT-Mut dTRAP was prepared by diluting 14 mg/mL of WT-Mut dTRAP with 20 mM Trp in cryo-EM buffer and 0.6% Triton X-100 to obtain a final protein concentration of 6 mg/mL with 0.05% Triton X-100 and 1.4 mM Trp. For all samples, Au Quantifoil R1.2/1.3 300 mesh grids were glow discharged (20 mA, 30 sec hold, 1 min glow discharge) using a PELCO easiGlow Discharge System. For all three samples, a volume of 3 μL was applied to the glow-discharged grids and incubated horizontally for 60 s. Grids were then loaded onto a Vitrobot Mark IV and blotted with a blot force of 1 for 4 s at 4 °C and 100% relative humidity before being plunged frozen into liquid ethane."
SEC959844124269_C01,959844124269,1,0,720,"Cryo-EM Data Collection. For each dataset, movies were acquired using a total electron fluence of 60 e - /Å 2 spread over 45 frames on a Thermo Fisher Scientific Krios G3i operating at 300 keV equipped with a Gatan K3 detector and Biocontinuum energy filter; slit widths were 15 eV for apo and holo dTRAP, and a 20 eV for holo WT-Mut dTRAP. All movies were collected in superresolution, counting mode using a nominal magnification of × (0.899 Å/px nominal resolution). For apo dTRAP, 3753 movies were collected over a defocus range of 0.5 to 0.2 μm. For holo dTRAP, 2,307 movies were collected over a defocus range of 0.5 to 2.5 μm. For holo WT-Mut dTRAP, 1722 movies were collected over a defocus range of 1 to 2.4 μm."
SEC38990909173_C01,38990909173,1,0,712,"Cryo-EM Data Processing. For apo and holo dTRAP WT-WT, we performed data processing using CryoSPARC v2.15.0. Movies were imported and aligned using patch motion correction with an applied B-factor of 250, a maximum resolution of 3 Å, and subsequently binned by a factor of two. Patch contrast transfer function (CTF) estimation was performed with a maximum resolution of 2.5 Å. Manual curation of micrographs was used to remove micrographs with a CTF estimation >5 Å and total motion >100 Å. For each dataset, initial maps generated from homogeneous refinement were subjected to symmetry analysis using PROSHADE. In each case, the maps yielded the highest score for C12 symmetry, with C6 scoring almost as well."
SEC38990909173_C02,38990909173,2,492,1278,"For each dataset, initial maps generated from homogeneous refinement were subjected to symmetry analysis using PROSHADE. In each case, the maps yielded the highest score for C12 symmetry, with C6 scoring almost as well. Because the presence of the linkers between every other protomer in the ring necessarily reduces the symmetry two-fold, we proceeded with C6 refinement of the maps and subsequent models. For apo dTRAP, Blob Picking was used with a min/max particle diameter of 85/105 Å to process 100 micrographs. 2D classification was performed with 50 classes using a 130 Å mask to classify the good picks from noise/ice picks resulting in a selection of particles to train a TOPAZ model. TOPAZ was then used to particle pick 3,753 micrographs, resulting in 1. M picked particles."
SEC38990909173_C03,38990909173,3,1009,1703,"2D classification was performed with 50 classes using a 130 Å mask to classify the good picks from noise/ice picks resulting in a selection of particles to train a TOPAZ model. TOPAZ was then used to particle pick 3,753 micrographs, resulting in 1. M picked particles. Particles were extracted with a box size of 256 px and binned at 4 pixels. A single round of 2D classification was performed to remove 200 k junk particle picks (overlapping particles, vitreous ice). Three ab initio models were generated and subjected to multiple, iterative rounds of heterogenous refinement, homogeneous refinement, and 2D classification to remove particles that resulted in low-resolution reconstructions."
SEC38990909173_C04,38990909173,4,1478,2097,"Three ab initio models were generated and subjected to multiple, iterative rounds of heterogenous refinement, homogeneous refinement, and 2D classification to remove particles that resulted in low-resolution reconstructions. A final set of particles were extracted with a box size of 256 pixels, and subjected to homogenous refinement with C6 symmetry, giving way to a map with a resolution of 4.56 Å, and a subsequent nonuniform C6 symmetry refinement that resulted in a map with a global resolution of 4.24 Å. For holo dTRAP, Blob Picking was used with a min/max particle diameter of 90/110 Å to pick 30 micrographs."
SEC38990909173_C05,38990909173,5,1990,2703,"For holo dTRAP, Blob Picking was used with a min/max particle diameter of 90/110 Å to pick 30 micrographs. 2D classification was performed with 50 classes using a 140 Å mask to classify the good picks from noise/ice picks resulting in a selection of 7,849 particles that were used as templates to pick 2. M “particles”. Three rounds of 2D classification were used to remove junk particle picks and produce a set of particles that were then extracted with a box size of 256 px and binned at 4 pixels. Four ab initio models were generated and subjected to multiple rounds of heterogenous refinement, homogeneous refinement, and 2D classification to remove particles that resulted in low-resolution reconstructions."
SEC38990909173_C06,38990909173,6,2490,3268,"Four ab initio models were generated and subjected to multiple rounds of heterogenous refinement, homogeneous refinement, and 2D classification to remove particles that resulted in low-resolution reconstructions. A final set of particles were extracted with a box size of 256 pixels, subjected to homogenous refinement with C6 symmetry giving way to a map with a resolution of 4.30 Å, and a subsequent nonuniform with C6 symmetry refinement that resulted in a map with a global resolution of 3.6 Å For holo WT-Mut dTRAP, we performed data processing using CryoSPARC v3.2.0. Movies were imported and aligned using patch motion correction with an applied B-factor of 500, a maximum alignment resolution of 5 Å. Patch CTF estimation was performed with a maximum resolution of 4 Å."
SEC38990909173_C07,38990909173,7,3064,3720,"Movies were imported and aligned using patch motion correction with an applied B-factor of 500, a maximum alignment resolution of 5 Å. Patch CTF estimation was performed with a maximum resolution of 4 Å. Manual curation of micrographs was used to remove any micrographs that had a CTF resolution estimation >5 Å and total motion >100 Å. After curation, Blob Picking was used with a min/max particle diameter of 90/110 Å to pick 2. M particles. 2D classifications were performed with 50 classes using a 140 Å mask to classify the good picks from noise/ice picks resulting in a selection of 402 K particles that were used as template to pick 2. M particles."
SEC38990909173_C08,38990909173,8,3508,4304,2D classifications were performed with 50 classes using a 140 Å mask to classify the good picks from noise/ice picks resulting in a selection of 402 K particles that were used as template to pick 2. M particles. Seven rounds of 2D classification were used to remove junk particle picks and produced a set of particles that were then extracted with a box size of 256 px and binned at 4 px. Three ab initio models were generated and subjected to multiple rounds of heterogenous refinement and homogenous refinement followed by another three rounds of 2D classification to remove particles that resulted in low-resolution reconstructions. A final set of particles were extracted and subjected to multiple rounds of nonuniform refinement and local refinement generating a map with a resolution of 4.
SEC38990909173_C09,38990909173,9,4144,4780,"A final set of particles were extracted and subjected to multiple rounds of nonuniform refinement and local refinement generating a map with a resolution of 4.14 Å. Reconstructed volumes of each cryoEM maps generated using a nominal pixel size of 0.899 Å were expanded by ~6% in comparison to those expected from the crystal structure of Aha TRAP (PDB ID 3ZZL), and from the cryo-EM volumes of dodecameric rings in engineered cages (EMD-17195). Examination of data from an Apoferretin standard resulted in recalibration of the pixel scale 0.858 Å/px. The maps were then rescaled accordingly using ChimeraX ( www.cgl.ucsf.edu/chimerax)."
SEC657348479204_C01,657348479204,1,0,706,"Cryo-EM Model Building. For both apo and holo dTRAP, the Rosetta-designed dTRAP model was used as a starting model. The C6 reconstructed map and initial model were used to refine a linked dTRAP protomer using multiple iterations of Coot, ISOLDE, and PHENIX Real Space Refinement. Secondary structures were restrained during PHENIX real space refinement automatically using the HELIX/SHEET records from the crystal structure of Aha TRAP (PDB ID 3ZZL). Upon convergence of the model with the map, the map symmetry tool in Phenix was used to determine the NCS operators and to generate the other asymmetric units. For Trp-loaded WT-Mut dTRAP, the Cryo-EM structure of holo dTRAP was used as a starting model."
SEC657348479204_C02,657348479204,2,451,1069,"Upon convergence of the model with the map, the map symmetry tool in Phenix was used to determine the NCS operators and to generate the other asymmetric units. For Trp-loaded WT-Mut dTRAP, the Cryo-EM structure of holo dTRAP was used as a starting model. The C6 symmetry reconstructed map and initial model were used to refine a single linked dimer using multiple iterations of ISOLDE and Phenix Real Space Refinement. The last five rounds of iterations were performed using the full dTRAP ring constructed using the apply NCS operators’ tool by PHENIX so that the interface between the protomers is properly modeled."
SEC705215031390_C01,705215031390,1,0,41,Supplementary Material Appendix 01 (PDF)
SEC114953780130_C01,114953780130,1,0,556,"Abstract The protein therapeutics market, including antibody and fusion proteins, has experienced steady growth over the past decade, underscoring the importance of optimizing amino acid sequences. In our previous study, we developed a fusion protein, R31, which combines retinol-binding protein (RBP) with albumin domains IIIA and IB, linked by a sequence (AAAA), and includes an additional disulfide bond (N227C-V254C) in IIIA. This fusion protein effectively inhibited hepatic stellate cell activation. In this study, we further optimized the sequence."
SEC114953780130_C02,114953780130,2,430,1145,"This fusion protein effectively inhibited hepatic stellate cell activation. In this study, we further optimized the sequence. The G176K mutation at the C-terminus of RBP altered the initiation site of the first α-helix in domain IIIA, shifting it from P182 to K176, and promoted polar interactions between K176 and adjacent residues, enhancing the rigidity of the RBP/IIIA interface. The introduction of an additional disulfide bond (V231C/Y250C) connecting helices 3 and 4 in IIIA resulted in a three-fold increase in productivity and a 2 °C improvement in thermal stability compared to R31. Furthermore, combining the G176K mutation with V231C/Y250C further enhanced both productivity and anti-fibrotic activity."
SEC114953780130_C03,114953780130,3,1023,1382,"Furthermore, combining the G176K mutation with V231C/Y250C further enhanced both productivity and anti-fibrotic activity. These findings suggest that the enhanced stability of domain IIIA, conferred by V231C/Y250C, along with the increased rigidity of the RBP/IIIA interface, optimizes interdomain distance and alignment, facilitating proper protein folding."
SEC994684937557_C01,994684937557,1,0,738,"Introduction Tissue fibrosis is a pathological condition marked by the excessive build-up of extracellular matrix (ECM) components, including collagen and fibronectin, in various organs. It results in the loss of organ function and poses a serious threat to health. Despite its harmful effects and extensive research efforts, effective therapies are still lacking, highlighting the urgent need for the development of novel anti-fibrotic drugs. Myofibroblasts, which are the primary producers of ECM proteins, are rarely found in normal tissue but are prevalent in fibrotic tissue. They originate from multiple sources including organ-specific stellate cells, resident fibroblasts, epithelial–mesenchymal transition (EMT), and fibrocytes."
SEC994684937557_C02,994684937557,2,581,1150,"They originate from multiple sources including organ-specific stellate cells, resident fibroblasts, epithelial–mesenchymal transition (EMT), and fibrocytes. Hepatic stellate cells (HSCs) are located in the perisinusoidal space of the liver, where they usually remain quiescent, comprising about 5–8% of total liver cells and serving as a storage site for approximately 80% of the body’s vitamin A. When exposed to fibrogenic stimuli, quiescent HSCs become activated, leading to phenotypic and functional changes that transform them into a myofibroblast-like phenotype."
SEC994684937557_C03,994684937557,3,979,1698,"When exposed to fibrogenic stimuli, quiescent HSCs become activated, leading to phenotypic and functional changes that transform them into a myofibroblast-like phenotype. This activation process is characterized by several key features: the loss of cytoplasmic lipid droplets containing vitamin A (retinol), increased cellular proliferation, and elevated expression of alpha-smooth muscle actin (α-SMA) and ECM proteins. Consequently, the activation of stellate cells, which are found in various tissues including the liver, pancreas, kidneys, and lungs, plays a crucial role in tissue fibrogenesis and presents a promising target for anti-fibrotic treatments. Albumin is the most abundant protein in plasma (~66 kDa)."
SEC994684937557_C04,994684937557,4,1400,2101,"Consequently, the activation of stellate cells, which are found in various tissues including the liver, pancreas, kidneys, and lungs, plays a crucial role in tissue fibrogenesis and presents a promising target for anti-fibrotic treatments. Albumin is the most abundant protein in plasma (~66 kDa). It consists of three structurally similar domains (I, II, and III), each of which is further divided into two subdomains, A and B. Subdomain A contains six α-helices and turns, while subdomain B includes four α-helices. We previously demonstrated that albumin is expressed in quiescent stellate cells but not in activated ones, although its expression levels are lower compared to those in liver cells."
SEC994684937557_C05,994684937557,5,1918,2707,"We previously demonstrated that albumin is expressed in quiescent stellate cells but not in activated ones, although its expression levels are lower compared to those in liver cells. Interestingly, forced expression of albumin in activated stellate cells induced a notable reversal of their phenotype, transitioning them from myofibroblasts back to an early activated state, along with a marked decrease in α-SMA and collagen type I expression. These findings, with subsequent studies, led to the development of a novel recombinant fusion protein that combines retinol-binding protein (RBP) with albumin domains IIIA and IB as an anti-fibrotic agent. Studies have demonstrated that this RBP–albumin fusion protein effectively inhibits stellate cell activation and reduces tissue fibrosis."
SEC994684937557_C06,994684937557,6,2569,3260,"Studies have demonstrated that this RBP–albumin fusion protein effectively inhibits stellate cell activation and reduces tissue fibrosis. RBP was chosen for its ability to facilitate targeted delivery to stellate cells, as it promotes the cellular uptake of retinol in HSCs through its interaction with the membrane receptor STRA6. Over the past decade, the share of protein-based drugs in the pharmaceutical market has been consistently increasing, particularly emphasizing the significant potential of fusion protein drugs with diverse functions. The necessity for optimizing amino acid sequences has become more crucial than ever to ensure adequate efficacy, productivity, and stability."
SEC994684937557_C07,994684937557,7,3118,3905,"The necessity for optimizing amino acid sequences has become more crucial than ever to ensure adequate efficacy, productivity, and stability. In our previous research, we modified the amino acid sequence of the fusion protein RBP-IIIA-EVDD-IB into a revised version RBP-IIIA(N227C/V254C)-AAAA-IB (referred to as R31), where the linker sequence between IIIA and IB was altered and an additional disulfide bond was introduced in domain IIIA (see Supplementary Figure S1). In the present study, we further optimized the amino acid sequence of R31 and found that introducing the G176K mutation along with an additional disulfide bond in domain IIIA improved productivity, thermal stability, and anti-fibrotic activity, likely due to the increased structural stability of the fusion protein."
SEC245729925853_C01,245729925853,1,0,7,Results
SEC236236522904_C01,236236522904,1,0,667,"The Productivity of the Fusion Protein R31 Needs to Be Enhanced The fusion protein R31 (amino acids 1–379) is composed of the RBP domain (amino acids 1–177, corresponding to residues 1–177 in RBP) and the albumin domain IIIA (amino acids, corresponding to residues in albumin) and IB (amino acids, corresponding to residues in albumin), as shown in Figure 1 and Figure 2. It includes a signal peptide at its N-terminus for secretion and is tagged with a His-tag at the C-terminus for purification purposes. To optimize the amino acid sequence of R31 for manufacturing needs, including productivity and thermal stability, AlphaFold2 was used to predict its structure."
SEC236236522904_C02,236236522904,2,507,1212,"To optimize the amino acid sequence of R31 for manufacturing needs, including productivity and thermal stability, AlphaFold2 was used to predict its structure. The predicted model showed that the region linking RBP and IIIA in the fusion protein R31 appears flexible or disordered, as highlighted by a black circle ( Figure 1 A and Supplementary Figure S2A). After C174, which forms a disulfide bond with C70 in RBP4, the first α-helix of IIIA starts at P182. We hypothesized that the flexibility of the region (D175~E181) increases the conformational heterogeneity of the fusion protein, which may contribute to low productivity. Thus, we decided to modify the amino acid sequence of this linker region."
SEC236236522904_C03,236236522904,3,967,1661,"We hypothesized that the flexibility of the region (D175~E181) increases the conformational heterogeneity of the fusion protein, which may contribute to low productivity. Thus, we decided to modify the amino acid sequence of this linker region. Despite several attempts to increase the rigidity by substituting multiple residues with helix-forming amino acids, none were successful. However, recognizing that G176 and R177 are located four residues away from E180 and E181, we substituted G176 with Lys. This change caused a shift in the α-helix initiation site from P182 to K176, leading to an additional helical turn and a more rigid linker region ( Figure 1 B and Supplementary Figure S2B)."
SEC236236522904_C04,236236522904,4,1471,2166,"This change caused a shift in the α-helix initiation site from P182 to K176, leading to an additional helical turn and a more rigid linker region ( Figure 1 B and Supplementary Figure S2B). Analysis of the AlphaFold2-predicted structure of R31 using Schrödinger revealed that the G176K mutation created additional polar interactions with the neighboring residues, and 181, potentially further stabilizing the linker region ( Figure 2). The effect of the G176K mutation on productivity was assessed by transiently transfecting Expi293 cells with plasmids encoding the fusion proteins R31 or R31-G176K. The culture supernatant was then analyzed by Western blotting using an anti-His tag antibody."
SEC236236522904_C05,236236522904,5,1907,2318,"The effect of the G176K mutation on productivity was assessed by transiently transfecting Expi293 cells with plasmids encoding the fusion proteins R31 or R31-G176K. The culture supernatant was then analyzed by Western blotting using an anti-His tag antibody. However, no significant increase in productivity was observed, indicating that this point mutation alone did not enhance expression levels ( Figure 3)."
SEC699631887914_C01,699631887914,1,0,777,"The Productivity of R31 Was Improved by Incorporating an Additional Disulfide Bond, V231C/Y250C The first domain of R31, RBP, shares almost the entire sequence with RBP, while the second and third domains, IIIA and IB, are partially derived from albumin. As predicted by AlphaFold2, the structure of the first domain of R31 closely matches that of RBP ( Figure 1). We hypothesized that the relatively low productivity of R31 could be partially attributed to the low stability of the downstream albumin domain. As a result, we focused on altering the amino acid sequence within domain IIIA. Domain IIIA of albumin contains four native disulfide bonds, one of which (C437/C448 in albumin, corresponding to C235/C246 in R31) connects α-helices 3 and 4 ( Figure 4, marked in red)."
SEC699631887914_C02,699631887914,2,590,1386,"Domain IIIA of albumin contains four native disulfide bonds, one of which (C437/C448 in albumin, corresponding to C235/C246 in R31) connects α-helices 3 and 4 ( Figure 4, marked in red). In a previous study, we showed that introducing a disulfide bond via N227C/V254C (marked in blue), which also links α-helices 3 and 4, significantly enhanced both the productivity and efficacy of the fusion protein. Since the distance between α-helices 3 and 4 slightly increases as they move away from the hinge, we hypothesized that the N227C/V254C disulfide bond might not be sufficient to stabilize the two helices. To address this, we added an additional disulfide bond by replacing V231/Y250 ( Figure 4, marked in yellow) with cysteine, positioning it between the native C235/C246 bond and N227C/V254C."
SEC699631887914_C03,699631887914,3,1197,1834,"To address this, we added an additional disulfide bond by replacing V231/Y250 ( Figure 4, marked in yellow) with cysteine, positioning it between the native C235/C246 bond and N227C/V254C. We tested whether the combination of the N227C/V254C and V231C/Y250C disulfide bonds would enhance the structural stability and protein yield. Expi293 cells were transiently transfected with plasmids encoding the fusion proteins R31, R31-G176K, R31-V231C/Y250C, and R31-G176K-V231C/Y250C, and the culture supernatant was analyzed by Western blotting. Notably, the inclusion of V231C/Y250C led to a significant increase in productivity ( Figure 5)."
SEC837254444518_C01,837254444518,1,0,699,"The Fusion Protein R31-G176K-V231C/Y250C Exhibited Improved Productivity and Thermal Stability To enhance the productivity, we modified the amino acid sequence of the fusion protein R31, resulting in the variants R31-G176K, R31-V231C/Y250C, and R31-G176K-V231C/Y250C. Following the transient transfection of a plasmid encoding the fusion protein into Expi293 cells, the secreted fusion protein (~44 kDa) was purified using Ni Sepharose, followed by size exclusion chromatography. SDS-PAGE analysis was conducted under both reducing conditions (with a final concentration of 10 mM DTT) and non-reducing conditions, confirming the presence of a band corresponding to the fusion protein ( Figure 6 A)."
SEC837254444518_C02,837254444518,2,480,1199,"SDS-PAGE analysis was conducted under both reducing conditions (with a final concentration of 10 mM DTT) and non-reducing conditions, confirming the presence of a band corresponding to the fusion protein ( Figure 6 A). The thicker band observed with 10 mM DTT is likely due to the altered migration pattern of proteins with disrupted disulfide bonds. The size exclusion chromatography profile showed a single, sharp peak, indicating the homogeneity of the protein samples ( Figure 6 B). The protein yield assessment revealed that R31-V231C/Y250C produced more than three times the yield of R31 ( Table 1). Additionally, combining V231C/Y250C with G176K resulted in a modest further improvement, reaching over 130 mg/L."
SEC837254444518_C03,837254444518,3,1086,1854,"Additionally, combining V231C/Y250C with G176K resulted in a modest further improvement, reaching over 130 mg/L. To evaluate the thermal stability of the R31 variants, a protein thermal shift assay was conducted. The melting temperature of R31-V231C/Y250C and R31-G176K-V231C/Y250C increased by approximately 2 °C compared to R31 ( Figure 7). These results suggest that the introduction of the additional disulfide bond (V231C/Y250C) in R31 may enhance the stability of the middle domain IIIA, thereby improving the fusion protein’s productivity and thermal stability. Furthermore, the G176K mutation, which increases rigidity at the RBP/IIIA interface, combined with V231C/Y250C, likely increases the overall structural stability and promotes proper protein folding."
SEC659497744830_C01,659497744830,1,0,641,"The Fusion Protein R31-G176K-V231C/Y250C Showed Increased Anti-Fibrotic Activity We then measured the anti-fibrotic effects of the fusion proteins R31, R31-G176K, R31 -V231C/Y250C, and R31-G176K-V231C/Y250C on activated HSCs in vitro, which were isolated from mice as described in the Materials and Methods. After treating HSCs after passage 1 with the purified fusion proteins, we quantified the expression of α-SMA and collagen type I, two well-established markers of activated HSCs/myofibroblasts, using real-time PCR. The fusion proteins reduced mRNA expression, with R31-G176K-V231C/Y250C having the most pronounced effect ( Figure 8)."
SEC659497744830_C02,659497744830,2,522,819,"The fusion proteins reduced mRNA expression, with R31-G176K-V231C/Y250C having the most pronounced effect ( Figure 8). These results were also accompanied by noticeable phenotypic changes, including the reappearance of lipid droplets, cell shrinkage, and a reduction in stress fibers ( Figure 9)."
SEC622332360305_C01,622332360305,1,0,683,"Discussion Fusion proteins have gained considerable attention in the drug industry. These proteins combine parts of two or more proteins into one, creating new molecules with specialized functions. A common application is the integration of therapeutic activity with targeting capabilities, which improves specificity and minimizes off-target effects. An example of this approach is the RBP–albumin fusion protein studied here, where albumin serves as the functional domain and RBP acts as the targeting domain. Optimizing the amino acid sequence of a fusion protein is a critical but challenging task, as each amino acid influences the protein’s stability, activity, and structure."
SEC622332360305_C02,622332360305,2,512,1294,"Optimizing the amino acid sequence of a fusion protein is a critical but challenging task, as each amino acid influences the protein’s stability, activity, and structure. Given the vast number of possible amino acid combinations, predicting how individual changes will influence the protein’s function and conformation is not easy. To identify the optimal sequence, researchers typically rely on computational modeling and trial-and-error approaches, which are time-consuming and require specialized expertise. Moreover, there is a limited body of literature focusing specifically on sequence optimization for fusion proteins. Several factors affect the productivity of fusion proteins, including proper protein folding, stability, solubility, and post-translational modifications."
SEC622332360305_C03,622332360305,3,1139,1799,"Several factors affect the productivity of fusion proteins, including proper protein folding, stability, solubility, and post-translational modifications. The choice of linker sequence between protein domains is critical for ensuring proper folding and stability. Without suitable linkers, directly fusing protein domains can lead to issues such as misfolding, reduced protein yield, or loss of bioactivity. In this study, we carefully examined the linker region between RBP and IIIA and observed a flexible connection between 175D and 181E. According to George and Heringa, rigid linkers often adopt α-helical structures or include multiple proline residues."
SEC622332360305_C04,622332360305,4,1681,2399,"According to George and Heringa, rigid linkers often adopt α-helical structures or include multiple proline residues. We substituted G176 with lysine, which shifted the α-helix initiation site from P182 to K176 and increased polar interactions with neighboring residues, thereby enhancing the rigidity of the RBP–IIIA interface. However, this mutation alone did not improve productivity. This could be partly due to the low stability of the downstream albumin domain(s), which likely hinders proper protein folding. On the other hand, in our previous study, we modified the linker between domains IIIA and IB, hypothesizing that the flexibility of the linker caused the fusion protein to adopt a compact conformation."
SEC622332360305_C05,622332360305,5,2197,2955,"On the other hand, in our previous study, we modified the linker between domains IIIA and IB, hypothesizing that the flexibility of the linker caused the fusion protein to adopt a compact conformation. We replaced the sequence (EVDD) with one (AAAA) that is neither flexible nor rigid to ensure proper spacing between the domains. Thus, the choice of linker sequence should be tailored to the specific context of the fusion protein. To enhance the productivity of R31, we introduced an additional disulfide bond through the V231C/Y250C pair, which lies between the native C235/C246 bond and the N227C/V254C pair. Previous studies have shown that the artificial insertion of disulfide bonds can strengthen the protein structure and improve its functionality."
SEC622332360305_C06,622332360305,6,2810,3556,"Previous studies have shown that the artificial insertion of disulfide bonds can strengthen the protein structure and improve its functionality. The inclusion of V231C/Y250C resulted in a notable increase in both productivity and thermal stability, indicating that the enhanced structural stability of the middle domain IIIA, conferred by V231/Y250, facilitates proper protein folding. Moreover, combining V231C/Y250C with the G176K mutation produced a synergistic effect. We believe that the improved stability of IIIA coupled with the increased rigidity of the RBP/IIIA interface optimize the interdomain distance and alignment of IIIA relative to RBP. This adjustment likely contributes to an additional increase in productivity and efficacy."
SEC622332360305_C07,622332360305,7,3283,3950,"We believe that the improved stability of IIIA coupled with the increased rigidity of the RBP/IIIA interface optimize the interdomain distance and alignment of IIIA relative to RBP. This adjustment likely contributes to an additional increase in productivity and efficacy. A similar example has been reported, where rigid helical linkers enhanced protein crystallization by ensuring proper domain alignment. We used AlphaFold2 to predict the fusion protein structure in order to understand the low yield of the fusion protein R31 and identify potential solutions. AlphaFold2 provides pLDDT scores and PAE values to assess prediction confidence and model reliability."
SEC622332360305_C08,622332360305,8,3847,4562,"AlphaFold2 provides pLDDT scores and PAE values to assess prediction confidence and model reliability. While these scores offer valuable insights, validation remains essential for ensuring biological relevance and structural consistency. Nevertheless, AlphaFold2 has proven to be an invaluable tool for designing and optimizing amino acid sequences to improve the protein’s stability and productivity. We evaluated the effects of each amino acid sequence modification on productivity, thermal stability, and anti-fibrotic activity. Compared to R31, the introduction of the additional disulfide bond (V433C/Y452C) and the G176K mutation resulted in a significant increase in both productivity and thermal stability."
SEC622332360305_C09,622332360305,9,4379,5153,"Compared to R31, the introduction of the additional disulfide bond (V433C/Y452C) and the G176K mutation resulted in a significant increase in both productivity and thermal stability. When combined with the outcomes from our previous sequence optimization efforts, the enhanced structural stability of the middle domain IIIA, along with the optimization of both its RBP/IIIA and IIIA/IB interfaces, led to more than a 100-fold increase in fusion protein productivity. This study is the first to highlight the importance of optimizing the middle domain in fusion protein design to enhance both productivity and efficacy. We believe that it offers valuable insights into the complexities of fusion protein production and serves as an example of rational fusion protein design."
SEC932300991494_C01,932300991494,1,0,21,Materials and Methods
SEC833536407575_C01,833536407575,1,0,412,"Animals Male BALB/c mice were obtained from Orient Bio, Inc. (Sungnam, Republic of Korea), and housed in a controlled environment with regulated temperature, humidity, and lighting. All animal procedures were approved by our institutional review board (KOREA-) and adhered to the NIH Guide for the Care and Use of Laboratory Animals. Expi293 cells were sourced from Thermo Fischer Scientific (Waltham, WA, USA)."
SEC33083299398_C01,33083299398,1,0,694,"Expression and Purification of Fusion Proteins Fusion proteins, including R31 (depicted in Supplementary Figure S1) and its variants, were synthesized using a previously established protocol. Briefly, Expi293 cells were transiently transfected with plasmids using the ExpiFectamine 293 transfection reagent (Thermo Fisher Scientific, Waltham, WA, USA) according to the manufacturer’s instructions. Six days post-transfection, the culture medium was clarified by centrifugation. Fusion proteins were then purified by affinity chromatography using a HisTrap Excel column (Cytiva, Marlborough, MA, USA), followed by size exclusion chromatography on a HiLoad Superdex 200 16/60 GL column (Cytiva)."
SEC33083299398_C02,33083299398,2,478,867,"Fusion proteins were then purified by affinity chromatography using a HisTrap Excel column (Cytiva, Marlborough, MA, USA), followed by size exclusion chromatography on a HiLoad Superdex 200 16/60 GL column (Cytiva). The buffer of the R31 variants was exchanged, and proteins were concentrated using 10 kDa molecular weight cutoff centrifugal filter units (Millipore, Burlington, MA, USA)."
SEC884211243260_C01,884211243260,1,0,708,"SDS-PAGE and Western Blot Analysis Protein samples were prepared by mixing with 4× NuPAGE™ LDS Sample Buffer (Invitrogen #NP0007, Carlsbad, CA, USA), with or without 10× NuPAGE™ Sample Reducing Agent (500 mM DTT, Invitrogen #NP0009), and were then denatured at 100 °C for 5 min. Denatured proteins were separated on 4–12% bis-tris NuPAGE gels (Thermo Fisher Scientific) and subjected to either Coomassie staining or Western blot analysis. A rabbit polyclonal anti-His antibody (Abcam #ab1187, Cambridge, MA, USA) was employed for detection. The Western blot results were quantified using ImageJ (version 1.53m) to analyze band intensities, and the relative expression levels of the proteins were calculated."
SEC221704139943_C01,221704139943,1,0,569,"Computational Analysis of Residue Interactions The 3D structure predicted by AlphaFold2 served as the basis for subsequent calculations and visualizations, which were performed using the Schrödinger Suite Release 2024-2. The structure was prepared with Schrödinger’s Protein Preparation Wizard, during which all crystallographic water molecules were removed to optimize the model for interaction analysis. Residue interaction analysis was conducted using the Prime module, focusing on identifying polar interactions that could influence protein stability and function."
SEC714199527942_C01,714199527942,1,0,785,"Protein Thermal Shift (PTS) Assay The PTS was performed in MicroAmp™ Fast Optical 96-Well Reaction Plates with Barcode (Applied Biosystems, Carlsbad, CA, USA) using the Applied Biosystems ViiA 7 Real-Time PCR System. Protein samples were centrifuged for 15 min before preparation. The final reaction mixture contained R31 variant proteins and Protein Thermal Shift™ Dye (1000× stock; Applied Biosystems), diluted at a ratio of 1:250 in PBS (pH 7.4). Melting curve data were recorded from 25 °C to 99 °C with an increment rate of 0.05 °C/s. Excitation and emissions filters were applied for Protein Thermal Shift™ Dye (470 and 520 nm, respectively). The resulting fluorescence data were analyzed, and the melting temperatures were calculated using Protein Thermal Shift™ Software v1.3."
SEC714199527942_C02,714199527942,2,649,824,"The resulting fluorescence data were analyzed, and the melting temperatures were calculated using Protein Thermal Shift™ Software v1.3. All samples were tested in triplicate."
SEC534617744023_C01,534617744023,1,0,799,"Isolation of Mouse Hepatic Stellate Cells (HSCs) HSCs were isolated from >14-week-old male BALB/c mice as described previously. Briefly, livers were perfused with phosphate-buffered saline (PBS), followed by Gey’s balanced salt solution (GBSS) containing collagenase (0.5 mg/mL; Sigma-Aldrich, St. Louis, MO, USA) and pronase (1 mg/mL; Sigma-Aldrich). After dissection and removal of gall bladders and connective tissues, liver suspensions were further digested with GBSS containing collagenase (0.25 mg/mL), pronase (0.5 mg/mL), and DNase (0.07 mg/mL; MP Biomedicals, Santa Ana, CA, USA) for 12 min at 37 °C. Cells were centrifuged through a 13.4% Nycodenz (Sigma-Aldrich) gradient, and the enriched HSCs were collected from the interface, washed, and cultured in DMEM with 10% fetal bovine serum."
SEC534617744023_C02,534617744023,2,647,1042,"4% Nycodenz (Sigma-Aldrich) gradient, and the enriched HSCs were collected from the interface, washed, and cultured in DMEM with 10% fetal bovine serum. HSC purity was confirmed by microscope. Cells were passaged before reaching 70% confluence and used as activated HSCs. The activation status of the HSCs was assessed by increased α-SMA and collagen type I expression and morphological changes."
SEC270816002960_C01,270816002960,1,0,564,"Quantitative Real-Time PCR Total RNA was extracted using TRIzol (Ambion, Austin, TX, USA) and reverse-transcribed into cDNA. Real-time PCR was performed on an ABI QuantStudio 3 system, with GAPDH used as the internal control for normalization. The primers for α-SMA were 5′- CCAGCACCATGAAGATCAAG -3′ (forward) and 5′- TGGAAGGTAGACAGCGAAGC -3′ (reverse); for collagen type I, 5′- CGACCTCAAGATGTGCCACT -3′ (forward) and 5′- CTTGGTTAGGGTCGATCCAG -3′ (reverse); and for GAPDH, 5′- TCAACAGCAACTCCCACTCTTCCA -3′ (forward) and 5′- TTGTCATTGAGAGCAATGCCAGCC -3′ (reverse)."
SEC3241681674_C01,3241681674,1,0,183,"Statistical Analysis The data are presented as mean ± standard deviation (SD). A paired t -test was conducted, with a p -value of less than 0.05 considered statistically significant."
SEC933183777219_C01,933183777219,1,0,352,"Conclusions This study underscores the complexities of fusion protein production and exemplifies a rational protein design approach. By optimizing the linker sequence between RBP and IIIA and improving the stability of the middle domain (IIIA), we enhanced the overall structural stability as well as productivity, thermal stability, and bio-efficacy."
SEC833364755489_C01,833364755489,1,0,99,Patents The experimental findings have been submitted for patent to the South Korea Patent Office.
SEC528758908024_C01,528758908024,1,0,693,"Abstract AbstractAdvances in deep learning have significantly aided protein engineering in addressing challenges in industrial production, healthcare, and environmental sustainability. This review frames frequently researched problems in protein understanding and engineering from the perspective of deep learning. It provides a thorough discussion of representation methods for protein sequences and structures, along with general encoding pipelines that support both pre‐training and supervised learning tasks. We summarize state‐of‐the‐art protein language models, geometric deep learning techniques, and the combination of distinct approaches to learning from multi‐modal biological data."
SEC528758908024_C02,528758908024,2,513,1267,"We summarize state‐of‐the‐art protein language models, geometric deep learning techniques, and the combination of distinct approaches to learning from multi‐modal biological data. Additionally, we outline common downstream tasks and relevant benchmark datasets for training and evaluating deep learning models, focusing on satisfying the particular needs of protein engineering applications, such as identifying mutation sites and predicting properties for candidates' virtual screening. This review offers biologists the latest tools for assisting their engineering projects while providing a clear and comprehensive guide for computer scientists to develop more powerful solutions by standardizing problem formulation and consolidating data resources."
SEC528758908024_C03,528758908024,3,1001,1480,"This review offers biologists the latest tools for assisting their engineering projects while providing a clear and comprehensive guide for computer scientists to develop more powerful solutions by standardizing problem formulation and consolidating data resources. Future research can foresee a deeper integration of the communities of biology and computer science, unleashing the full potential of deep learning in protein engineering and driving new scientific breakthroughs."
SEC669426530896_C01,669426530896,1,0,751,"INTRODUCTION Protein engineering, at the forefront of modern biotechnology, plays a pivotal role in addressing global challenges ranging from healthcare to environmental sustainability. Proteins exhibit versatile functionalities, serving as gene regulators, catalysts, and structural scaffolds in biological systems. Designing and enhancing proteins with desired functions holds immense potential for medical and industrial applications, such as drug discovery, design, and organ preservation. It also offers effective and innovative solutions to address emerging threats in sustainable development, such as carbon‐negative industries and plastic waste management, underscoring its significance in shaping the future of clean energy and human health."
SEC669426530896_C02,669426530896,2,494,1123,"It also offers effective and innovative solutions to address emerging threats in sustainable development, such as carbon‐negative industries and plastic waste management, underscoring its significance in shaping the future of clean energy and human health. The function of proteins is determined by their sequences and structures. Conventional computational and experimental protein engineering methods involve rational design, random mutagenesis, and saturation mutagenesis to introduce point mutations into wild‐type proteins, followed by extensive screening experiments to identify mutants that meet application requirements."
SEC669426530896_C03,669426530896,3,825,1413,"Conventional computational and experimental protein engineering methods involve rational design, random mutagenesis, and saturation mutagenesis to introduce point mutations into wild‐type proteins, followed by extensive screening experiments to identify mutants that meet application requirements. Along with the rapid expansion of protein sequence and structure databases 1, 2, 3, as well as the explosive development of computer science technologies, the latest research and development efforts have begun to integrate deep learning methods for protein function enhancement 4, 5, 6, 7."
SEC669426530896_C04,669426530896,4,1123,1828,"Along with the rapid expansion of protein sequence and structure databases 1, 2, 3, as well as the explosive development of computer science technologies, the latest research and development efforts have begun to integrate deep learning methods for protein function enhancement 4, 5, 6, 7. These methods provide comprehensive guidance for protein engineering by learning the relationship between protein function and sequence/structure from extensive wild‐type proteins that exist in nature or from biological experiments. The two fundamental forms of describing proteins, that is, sequence and structure, naturally give rise to two categories of deep learning models for protein representation encoding."
SEC669426530896_C05,669426530896,5,1646,2264,"The two fundamental forms of describing proteins, that is, sequence and structure, naturally give rise to two categories of deep learning models for protein representation encoding. Models for amino acid sequences typically employ protein language models, similar to analyzing tokens in natural language processing (NLP). The latest methods utilize Transformer 8 to learn the pairwise relationships of amino acids and summarize the comprehensive role of each amino acid within the entire sequence. Two common sequence modeling strategies are masked language models 9 and autoregressive sequence generation methods 10."
SEC669426530896_C06,669426530896,6,2144,2807,"Two common sequence modeling strategies are masked language models 9 and autoregressive sequence generation methods 10. Alternatively, structure‐based deep learning models utilize geometric deep learning algorithms, such as convolutional neural networks (CNNs) and graph neural networks (GNNs), to analyze the backbone structure or surface of proteins. These methods typically require less data and lower model complexity, yet they have been developed slowly, until the emergence of structure prediction methods such as AlphaFold2 11 and ESMFold 12, due to the experimental difficulty of obtaining massive protein structure data compared to sequence information."
SEC669426530896_C07,669426530896,7,2497,3242,"These methods typically require less data and lower model complexity, yet they have been developed slowly, until the emergence of structure prediction methods such as AlphaFold2 11 and ESMFold 12, due to the experimental difficulty of obtaining massive protein structure data compared to sequence information. Due to the issue of data scarcity for experimental labels, the conventional protocol for training a deep protein representation learning model involves summarizing sequence and structure information using a pre‐training scheme. Such a scheme does not rely on labeled protein data from experiments, thus providing practical solutions for various downstream tasks, such as mutation scoring, function annotation, and property prediction."
SEC669426530896_C08,669426530896,8,3035,3817,"Such a scheme does not rely on labeled protein data from experiments, thus providing practical solutions for various downstream tasks, such as mutation scoring, function annotation, and property prediction. The associated zero‐shot predictions have seen success in protein engineering 4, and protein design 5, 15. Additionally, when a limited amount of experimental data is available, pre‐trained models can be continuously optimized to further enhance predictive performance 16. Developing artificial intelligence methods to solve synthetic biology problems has become an increasingly important research field. In this context, we review the main scientific questions and propose solutions in protein engineering, as well as discuss the remaining research problems to be explored."
SEC669426530896_C09,669426530896,9,3647,4440,"In this context, we review the main scientific questions and propose solutions in protein engineering, as well as discuss the remaining research problems to be explored. We start by formulating inference tasks related to protein sequences, structures, and functions, and we define common data processing methods based on accessible protein data modalities and available deep learning approaches. Subsequently, we enumerate the common deep learning pre‐training frameworks for different input types (e.g., amino acid sequence or structure), which fully utilize unlabeled data to extract hidden protein representations for downstream task predictions. Relevant prediction tasks and the datasets used for training and evaluation are listed in the section of “Benchmarks on the Downstream Tasks”."
SEC669426530896_C10,669426530896,10,4297,4655,"Relevant prediction tasks and the datasets used for training and evaluation are listed in the section of “Benchmarks on the Downstream Tasks”. These three sections collectively frame the core steps for addressing various challenges in protein engineering using deep learning. At last, we outline future challenges and directions for the field's development."
SEC114172869063_C01,114172869063,1,0,725,"KNOWLEDGE ALIGNMENT: PROTEIN ENGINEERING AND DEEP LEARNING In the context of deep learning, numerical representations of proteins are required. The different choices of input data modalities reflect the preferred inductive bias, which is closely related to the selection of deep learning techniques. As deep learning‐assisted protein engineering can be a highly interdisciplinary research area, both communities need to align the fundamental concepts before developing solutions to scientific problems. To this end, we start by framing the typical representations of proteins following the inference tasks associated with protein engineering. Subsequently, we summarize the conventional choices for protein characterization."
SEC866372526849_C01,866372526849,1,0,650,"The central dogma of protein engineering Proteins perform diverse functions in organisms, such as transport, storage, membrane composition, and enzymatic action. The function of a protein is determined by its structure, which is folded according to a specific sequence of amino acids (Figure 1A). The central dogma of proteins underlies the pathway of protein engineering and novel protein design 17. We term the inference of structure and function from a given protein sequence as protein understanding. Conversely, determining the structure and sequence of a desired function (or structure) is referred to as protein engineering or protein design."
SEC866372526849_C02,866372526849,2,505,1297,"Conversely, determining the structure and sequence of a desired function (or structure) is referred to as protein engineering or protein design. In the context of protein engineering, a template protein and a function or property of interest are known, such as catalytic activity, thermostability, or solubility. The objective of engineering is to enhance the protein's performance by making local adjustments by substituting a few amino acids in the protein. Different from traditional methods like rational design and saturation mutagenesis, deep learning‐assisted engineering methods apply the principles of the protein engineering central dogma. By incorporating extensive wild‐type protein sequences and structures, the complicated projection of sequence‐structure‐function is inferred."
SEC866372526849_C03,866372526849,3,1155,1808,"By incorporating extensive wild‐type protein sequences and structures, the complicated projection of sequence‐structure‐function is inferred. This scheme guides the modification and design of proteins, achieving higher success rates and better assay performance at lower costs and faster speeds. Unlike the massive amount of sequence and structure data, only a small fraction of proteins has been labeled with function and property annotations. Consequently, large‐scale powerful deep learning models are less popular in function prediction tasks in comparison to classic machine learning methods, such as gradient boosting and support vector machines."
SEC866372526849_C04,866372526849,4,1600,2245,"Consequently, large‐scale powerful deep learning models are less popular in function prediction tasks in comparison to classic machine learning methods, such as gradient boosting and support vector machines. Additionally, many function annotations lack experimental validation, which hinders prediction models from achieving better accuracy due to their suboptimal inference power. Moreover, it is challenging to generalize quantified experimental metrics to other proteins or align them with different experimental environments, often leading models trained with supervised learning schemes to lack generalizability and practical significance."
SEC866372526849_C05,866372526849,5,1982,2710,"Moreover, it is challenging to generalize quantified experimental metrics to other proteins or align them with different experimental environments, often leading models trained with supervised learning schemes to lack generalizability and practical significance. These problems have led to the development of self‐supervised learning schemes in recent years, in which a pre‐trained deep learning model only needs to learn from self‐labeled input data to obtain suitable hidden representations for subsequent downstream task predictions or fine‐tuning. To translate between protein sequence, structure, and function, a standard deep learning solution for protein engineering consists of three steps, as illustrated in Figure 1B."
SEC866372526849_C06,866372526849,6,2534,3211,"To translate between protein sequence, structure, and function, a standard deep learning solution for protein engineering consists of three steps, as illustrated in Figure 1B. First, the protein data are characterized into a numeric representation that can be processed by a model, such as a sequence of tokens, graphs, or voxels. Second, an appropriate encoding method (such as a protein language model or geometric deep learning) is selected based on the input data to transform the complex input data into vector representations. Since the learned vectors reside in a high‐dimensional space with no explicit physical meaning, they are referred to as hidden representations."
SEC866372526849_C07,866372526849,7,3067,3733,"Since the learned vectors reside in a high‐dimensional space with no explicit physical meaning, they are referred to as hidden representations. Notably, training large models to learn expressive vector representations typically employs a pre‐training scheme since most protein data lack sufficient functional labels. Third, for a specified template protein to be engineered, a pre‐trained model is used to extract its hidden representation and score it. Depending on the accessibility of labels, as well as the practical requirements, when no labeled data are available, zero‐shot prediction is employed using measurements, such as entropy score and log‐odds ratio."
SEC866372526849_C08,866372526849,8,3521,3925,"Depending on the accessibility of labels, as well as the practical requirements, when no labeled data are available, zero‐shot prediction is employed using measurements, such as entropy score and log‐odds ratio. When a small amount of labeled data is accessible, a feasible approach is to fine‐tune the model or scoring function to obtain more customized scores on a particular prediction task or assay."
SEC453546485059_C01,453546485059,1,0,713,"Numerical characterization of proteins Before training deep learning models for protein understanding, the numerical representation of proteins has to be characterized first, such as the sequence and structural composition of proteins, as well as the explicitly defined molecular properties. The different ways of describing a protein reflect the preferred inductive bias and determine the choices of deep learning techniques in the later stage (Figure 1C). For instance, protein sequences are typically processed with language models to extract contextual representations along one‐dimensional chains, allowing long‐range relationships between different atoms or amino acids along the same chain to be captured."
SEC453546485059_C02,453546485059,2,458,981,"For instance, protein sequences are typically processed with language models to extract contextual representations along one‐dimensional chains, allowing long‐range relationships between different atoms or amino acids along the same chain to be captured. Alternatively, grid‐like representations are handled by convolutional networks, where atoms or amino acids within smaller receptive fields are more influential to the central instance. This section provides a summary of the common choices for characterizing proteins."
SEC296333242634_C01,296333242634,1,0,610,"Sequence The primary structure of a protein can be encoded as a unique sentence of amino acids. Excluding those that are uncommon or nontraditional, amino acids are classified into 20 different groups, and each type of amino acid is commonly designated by a unique one‐letter code, such as R for arginine and K for lysine. There are also statistical methods that merge common combinations of amino acids into phrases of tokens, which could represent meaningful units of proteins, such as secondary structures, motifs, or domains. Such enhanced representation improves the expressivity of amino acid sequences."
SEC296333242634_C02,296333242634,2,323,1085,"There are also statistical methods that merge common combinations of amino acids into phrases of tokens, which could represent meaningful units of proteins, such as secondary structures, motifs, or domains. Such enhanced representation improves the expressivity of amino acid sequences. In this way, amino acids, motifs, and domains in proteins are comparable to words, phrases, and sentences in human languages, in which sequential representations are typically encoded using language models, such as 1D CNNs and attention mechanisms. The former constructs the receptive field to efficiently compute the local environment of long sequences, and the latter analyzes the comprehensive relationship of the whole sequence at the cost of higher computational costs."
SEC733374447436_C01,733374447436,1,0,728,"Structure The sequential representation of molecules provides a detailed breakdown of their components. Alternatively, topological representations by graphs depict the intramolecular spatial interactions. In essence, a graph is composed of a set of nodes that represent the characters in the 1D sequence (atoms or residues), with edges connecting nodes based on identified relationships. These relationships can be either explicitly defined by biological connections (e.g., chemical bonds) or implicitly defined by geometric connections (e.g., pairwise Euclidean distances in 3D space) 4, 28. While graphs are arguably the most common choice for protein structures, there are also other variants of 3D geometric representation."
SEC733374447436_C02,733374447436,2,593,1195,"While graphs are arguably the most common choice for protein structures, there are also other variants of 3D geometric representation. If the pairwise connections are neglected, the group of entities is called a point cloud; if the nodes are assumed to align to the grid, it can be viewed as a voxel 31; and if a molecule's shape is a major concern over its internal structure, a 3D mesh can be leveraged to describe the surface 32. The choice of representation depends on the specific properties of interest, and all of them require consideration of rotation and translation equivariance in 3D space."
SEC7034050514_C01,7034050514,1,0,784,"Molecular properties Depending on the input unit and the potential application of the model, there are additional physicochemical or geometric features related to the functionality of the protein. Explicitly defining these features with domain knowledge could assist the model in learning the patterns and restrictions of protein construction. For instance, different types of amino acids correspond to the hydrophobicity, hydrophilicity, polarizability, and net charge of molecules, which can be important constraints for protein folding and functioning. At the structure level, the shape or conformation can usually be reflected by the 3D coordinates. Additional structure‐level summations include contacts, spatial distance, torsion angles, side‐chain direction, and pseudo force."
SEC444144814578_C01,444144814578,1,0,691,"PROTEIN REPRESENTATION LEARNING A deep learning model learns vector representations for proteins in a hidden space, which is mapped by multi‐layer neural networks from the input data. The quality of these hidden representations determines the prediction performance for downstream tasks, such as function annotation. The choice of neural networks depends on the inductive bias of the prediction task, which is also reflected in the format of the input, as introduced in the previous section. For instance, amino acid sequences typically use Transformer‐based language models for encoding, while structure‐aware graph or voxel representations typically use neural message passing or 3D CNNs."
SEC776950646724_C01,776950646724,1,0,657,"Protein sequence encoding with language models Similar to natural language, protein sequences can be represented as tokens. This consistency makes it a natural choice to adopt language models to analyze the token‐wise dependencies in protein sequences. The advances in gene sequencing technology bring an increasing number of high‐quality protein sequences, thereby expanding the corpus of protein sequences and enhancing the representation capabilities of large protein language models. Protein language models fit complex, large‐scale models using massive amounts of data to analyze the pairwise relationships of tokens (e.g., amino acids) in a sequence."
SEC776950646724_C02,776950646724,2,488,1106,"Protein language models fit complex, large‐scale models using massive amounts of data to analyze the pairwise relationships of tokens (e.g., amino acids) in a sequence. Since they do not rely on prior knowledge, they have the potential to uncover more expressive representations beyond predefined topological relationships (for geometric deep learning models) or physicochemical descriptors (for classical machine learning models). However, this ability to extract comprehensive representations requires substantial resources, making it impractical in cases in which data are scarce or computational power is limited."
SEC381605289341_C01,381605289341,1,0,770,"Encoder‐only models The first mainstream category of pre‐training protein language models is encoder‐only language models (Figure 2A), which, in NLP tasks, are commonly used for text understanding and representation learning. An encoder model maps the input text sequence to a set of vectors. The projection rules are learned extensively from a large corpus through self‐supervised learning. The output of the last encoding layer provides the amino acid representation of the protein in a hidden space, which is expected to capture the implicit main characteristics of the protein and can be used for downstream tasks, such as mutation effect prediction and function prediction. The majority of encoder‐only protein models follow the Transformer‐based BERT framework 9."
SEC381605289341_C02,381605289341,2,392,1132,"The output of the last encoding layer provides the amino acid representation of the protein in a hidden space, which is expected to capture the implicit main characteristics of the protein and can be used for downstream tasks, such as mutation effect prediction and function prediction. The majority of encoder‐only protein models follow the Transformer‐based BERT framework 9. Two types of BERT‐style learning tasks in NLP are masked language modeling (MLM) and next sentence prediction. MLM is the preferred choice for existing protein language models because next sentence prediction is used to predict the relationship between two sequences of text, and annotating sufficient contextual relationships is nearly impossible for proteins."
SEC381605289341_C03,381605289341,3,881,1627,"MLM is the preferred choice for existing protein language models because next sentence prediction is used to predict the relationship between two sequences of text, and annotating sufficient contextual relationships is nearly impossible for proteins. During the training phase, MLM randomly masks a subset of tokens (usually 15% of all the amino acids), and the training objective is to minimize the difference between the prediction of the masked amino acid and the ground truth, i.e., [EQ:EQ7] Here, x / M denotes the protein sequence excluding the masked tokens, where the sequence x ∈ X is extracted from the population dataset X. The conditional probability p ( x i | x / M) of the i th token x i is based on the unmasked amino acids x / M."
SEC381605289341_C04,381605289341,4,1516,2274,The conditional probability p ( x i | x / M) of the i th token x i is based on the unmasked amino acids x / M. The training objective is to minimize the negative log‐likelihood of correctly identifying all the masked true amino acids based on the unmasked part. This requires the model to effectively learn the relationship between masked and unmasked tokens. MLM (and its variants) has become the predominant choice for protein language representation model work. An iconic example is the ESM series. ESM‐1b 18 analyzes the biochemical pattern and evolutionary homology of a particular protein and customizes hidden representation for it. ESM‐1v 19 applies the MLM training framework to zero‐shot mutation effect prediction with log‐odds scoring functions.
SEC381605289341_C05,381605289341,5,2156,2864,"ESM‐1v 19 applies the MLM training framework to zero‐shot mutation effect prediction with log‐odds scoring functions. Multiple sequence alignment (MSA)‐Transfomer 35 integrates evolutionary information from MSA sequences with column attention. ESM2 12 constructs MLM tasks on Uniref50 with Roformer rotational position encoding 36. The learned representations are now widely used for MSA‐free folding (ESMFold) and downstream task prediction. Similarly, ProtBert and AIProtBert from the ProtTrans 25 series employ modified BERT architectures with relative positional encoding. PETA 22 constructs Roformer‐based architecture and investigates the impact of different segmentation methods and vocabulary sizes."
SEC381605289341_C06,381605289341,6,2733,3485,"PETA 22 constructs Roformer‐based architecture and investigates the impact of different segmentation methods and vocabulary sizes. In addition to BERT and the BERT variants, other methods introduce additional neural network layers to enhance self‐attention propagation. For instance, ProteinBERT 24 replaces self‐attention operations with wide and narrow 1D CNN layers and enhances representation learning by combining language modeling and gene ontology (GO) annotation prediction tasks. CARP 37 trains a CNN‐based MLM, which achieves comparable performance to self‐attention with higher computational efficiency, accommodating longer protein sequences. Alternatively, embedding ability is enhanced with structural sequences or structure‐aware tasks."
SEC381605289341_C07,381605289341,7,3222,3803,"CARP 37 trains a CNN‐based MLM, which achieves comparable performance to self‐attention with higher computational efficiency, accommodating longer protein sequences. Alternatively, embedding ability is enhanced with structural sequences or structure‐aware tasks. SaProt 38 trains a structure‐aware version of ESM2 with the vector vocabulary of amino acid composition from Foldseek 39. ProSST 40 further employs disentangled attention to the amino acid sequence and vectorized local structure representation to improve prediction performance in zero‐shot mutation prediction tasks."
SEC652404705699_C01,652404705699,1,0,752,"Decoder‐only models Decoder‐only models in NLP are widely used for generative tasks, such as text generation, expert dialogue, and code generation. The objective is to generate reasonable text sequences autoregressively with optional prompts. In protein sequence generation, a model is trained to design novel sequences with particular functionalities. Currently, mainstream protein language models adopt GPT‐style 10 architecture with the Transformer decoder, which is trained to optimize the next‐token prediction, that is, [EQ:EQ8] where s i denotes the i th amino acid in the sequence, θ is learnable parameters, and p ( s i + 1 | s 1: i; θ) represents the probability of the next amino acid s i + 1 based on all the previous i amino acids s 1: i."
SEC652404705699_C02,652404705699,2,353,1059,"Currently, mainstream protein language models adopt GPT‐style 10 architecture with the Transformer decoder, which is trained to optimize the next‐token prediction, that is, [EQ:EQ8] where s i denotes the i th amino acid in the sequence, θ is learnable parameters, and p ( s i + 1 | s 1: i; θ) represents the probability of the next amino acid s i + 1 based on all the previous i amino acids s 1: i. ProtGPT2 41 is trained on the wild‐type protein sequence space to guide the model to autoregessively generate novel amino acid sequences that resemble natural proteins. ProGen 15 enhances the generation reliability through context learning and model fine‐tuning on sequences from close functional families."
SEC652404705699_C03,652404705699,3,921,1598,ProGen 15 enhances the generation reliability through context learning and model fine‐tuning on sequences from close functional families. RITA 42 proposes a series of autoregressive models of varying scales to investigate the relationship between model size and the quality of generated protein sequences. Tranception 23 and TranceptEVE 43 utilize the GPT2 architecture to learn k‐mer protein tokens and search MSA sequences to enhance the learning of specific protein functional features. PoET 44 clusters wild‐type protein sequences and designs autoregressive models based on protein family pairs to enhance the language model's generation capability for specific functions.
SEC652404705699_C04,652404705699,4,1411,2173,"PoET 44 clusters wild‐type protein sequences and designs autoregressive models based on protein family pairs to enhance the language model's generation capability for specific functions. Nevertheless, the validation for protein sequences is much more challenging than natural language due to the complexity and high cost of biological experiments. Alternatively, in‐silico evaluation from structural and functional perspectives is commonly adopted to assess the reliability of generated sequences. With fast and accurate predictions of foldable structures, such as AlphaFold2 or ESMFold, the generated results can be assessed qualitatively based on whether the 3D structure is globular 41 or quantitatively on the foldability based on predicted pLDDT scores 15."
SEC652404705699_C05,652404705699,5,1909,2303,"With fast and accurate predictions of foldable structures, such as AlphaFold2 or ESMFold, the generated results can be assessed qualitatively based on whether the 3D structure is globular 41 or quantitatively on the foldability based on predicted pLDDT scores 15. At the function level, downstream tasks such as fitness scoring and function annotation are commonly incorporated for evaluation."
SEC317979311436_C01,317979311436,1,0,731,"Encoder‐decoder models Transformer‐based encoder‐decoder models are designed for end‐to‐end machine translation tasks in NLP. The joint training model construction can be used for both representation learning and text generation. A handful of protein language models construct encoder‐decoder architectures or their variants, aiming to achieve better sequence representation or generation capabilities. The general encoder‐decoder architecture of a Transformer model, at the i th layer, is defined as [EQ:EQ9] [EQ:EQ10] In essence, the encoder maps an input sequence s 1: n into the hidden state H i, and the decoder predicts the next amino acid s j based on the sequence context s 1: j − 1 and the hidden state of the sequence H."
SEC317979311436_C02,317979311436,2,403,1200,"The general encoder‐decoder architecture of a Transformer model, at the i th layer, is defined as [EQ:EQ9] [EQ:EQ10] In essence, the encoder maps an input sequence s 1: n into the hidden state H i, and the decoder predicts the next amino acid s j based on the sequence context s 1: j − 1 and the hidden state of the sequence H. The training target is to learn θ encode and θ decode that lead to the most similarly decoded sequences with respect to the input sequences. xTrimoPGLM 45 utilizes perturbation pre‐training and multimodal learning from the GLM 46 to build a model framework with over 100 billion parameters for protein sequence design and downstream prediction tasks. Ankh 47 improves the performance of the MLM‐based pre‐training model with an asymmetric encoder–decoder architecture."
SEC317979311436_C03,317979311436,3,1082,1572,"Ankh 47 improves the performance of the MLM‐based pre‐training model with an asymmetric encoder–decoder architecture. ProstT5 21 extends ProtT5 25 to a structure‐aware protein language model with Foldseek embedding 39. Additionally, MSA is another type of commonly employed information when enhancing the model performance in protein engineering or protein design. For instance, MSA2Prot 48 constructs MSA‐to‐protein conditional generation by learning from MSA encoding and Pfam 49 labels."
SEC115250965147_C01,115250965147,1,0,656,"Protein structure encoding with geometric deep learning The topology of proteins is crucial for understanding their functionality. To characterize protein data, various inductive biases can be incorporated, such as 3D density mappings with CNNs and interactive propagation with GNNs. The basic structural representation units of proteins are presented in different ways to fit the nature of the network propagation rules. For instance, GNNs learn from graphs, with amino acids frequently being the minimum units connected based on their Euclidean distance. Alternatively, CNNs learn proteins represented as grids, voxels, point clouds, or mesh (Figure 3)."
SEC115250965147_C02,115250965147,2,422,1176,"For instance, GNNs learn from graphs, with amino acids frequently being the minimum units connected based on their Euclidean distance. Alternatively, CNNs learn proteins represented as grids, voxels, point clouds, or mesh (Figure 3). While both CNNs and GNNs are methods for handling structural data, CNNs are more commonly used for regularly arranged data, such as those fit in grids or meshes. However, the dense connections among entities make it difficult to capture long‐range spatial relationships, even though they can be essential for proteins. On the other hand, GNNs are a natural choice for loosely connected, non‐Euclidean relationships and can incorporate prior structural knowledge to reduce the dependencies for massive training datasets."
SEC115250965147_C03,115250965147,3,975,1413,"On the other hand, GNNs are a natural choice for loosely connected, non‐Euclidean relationships and can incorporate prior structural knowledge to reduce the dependencies for massive training datasets. However, GNNs have trouble communicating between unconnected nodes in a single layer, and the GNN community is smaller than the computer vision community, resulting in fewer mature and readily available models or tools compared to CNNs."
SEC491951205699_C01,491951205699,1,0,727,"Neural message passing Message passing 50 is a widely adopted concept in geometric deep learning, which formulates stepwise propagation and aggregation of information from a node to its nearest neighbors. For a graph, the hidden representation H i ( l + 1) for the i th node in the ( l + 1) th layer is updated by [EQ:EQ11] where the information from all one‐hop neighbors V j ∈ N ( i) in H ( l) is aggregated using a differentiable and permutation‐invariant function ⊕, such as summation, average, or maximization. The pairwise connections of nodes are defined by the input adjacency matrix A, where A ji refers to the connection from node j to node i. The functions γ, ϕ represent another two differentiable transformations."
SEC491951205699_C02,491951205699,2,516,1243,"The pairwise connections of nodes are defined by the input adjacency matrix A, where A ji refers to the connection from node j to node i. The functions γ, ϕ represent another two differentiable transformations. The spatial position of amino acids can be represented by the dihedral angles on the main chain, that is, the directional relationship of the heavy atoms N, C, and O. GNNs have become the predominant choice for structure‐informative tasks, such as protein inverse‐folding and protein‐ligand interaction. Among these models, graph convolution networks 51 and graph attention networks 52 are widely adopted. Additionally, many models make modifications to the message‐passing propagation rules for better performance."
SEC491951205699_C03,491951205699,3,1133,1817,"Additionally, many models make modifications to the message‐passing propagation rules for better performance. For instance, ProteinMPNN 53 employs an encoder‐decoder GNN architecture to update the node and edge representations of the protein graph. GraphTrans 54 designs multi‐head self‐attention for k‐nearest neighbor (kNN) graphs for autoregressive amino acid sequence generation. AlphaDesign 55 further extends GraphTrans with a simplified graph attention encoder and a non‐autoregressive decoder consisting of two 1D CNNs. In addition to propagating among spatially adjacent nodes, GCA 56 incorporates self‐attention layers on all nodes to aggregate global patterns of proteins."
SEC491951205699_C04,491951205699,4,1661,2456,"In addition to propagating among spatially adjacent nodes, GCA 56 incorporates self‐attention layers on all nodes to aggregate global patterns of proteins. GearNet 57 combines spatial and sequential information and designs message‐passing propagation rules for different types of edges in a relational graph. As a protein's atomic dynamics remains unchanged regardless of its translation or rotation within a system 58, several propagation rules incorporate the inductive bias of symmetry into structure‐based models, requiring the learned 3D protein transformations to belong to the Special Euclidean group SE 59, which is the set of rotation and translation equivariant transformations in 3D space, that is, ( ℛ, t) X = ℛ X + t with some rotation matrix ℛ ∈ SO and translation vector t ∈ R 3."
SEC491951205699_C05,491951205699,5,1970,2746,"As a protein's atomic dynamics remains unchanged regardless of its translation or rotation within a system 58, several propagation rules incorporate the inductive bias of symmetry into structure‐based models, requiring the learned 3D protein transformations to belong to the Special Euclidean group SE 59, which is the set of rotation and translation equivariant transformations in 3D space, that is, ( ℛ, t) X = ℛ X + t with some rotation matrix ℛ ∈ SO and translation vector t ∈ R 3. These algorithms avoid expensive data augmentation and typically need the propagation to consider positional encoding of 3D coordinates X ′ ∈ ℝ n × 3 60. There are various approaches to implementing equivariant geometric GNNs. Particularly, EGNN has seen applications in generative models."
SEC491951205699_C06,491951205699,6,2610,3208,"There are various approaches to implementing equivariant geometric GNNs. Particularly, EGNN has seen applications in generative models. CPDiffusion 5, employs EGNN to integrate the backbone and secondary structure conditions during sequence generation. RFDiffusion 66 constructs SE‐Transformer with tensor field networks 67 for structure denoising. Another alternative architecture is GVP, which incorporates both scalar and vector features at propagation and has shown advantages for structure prediction 68, substructure alignment 28, inverse folding, and downstream properties prediction tasks."
SEC879436247669_C01,879436247669,1,0,659,"CNNs CNNs were initially developed for image processing, and they are known for adequately capturing the information flow along a local grid. This property makes CNNs a suitable choice for certain structure‐sensitive tasks, such as binding prediction. Among various models for handling pixelated proteins, the most common choice is 3D CNN due to its translation invariance. The convolutional operation of a 3D CNN layer on voxels is [EQ:EQ12] Here, O ( i, j, k) represents the element at position ( i, j, k) in the output feature map, M is the input feature map, K is the 3D convolution kernel, and M, N, and P are the depth, height, and width of the kernel."
SEC879436247669_C02,879436247669,2,374,1091,"The convolutional operation of a 3D CNN layer on voxels is [EQ:EQ12] Here, O ( i, j, k) represents the element at position ( i, j, k) in the output feature map, M is the input feature map, K is the 3D convolution kernel, and M, N, and P are the depth, height, and width of the kernel. Through multi‐layer convolutions on voxels of 3D protein images, distance maps, or surfaces 77, local patterns at different scales are detected, such as atom‐level, sequence‐level, and secondary‐structure‐level constructions. For instance, ProDCoNN 72 trains nine‐layer 3D CNNs for inverse‐folding and mutation prediction. Alternatively, DenseCPD 73 conducts similar tasks with DenseNet to achieve a more expressive representation."
SEC879436247669_C03,879436247669,3,982,1587,"Alternatively, DenseCPD 73 conducts similar tasks with DenseNet to achieve a more expressive representation. In addition to sequence generation, other studies leverage 3D CNNs to extract the local chemical or physical properties and predict the rotamer angles of a backbone or categorize their roles in a metabolic pathway 79. The convolutional layers have also been used to extract protein surface structures. MaSIF 80 describes the surface of protein by mesh and extracts descriptors from geometric and chemical node features within multiple overlapping patches of the same radius for downstream tasks."
SEC879436247669_C04,879436247669,4,1393,1784,"MaSIF 80 describes the surface of protein by mesh and extracts descriptors from geometric and chemical node features within multiple overlapping patches of the same radius for downstream tasks. To improve computational efficiency, dMaSIF 81 further represents the protein molecular surface as oriented point clouds and uses quasi‐geodesic convolutions to extract molecular surface features."
SEC469279773748_C01,469279773748,1,0,736,"Protein multimodal and multiscale joint encoding There is potential for integrating protein descriptions into various modalities and scales to uncover the mechanisms behind protein functionalities. A handful of previous studies feature different morphologies of proteins, of which sequence and structure representations are arguably the two most popular options. Large, pre‐trained language models such as ProtBERT 25 and ESM‐2 83 are used for sequential representations, while GNNs and CNNs can encode local environment information for structure representations. ProREM 84 leverages protein language models to encode sequences, local structures, and evolutionary information to greatly improve the performance of mutation predictions."
SEC469279773748_C02,469279773748,2,564,1250,"ProREM 84 leverages protein language models to encode sequences, local structures, and evolutionary information to greatly improve the performance of mutation predictions. ProLLaMA 85 modifies LORA 86 to adapt its training framework for tasks such as protein property prediction and protein design. In downstream tasks, various algorithms such as multilayer perceptrons (MLPs), autoencoders, or other specially designed methods, integrate separate embeddings from different modalities into a single‐vector representation. MSA can also enhance sequential inputs to identify conserved and variable regions of proteins from homologous sequences. Other research seeks versatile modalities."
SEC469279773748_C03,469279773748,3,1086,1731,"MSA can also enhance sequential inputs to identify conserved and variable regions of proteins from homologous sequences. Other research seeks versatile modalities. HOLOPROT 32 represents a protein's surface and structure; the former generates the spherical relationship of residue nodes through a triangulation algorithm, and the latter captures four levels of a protein structure by a residue graph with multi‐scale message passing networks. {Transformer‐M} 92 establishes atomic‐level descriptions for a protein by incorporating 1D (e.g., physiochemical properties), 2D (e.g., sequential distance), and 3D (e.g., Euclidean distance) channels."
SEC469279773748_C04,469279773748,4,1626,2381,", physiochemical properties), 2D (e.g., sequential distance), and 3D (e.g., Euclidean distance) channels. In addition to different modalities, describing proteins from different scales and obtaining more detailed representations while minimizing costs can be highly advantageous. Several methods have been proposed to extract feature representations for proteins and ligands at different levels. For example, DeepFusion 93 generates feature representations for drugs and proteins using precomputed global structural similarity matrices and local chemical substructure semantic features. To encode structure representations at multiple scales, a coarse‐grained GNN handles node features and edge connections at coarser levels with gated recurrent units 94."
SEC469279773748_C05,469279773748,5,2212,2849,"To encode structure representations at multiple scales, a coarse‐grained GNN handles node features and edge connections at coarser levels with gated recurrent units 94. AGL‐Score 95 and MWCG 96 construct multiscale weighted colored subgraphs with atomic types and extended connectivity interactive features to capture intramolecular interactions between proteins and ligands. MSSA‐Mixup 97 captures internal dependencies between different scales of graph signals by graph wavelet theory using self‐attention and 98 develops the persistent path‐spectral model that characterizes the data at multiple scales during the filtration process."
SEC188860213601_C01,188860213601,1,0,761,"BENCHMARKS ON THE DOWNSTREAM TASKS Evaluating inference performance is a crucial step in ensuring that a deep learning model has been adequately trained. Given the high cost of wet lab experiments, experimentally validating every developed model is impractical. Instead, an alternative approach is to initially validate the expressivity of the hidden representations extracted by the models on downstream tasks with open benchmark datasets (Table 1). For pre‐trained deep learning methods, a common practice to ensure that the model outputs the desired labels is to fine‐tune the model architecture or parameters based on the initial construction to adapt to specific downstream tasks and datasets. This is particularly important when the output labels change."
SEC188860213601_C02,188860213601,2,451,1108,"For pre‐trained deep learning methods, a common practice to ensure that the model outputs the desired labels is to fine‐tune the model architecture or parameters based on the initial construction to adapt to specific downstream tasks and datasets. This is particularly important when the output labels change. For instance, in self‐supervised learning, the outputs are generally residue‐level probabilities of AA types, whereas the downstream task may require a regression score for the entire protein to represent the property of interest. In such cases, additional propagators are often attached, such as geometric encoders or cross‐modality aggregators."
SEC182960540413_C01,182960540413,1,0,720,"General benchmark A handful of integrated benchmark datasets have been proposed for computational protein engineering. They usually encompass diverse prediction tasks and can be implemented for testing both pre‐trained and fine‐tuned models. For instance, TAPE 146 consists of three structure prediction and two fitness prediction datasets. PEER 99 comprises 17 protein‐related tasks, such as protein function prediction, localization prediction, and solubility prediction. ProteinGLUE 100 includes seven domain‐level downstream tasks for assessing self‐supervised protein representation learning. PETA 22 contains 15 downstream tasks and 33 datasets associated with protein‐protein interaction and mutation prediction."
SEC182960540413_C02,182960540413,2,598,965,"PETA 22 contains 15 downstream tasks and 33 datasets associated with protein‐protein interaction and mutation prediction. BioMap Leaderboard 45 introduces a comprehensive leaderboard of life science covering antibodies, enzymes, and other general proteins. It is specifically designed for assessing the fine‐tuning performance of pre‐trained protein language models."
SEC965545644476_C01,965545644476,1,0,649,"Mutation effect prediction Developing deep learning models to provide reliable prediction of mutation effects is essential for protein engineering as it guides modifying proteins toward enhanced functionalities, such as activity, stability, and yield. The emergence of deep mutational scanning and other high‐throughput techniques has greatly accelerated the enrichment of protein mutation databases. The related benchmarks can generally be divided into two main categories: zero‐shot prediction and supervised prediction. They utilize different evaluation metrics, focus on different assays, and are primarily applied to different types of models."
SEC965545644476_C02,965545644476,2,523,1233,"They utilize different evaluation metrics, focus on different assays, and are primarily applied to different types of models. To date, more than two million assessed mutants from over 200 deep mutational scanning assays have been recorded and standardized for evaluation, spanning different taxa and functions. In particular, ProteinGym v1 101 is the most comprehensive benchmark dataset that includes both single‐site and multiple‐site mutations of substitutions and indels. There are also specialized benchmarks for single amino acid variation for solubility, thermostability, and other properties 34. FLIP 104 evaluates supervised prediction performance on single‐site and double‐site classification tasks."
SEC965545644476_C03,965545644476,3,1127,1345,FLIP 104 evaluates supervised prediction performance on single‐site and double‐site classification tasks. FS‐mutant 105 further categorizes epistatic and non‐epistatic sample datasets for few‐shot learning evaluation.
SEC262424736783_C01,262424736783,1,0,697,"Structural homology detection Analyzing the energy and physicochemical properties of protein crystal structures provides a better understanding of protein mechanisms. Meanwhile, analyzing structural homology establishes more robust search methods to locate proteins from the same functional family with lower sequence identity, which is desired for applications such as protein design, evolutionary analysis, and enzyme function discovery. Existing benchmarks are usually protein structures with hand‐crafted or computational labels associated with structural or functional families. PDB 147 is the largest global protein structure database that collects experimentally solved protein structures."
SEC262424736783_C02,262424736783,2,584,1316,"PDB 147 is the largest global protein structure database that collects experimentally solved protein structures. Pfam 49 provides a comprehensive collection of protein families and domains with hidden‐Markov‐model‐based MSA, and it now has been moved to InterPro 113. Malidup 111 contains 241 manually aligned homologous structural domains, which have different functions and highly divergent sequences. Malisam 112 is a structural analog dataset consisting of 130 pairs of structurally similar motifs that are difficult to align using sequence‐based methods like BLAST and HMMER. CATH 109 contains over labeled protein domains from PDB, which has four categories based on class, architecture, topology, and homologous superfamily."
SEC262424736783_C03,262424736783,3,1165,1812,"CATH 109 contains over labeled protein domains from PDB, which has four categories based on class, architecture, topology, and homologous superfamily. SWISS‐MODEL 3 pairs the predicted structure of protein sequences with the experimented protein structures of their homologies through sequence alignment. SCOPe 148 analyzes the relationships and evolutionary paths of proteins through multi‐level protein structures and functions (such as families, superfamilies, and domains). ModBase 114 provides predicted protein structures from sequence alignments, which are used to identify functional domains and predict the functions of unknown proteins."
SEC134123543424_C01,134123543424,1,0,482,"Function prediction In addition to modifying proteins for specific functions or properties by substituting or inserting/deleting amino acid sequences, it is also possible to predict the corresponding properties or functions of an input protein sequence (and/or structure). This allows for computational screening or evaluation of newly designed or modified proteins, helping to preliminarily eliminate potentially problematic products and thus reduce the experimental failure rate."
SEC767589957448_C01,767589957448,1,0,667,"Solubility prediction Understanding solubility is essential for successful protein engineering as proteins are required to be expressible and soluble before functioning, and higher solubility potentially enhances industrial production yields. Deep learning models benefit from rich multi‐modal solubility datasets with computational and experimental sources. The cDNA 149 sequence data collects solubility experimental data based on cDNA sequences, allowing the study of direct mappings from DNA sequences to protein solubility. TargetTrack 115 thoroughly records each experiment's results and historical statuses, such as selected, soluble, crystalized, and in PDB."
SEC767589957448_C02,767589957448,2,529,1170,"TargetTrack 115 thoroughly records each experiment's results and historical statuses, such as selected, soluble, crystalized, and in PDB. PROSO II 116 integrates data from other databases such as PDB and TargetTrack, offering a comprehensive dataset with over plausibly soluble and nonsoluble entries. DeepSol 117 and DeepSoluE 118 further guarantee heterogeneity and reduce class imbalance based on PROSO II with redundancy removal and filtration. eSOL 121 collects thousands of solubility records from Escherichia coli proteins synthesized via the PURE system. Other work builds web servers for solubility prediction and dataset download."
SEC400901718035_C01,400901718035,1,0,644,"Localization prediction Predicting the subcellular localization of proteins is a crucial aspect of cell biology and functional genomics. It is essential for understanding protein function, analyzing cellular signaling pathways, and gene expression regulation. LOCATE 124 offers extensive data on the localization of protein isoforms in mouse and human tissues, including subcellular localization predictions, experimental image data with automated classification tags, and predictions of protein sorting signals. PSORT 77 compiles a wealth of predictive and experimental labels for protein sequences, focused on their subcellular localization."
SEC400901718035_C02,400901718035,2,513,1173,"PSORT 77 compiles a wealth of predictive and experimental labels for protein sequences, focused on their subcellular localization. The DeepLoc series differentiates membrane proteins, including various datasets for binary classification, single‐label ten‐class classification, and multilabel multiclass classification. There are also databases tailored to the subcellular localization of specific species, such as fungi 126 and plants 128, and databases for animals and humans. These datasets and tools provide comprehensive information on protein localization, supporting research in protein function, cell biology, and the elucidation of disease mechanisms."
SEC856775873179_C01,856775873179,1,0,694,"Annotation prediction Accurately annotating the functions of genes and proteins helps researchers understand the mechanisms of biomolecules, metabolic pathways, and biological networks. Two of the most commonly used annotation systems are GO 129 and EC (Enzyme Commission) numbers 130. GO annotates protein functions based on biological processes, molecular functions, and cellular components, and the annotated proteins are from different species. EC numbers, in comparison, provide a numerical classification scheme for enzyme‐catalyzed chemical reactions. It assigns the same EC number to enzymes catalyzing the same reaction, no matter whether they originate from the same organism or not."
SEC856775873179_C02,856775873179,2,559,1228,"It assigns the same EC number to enzymes catalyzing the same reaction, no matter whether they originate from the same organism or not. Other well‐known open‐access functional annotation databases include PANTHER (Protein ANalysis THrough Evolutionary Relationships) 131, which integrates gene ontology and evolutionary relationships of gene families to provide a functional classification of genes. BioCyc 132 combines metabolic pathways and gene function annotations to support the analysis of genomes and metabolic networks. Additionally, large‐scale general databases such as Swiss‐Prot/UniProtKB 133 and UniProt 134 offer more comprehensive functional annotations."
SEC856775873179_C03,856775873179,3,1086,1423,"Additionally, large‐scale general databases such as Swiss‐Prot/UniProtKB 133 and UniProt 134 offer more comprehensive functional annotations. These databases integrate experimental data and literature information to provide detailed protein function annotations, serving as reliable reference data for functional annotation predictions."
SEC958557238021_C01,958557238021,1,0,448,"Protein binding In addition to the properties of individual proteins (amino acid composition, 3D structure, and function), the interactions between proteins and other molecules (such as compounds, proteins, and antibodies) are also a crucial research area of protein engineering. They have significant implications for explaining disease mechanisms, discovering unknown disease genes, and designing more specific binders, among other applications."
SEC818738691243_C01,818738691243,1,0,756,"Compound–protein interaction Compound–protein interaction is one of the key research areas in biochemistry and drug development, providing critical support for improving metabolic regulation and screening new drugs. Several existing datasets offer structural and dynamic information on compound‐protein interaction and provide detailed annotations on binding affinity, activity, and other aspects. BindingDB 135 contains interaction data for approximately 9300 protein targets and 1.2 million ligands sourced from public patents and the literature, totaling around 2.9 million binding affinity pairs. ChEMBL 136 also integrates information from other public databases, including biological activity data for over two million compounds from around targets."
SEC818738691243_C02,818738691243,2,601,1302,"ChEMBL 136 also integrates information from other public databases, including biological activity data for over two million compounds from around targets. PDBbind 137 extracts approximately protein–ligand complexes from the PDB Bank and annotates corresponding binding constants such as Kd, Ki, and IC50, providing detailed binding affinity data. Additionally, there are several datasets focused on more specific research subjects. For example, KLIFS (Kinase‐Ligand Interaction Fingerprints and Structures) 138 contains about 300 kinases, 4000 ligands, and 7000 PDB structures. DrugBank 139 includes information on around 5000 protein targets, combining drug chemistry with a bioinformatics database."
SEC818738691243_C03,818738691243,3,1179,1508,"DrugBank 139 includes information on around 5000 protein targets, combining drug chemistry with a bioinformatics database. BioLiP 140 offers detailed information on over ligand‐protein complexes, including extensive annotations and cross‐references to other databases, such as ligands, catalytic sites, EC numbers, and GO terms."
SEC835345990059_C01,835345990059,1,0,747,"Protein–protein interaction Protein–protein interaction research encompasses binding score prediction or binary interface label assignment at the atom, residue, or protein levels. Existing studies frequently combine expert knowledge with computational induction and integrate protein‐protein interaction data from experiments, literature, computer simulations, and other databases. Differences between various databases mainly lie in the types of proteins they include and the scope of their annotation labels. STRING (Search Tool for the Retrieval of Interacting Genes/Proteins) 141 consolidates a vast amount of in vivo protein data and annotates protein function labels derived from experiments, literature mining, and algorithmic predictions."
SEC835345990059_C02,835345990059,2,511,1237,"STRING (Search Tool for the Retrieval of Interacting Genes/Proteins) 141 consolidates a vast amount of in vivo protein data and annotates protein function labels derived from experiments, literature mining, and algorithmic predictions. BioGRID (Biological General Repository for Interaction Datasets) 142 offers a comprehensive and continuously updated resource of protein‐protein interaction data, aggregating interaction data from various experimental methods, such as yeast two‐hybrid system, high‐throughput screening, and co‐immunoprecipitation. IntAct 143 is a database actively maintained by the European Bioinformatics Institute, which provides abundant experimental details in addition to protein interaction labels."
SEC835345990059_C03,835345990059,3,1062,1429,"IntAct 143 is a database actively maintained by the European Bioinformatics Institute, which provides abundant experimental details in addition to protein interaction labels. HPRD (Human Protein Reference Database) 144 specifically addresses human protein interactions and includes annotations on protein functions, modification states, and subcellular localization."
SEC721680405947_C01,721680405947,1,0,760,"CONCLUDING REMARKS Deep learning has revolutionized protein engineering, injecting fresh momentum into the exploration and manipulation of protein functions. By harnessing cutting‐edge techniques, such as protein language models and geometric deep learning, researchers have developed powerful algorithms for understanding the relationships between protein sequence, structure, and functions by learning from large‐scale wild‐type protein databases. The introduction of these tools has witnessed the synergy of emerging technologies driving the rapid advancement of biology, particularly in discovering better proteins and assisting virtual screening schemes at lower time and economic costs, even without extensive experimental data or rich domain knowledge."
SEC721680405947_C02,721680405947,2,450,1250,"The introduction of these tools has witnessed the synergy of emerging technologies driving the rapid advancement of biology, particularly in discovering better proteins and assisting virtual screening schemes at lower time and economic costs, even without extensive experimental data or rich domain knowledge. Moreover, these tools have further advanced researchers' understanding of proteins from mechanisms to functions, demonstrating deep learning's considerable promise for tackling complex biological problems. Despite the significant development and notable success stories, the evolution of deep‐learning‐assisted protein engineering is still in its early stages, with many crucial challenges remaining to be addressed. One important issue is the explainability of large deep‐learning models."
SEC721680405947_C03,721680405947,3,966,1682,"Despite the significant development and notable success stories, the evolution of deep‐learning‐assisted protein engineering is still in its early stages, with many crucial challenges remaining to be addressed. One important issue is the explainability of large deep‐learning models. Explainable artificial intelligence (AI) is considered a crucial aspect of assessing the reliability of models, especially for applications involving human health, such as drug discovery and therapeutic development. Understanding the logic behind a model's predictions not only increases the confidence of developers and users in the model's inference but also makes it possible to hold AI models and their predictions accountable."
SEC721680405947_C04,721680405947,4,1466,2190,"Understanding the logic behind a model's predictions not only increases the confidence of developers and users in the model's inference but also makes it possible to hold AI models and their predictions accountable. For example, analytical tools like SHAP can be used to assess the influence of individual inputs on the predicted label and identify models whose prediction methods clearly contradict biological intuition, thereby filtering out inappropriately trained models that merely overfit noise in the training dataset. Another approach is to use importance metrics (e.g., attention scores) to quantify the contribution of protein substructures to the prediction, which could help determine significant local regions."
SEC721680405947_C05,721680405947,5,2044,2657,", attention scores) to quantify the contribution of protein substructures to the prediction, which could help determine significant local regions. For instance, in vaccine development, identifying regions with the greatest impact on immunogenicity could help pinpoint potential antigenic epitopes 34. In addition to this, data are crucial factors influencing the reliability of deep learning models. In the absence of a groundbreaking deep learning model, enhancing the quality and quantity of protein data is a promising path for further developing more powerful models and applying them to real‐world scenarios."
SEC721680405947_C06,721680405947,6,2443,3235,"In the absence of a groundbreaking deep learning model, enhancing the quality and quantity of protein data is a promising path for further developing more powerful models and applying them to real‐world scenarios. Existing databases provide considerably comprehensive sequence and (experimental or predicted) structural information, while alignment with function‐relevant properties, as well as alignment across different modalities, remains limited. This calls for deep collaboration among researchers from different disciplines, such as using biostatistical methods to align proteins with genomic, transcriptomic, and proteomic datasets, which could supplement features related to protein metabolism and function from multiple perspectives and enable investigation using multimodal models."
SEC721680405947_C07,721680405947,7,2894,3642,"This calls for deep collaboration among researchers from different disciplines, such as using biostatistical methods to align proteins with genomic, transcriptomic, and proteomic datasets, which could supplement features related to protein metabolism and function from multiple perspectives and enable investigation using multimodal models. Meanwhile, protein functions also depend on external factors (e.g., pH, temperature). Although there is a scarcity of directly labeled experimental data for such conditions 20, it is possible to align proteins with the optimal growth temperatures of their source species (e.g., bacteria) to provide approximate labels and then leverage advanced techniques such as weak supervision to assist model learning."
SEC721680405947_C08,721680405947,8,3512,4312,", bacteria) to provide approximate labels and then leverage advanced techniques such as weak supervision to assist model learning. Special attention must be paid to sensitive biological data, such as viral proteins, which could not only be used to help researchers develop targeted vaccines but also be misused for training mutation scoring models to enhance undesirable properties of the virus, such as transmissibility and immune evasion. Therefore, the risks should be evaluated before the data are made public. Additionally, similar to the editing techniques in large language models for removing toxic knowledge, unlearning operations can also be applied to pre‐trained protein models to maintain overall performance while significantly reducing predictive capability for harmful properties 150."
SEC721680405947_C09,721680405947,9,4026,4808,"Additionally, similar to the editing techniques in large language models for removing toxic knowledge, unlearning operations can also be applied to pre‐trained protein models to maintain overall performance while significantly reducing predictive capability for harmful properties 150. In summary, while deep learning has brought protein engineering to an impressive milestone, the journey ahead offers opportunities to refine the exploration process. To progress toward these goals, future research should prioritize interdisciplinary collaboration, aiming not only to refine methodologies but also to broaden the scope of research resources. Moreover, it is crucial to acknowledge that in successful applications, biological expertise cannot and should not be replaced by models."
SEC721680405947_C10,721680405947,10,4670,5137,"Moreover, it is crucial to acknowledge that in successful applications, biological expertise cannot and should not be replaced by models. Rich domain experience is essential, from identifying valuable template proteins to assessing engineering outcomes. Therefore, the key to transitioning from promising deep learning applications to real‐world impacts in protein engineering lies in interdisciplinary collaboration, driving the long‐term development of this field."
SEC889949228084_C01,889949228084,1,0,780,"Abstract AbstractOptimizing enzyme thermostability is essential for advancements in protein science and industrial applications. Currently, (semi‐)rational design and random mutagenesis methods can accurately identify single‐point mutations that enhance enzyme thermostability. However, complex epistatic interactions often arise when multiple mutation sites are combined, leading to the complete inactivation of combinatorial mutants. As a result, constructing an optimized enzyme often requires repeated rounds of design to incrementally incorporate single mutation sites, which is highly time‐consuming. In this study, we developed an AI‐aided strategy for enzyme thermostability engineering that efficiently facilitates the recombination of beneficial single‐point mutations."
SEC889949228084_C02,889949228084,2,607,1371,"In this study, we developed an AI‐aided strategy for enzyme thermostability engineering that efficiently facilitates the recombination of beneficial single‐point mutations. We utilized thermostability data from creatinase, including 18 single‐point mutants, 22 double‐point mutants, 21 triple‐point mutants, and 12 quadruple‐point mutants. Using these data as inputs, we used a temperature‐guided protein language model, Pro‐PRIME, to learn epistatic features and design combinatorial mutants. After two rounds of design, we obtained 50 combinatorial mutants with superior thermostability, achieving a success rate of 100%. The best mutant, 13M4, contained 13 mutation sites and maintained nearly full catalytic activity compared to the wild‐type. It showed a 10."
SEC889949228084_C03,889949228084,3,1231,1892,"The best mutant, 13M4, contained 13 mutation sites and maintained nearly full catalytic activity compared to the wild‐type. It showed a 10.19°C increase in the melting temperature and an ~655‐fold increase in the half‐life at 58°C. Additionally, the model successfully captured epistasis in high‐order combinatorial mutants, including sign epistasis (K351E) and synergistic epistasis (D17V/I149V). We elucidated the mechanism of long‐range epistasis in detail using a dynamics cross‐correlation matrix method. Our work provides an efficient framework for designing enzyme thermostability and studying high‐order epistatic effects in protein‐directed evolution."
SEC920614549501_C01,920614549501,1,0,767,"INTRODUCTION Protein engineering to enhance enzyme thermostability is crucial for expanding the applications of natural enzymes in industrial settings 1, 2, 3. Over the past 20 years, (semi‐)rational design and random mutagenesis strategies have proven effective in identifying single‐point mutants that improve enzyme stability 4, 5, 6, 7. However, combining multiple mutation sites to create optimized variants often introduces unwanted epistasis in the vast combinatorial sequence space, which can lead to the complete inactivation of the combinatorial mutants 8, 9, 10. Epistasis indicates that residues within a protein interact with each other, so the effects of multiple mutations are not simply the sum of the effects of individual single‐point mutations 11."
SEC920614549501_C02,920614549501,2,574,1220,"Epistasis indicates that residues within a protein interact with each other, so the effects of multiple mutations are not simply the sum of the effects of individual single‐point mutations 11. This complexity means that combining multiple mutations often requires numerous rounds of trial and error, making the process highly time‐consuming. A recent approach, the stepwise combination method based on a greedy strategy, also depends heavily on multiple rounds of repetitive experiments. This approach has the disadvantage of a significant waiting time for the results of previous rounds, severely limiting the efficiency of protein engineering."
SEC920614549501_C03,920614549501,3,1062,1637,"This approach has the disadvantage of a significant waiting time for the results of previous rounds, severely limiting the efficiency of protein engineering. Complex epistasis between mutations, which refers to the nonadditivity of the effects of two or more amino acids, presents a major obstacle to accurately predicting the optimal combination of mutations, particularly for high‐order combinatorial mutants involving three or more mutations. Research on both natural and laboratory protein evolution has shown that epistasis is more common than previously recognized 20."
SEC920614549501_C04,920614549501,4,1508,2237,"Research on both natural and laboratory protein evolution has shown that epistasis is more common than previously recognized 20. Notably, some functional mutations that are neutral or detrimental in the wild‐type (WT) background may become beneficial at later stages of evolution, indicating that these mutations are unpredictable from the starting point 21. Capturing the epistasis between mutations accurately remains a challenge in efficiently exploring the combinatorial sequence space 18. Addressing this challenge could significantly reduce combinatorial complexity and improve the efficiency of enzyme engineering. The rapid advancement of large language models (LLMs) has sparked a revolution in artificial intelligence."
SEC920614549501_C05,920614549501,5,2130,2708,"The rapid advancement of large language models (LLMs) has sparked a revolution in artificial intelligence. Recently, several large‐scale protein language models (PLMs) have been introduced, including the ESM model family, ProtTrans 24, ProGen 25, and xTrimoPGLM 26. These models are trained on extensive protein data sets containing tens of millions of sequences, allowing them to capture evolutionary patterns and sequence features in vector space. However, these models are typically trained on a vast number of unlabeled sequences from databases like UniProt 28 and Pfam 29."
SEC920614549501_C06,920614549501,6,2580,3356,"However, these models are typically trained on a vast number of unlabeled sequences from databases like UniProt 28 and Pfam 29. As a result, the learned representations primarily capture the general context of broad protein families and do not provide detailed interpretations of specific protein properties, such as thermostability and enzyme activity. Consequently, most protein language models have not fully leveraged experimentally measured data with labels, leaving room for improvement in the accuracy and efficiency of functional predictions. We developed Pro‐PRIME, protein language model for intelligent masked pretraining and environment (temperature) prediction, based on a data set of optimal growth temperatures (OGTs) from 96 million host bacterial strains 33."
SEC920614549501_C07,920614549501,7,3131,3749,"We developed Pro‐PRIME, protein language model for intelligent masked pretraining and environment (temperature) prediction, based on a data set of optimal growth temperatures (OGTs) from 96 million host bacterial strains 33. Pro‐PRIME uses a multi‐task learning paradigm to capture temperature‐related features associated with sequences in the data set. This approach enables Pro‐PRIME to assign higher scores to sequences that show enhanced temperature tolerance and align with natural biological principles. Consequently, Pro‐PRIME excels in designing and optimizing enzymes that require high‐temperature tolerance."
SEC920614549501_C08,920614549501,8,3641,4264,"Consequently, Pro‐PRIME excels in designing and optimizing enzymes that require high‐temperature tolerance. Furthermore, by fine‐tuning the pre‐trained weights and incorporating a limited number of experimental results to adjust the parameters of the protein language models, we can significantly enhance predictive accuracy. This is particularly effective for predicting high‐order epistasis, which involves interactions between three or more mutations. Therefore, we plan to integrate Pro‐PRIME with supervised tuning, as this strategy could effectively address the challenge of efficiently combining multiple mutations."
SEC920614549501_C09,920614549501,9,4096,4830,"Therefore, we plan to integrate Pro‐PRIME with supervised tuning, as this strategy could effectively address the challenge of efficiently combining multiple mutations. In this study, we selected creatinase, a hydrolase crucial for diagnosing human kidney function 34, to assess the feasibility of our strategy for practical thermostability engineering. In previous research, we aimed to enhance the stability of creatinase from Alcaligenes faecalis by designing and screening approximately 20 significant single‐point mutants using a non‐biased phylogenetic consensus method 35. However, evaluation of the thermostability of each mutant required individual purification and characterization, consuming significant time and resources."
SEC920614549501_C10,920614549501,10,4675,5475,"However, evaluation of the thermostability of each mutant required individual purification and characterization, consuming significant time and resources. Despite applying a stepwise combination strategy, we were only able to obtain a limited number of low‐order combinatorial mutants, including double‐, triple‐, and quadruple‐point mutants. This approach explored only a small portion of the entire combinatorial sequence space within the available time frame. In this study, we introduced a novel approach for enhancing enzyme thermostability by efficiently recombining beneficial single‐point mutants with the help of a protein language model. We fine‐tuned the Pro‐PRIME model using thermostability data from multiple single‐point mutants and some low‐order combinatorial mutants of creatinase."
SEC920614549501_C11,920614549501,11,5323,5913,"We fine‐tuned the Pro‐PRIME model using thermostability data from multiple single‐point mutants and some low‐order combinatorial mutants of creatinase. This allowed us to accurately predict changes in protein stability and identify optimal combinations of single‐point mutants. Additionally, we used a dynamic correlation matrix based on the three‐dimensional structure to conduct a mechanistic analysis of the complex epistasis observed in high‐order combinatorial mutants identified by the Pro‐PRIME model. This provides a deeper understanding of how mutations influence thermostability."
SEC359757506875_C01,359757506875,1,0,7,RESULTS
SEC503701339281_C01,503701339281,1,0,649,"Efficient combination of multiple mutations guided by the fine‐tuned model In our previous study 35, we developed an unbiased consensus method to enhance the thermostability of creatinase. By analyzing the frequency of amino acid residues in the phylogenetic tree, we identified numerous candidate residues and screened them to obtain 18 single‐point mutants with increased half‐life ( t 1/2). We then combined these positive mutations using a stepwise combinatorial strategy, resulting in several mutants with further improved thermostability. This approach yielded 22 double‐point mutants, 21 triple‐point mutants, and 12 quadruple‐point mutants."
SEC503701339281_C02,503701339281,2,545,1219,"This approach yielded 22 double‐point mutants, 21 triple‐point mutants, and 12 quadruple‐point mutants. To enable consistent comparison of their thermostability and catalytic activity, we measured the melting temperature ( T m) values and relative activities of these mutants, which were used as the initial data set for this work (Table S1). Among the 18 single‐point mutants, four had lower T m values compared to the WT: G58D, N130S, I240K, and K351E. In contrast, four mutants showed significantly higher T m values than WT (Δ T m > 1°C): D17V, V174I, T199S, and T251C. Most single‐point mutants were located on the surface of the creatine kinase structure (Figure S1)."
SEC503701339281_C03,503701339281,3,1119,1901,"Most single‐point mutants were located on the surface of the creatine kinase structure (Figure S1). We aimed to develop a model that rapidly predicts changes in protein stability by combining pre‐trained molecular environment representations with supervised fine‐tuning. This approach would guide the design of combinatorial mutants with enhanced thermostability. Figure 1 illustrates the overall strategy. First, we fine‐tuned the Pro‐PRIME model to create a regression model for thermostability and a discriminant model for relative activity, using the initial data set with T m and relative activity as labeled values, respectively. Next, we used the fine‐tuned Pro‐PRIME models to predict the thermostability and activity of all mutants within the combinatorial sequence space."
SEC503701339281_C04,503701339281,4,1755,2493,"Next, we used the fine‐tuned Pro‐PRIME models to predict the thermostability and activity of all mutants within the combinatorial sequence space. In enzyme engineering, there is often a trade‐off between activity and stability, meaning that optimizing both parameters simultaneously or equally is challenging 36. Given our primary goal of enhancing the thermostability of creatinase, we aimed to avoid missing mutants that might slightly reduce activity but significantly improve stability. Therefore, we considered mutants with more than 60% relative activity compared to the WT as acceptable. Finally, we characterized the selected mutants to obtain experimental data and provided these data as feedback to further fine‐tune the model."
SEC503701339281_C05,503701339281,5,2350,2957,"Finally, we characterized the selected mutants to obtain experimental data and provided these data as feedback to further fine‐tune the model. The Pro‐PRIME model, developed from previous research, was trained on a data set containing the OGT of 96 million sequence host bacterial strains. It demonstrated superior predictive performance compared to other state‐of‐the‐art models when validated across multiple data sets and instances. Using the fine‐tuned Pro‐PRIME model, we predicted the stability and activity distribution of all combinatorial mutants derived from the 18 single‐point mutants (2 18 =)."
SEC503701339281_C06,503701339281,6,2786,3570,"Using the fine‐tuned Pro‐PRIME model, we predicted the stability and activity distribution of all combinatorial mutants derived from the 18 single‐point mutants (2 18 =). As the initial data set included a maximum of quadruple‐point mutants, we extended the validation to mutations involving 5, 6, 7, 8, and 9 points to assess the model's ability to predict the performance of high‐order combinatorial mutants based on low‐order mutation data. Our primary criterion for screening was the ranking of predicted thermostability scores. As a result, we selected a total of 25 mutants (Table S2), representing the top performers among variants with 5, 6, 7, 8, and 9 mutations. The results from the first round of predictions using the fine‐tuned model demonstrated excellent performance."
SEC503701339281_C07,503701339281,7,3459,4192,"The results from the first round of predictions using the fine‐tuned model demonstrated excellent performance. We successfully improved the thermostability of all 25 mutants designed in this round compared to the WT, with increases ranging from 7°C to 9.33°C. Furthermore, the activity level of most mutants remained above 80% of that of the WT enzyme (Figure 2). Notably, the T m values of these 25 mutants surpassed those of all mutants in the initial data set, indicating a 100% success rate for the model in designing stable mutants. To enhance the prediction accuracy further, we integrated the characterization results into the data set and conducted a second round of fine‐tuning, prediction, and selection (Figures 1 and 2)."
SEC503701339281_C08,503701339281,8,3997,4766,"To enhance the prediction accuracy further, we integrated the characterization results into the data set and conducted a second round of fine‐tuning, prediction, and selection (Figures 1 and 2). In the second round, we selected the top 25 ranked mutants based on their thermostability prediction scores within the combinatorial sequence space. These mutants contained mutations (Table S3). Compared to the WT, the thermostability of the 25 mutants predicted in the second round was further improved, with increases ranging from 8.17°C to 10.19°C, and overall activity was maintained above 60% (Figure 2). The best‐performing mutant in this round, 13M4, had 13 mutations and showed a T m increase of 10.19°C, with activity comparable to the WT (Figure 3A and Table S3)."
SEC503701339281_C09,503701339281,9,4602,4945,"The best‐performing mutant in this round, 13M4, had 13 mutations and showed a T m increase of 10.19°C, with activity comparable to the WT (Figure 3A and Table S3). This round showed minimal differences between mutants, with a slight overall decrease in activity. Therefore, we decided not to pursue further iterations of the predictive model."
SEC214651196332_C01,214651196332,1,0,797,"Thermodynamic and kinetic stability of the best‐stabilized variant To further validate the enhanced thermostability of the composite mutants identified during the screening process, we conducted a comprehensive characterization of the thermodynamic and kinetic stability of the most favorable mutant, 13M4, in comparison to the WT, as shown in Figure 3. The T m of proteins is the temperature at which 50% of the protein molecules unfold. It reflects the changes in protein conformation with temperature and serves as a key indicator of thermodynamic stability. We used three commonly used methods to determine protein T m values: DSF, differential scanning calorimetry (DSC), and circular dichroism (CD) spectroscopy. Each technique measures different aspects of protein behavior during heating."
SEC214651196332_C02,214651196332,2,562,1361,"We used three commonly used methods to determine protein T m values: DSF, differential scanning calorimetry (DSC), and circular dichroism (CD) spectroscopy. Each technique measures different aspects of protein behavior during heating. DSF detects the exposure of hydrophobic groups within proteins as they unfold with heating. DSC assesses thermodynamic parameters by measuring the difference in power required to maintain the sample and reference at the same temperature. CD spectroscopy evaluates changes in the secondary structure of proteins throughout the heating process 37. The outcomes from the different methods were consistent, as shown in Figure 3A–C. Compared to the WT, the 13M4 mutant showed a significantly higher T m, with an approximate increase of 10°C (ranging from 9.24°C to 10."
SEC214651196332_C03,214651196332,3,1225,1985,"Compared to the WT, the 13M4 mutant showed a significantly higher T m, with an approximate increase of 10°C (ranging from 9.24°C to 10.19°C). We also used the DSC method to measure the enthalpy change (Δ H), which quantifies the energy required for the protein unfolding reaction 38. The Δ H of 13M4 was approximately 200 kJ/mol higher than that of WT, indicating stronger internal attractive forces in 13M4. These results highlight the significant enhancement in the thermodynamic stability of 13M4. For kinetic stability, we assessed the semi‐inactivation temperature ( T 50 15) and half‐life ( t 1/2) of both WT and 13M4. WT became completely inactive after 15 min of incubation at 60°C, while 13M4 retained 93.5% of its activity under the same conditions."
SEC214651196332_C04,214651196332,4,1850,2622,"WT became completely inactive after 15 min of incubation at 60°C, while 13M4 retained 93.5% of its activity under the same conditions. Additionally, 13M4 showed a notable increase in T 50 15, being 10°C higher than that of WT (Figure 3D). At 58°C, the t 1/2 of WT was only 1.6 min (Figure 3E), whereas 13M4's t 1/2 extended to 1049.45 min (Figure 3F), representing a remarkable 655.91‐fold enhancement. In terms of catalytic efficiency, 13M4 maintained a level of activity (98%) comparable to that of the WT. Catalytic kinetic results showed that the k cat values of 13M4 and WT were similar. However, the K m value for 13M4, which indicates substrate affinity, was slightly improved (Figure S2). Detailed data on stability and kinetic parameters are provided in Table 1."
SEC214651196332_C05,214651196332,5,2443,2764,"However, the K m value for 13M4, which indicates substrate affinity, was slightly improved (Figure S2). Detailed data on stability and kinetic parameters are provided in Table 1. These results demonstrate that 13M4 is significantly more thermally stable than WT and holds promising potential for industrial applications."
SEC547193831080_C01,547193831080,1,0,744,"Molecular mechanisms underlying higher thermostability of 13M4 After thoroughly characterizing the optimal mutant and the WT, we aimed to investigate the molecular basis for the observed improvements in thermostability through structural analysis and molecular dynamics (MD) simulations. We used the WT structure obtained from our previous study, where we elucidated the crystal structure of WT using X‐ray crystallography (PDB 7YTO) 39. We modeled the structure of mutant 13M4 based on the WT crystal structure coordinates and used MD simulations to equilibrate and refine the in silico mutant model (Figure S3 shows the structural comparison before and after mutation in 13M4). We conducted 100 ns MD simulations of both WT and 13M4 at 62°C."
SEC547193831080_C02,547193831080,2,438,1050,"We modeled the structure of mutant 13M4 based on the WT crystal structure coordinates and used MD simulations to equilibrate and refine the in silico mutant model (Figure S3 shows the structural comparison before and after mutation in 13M4). We conducted 100 ns MD simulations of both WT and 13M4 at 62°C. The detailed simulation protocol is provided in the Materials and Methods section. Analyses of root mean square fluctuation (RMSF), number of random coils, solvent‐accessible surface area (SASA), and radius of gyration (Rg) revealed significant rigidification and compaction of the 13M4 mutant (Figure 4)."
SEC547193831080_C03,547193831080,3,827,1488,"Analyses of root mean square fluctuation (RMSF), number of random coils, solvent‐accessible surface area (SASA), and radius of gyration (Rg) revealed significant rigidification and compaction of the 13M4 mutant (Figure 4). Specifically, the RMSF of 13M4 was lower than that of the WT, indicating that the atoms or residues in 13M4 experienced less displacement during the simulation and were more stable compared to WT (Figure 4A). The average number of random coils was also lower in 13M4 than in WT, likely because the mutations in 13M4 reduced the number of unstructured regions, decreasing flexibility and increasing rigidity between molecules (Figure 4B)."
SEC547193831080_C04,547193831080,4,1259,2004,"The average number of random coils was also lower in 13M4 than in WT, likely because the mutations in 13M4 reduced the number of unstructured regions, decreasing flexibility and increasing rigidity between molecules (Figure 4B). Additionally, the average SASA of 13M4 was lower than that of WT, suggesting that a greater proportion of 13M4's surface was covered by atoms within the molecule, leading to a reduced contact area with the solvent (Figure 4C). SASA is a crucial factor in protein folding and stability studies. Generally, in protein engineering, lower SASA values indicate a more compact and stable structure for mutant enzymes. The lower SASA observed in mutant 13M4 compared to the WT indicated a tighter packing of its structure."
SEC547193831080_C05,547193831080,5,1900,2643,"The lower SASA observed in mutant 13M4 compared to the WT indicated a tighter packing of its structure. This tighter packing made 13M4 less prone to unfolding at high temperatures and reduced the impact of solvent molecules on its internal structure, thereby enhancing overall enzyme stability. The Rg of 13M4 was also lower than that of WT, suggesting that 13M4 is smaller and more compact. Rg measures the compactness of a molecule's overall shape, and smaller Rg values typically indicate a more compact structure (Figure 4D). These quantitative results suggest that the mutations in 13M4 have increased the rigidity of the enzyme by reducing local dynamics and unfolding motions while compressing the tertiary structure to limit exposure."
SEC547193831080_C06,547193831080,6,2430,3215,"These quantitative results suggest that the mutations in 13M4 have increased the rigidity of the enzyme by reducing local dynamics and unfolding motions while compressing the tertiary structure to limit exposure. This finding is consistent with the observed increase in Δ H. Thus, the combined effects of reduced flexibility and enhanced compactness likely contribute significantly to the enzyme's resistance to thermal denaturation, providing substantial thermal stabilization. We further explored the molecular basis of the enhanced thermostability by analyzing the modeled structure of mutant 13M4. Figures 5 and S4 show the structural comparison between the WT and 13M4 in the vicinity of the mutations. We examined changes in inter‐residue interactions around the mutation sites."
SEC547193831080_C07,547193831080,7,3032,3792,"Figures 5 and S4 show the structural comparison between the WT and 13M4 in the vicinity of the mutations. We examined changes in inter‐residue interactions around the mutation sites. The single‐point mutation (L6P) introduced a proline substitution in a flexible region, reducing the conformational entropy of the locally unfolded protein and resulting in a more rigid spatial structure (Figure 5A). Similar patterns of increased rigidity have been observed in other modified enzyme molecules 4, 42. Specifically, the D17V mutation introduced three additional van der Waals interactions (Figure 5B). The F108Y/Y109F/R113Q mutation caused a significant rearrangement of the hydrogen‐bonding network, with the R113Q variant adding one hydrogen bond (Figure 5C)."
SEC547193831080_C08,547193831080,8,3632,4357,"The F108Y/Y109F/R113Q mutation caused a significant rearrangement of the hydrogen‐bonding network, with the R113Q variant adding one hydrogen bond (Figure 5C). The hydrogen‐bonding network was also rearranged around several other mutations, including I149V (Figure S4A), V174I/T199S/I204V (Figure 5D), and K351E (Figure S4C). Notably, the V174I/T199S/I204V mutation introduced an additional salt bridge, while the Q165I mutation resulted in a reduced hydrogen bond (Figure S4B). No direct interaction changes were observed around the T251C and E349V mutations (Figure S4C). These findings indicate that multiple mutations significantly impact the interaction network throughout the protein, collectively enhancing stability."
SEC547193831080_C09,547193831080,9,4206,4699,"These findings indicate that multiple mutations significantly impact the interaction network throughout the protein, collectively enhancing stability. MD simulations quantified the changes in interaction forces before and after the mutations. The results showed that the number of hydrogen bonds in 13M4 decreased compared to WT (Figure 5E), while the number of salt bridges remained largely unchanged (Figure 5F). Conversely, van der Waals potential energy was decreased in 13M4 (Figure 5G)."
SEC510244659273_C01,510244659273,1,0,616,"Epistatic effects of mutations captured by the fine‐tuned Pro‐PRIME model The functional impact of an amino acid mutation often depends on the background sequence into which it is introduced. This dependence on the genetic background, known as epistasis, can significantly influence protein evolution. A mutation that is beneficial in one context may be deleterious or neutral in another 21. Epistasis can occur either through direct interactions between amino acids or through distal, indirect interactions, with the potential for exponential increases in epistatic effects as the number of mutations increases 44."
SEC510244659273_C02,510244659273,2,392,1186,"Epistasis can occur either through direct interactions between amino acids or through distal, indirect interactions, with the potential for exponential increases in epistatic effects as the number of mutations increases 44. Although capturing nonlinear and long‐range epistatic effects is challenging, our results indicate that the fine‐tuned Pro‐PRIME model successfully captures various epistatic interactions. For example, the K351E mutation demonstrated divergent effects depending on the mutational background, a phenomenon known as sign epistasis 19. This mutation showed both positive and negative influences, as illustrated in Figure 6A. Another notable case involves the single‐point mutations D17V and I149V. These mutations displayed synergistic epistasis 19, as shown in Figure 6B."
SEC510244659273_C03,510244659273,3,1038,1789,"Another notable case involves the single‐point mutations D17V and I149V. These mutations displayed synergistic epistasis 19, as shown in Figure 6B. The combination of D17V and I149V created a local optimum for protein thermostability. Introducing one or two additional beneficial mutations in this context reduced the T m value, indicating that D17V/I149V established a stable intermediate. However, the introduction of three or more mutations, such as L6P/V174I/T199S, overcame this evolutionary barrier and further increased the T m value (Figure 6B). It is noteworthy that after two rounds of refinement, the Pro‐PRIME model effectively captured the epistatic effects present in the data set, which facilitated predictions of optimal combinations."
SEC510244659273_C04,510244659273,4,1592,2267,"It is noteworthy that after two rounds of refinement, the Pro‐PRIME model effectively captured the epistatic effects present in the data set, which facilitated predictions of optimal combinations. The frequency of the K351E mutation increased significantly throughout the evolution process, with ratios of 4/73, 3/25, and 24/25 in the initial data set, and the first and second rounds of prediction results, respectively (Tables S1 ‐ S3). This indicates that effective epistasis identified in low‐order mutants was consistently captured by the large protein language model, as evidenced by the increased likelihood of this mutation appearing through the fine‐tuning process."
SEC510244659273_C05,510244659273,5,2031,2788,"This indicates that effective epistasis identified in low‐order mutants was consistently captured by the large protein language model, as evidenced by the increased likelihood of this mutation appearing through the fine‐tuning process. Similarly, the frequency of the D17V/I149V mutation increased steadily across the three data sets, reaching 14/ /25, and 25/25, respectively (Tables S1 ‐ S3). In contrast, the K351E mutation, which showed negative effects in the WT background during the stepwise combinatorial strategy, was either discarded or not prioritized in subsequent predictions. These mutations displayed significant spatial separation (>25 Å) (Figure S5), making it difficult to analyze the epistatic mechanisms through local static structures."
SEC510244659273_C06,510244659273,6,2621,3263,"These mutations displayed significant spatial separation (>25 Å) (Figure S5), making it difficult to analyze the epistatic mechanisms through local static structures. To explore the long‐range epistatic effects between mutations, we computed dynamics cross‐correlation matrices (DCCMs) for the WT and selected mutant variants. DCCMs illustrate the correlation coefficient ( C ij) between specific atoms of each amino acid within a protein, such as C α atoms, providing insights into the correlated motions of the protein 45. C ij values range from 0 to 1, indicating positive correlations, and from −1 to 0, indicating negative correlations."
SEC510244659273_C07,510244659273,7,3146,3915,"C ij values range from 0 to 1, indicating positive correlations, and from −1 to 0, indicating negative correlations. Positive correlations reflect simultaneous increases or decreases in local kinetics across both regions, while negative correlations indicate opposing changes. Our analyses revealed that mutations altered the negative correlations among regions of interest, particularly those adjacent to the mutation sites. These regions are highlighted by red boxes in Figure 6C. These dynamics‐related changes mediated the observed long‐range epistasis. For example, the introduction of the K351E mutation into the WT background diminished the negative correlation between the region near position 351 and the regions 1–90 amino acids (or amino acids) (Figure 6C)."
SEC510244659273_C08,510244659273,8,3704,4444,"For example, the introduction of the K351E mutation into the WT background diminished the negative correlation between the region near position 351 and the regions 1–90 amino acids (or amino acids) (Figure 6C). This observation indicated that the K351E mutation increased the RMSF in its vicinity while also elevating RMSF in the regions 1–90 amino acids (or amino acids) (Figure 6D). Increased RMSF indicated greater instability in these regions, which explains the negative impact of the K351E single mutation on the T m values of the WT (Figure 6A). However, when combined with higher‐order mutants (5‐M1, L6P/D17V/F108Y/V174I/T199S), the K351E mutation significantly enhanced the negative correlation between these regions (Figure 6C)."
SEC510244659273_C09,510244659273,9,4257,5004,"However, when combined with higher‐order mutants (5‐M1, L6P/D17V/F108Y/V174I/T199S), the K351E mutation significantly enhanced the negative correlation between these regions (Figure 6C). This indicated that, in this context, the K351E mutation actually improved the local stability of regions 1–90 amino acids (or amino acids) (ΔRMSF ≤ 0) (Figure 6D), thereby positively affecting the overall protein T m value (Figure 6A). Similarly, changes in dynamic correlations between D17V/I149V and other mutations aligned with the observed epistasis on T m values when they were combined. For instance, in the triple‐point mutant D17V/I149V/V174I, we observed a reduced negative correlation between D17V/I149V and regions 1 ( aa) and 2 ( aa) (Figure 6C)."
SEC510244659273_C10,510244659273,10,4838,5590,"For instance, in the triple‐point mutant D17V/I149V/V174I, we observed a reduced negative correlation between D17V/I149V and regions 1 ( aa) and 2 ( aa) (Figure 6C). Concurrently, D17V and I149V decreased their local stability (ΔRMSF > 0), which led to a reduction in the local stability of regions 1 and 2 (Figure 6D) and consequently a decrease in the mutant's T m (Figure 6B). In the quintuple‐point mutant L6P/D17V/I149V/V174I/T199S, the negative correlation between D17V/I149V and regions 1 and 2 increased (Figure 6C). Although D17V and I149V were unfavorable for their own local stability, they improved the local stability of regions 1 and 2 (ΔRMSF ≤ 0) (Figure 6D), which explains the observed increase in T m with the addition of D17V/I149V."
SEC510244659273_C11,510244659273,11,5363,5961,"Although D17V and I149V were unfavorable for their own local stability, they improved the local stability of regions 1 and 2 (ΔRMSF ≤ 0) (Figure 6D), which explains the observed increase in T m with the addition of D17V/I149V. These results demonstrate that mutations can affect not only their own local stability but also potentially influence the stability of other regions through interactions, resulting in non‐additive effects on stability known as epistasis. Such inter‐mutational interactions at the dynamic level can be partially detected and analyzed through dynamic correlation matrices."
SEC372546060302_C01,372546060302,1,0,718,"DISCUSSION In this study, we successfully integrated deep learning with protein engineering to efficiently combine single‐point mutations. We used the Pro‐PRIME model, which we fine‐tuned based on a comprehensive data set of 99 experimental data points (74 mutations from the initial data set and 25 mutations from the first round of prediction). This approach allowed us to rapidly explore over possible mutations (2 18) within the combinatorial library. All 50 mutants that entered the experimental screening phase demonstrated improved thermostability, achieving a 100% success rate. We accurately combined 13 mutations in only two rounds of experiments. The best mutant, 13M4, showed a significant increase of 10."
SEC372546060302_C02,372546060302,2,587,1377,"We accurately combined 13 mutations in only two rounds of experiments. The best mutant, 13M4, showed a significant increase of 10.19°C in apparent melting temperature compared to the WT, indicating exceptional long‐term stability. Furthermore, 13M4 showed a 655.91‐fold improvement in the half‐life at 58°C while maintaining catalytic activity comparable to that of the WT. This makes 13M4 a promising candidate for creatinine detection applications. These results highlight the effectiveness of our customized design strategy in enhancing thermostability and provide a novel framework for improving the thermostability of other commercially important enzymes. In the vast protein sequence space, the number of possible mutants is enormous, while functional proteins are relatively rare 9."
SEC372546060302_C03,372546060302,3,1248,1945,"In the vast protein sequence space, the number of possible mutants is enormous, while functional proteins are relatively rare 9. In recent years, researchers have developed various focused mutagenesis methods that require minimal screening. These methods include the combinatorial active‐site saturation test (CAST), iterative saturation mutagenesis (ISM), and rational enzyme design approaches such as focused rational iterative site‐specific mutagenesis (FRISM). These techniques enhance the efficiency of identifying positive mutants for attributes such as selectivity, activity, and thermostability. Despite these advances, effectively combining multiple positive mutants remains challenging."
SEC372546060302_C04,372546060302,4,1713,2470,"These techniques enhance the efficiency of identifying positive mutants for attributes such as selectivity, activity, and thermostability. Despite these advances, effectively combining multiple positive mutants remains challenging. Traditional directed recombination or random mutation strategies typically require a large number of experiments. Recently, the greedy strategy has become a common approach for combining multiple mutations. This strategy involves constructing and screening high‐order combinatorial mutants gradually by combining advantageous single‐point mutations based on existing best‐performing variants. However, when mutations interact epistatically, this combinatorial process may not easily identify effective evolutionary pathways."
SEC372546060302_C05,372546060302,5,2338,2976,"However, when mutations interact epistatically, this combinatorial process may not easily identify effective evolutionary pathways. To address this issue, researchers have proposed improved greedy strategies. These strategies categorize mutations into different classes based on calculated parameters and then combine them stepwise to explore as many possibilities as possible. However, this approach still faces time constraints due to multiple rounds of combination. For example, Wu's group obtained the best mutant after 13 rounds of combination, a process that could take 13 to 39 weeks under conventional experimental conditions 14."
SEC372546060302_C06,372546060302,6,2807,3550,"For example, Wu's group obtained the best mutant after 13 rounds of combination, a process that could take 13 to 39 weeks under conventional experimental conditions 14. In our study, we demonstrate that fine‐tuning protein language models with experimental data offer a more efficient solution for exploring protein sequence space. This approach allows us to rapidly explore all possible combinations, effectively avoiding local optima caused by epistatic effects while minimizing the workload and time required for screening. By performing only two rounds of design and validation with 50 mutants, we quickly identified multiple high‐order combinatorial mutants with improved thermostability, pinpointing the optimal combination of 13 sites."
SEC372546060302_C07,372546060302,7,3334,3963,"By performing only two rounds of design and validation with 50 mutants, we quickly identified multiple high‐order combinatorial mutants with improved thermostability, pinpointing the optimal combination of 13 sites. Each learning and prediction round required only 1 week, with most of the time spent waiting for computations to complete. Notably, the number of combinatorial mutants increased exponentially with the number of single‐point mutations. Thus, selecting single‐point mutations carefully is crucial, as the number of these mutations determines the computational resources needed to predict all combinatorial mutants."
SEC372546060302_C08,372546060302,8,3785,4543,"Thus, selecting single‐point mutations carefully is crucial, as the number of these mutations determines the computational resources needed to predict all combinatorial mutants. With adequate computational resources, it is possible to include a few valuable negative mutations in the single‐point mutation library, such as those that reduce thermostability but increase activity. These negative mutations might yield surprising results in the final combination. Interestingly, upon reviewing the experimental data, we observed complex high‐order epistatic effects among certain mutations, even when these mutations were spatially distant. Epistasis disrupts smooth, additive, and predictable mutational behavior, altering gradients in the fitness landscape."
SEC372546060302_C09,372546060302,9,4424,5113,"Epistasis disrupts smooth, additive, and predictable mutational behavior, altering gradients in the fitness landscape. This alteration can make the path to a global optimum lengthy or introduce local optima, where traditional directed evolution methods may become trapped 52. Currently available mutation data sets often describe epistasis at only a few positions, typically single‐ and double‐point mutants. This limitation makes it challenging to detect complex epistasis in high‐order combinatorial mutants in protein evolution and engineering studies. In contrast, our strategy efficiently captures and predicts epistasis from both trained sequence data and data used for fine‐tuning."
SEC372546060302_C10,372546060302,10,4980,5650,"In contrast, our strategy efficiently captures and predicts epistasis from both trained sequence data and data used for fine‐tuning. The fine‐tuned model accurately applied these long‐range interactions between mutations to predict combinatorial mutants. Results from dynamic correlation matrix analysis showed that mutations affecting stability influence not only the dynamics of their local environment but also, in some cases, impact the dynamics of distant structural regions. This mechanism mediates long‐range epistasis, suggesting that future protein engineering strategies could utilize changes in correlated dynamic networks for a deeper analysis of epistasis."
SEC372546060302_C11,372546060302,11,5461,6190,"This mechanism mediates long‐range epistasis, suggesting that future protein engineering strategies could utilize changes in correlated dynamic networks for a deeper analysis of epistasis. This insight prompted us to integrate structural data into protein language models, potentially providing these models with more detailed information about interactions between amino acid residues. Several models have already combined unannotated sequence data with structural data to train protein language models, achieving good predictive accuracy. Moreover, computing DCCMs of mutations and incorporating them into machine learning models present an intriguing application. This approach could provide unique data on epistatic effects."
SEC372546060302_C12,372546060302,12,6002,6782,"Moreover, computing DCCMs of mutations and incorporating them into machine learning models present an intriguing application. This approach could provide unique data on epistatic effects. Compared to wet experiments, data from MD simulations are more time‐efficient and cost‐effective, thereby enhancing the efficiency of protein engineering. In fact, combining MD simulation data with machine learning to construct models has been successfully implemented in various fields, including protein sequence design 58, protein conformational ensemble generation 59, and enzyme function prediction 60. In conclusion, we present a framework for enhancing protein engineering efficiency by fine‐tuning a general temperature‐guided language model with a small amount of experimental data."
SEC372546060302_C13,372546060302,13,6598,7191,"In conclusion, we present a framework for enhancing protein engineering efficiency by fine‐tuning a general temperature‐guided language model with a small amount of experimental data. This approach allows us to construct a model capable of accurately identifying sequence–thermostability relationships and complex epistasis, thereby guiding the efficient combination of multiple significant single mutations. This framework could be readily applied to other important enzymes. Additionally, the kinetic analysis of complex epistasis offers a unique perspective for future mechanistic studies."
SEC922718611856_C01,922718611856,1,0,21,MATERIALS AND METHODS
SEC845612035096_C01,845612035096,1,0,800,"Materials The creatinase gene ( BAA88830.1) was derived from Alcaligenes faecalis. In this study, we used the I304L/F395V creatinase variant (afCR‐M0) 35 as the parent template to construct additional variants, which we refer to as WT. We cloned the creatinase gene into the pET‐28a vector. We then transferred the recombinant plasmid into E. coli DH5α and E. coli BL21(DE3) for molecular cloning and protein expression, respectively. We purchased PrimerSTAR, Dpn I, and other reagents for the molecular cloning experiments from TaKaRa Biotechnology Co., Ltd. We acquired Oxoid™ Tryptone and Oxoid™ Yeast Extract Powder from Thermo Fisher Scientific. Sodium chloride and nickel sulfate were purchased from Shanghai Titan Scientific Co., Ltd. and Shanghai Macklin Biochemical Co., Ltd., respectively."
SEC845612035096_C02,845612035096,2,651,1113,"Sodium chloride and nickel sulfate were purchased from Shanghai Titan Scientific Co., Ltd. and Shanghai Macklin Biochemical Co., Ltd., respectively. Agar, tris, imidazole, ethylenediaminetetraacetic acid (EDTA), phosphate‐buffered saline (PBS) powder, kanamycin, and isopropyl‐β‐ d ‐thiogalactopyranoside (IPTG) were products of Sangon Biotech. We obtained SYPRO® Orange Protein Gel Stain from Sigma Aldrich. All other chemicals were of analytical‐grade purity."
SEC243145711772_C01,243145711772,1,0,770,"Protein expression and purification We initially grew the recombinant expression strain in 3 ml of 2×YT medium containing kanamycin (100 μg/ml) overnight at 37°C with orbital shaking at 220 rpm. We then used the starter culture to inoculate 250 ml of 2×YT medium supplemented with kanamycin (100 μg/ml) in a shake flask. We incubated this flask under the same conditions until the OD 600 of the culture reached between 0.6 and 0.8. We induced protein expression by adding IPTG to a final concentration of 421 μM and continued incubating the culture at 20°C with agitation at 220 rpm for h. We harvested the cells by centrifugation at 8000 rpm for 20 min at 4°C, washed them, and resuspended them in binding buffer (20 mM Tris–HCl, 200 mM NaCl, 20 mM imidazole, pH 8.0)."
SEC243145711772_C02,243145711772,2,590,1329,"We harvested the cells by centrifugation at 8000 rpm for 20 min at 4°C, washed them, and resuspended them in binding buffer (20 mM Tris–HCl, 200 mM NaCl, 20 mM imidazole, pH 8.0). We disrupted the cells using a high‐pressure homogenizer and centrifuged the resulting lysate at g for 60 min to remove cellular debris. We applied the clarified supernatant to a pre‐equilibrated Ni‐NTA column and eluted the bound proteins using an imidazole gradient ( mM). We evaluated the purity of the eluted fractions by SDS‐PAGE. We pooled the fractions containing the desired proteins, desalted them by ultrafiltration, concentrated them, and stored them at −80°C in 1× PBS buffer (10 mmol/l phosphate buffer, 137 mmol/l NaCl, 2.7 mmol/l KCl, pH 7.4)."
SEC279910669572_C01,279910669572,1,0,785,"Activity assay We evaluated the catalytic activity of creatinase using a coupled enzymatic assay system that included sarcosine oxidase and horseradish peroxidase. We diluted the creatinase sample to a final concentration of 1 mg/ml in 1× PBS buffer. We measured enzyme activity by combining 50 μl of the diluted enzyme with 950 μl of a reaction mixture containing 0.5 mM creatine, 0.45 mM 4‐aminoantipyrine (4‐AA), 0.5 mM N‐ethyl‐N‐(2‐hydroxy‐3‐sulfopropyl)−3‐methylaniline (TOOS), and 1× PBS buffer. We conducted the assay at 37°C and monitored the rate of change in absorbance at 555 nm using a UV2550 spectrophotometer. We defined one unit of enzymatic activity as the amount of enzyme required to produce 1 μM of hydrogen peroxide per minute under the described assay conditions."
SEC410332824417_C01,410332824417,1,0,790,"Thermodynamic stability analysis DSF detects changes in the tertiary structure of proteins by measuring the exposure of hydrophobic groups. We performed this method by mixing protein samples with 5× SYPRO Orange stain at a final concentration of 6 μM and placing them in octuplex PCR tubes. We standardized the volume of each sample to 20 μl and conducted three separate tests for each sample. We determined denaturation curves using appropriate filter pairs (FAM470nm for excitation and ROX625nm for emission) in a PCR instrument (Analytik Jena qTower3). We increased the temperature from 25°C to 95°C in 0.5°C increments, holding each temperature step for 5 s to allow equilibrium. We approximated the melting temperature of the thermal expansion curve by fitting the Boltzmann equation."
SEC410332824417_C02,410332824417,2,684,1411,"We approximated the melting temperature of the thermal expansion curve by fitting the Boltzmann equation. We selected this method to determine the T m values of the mutants listed in Tables S1–S3 for its high‐throughput advantage. We performed nano differential scanning calorimetry (nanoDSC) analyses using nanoDSC equipment from TA Instruments. We prepared the samples by diluting them to a concentration of 1 mg/ml with 1× PBS buffer solution and then loaded them into high‐sensitivity capillaries for detection. During the experiment, we heated the proteins through a controlled thermal ramp, increasing the temperature from 20°C to 95°C at a constant rate of 1°C per minute to induce and monitor the unfolding transition."
SEC410332824417_C03,410332824417,3,1200,1895,"During the experiment, we heated the proteins through a controlled thermal ramp, increasing the temperature from 20°C to 95°C at a constant rate of 1°C per minute to induce and monitor the unfolding transition. We subjected the protein unfolding process to this thermal ramp ( °C, 1°C/min). We analyzed the results, including T m and Δ H, using Launch NanoAnalyze software with the TwoStateScaled model to fit the experimental data. We used CD to detect thermal inactivation processes in proteins by measuring the decrease in polarized light absorption as the secondary structure is disrupted. We performed heat‐up experiments with a Jasco J‐1500 spectrometer using a 1 mm optical path cuvette."
SEC410332824417_C04,410332824417,4,1794,2338,"We performed heat‐up experiments with a Jasco J‐1500 spectrometer using a 1 mm optical path cuvette. We monitored the far‐UV CD signal (216 nm) as the temperature increased from 25°C to 80°C at a heating rate of 1°C/min, recording data at 2°C intervals. We calculated the unfolding fraction ( f u) using f u = CD T − CD min CD max − CD min × 100 %, where CD T is the observed CD value at a specific temperature, and CD max and CD min are the maximum and minimum CD values, respectively, during the thermal inactivation process of the proteins."
SEC101187454589_C01,101187454589,1,0,686,"Kinetic stability analysis To determine the kinetic stability of the enzyme, we diluted the purified enzyme to 1.0 mg/ml in 1× PBS buffer. We assessed the t 1/2 of the enzyme by incubating it at 62°C for various time periods. We then measured the residual enzyme activity at 37°C using the previously described methodology. We calculated the enzyme's t 1/2, which represents the time required for the enzyme's initial activity to decrease by half, using the first‐order deactivation function: t 1/2 = −ln / k, k * t = ln (Ar/A0), where k is the observed first‐order deactivation rate constant. Ar and A0 represent the residual activity and initial activity of the enzyme, respectively."
SEC101187454589_C02,101187454589,2,324,964,"We calculated the enzyme's t 1/2, which represents the time required for the enzyme's initial activity to decrease by half, using the first‐order deactivation function: t 1/2 = −ln / k, k * t = ln (Ar/A0), where k is the observed first‐order deactivation rate constant. Ar and A0 represent the residual activity and initial activity of the enzyme, respectively. We determined the T 50 15 value by incubating the purified enzyme at temperatures ranging from 25°C to 70°C for 15 min. After incubation, we allowed the sample to cool in an ice bath. We then quantified the residual enzymatic activity using the previously outlined methodology."
SEC101187454589_C03,101187454589,3,806,1320,"After incubation, we allowed the sample to cool in an ice bath. We then quantified the residual enzymatic activity using the previously outlined methodology. The T 50 15 value indicates the temperature at which the enzyme activity is reduced to 50% after 15 min of heat treatment, with the highest activity considered to be 100%. We analyzed the data by calculating the inflection point of the residual activity fitted to an S‐shaped plot using the Boltzmann function in Origin software at a specific temperature."
SEC491330795772_C01,491330795772,1,0,332,"Kinetic parameters We measured the kinetic parameters ( K m and k cat) in 1× PBS buffer using various concentrations of the substrate creatine (0.5, 2, 5, 8,, and 120 mM). We conducted the reactions as previously described. We determined the reaction kinetics parameters by applying the Michaelis–Menten model to the obtained data."
SEC407089677853_C01,407089677853,1,0,705,"Fine‐tuning of the Pro‐PRIME For the training process, we converted each mutant sequence, labeled appropriately, into a latent space representation (L × 1280) using Pro‐PRIME's transformer‐encoder, where L represents the protein length. We averaged the 1280‐dimensional amino acid vectors to create a representative vector for each sequence. This representative vector served as input for a regression head layer that included an MLP layer, a dropout layer, and a Tanh activation function, yielding a single prediction score for each mutant. We used the Adam optimizer and MSE as our loss function with a maximum of 200 training epochs. We applied early termination if MSE did not improve over 10 epochs."
SEC407089677853_C02,407089677853,2,542,823,"We used the Adam optimizer and MSE as our loss function with a maximum of 200 training epochs. We applied early termination if MSE did not improve over 10 epochs. All training was performed on a single 80GB NVIDIA A100 GPU card, with a learning rate of 1e−5 and a batch size of 4."
SEC270208827136_C01,270208827136,1,0,720,"Molecular dynamics simulations We used the X‐ray crystal structure of WT creatinase from previous work (PDB 7YTO) 39 as the starting structure for the MD simulation. For the 13M4 mutant, we used the same structure as WT but incorporated 13 residue mutations as described in the experiment. Our simulation box contained a single creatinase molecule, with a minimum distance of 1 nm between the protein and the box boundary. We added water molecules to the box and supplemented it with 0.1 mol/l NaCl to ensure charge neutrality. We simulated the protein using the CHARMM27 force field and the water using the TIP3P model. We conducted the simulations using GROMACS‐2021. We truncated the van der Waals interactions at 1."
SEC270208827136_C02,270208827136,2,528,1301,"We simulated the protein using the CHARMM27 force field and the water using the TIP3P model. We conducted the simulations using GROMACS‐2021. We truncated the van der Waals interactions at 1.2 nm using the Lennard–Jones potential, which was gradually switched to zero at 1.0 nm. We calculated electrostatic interactions using Particle Mesh Ewald with a Coulomb cutoff of 1.2 nm. We specifically restrained hydrogen‐containing bonds using the LINCS method, which allowed for a simulation time step of 2 fs. We initially minimized the system's energy using the steepest descent techniques, with a threshold force of 10.0 kJ per mole per nanometer and up to iterations. We first equilibrated the system at a constant volume and temperature (NVT ensemble) at 335. K for 50 ns."
SEC270208827136_C03,270208827136,3,1195,1905,"We first equilibrated the system at a constant volume and temperature (NVT ensemble) at 335. K for 50 ns. We then continued equilibration at constant pressure and temperature (NPT ensemble) at 1 bar for an additional 50 ns. We regulated the temperature using the velocity‐rescale algorithm with a coupling period of 0.1 ps. We controlled the pressure using the Parrinello–Rahman method with a coupling constant of 3 ps. Next, we performed the production phase of the MD simulation under NPT conditions for 200 ns, maintaining a time step of 2 fs. For analysis, we used the final 100 ns of the simulation trajectories, recorded at 100‐ps intervals. We visualized the protein structures using the PyMOL package."
SEC246753167121_C01,246753167121,1,0,689,"Dynamics cross‐correlation matrix We calculated the DCCMs according to the guidelines 63. We determined the mutant's structure by modifying the corresponding amino acid in the WT crystal structure. We computed the DCCMs using Bio3D 64, calculating the correlation coefficients for the C α atoms. We archived the final 10 ns of the MD simulation trajectory at 10‐ps intervals and converted the data into the dcd file format using the CatDCD extension in VMD software 65. We then input the resulting trajectory into Bio3D. We derived the correlation matrices from averaging across three independent simulation trajectories and graphically represented them using the Origin software package."
SEC190795573317_C01,190795573317,1,0,595,AUTHOR CONTRIBUTIONS Jiahao Bian: Data curation (equal); investigation (lead); validation (lead); writing—original draft (lead); and writing—review and editing (equal). Pan Tan: Data curation (equal); formal analysis (equal); and writing—review and editing (equal). Ting Nie: Data curation (equal); formal analysis (equal); and writing—review and editing (equal). Liang Hong: Conceptualization (equal); supervision (equal); and writing—review and editing (equal). Guang‐Yu Yang: Conceptualization (equal); funding acquisition (lead); supervision (equal); and writing—review and editing (equal).
SEC823129761343_C01,823129761343,1,0,63,ETHICS STATEMENT This study did not involve animals or humans.
SEC964806565726_C01,964806565726,1,0,68,CONFLICT OF INTERESTS The authors declare no conflict of interests.
SEC504224249381_C01,504224249381,1,0,47,Supporting information Supporting information.
SEC773965053971_C01,773965053971,1,0,733,"Abstract The spliceosome protein, SF3B1, is associated with U2 snRNP during early spliceosome assembly for pre-mRNA splicing. Frequent somatic mutations in SF3B1 observed in cancer necessitates the characterization of its role in identifying the branchpoint adenosine of introns. Remarkably, SF3B1 is the target of three distinct natural product drugs, each identified by their potent anti-tumor properties. Structural studies indicate that SF3B1 conformational flexibility is functionally important, and suggest that drug binding blocks the transition to a closed state of SF3B1 required for the next stage of spliceosome assembly. This model is confounded, however, by the antagonistic property of an inactive herboxidiene analog."
SEC773965053971_C02,773965053971,2,633,1284,"This model is confounded, however, by the antagonistic property of an inactive herboxidiene analog. In this study, we established an assay for evaluating the thermostability of SF3B1 present in the nuclear extract preparations employed for in vitro splicing studies, to investigate inhibitor interactions with SF3B1 in a functional context. We show that both active and antagonistic analogs of natural product inhibitors affect SF3B1 thermostability, consistent with binding alone being insufficient to impair SF3B1 function. Surprisingly, SF3B1 thermostability differs among nuclear extract preparations, likely reflecting its conformational status."
SEC773965053971_C03,773965053971,3,1159,1759,"Surprisingly, SF3B1 thermostability differs among nuclear extract preparations, likely reflecting its conformational status. We also investigated a synthetic SF3B1 ligand, WX-, and found that it increases SF3B1 thermostability and interferes with in vitro splicing by a mechanism that strongly resembles the activity of natural product inhibitors. We propose that altered SF3B1 thermostability can serve as an indicator of inhibitor binding to complement functional assays of their general effect on splicing. It may also provide a means to investigate the factors that influence SF3B1 conformation."
SEC131725859852_C01,131725859852,1,0,7,Results
SEC166452969244_C01,166452969244,1,0,705,"Impact of an SSA analog on the thermostability of SF3B1 in nuclear extract To determine the thermostability profile of SF3B1 in the HeLa cell nuclear extract commonly used for in vitro splicing analysis and the potential impact of SF3B1 inhibitors, we incubated 5 μM SSA analog SSA-917 with nuclear extract. This concentration is ∼50-fold higher than its IC 50 for splicing inhibition. Aliquots of the mixture were then exposed to a range of increasing temperatures, and then centrifuged to remove denatured proteins. We initially used western blots to assess the amount of soluble SF3B1 ( Fig. B). As expected, the predominant SF3B1 band showed decreased intensity with increasing temperature ( Fig. A)."
SEC166452969244_C02,166452969244,2,599,1315,"As expected, the predominant SF3B1 band showed decreased intensity with increasing temperature ( Fig. A). In the SSA-917 treated extract, the amount of SF3B1 appeared to be higher relative to the DMSO control at intermediate temperatures, consistent with drug binding providing a measure of stabilization with heat denaturation. A non-linear regression to relative band intensities from replicate samples and blots was used to determine the temperature where half of the total SF3B1 is denatured (T m) ( Fig. C). The value for SSA-917 treatment was slightly higher (53.1 vs 54.5 °C) than with DMSO, but a 95% confidence interval could not be determined, and we could therefore not test for statistical significance."
SEC166452969244_C03,166452969244,3,1177,1829,"5 °C) than with DMSO, but a 95% confidence interval could not be determined, and we could therefore not test for statistical significance. Because of the large number of samples that need to be analyzed in parallel, ideally on the same blot, we turned to dot blotting to analyze both experimental and technical replicates on the same blot and to add another temperature point. First, we established that serial dilution of nuclear extract applied directly to a membrane resulted in a linear decrease of SF3B1 immunosignal ( Fig. D -left). SF3B1 immunosignal of 45 identical samples across a dot blot exhibits a 10.4% coefficient of variation ( Fig. D)."
SEC166452969244_C04,166452969244,4,1715,2149,"SF3B1 immunosignal of 45 identical samples across a dot blot exhibits a 10.4% coefficient of variation ( Fig. D). Relative dot blot intensities of the same samples analyzed by Western blot yields a similar denaturation profile, and, with an extra temperature point and technical replicate, we were able to determine that the small difference in T m value for SSA-917 (54.6) and DMSO (53.4) has statistical significance ( p = 0.0073)."
SEC260205016113_C01,260205016113,1,0,761,"An unknown factor affects SF3B1 thermostability in some nuclear extract preparations Nuclear extracts are prepared in batches from liter-scale cultures of HeLa extracts and exhibit batch to batch variability in terms of 260/280 UV absorbance levels and in vitro splicing efficiency, including cases of completely “dead” extract. The extract used for Figure 1 (NE-1), exhibits relatively good splicing efficiency and higher UV absorbance. To determine if the effect of SSA on SF3B1 is consistent across nuclear extracts preparation, we repeated the experiment with two additional nuclear extract preparations (NE-2 and NE-3). With NE-2, SSA increased the T m of SF3B1 thermodenaturation by a little over 1 °C, with a thermostability profile like NE-1 ( Fig. A)."
SEC260205016113_C02,260205016113,2,625,1335,"With NE-2, SSA increased the T m of SF3B1 thermodenaturation by a little over 1 °C, with a thermostability profile like NE-1 ( Fig. A). In contrast, NE-3 exhibited a very different pattern of SF3B1 thermostability. First, in the absence of inhibitor, the T m of SF3B1 thermodenaturation is ∼3 °C lower than NE-1 and NE-2. Second, the effect of SSA-917 is much more pronounced with a thermostability profile that cannot be fit by linear regression ( Fig. B). To compare the behavior of additional extracts, we examined temperatures near the inflection points of the SF3B1 thermodenaturation curve. Figure 2 C shows relative dot intensities at and 54 °C for NE-2, NE-3 and three additional extract preparations."
SEC260205016113_C03,260205016113,3,1222,1894,"Figure 2 C shows relative dot intensities at and 54 °C for NE-2, NE-3 and three additional extract preparations. Both NE-2 and NE-4 exhibit relatively high amounts of SF3B1 at 54 °C in DMSO, which increases slightly with SSA-917 treatment. In contrast, only a small amount of SF3B1 remains soluble at 54 °C with NE-3, NE-5, NE-6 (55 °C for NE-6) in DMSO. Strikingly, SSA-917 treatment significantly increases the portion of soluble SF3B1 to approximately the same level. The molecular basis of this differential thermostability of SF3B1 is not clear at this point. NE-1, NE-2, and NE-4 have relatively high 260/280 nm UV absorbance and exhibit better splicing efficiency."
SEC260205016113_C04,260205016113,4,1787,2584,"NE-1, NE-2, and NE-4 have relatively high 260/280 nm UV absorbance and exhibit better splicing efficiency. NE-3 and NE-5 have lower 260/280 nm UV absorbance and exhibit little to no splicing efficiency, while NE-6 has intermediate 260/280 nm UV absorbance and slightly better splicing. Although we adjusted NE concentration to achieve similar UV absorbance for the extracts tested (for example NE-1 and NE-2 were tested at 50%, and NE-3 tested at 95% extract) overall protein/nucleic acid levels have the potential to affect thermostability. We therefore compared thermostability profiles of dilutions of NE-1 and NE-3 with and without SSA treatment. Each dilution of NE-1 slightly increases the T m of SF3B1 with DMSO, but SSA treatment still provides a small boost in thermostability ( Fig. A)."
SEC260205016113_C05,260205016113,5,2438,3232,"Each dilution of NE-1 slightly increases the T m of SF3B1 with DMSO, but SSA treatment still provides a small boost in thermostability ( Fig. A). NE-3 dilution decreased the T m of SF3B1 in DMSO, but SSA treatment still greatly increases soluble SF3B1 in a pattern that cannot be fit by linear regression. These results, summarized in Figure 3 B, show that protein/nucleic acid concentration is a relevant factor, but it does not account for the unusual thermostability of SF3B1 in NE-3. There is a correlation between splicing efficiency and SF3B1 thermostability in that all extracts with lower SF3B1 thermostability have poor or no splicing capacity. However, the corollary does not hold. We tested four additional extracts, two with good splicing efficiency and two with splicing activity."
SEC260205016113_C06,260205016113,6,3130,3346,"We tested four additional extracts, two with good splicing efficiency and two with splicing activity. The amount of soluble SF3B1 remaining after heating and 55 °C were very similar to each other and NE-1 ( Fig. C)."
SEC213094012386_C01,213094012386,1,0,798,"Modulation of SF3B1 stability by other natural product scaffolds One goal of developing an SF3B1 thermostability assay was to compare the effect of inhibitors and analogs on splicing efficiency with a complementary assessment of the interactions between the compounds and SF3B1 in nuclear extract. We therefore next used the assay with pladienolide B, herboxidiene, and a herboxidiene analog (iHB) that antagonizes the effect of active compounds ( Fig. A). To more readily compare their ability to affect SF3B1 thermostability in different extracts we again analyzed the soluble fraction of after heating to and 54 °C. With NE-2, pladienolide B treatment produced a very small increase in soluble SF3B1 levels at 54 °C, while the effect of herboxidiene was not statistically significant ( Fig. C)."
SEC213094012386_C02,213094012386,2,619,1282,"With NE-2, pladienolide B treatment produced a very small increase in soluble SF3B1 levels at 54 °C, while the effect of herboxidiene was not statistically significant ( Fig. C). In NE-3, however, both compounds strongly increased SF3B1 thermostability at 50 and 54 °C ( Fig. 4, B and C). These results suggest that similar interactions between SF3B1 and the three different natural product scaffolds are responsible for the increased SF3B1 thermostability. Notably, iHB also affects SF3B1 thermostability in NE-3 and NE-5 ( Fig. 4, B and C). This result lends further support to our hypothesis that antagonism by iHB is mediated by competitive binding to SF3B1."
SEC915679660350_C01,915679660350,1,0,784,"WX-02-23 shifts SF3B1 thermostability and inhibits pre-mRNA splicing in vitro The Cravatt group reported a synthetic chemical ligand (WX-) that covalently attaches to SF3B1 through cysteine 1111 and an inactive/non-competitive enantiomer (WX-) ( Fig. A). In SF3B1, cysteine 1111 faces into the binding channel of the natural product splicing inhibitors, and pladienolide B was shown to compete with WX-02 to 23’s interaction with SF3B1. Although the compound can influence splicing in cells, the question of its effect on SF3B1 function was not fully answered. To determine whether WX- interferes with U2 snRNP’s engagement with an intron in a way that reduces spliceosome assembly and subsequent catalysis of splicing chemistry, we tested its effect in the in vitro splicing system."
SEC915679660350_C02,915679660350,2,561,1352,"To determine whether WX- interferes with U2 snRNP’s engagement with an intron in a way that reduces spliceosome assembly and subsequent catalysis of splicing chemistry, we tested its effect in the in vitro splicing system. Inclusion of WX- results in loss of both first and second step splicing products with an IC 50 of ∼5 μM, while WX- has no effect ( Fig. B). Notably, an A-like complex similar to that induced by SSA-917 accumulates in the presence of WX-, with no further complex formation ( Fig. C). Together, these results are consistent with the idea that molecules with very different structures nonetheless interfere with SF3B1’s role in spliceosome assembly in the same manner. Next, we used the dot blot assay to test whether WX- also influences SF3B1 thermostability ( Fig. B)."
SEC915679660350_C03,915679660350,3,1250,2050,"Next, we used the dot blot assay to test whether WX- also influences SF3B1 thermostability ( Fig. B). While the impact of WX- does not reach statistical significance in NE-6 like SSA-917, the compound robustly increased the amount of soluble SF3B1 in NE-3 at 50 and 54 °C. This result further supports the model that ligation of WX- to SF3B1 mimics binding of the natural product splicing inhibitors. As expected, WX- had no effect on SF3B1 thermostability in NE-6. It did increase the amount of soluble SF3B1 in NE-1 at 50 °C, suggesting that it although it does not react with cysteine 1111, it may interact with SF3B1 to some extent. WX- was shown to stabilize the association of DDX42 with SF3B1, which invited the suggestion that the compound might also have an impact on DDX42 thermostability."
SEC915679660350_C04,915679660350,4,1887,2477,"WX- was shown to stabilize the association of DDX42 with SF3B1, which invited the suggestion that the compound might also have an impact on DDX42 thermostability. Furthermore, if they share a similar mechanism of action, the natural product derived SF3B1 inhibitors would have the same effect. We investigated the possibility with SSA-917 and WX-. By western blots, we do not observe a significant change in the amount of DDX42 in the soluble fractions of NE-3 and NE-4 with SSA-917 at temperatures near an estimated T m near 51 °C ( Fig. A). Likewise, WX- has no effect in NE-3 ( Fig. B)."
SEC915679660350_C05,915679660350,5,2235,2923,"By western blots, we do not observe a significant change in the amount of DDX42 in the soluble fractions of NE-3 and NE-4 with SSA-917 at temperatures near an estimated T m near 51 °C ( Fig. A). Likewise, WX- has no effect in NE-3 ( Fig. B). This result comes with the caveat that we were not able to use HDAC-1 as a loading control because both WX- and WX- differentially affected the protein's migration, potentially reflecting their reactive propensities. Because our DDX42 antibody detects a significant non-specific band, dot blotting was not possible. Coincidentally, the non-specific bands migrate at the same position as SF3B1 and its thermostability differs with the inhibitors."
SEC915679660350_C06,915679660350,6,2793,3129,"Coincidentally, the non-specific bands migrate at the same position as SF3B1 and its thermostability differs with the inhibitors. A sequence alignment of the DDX42 antigen (amino acids) identifies a 39 residue stretch within the intrinsically disordered N-terminal domain of SF3B1 that may be similar enough to be recognized ( Fig. 6)."
SEC880290437659_C01,880290437659,1,0,10,Discussion
SEC121367679574_C01,121367679574,1,0,780,"SF3B1 thermostability and natural product splicing inhibitors In this study, we developed a thermal shift assay to evaluate spliceosome inhibitor interactions with SF3B1 in the context of the HeLa cell nuclear extract that is used to study splicing and spliceosome assembly in vitro. Dot blotting, which enabled comparison of replicate measures on the same immunoblot, was critical to observing the small but consistent increase in SF3B1 thermostability in the presence of the splicing inhibitor SSA-917. While the assay does not provide quantitative binding data, we suggest that it can serve as a useful stand-in for assessing binding and complement the functionally relevant test for inhibition of splicing chemistry that is downstream of SF3B1’s role in spliceosome assembly."
SEC121367679574_C02,121367679574,2,505,1217,"While the assay does not provide quantitative binding data, we suggest that it can serve as a useful stand-in for assessing binding and complement the functionally relevant test for inhibition of splicing chemistry that is downstream of SF3B1’s role in spliceosome assembly. Compounds derived from three distinct natural product scaffolds (SSA, pladienolide B and herboxidiene) modulate SF3B1 thermostability, which is consistent with a shared pharmacophore and mechanism of action for splicing inhibition. The magnitude of their effect similarly depended on the nuclear extract tested, but SSA and its analog SSA-917 consistently increased SF3B1 thermostability at a given temperature by the highest magnitude."
SEC121367679574_C03,121367679574,3,1012,1750,"The magnitude of their effect similarly depended on the nuclear extract tested, but SSA and its analog SSA-917 consistently increased SF3B1 thermostability at a given temperature by the highest magnitude. The difference may be due to the slightly higher potency of SSA for in vitro splicing inhibition, where SSA’s IC 50 value is 0.07 μM versus 0.09 and 0.23 μM for pladienolide B and herboxidiene, respectively, although we tested the compounds at concentrations much higher than their IC 50 values for splicing inhibition and sufficient to yield no detectable spliced products. The compounds share a diene functionality making similar contacts within the SF3B1 binding site, but their interactions with SF3B1 outside the pocket differ."
SEC121367679574_C04,121367679574,4,1592,2302,"The compounds share a diene functionality making similar contacts within the SF3B1 binding site, but their interactions with SF3B1 outside the pocket differ. For example, SSA has a unique covalent interaction with cysteine 26 of PHF5A that may further influence SF3B1 thermostability. The shared aliphatic tail of pladienolide B and herboxidiene contact a completely different surface of SF3B1, with no evidence of covalent linkage. Future examination of the structure activity relationship of different inhibitor contacts relative to SF3B1 thermostability has the potential to explain how different analogs could yield different splicing outcomes in cells in conjunction with the wide variability of introns."
SEC121367679574_C05,121367679574,5,2025,2800,"Future examination of the structure activity relationship of different inhibitor contacts relative to SF3B1 thermostability has the potential to explain how different analogs could yield different splicing outcomes in cells in conjunction with the wide variability of introns. Indeed, multiple analogs of SSA have been reported to differentially alter certain splicing events. While employing different nuclear extract preparations in our studies, we discovered that SF3B1 thermostability is also affected by a yet to be identified factor. In some extracts, SF3B1 thermostability is on its own much lower and the impact of inhibitor addition is more profound. Although overall protein/nucleic acid concentration can explain some of the effect, other factors must contribute."
SEC121367679574_C06,121367679574,6,2685,3380,"Although overall protein/nucleic acid concentration can explain some of the effect, other factors must contribute. One correlation we see relates to the proficiency of the extract for splicing. The SF3B1 in extracts with good splicing efficiency exhibits higher thermostability, while extracts with low SF3B1 thermostability have little to no splicing activity. The corollary of high SF3B1 stability tracking with high splicing efficiency does not hold. This may be expected because dozens of spliceosome components must all be functional to promote splicing, not just SF3B1. The complexity of nuclear extract presents many challenges to teasing out the factors that impact splicing efficiency."
SEC121367679574_C07,121367679574,7,3261,4037,"The complexity of nuclear extract presents many challenges to teasing out the factors that impact splicing efficiency. SF3B1 thermostability may represent a handhold for characterizing the specific factors that modulate its contributions. SF3B1 thermostability is likely influenced by its interactions with other components of U2 snRNP and/or the conformation of the large HEAT-repeat domain. We know that the interactions vary among extracts based on, for example, the proportion of SF3B1 in complexes that differentially migrate in glycerol gradients. Our group also reported evidence for both temperature and an ATP-dependent factor affecting inhibitor interactions with SF3B1, which we hypothesized modulate the probability of it adopting an open vs. closed conformation."
SEC121367679574_C08,121367679574,8,3815,4609,"Our group also reported evidence for both temperature and an ATP-dependent factor affecting inhibitor interactions with SF3B1, which we hypothesized modulate the probability of it adopting an open vs. closed conformation. With these observations in mind, it is tempting to speculate that SF3B1 is more thermostable when functionally associated with U2 snRNP in an open conformation. In this case, inhibitor binding can only provide a small degree of additional stabilization. In contrast, SF3B1 that is not associated with U2 snRNP may be less thermostable as it fluctuates between open and closed states. By supporting the open state, inhibitor binding to the disassociated SF3B1 would therefore has a larger impact on overall thermostability. We are actively working to test this hypothesis."
SEC121367679574_C09,121367679574,9,4421,5199,"By supporting the open state, inhibitor binding to the disassociated SF3B1 would therefore has a larger impact on overall thermostability. We are actively working to test this hypothesis. One aim of this study is to understand the paradoxical behavior of iHB, which has no effect on in vitro splicing efficiency, but antagonizes all three natural product splicing inhibitors. For example, 5 μM iHB rescues 50% of splicing that is completely inhibited with 1 μM SSA. The increase in SF3B1 thermostability with iHB is consistent with its binding in the same pocket in SF3B1, regardless of the altered carboxyl group of herboxidiene. The results further implicate interactions between the carboxyl group and residues at the hinge of SF3B1 as being critical to inhibitor mechanism."
SEC121367679574_C10,121367679574,10,5052,5379,"The results further implicate interactions between the carboxyl group and residues at the hinge of SF3B1 as being critical to inhibitor mechanism. Other SF3B1 inhibitor analogs also have been shown to have antagonistic properties, and thermostability could similarly prove valuable for investigating their mechanism of action."
SEC605161175310_C01,605161175310,1,0,770,"A new SF3B1 splicing inhibitor Finally, our investigation of WX- shows that a covalent ligand modifying SF3B1 near the natural product binding pocket inhibits in vitro spliceosome assembly at the same stage and similarly increases SF3B1 thermostability. Together these results highlight the critical nature of the region for SF3B1’s role in splicing, and its drugability. Proteomic interaction studies showed that WX- increases SF3B1 interactions with the protein DDX42. DDX42 was initially identified as a component of the free SF3B complex, but not the U2 snRNP, and proposed to regulate SF3B in addition to the snRNP. If stabilizing DDX42 interactions with SF3B1 interferes with U2 snRNP assembly, the spliceosome A-complex would not assemble in the presence of WX-."
SEC605161175310_C02,605161175310,2,621,1166,"If stabilizing DDX42 interactions with SF3B1 interferes with U2 snRNP assembly, the spliceosome A-complex would not assemble in the presence of WX-. The drug might also be predicted to affect DDX42 thermostability. Our results show that WX- does not block U2 snRNP’s interaction with an intron, but it halts further assembly similar to the natural product SF3B1 inhibitors. We also see no impact of WX- or SSA-917 on DDX42 thermostability, which does not support a change in DDX42 interactions with SF3B1, although it also does not rule it out."
SEC605161175310_C03,605161175310,3,995,1655,"We also see no impact of WX- or SSA-917 on DDX42 thermostability, which does not support a change in DDX42 interactions with SF3B1, although it also does not rule it out. How interactions with DDX42 impinge on SF3B1 function at this stage is not clear, but a recent cryo-EM model shows it bound to U2 snRNP concomitantly with SF3B in a manner that is both similar to and mutually exclusive of the homologous RNA-dependent ATPase DDX46. The Cravatt group reported that DDX42 preferentially crosslinks to the branch point region of introns, which in combination with our spliceosome assembly data, raises the possibility that it functions as a paralog of DDX46."
SEC854504583034_C01,854504583034,1,0,6,Method
SEC200159789944_C01,200159789944,1,0,286,"SF3B1 inhibitors Synthesis and characterization of SSA, pladienolide B, herboxidiene analogs, WX- and WX- were previously reported. Synthesis and characterization of SSA-917 will be reported separately. All compounds are stored at 10 to 50 mM in DMSO and diluted in water prior to use."
SEC562323038029_C01,562323038029,1,0,792,"HeLa nuclear extract preparation HeLa nuclear extract was prepared as previously described from HeLa S3 cells cultivated in DMEM/F-12 medium and 5% (v/v) newborn calf serum. Briefly, cells grown in suspension were harvested by centrifugation and washed twice with cold PBS and twice with 10 mM Tris pH 7.9, 10 mM KCl, 1.5 mM MgCl2, 0.5 mM DTT, supplemented with cOmplete Protease Inhibitor Cocktail (469313200, Roche). The cells were swelled in 2X volume of the same buffer for 10 min and the plasma membrane disrupted with a glass dounce homogenizer. Nuclei were pelleted and resuspended in 0.5X volume 20 mM Tris pH 7.9, 0. M KCl, 1.5 mM MgCl 2, 25% glycerol, 0.5 mM DTT supplemented with cOmplete Protease Inhibitor Cocktail. To precipitate chromatin, 0.5X volume of 20 mM Tris pH 7.9, 1."
SEC562323038029_C02,562323038029,2,665,1209,"5 mM DTT supplemented with cOmplete Protease Inhibitor Cocktail. To precipitate chromatin, 0.5X volume of 20 mM Tris pH 7.9, 1. M KCl, 1.5 mM MgCl 2, 25% glycerol, and 0.5 mM DTT supplemented with cOmplete Protease Inhibitor Cocktail was added dropwise with stirring. After centrifugation, the soluble fraction was dialyzed into NE Buffer (20 mM Tris pH 7.9, 0. M KCl, 0.2 mM EDTA, 20% glycerol, and 0.5 mM DTT). Precipitated material was removed by centrifugation, and aliquots of the extract were flash frozen on dry ice and stored at −70 °C."
SEC604221484439_C01,604221484439,1,0,671,"Thermal shift assay HeLa nuclear extract diluted in NE Buffer was incubated with drug or DMSO for 10 min at 30 °C and then transferred into PCR tubes in 10 μl aliquots. The tubes were heated in a thermal cycler for 3 min at temperatures ranging from 40 to 65 °C, cooled at room temperature for 3 min, and then placed on ice. The samples were diluted to a final volume of 50 to 100 μl with NE Buffer and transferred to 1.7 ml microfuge tubes. Insoluble protein was pelleted by centrifugation at g for 30 min at 4 °C. Supernatant containing soluble protein was transferred to tubes or a 96-well plate and aliquots were analyzed by blotting immediately or stored at −20 °C."
SEC401547975162_C01,401547975162,1,0,643,"Dot blots Immobilon-FL 045 μm PVDF membrane (IPL00010, Millipore) was activated with methanol and equilibrated in 10 mM Tris pH 7.5, 150 mM NaCl, 0. Tween-20 (1X TBS-T). The membrane was placed on two layers of damp Whatman 3 MM filter paper (, Whatman) and assembled in a 96-well Minifold I Dot Blot System (, Whatman). Soluble protein fractions were loaded into wells by multichannel pipette and vacuum applied to pull liquid through the membrane. The wells were then rinsed with NE Buffer with vacuum. After a short drying time, the membrane was incubated with agitation in 1X TBS-T with 1% non-fat dry milk for 1 hour at room temperature."
SEC401547975162_C02,401547975162,2,505,1243,"After a short drying time, the membrane was incubated with agitation in 1X TBS-T with 1% non-fat dry milk for 1 hour at room temperature. Primary antibody (anti-SF3B1, 27684-1-AP, Proteintech, RRID: AB_2880946, 1:7000 dilution) was added directly to the milk solution, and the membrane incubated overnight at 4 °C with agitation. The blots were washed with 1X TBS-T for 5 min three times, followed by incubation with secondary antibody (IRDye 680RD Donkey anti-Rabbit IgG,, LICOR, RRID: AB_10954442, 1: dilution) in 1X TBS-T with 1% non-fat dry milk for 1 h at room temperature. Antibody specificity was determined by the manufacturer. The blots were washed again and imaged with the Odyssey Infrared Imaging System (LI-COR Biosciences)."
SEC401547975162_C03,401547975162,3,1141,1772,"The blots were washed again and imaged with the Odyssey Infrared Imaging System (LI-COR Biosciences). Dot blot images were quantified from using LI-COR Image Studio Lite and relative intensities expressed as signal divided by the average signal of the lowest temperature treatment for the extract. T m (IC 50) values were determined by nonlinear regression using the default [Inhibitor] vs. response -- Variable slope model with 1/Y 2 weighting in GraphPad Prism version 10.3.1 for Mac, GraphPad Software, www.graphpad.com. Curve fits were compared by the Extra sum of squares F test to determine p -values for differences in T m."
SEC971551971237_C01,971551971237,1,0,385,"Western blot Soluble protein samples were prepared in 5x Laemmli buffer (62.5 mM Tris, 25% glycerol, 6.25% SDS, 0.1% bromophenol blue, 5% beta-mercaptoethanol) and heated at 95 °C for 1 min prior separation on 10% acrylamide gels for SDS-PAGE. Gels were transferred to Immobilon-FL PVDF in 25 mM Tris, 192 mM glycine, 20% (v/v) methanol, 0.05% SDS with a Bio-Rad Mini Trans-Blot Cell."
SEC971551971237_C02,971551971237,2,244,1022,"Gels were transferred to Immobilon-FL PVDF in 25 mM Tris, 192 mM glycine, 20% (v/v) methanol, 0.05% SDS with a Bio-Rad Mini Trans-Blot Cell. The membranes were probed and imaged as described for dot blots except that anti-HDAC1 (H-51) rabbit polyclonal (SC-7872, Santa Cruz Biotech, AB_2279709, 1:3000 dilution), anti-DDX42 rabbit polyclonal A A, Bethyl Laboratories, RRID: AB_10953655, 1:2000) or anti-SF3B4 (G3) mouse monoclonal (sc-365571, Santa Cruz Biotech, RRID: AB_10851485, 1:1000 dilution) was included as primary antibody and, where appropriate, (IRDye 800C2 Donkey anti-mouse IgG,, LICOR, RRID: AB_2716622, 1: dilution) included as secondary antibody. Antibody specificity was determined by the manufacturer. Bands were quantified from with LI-COR Image Studio Lite."
SEC971551971237_C03,971551971237,3,907,1298,"Antibody specificity was determined by the manufacturer. Bands were quantified from with LI-COR Image Studio Lite. SF3B1 signal for a given temperature was first normalized to HDAC1 as a loading control, and relative intensities expressed as signal divided by the average signal of the lowest temperature treatment for the extract. Data were plotted and analyzed as described for dot blots."
SEC333537530484_C01,333537530484,1,0,784,"In vitro splicing assays Radiolabeled pre-mRNA substrate (5–10 nM) was incubated at 30 °C for 60 min in 40% HeLa cell nuclear extract supplemented with 60 mM potassium glutamate, 2 mM magnesium acetate, 2 mM ATP, 5 mM creatine phosphate, 0.1 mg/ml tRNA, and increasing concentrations of compounds solved in DMSO or DMSO alone. The reactions were stopped by addition of and the RNA isolated by extraction with 25:24:1 phenol:cholorform:isoamyl alcohol and ethanol precipitation. RNA species were separated by denaturing polyacrylamide gel electrophoresis and visualized by phosphorimaging (Typhoon, Molecular Dynamics). Individual bands were quantified with FIJI. Splicing efficiency is calculated as the amount of mRNA relative to total RNA and normalized to a DMSO control reaction."
SEC333537530484_C02,333537530484,2,663,1037,"Splicing efficiency is calculated as the amount of mRNA relative to total RNA and normalized to a DMSO control reaction. Values from three independent measurements were graphed and IC 50 values determined by nonlinear regression using the default [Inhibitor] vs. response - Variable slope model in GraphPad Prism version 10.3.1 for Mac, GraphPad Software, www.graphpad.com."
SEC718558096436_C01,718558096436,1,0,557,"Native gel analysis Aliquots of in vitro splicing reactions were taken at different time intervals and combined with one volume of native loading buffer (20 mM Tris base, 20 mM glycine, 25% (v/v) glycerol, 0.05% (w/v) cyan blue, 0.05% (w/v) bromophenol blue, 1 mg/ml heparin sulfate) for loading on a horizontal 2.1% (w/v) low-melt agarose gel in 20 mM Tris, 20 mM glycine running buffer. Gels were run at 72 V for 3 h 50 min, vacuum-dried onto Whatman 3 MM filter paper for 45 min at 65 °C, and visualized by phosphorimaging (Typhoon, Molecular Dynamics)."
SEC302320409218_C01,302320409218,1,0,71,Data availability All data described are contained within the article.
SEC580471182340_C01,580471182340,1,0,116,Conflict of interest The authors declare that they have no conflicts of interest with the contents of this article.
SEC575289726236_C01,575289726236,1,0,650,"Abstract Aggregation is intricately linked to protein folding, necessitating a precise understanding of their relationship. Traditionally, aggregation has been viewed primarily as a sequential consequence of protein folding and misfolding. However, this conventional paradigm is inherently incomplete and can be deeply misleading. Remarkably, it fails to adequately explain how intrinsic and extrinsic factors, such as charges and cellular macromolecules, prevent intermolecular aggregation independently of intramolecular protein folding and structure. The pervasive inconsistencies between protein folding and aggregation call for a new framework."
SEC575289726236_C02,575289726236,2,331,1036,"Remarkably, it fails to adequately explain how intrinsic and extrinsic factors, such as charges and cellular macromolecules, prevent intermolecular aggregation independently of intramolecular protein folding and structure. The pervasive inconsistencies between protein folding and aggregation call for a new framework. In all combined reactions of molecules, both intramolecular and intermolecular rate (or equilibrium) constants are mutually independent; accordingly, intrinsic and extrinsic factors independently affect both rate constants. This universal principle, when applied to protein folding and aggregation, indicates that they should be treated as two independent yet interconnected processes."
SEC575289726236_C03,575289726236,3,874,1566,"This universal principle, when applied to protein folding and aggregation, indicates that they should be treated as two independent yet interconnected processes. Based on this principle, a new framework provides groundbreaking insights into misfolding, Anfinsen’s thermodynamic hypothesis, molecular chaperones, intrinsic chaperone-like activities of cellular macromolecules, intermolecular repulsive force-driven aggregation inhibition, proteome solubility maintenance, and proteinopathies. Consequently, this paradigm shift not only refines our current understanding but also offers a more comprehensive view of how aggregation is coupled to protein folding in the complex cellular milieu."
SEC468182753367_C01,468182753367,1,0,705,"Introduction Proteins need to correctly and efficiently fold while additionally maintaining their solubility against aggregation to perform their biological functions in the crowded cellular milieu. During their lifespan, proteins undergo kinetic and thermodynamic partitioning between folding and aggregation. Newly synthesized proteins can aggregate even before folding, compromising the yield of productive protein folding. Molecular chaperones are known to assist in protein folding by preventing misfolding and aggregation, and they play a crucial role in protein homeostasis (proteostasis) and proteinopathies. The traditional studies of protein folding are conducted in the absence of aggregation."
SEC468182753367_C02,468182753367,2,427,1108,"Molecular chaperones are known to assist in protein folding by preventing misfolding and aggregation, and they play a crucial role in protein homeostasis (proteostasis) and proteinopathies. The traditional studies of protein folding are conducted in the absence of aggregation. However, it is increasingly essential to understand cellular protein folding in the context of aggregation. Aggregation is associated with impaired proteostasis and proteinopathies, including Alzheimer’s disease (AD), Parkinson’s disease (PD), amyotrophic lateral sclerosis (ALS), and prion diseases. These aggregation-associated diseases are also referred to as protein folding or misfolding diseases."
SEC468182753367_C03,468182753367,3,1006,1712,"These aggregation-associated diseases are also referred to as protein folding or misfolding diseases. According to Anfinsen’s thermodynamic hypothesis, the native three-dimensional structure of a protein is supposed to be thermodynamically the most stable under physiological conditions, and thus, it is encoded in its amino acid sequence. However, aggregates such as amyloid fibrils have been proposed to be thermodynamically more stable than their folded, functional structures in the combined landscapes of protein folding and aggregation. This metastability challenges Anfinsen’s thermodynamic hypothesis. The metastability issue extends beyond protein folding and Anfinsen’s thermodynamic hypothesis."
SEC468182753367_C04,468182753367,4,1549,2301,"This metastability challenges Anfinsen’s thermodynamic hypothesis. The metastability issue extends beyond protein folding and Anfinsen’s thermodynamic hypothesis. Thus, it remains a grand challenge to understand how the cellular proteome kinetically and thermodynamically maintains solubility at the risk of aggregation. Given its significant impact on protein folding, proteostasis, and proteinopathies, aggregation remains a central yet unsolved issue in both scientific and medical research. Traditionally, aggregation has been viewed either as a sequential consequence of protein folding (or misfolding) or as a part of a continuum with protein folding; thus, aggregation is perceived as being strictly dependent on protein folding and misfolding."
SEC468182753367_C05,468182753367,5,2044,2834,"Traditionally, aggregation has been viewed either as a sequential consequence of protein folding (or misfolding) or as a part of a continuum with protein folding; thus, aggregation is perceived as being strictly dependent on protein folding and misfolding. This widely accepted paradigm has solidified into a dogmatic framework that shapes understanding of the relationship between protein folding and aggregation across various academic disciplines. The adherence to this paradigm is primarily due to the following reasons. Firstly, proper protein folding and high thermodynamic stability are decisive factors in preventing aggregation. Secondly, misfolded structures can act as direct precursors for aggregation, supporting a sequential pathway from folding to misfolding to aggregation."
SEC468182753367_C06,468182753367,6,2682,3310,"Secondly, misfolded structures can act as direct precursors for aggregation, supporting a sequential pathway from folding to misfolding to aggregation. Thirdly, the physicochemical properties of protein monomers, including conformation, charges, and hydrophobicity, are crucial for their aggregation behaviors. Finally, the folding and aggregation landscapes of proteins with identical amino acid sequences can be understood as continuous conformational navigation. So far, the limitations, pitfalls, and misconceptions of the conventional paradigm have not been widely recognized or addressed in the protein science community."
SEC468182753367_C07,468182753367,7,3148,3857,"So far, the limitations, pitfalls, and misconceptions of the conventional paradigm have not been widely recognized or addressed in the protein science community. This oversight can be attributed to the well-established foundations of the conventional paradigm, its broad acceptance in the field, and the dominant approaches of characterizing diverse protein conformational landscapes through protein folding, structure, and conformational change. In contrast, while conventional protein folding (or misfolding) is the intramolecular conformational change within a single protein molecule, aggregation is an intermolecular association between multiple aggregation monomers, dependent on protein concentration."
SEC468182753367_C08,468182753367,8,3595,4312,"In contrast, while conventional protein folding (or misfolding) is the intramolecular conformational change within a single protein molecule, aggregation is an intermolecular association between multiple aggregation monomers, dependent on protein concentration. Despite their interconnection, intramolecular and intermolecular reactions, such as protein folding and aggregation, exhibit fundamental differences. Both processes are governed by their distinct rate constants, intramolecular for protein folding and intermolecular for aggregation, each operating independently; consequently, protein folding and aggregation should be regarded as two independent yet interconnected processes rather than sequential ones."
SEC468182753367_C09,468182753367,9,4007,4695,"Both processes are governed by their distinct rate constants, intramolecular for protein folding and intermolecular for aggregation, each operating independently; consequently, protein folding and aggregation should be regarded as two independent yet interconnected processes rather than sequential ones. The independence between protein folding and aggregation, while initially counterintuitive, is supported by compelling evidence. For instance, charges play a crucial role in governing the solubility of molecules against aggregation, including small chemicals, peptides, cellular macromolecules, and colloids, by generating intermolecular repulsions, including desolvation penalties."
SEC468182753367_C10,468182753367,10,4441,4959,"For instance, charges play a crucial role in governing the solubility of molecules against aggregation, including small chemicals, peptides, cellular macromolecules, and colloids, by generating intermolecular repulsions, including desolvation penalties. Charges of proteins play a key role in preventing intermolecular aggregation while having minimal or adverse effects on the intramolecular folding rate and thermodynamic stability of proteins. Therefore, charges are often referred to as ’aggregation gatekeepers’."
SEC468182753367_C11,468182753367,11,4695,5405,"Charges of proteins play a key role in preventing intermolecular aggregation while having minimal or adverse effects on the intramolecular folding rate and thermodynamic stability of proteins. Therefore, charges are often referred to as ’aggregation gatekeepers’. Consistent with this designation, it is difficult or impossible to explain the intermolecular repulsion-mediated aggregation inhibition with their effects on protein folding and protein structure, illustrating a significant limitation of the conventional paradigm and modern protein science. Contrarily, the influence of charges can be described by their independent effects on both intramolecular protein folding and intermolecular aggregation."
SEC468182753367_C12,468182753367,12,5251,6033,"Contrarily, the influence of charges can be described by their independent effects on both intramolecular protein folding and intermolecular aggregation. A significant fraction of the proteome consists of intrinsically disordered proteins (IDPs) and intrinsically disordered regions (IDRs). Their solubility maintenance against aggregation is difficult to explain through classical protein folding and thermodynamic stability. Instead, their solubility is primarily determined by the charged or hydrophilic residues of their amino acid sequences. Cellular macromolecules with numerous surface charges and large excluded volumes are proposed to exhibit generic intrinsic chaperone-like activities in a manner similar to small-charged residues of proteins as aggregation gatekeepers."
SEC468182753367_C13,468182753367,13,5798,6559,"Cellular macromolecules with numerous surface charges and large excluded volumes are proposed to exhibit generic intrinsic chaperone-like activities in a manner similar to small-charged residues of proteins as aggregation gatekeepers. Similarly, the prevention of intermolecular aggregation by molecular chaperones is challenging to explain with protein folding. Traditionally, the effects of cellular macromolecules on aggregation have been largely interpreted or assumed based on their effects on protein folding, which is consistent with the conventional paradigm. However, given the independence between protein folding and aggregation, all intrinsic and extrinsic factors independently affect intramolecular protein folding and intermolecular aggregation."
SEC468182753367_C14,468182753367,14,6366,7116,"However, given the independence between protein folding and aggregation, all intrinsic and extrinsic factors independently affect intramolecular protein folding and intermolecular aggregation. This independence necessitates a redefinition of how the cellular milieu, including cellular macromolecules, influences aggregation, as elaborated throughout this paper. A new framework, founded on the principle of rate constant independence, delineates the relationship between protein folding and aggregation as two independent yet interconnected processes. It provides clear insights into previously controversial, unsolved, and unrecognized issues at the interface between protein folding and aggregation, especially within the complex cellular milieu."
SEC468182753367_C15,468182753367,15,6919,7448,"It provides clear insights into previously controversial, unsolved, and unrecognized issues at the interface between protein folding and aggregation, especially within the complex cellular milieu. As illustrated in Figure 1, these issues include misfolding, Anfinsen’s thermodynamic hypothesis, molecular chaperones, intrinsic chaperone-like activities of cellular macromolecules, pitfalls of modern protein science, intermolecular repulsive force-driven aggregation inhibition, metastability issue in vivo, and proteinopathies."
SEC803186753871_C01,803186753871,1,0,791,"New Framework for the Relationship Between Protein Folding and Aggregation This section introduces a new framework that redefines the relationship between protein folding and aggregation, positing that these processes are independent yet interconnected. Proteins navigate diverse conformational landscapes, including protein folding, quaternary structure formation, and native interactions or complexations with cellular macromolecules and ligands. Additionally, proteins undergo various forms of aggregation, such as oligomers, amorphous aggregates, ordered aggregates, and liquid–liquid phase separation. The minimal aggregates are aberrant dimers. Establishing the relationships between these diverse protein conformational landscapes is a prerequisite for understanding their interplay."
SEC803186753871_C02,803186753871,2,651,1338,"Establishing the relationships between these diverse protein conformational landscapes is a prerequisite for understanding their interplay. Each conformational landscape that proteins navigate is kinetically and thermodynamically shaped by its own set of forward and reverse rate (or equilibrium) constants at both microscopic and macroscopic levels, analogous to general chemical reactions. These rate constants enable theoretical derivations of overall reaction equations, allowing quantitative predictions over time for reactant, product, and intermediate concentrations. Crucially, each rate constant is mutually independent in all physical and chemical reactions without exception."
SEC803186753871_C03,803186753871,3,1226,1951,"Crucially, each rate constant is mutually independent in all physical and chemical reactions without exception. Therefore, the standard protein folding and aggregation free energy landscapes, defined by their respective rate constants, are independent, as illustrated in Figure 2. Consequently, all intrinsic and extrinsic factors influence these landscapes independently. Notably, two independent landscapes are interconnected or communicated through shared free aggregation monomers. These monomers can exist in various states, including unfolded, misfolded, partially folded, or fully folded forms. Throughout this paper, unfolded structures are used as representative shared aggregation monomers unless otherwise stated."
SEC803186753871_C04,803186753871,4,1828,2467,"Throughout this paper, unfolded structures are used as representative shared aggregation monomers unless otherwise stated. Consistently, protein folding and aberrant aggregation are interconnected through unfolded, misfolded, or folding intermediate structures. Importantly, the aggregation landscapes are shaped by the interplay between shared aggregation monomers and their intermolecular assembly into aggregates. At a given total protein concentration, the protein folding free energy landscape determines the concentration of shared aggregation monomers, ‘potentially’ influencing aggregation, in line with the conventional paradigm."
SEC803186753871_C05,803186753871,5,2245,2956,"At a given total protein concentration, the protein folding free energy landscape determines the concentration of shared aggregation monomers, ‘potentially’ influencing aggregation, in line with the conventional paradigm. In contrast to the conventional paradigm, however, the ‘actual’ intermolecular aggregation is governed by the aggregation free energy landscape, operating independently of the protein folding free energy landscape. Therefore, at a given total protein concentration, the final amount of aggregation or protein solubility against aggregation, as well as productive protein folding yield in the presence of aggregation, is determined by both intramolecular and intermolecular rate constants."
SEC803186753871_C06,803186753871,6,2682,3413,"Therefore, at a given total protein concentration, the final amount of aggregation or protein solubility against aggregation, as well as productive protein folding yield in the presence of aggregation, is determined by both intramolecular and intermolecular rate constants. This new framework treats the combined protein folding and aggregation in a similar way to how combined intramolecular and intermolecular reactions in non-protein molecules are generally understood. There are several key differences between the new framework and the conventional paradigm. Firstly, the new framework not only encompasses but also extends the conventional paradigm, providing a more accurate linkage between protein folding and aggregation."
SEC803186753871_C07,803186753871,7,3246,3970,"Firstly, the new framework not only encompasses but also extends the conventional paradigm, providing a more accurate linkage between protein folding and aggregation. Of note, real analyses of combined protein folding and aggregation utilize rate constants to describe these combined processes. Secondly, the new framework reveals that intrinsic and extrinsic factors independently influence the landscapes of protein folding and aggregation. Thirdly, the conventional paradigm primarily focuses on the forward reactions from folding to misfolding to aggregation, which fails to adequately address intermolecular aggregation prevention and reverse reactions, such as disaggregation from aggregates back to soluble monomers."
SEC803186753871_C08,803186753871,8,3689,4406,"Thirdly, the conventional paradigm primarily focuses on the forward reactions from folding to misfolding to aggregation, which fails to adequately address intermolecular aggregation prevention and reverse reactions, such as disaggregation from aggregates back to soluble monomers. This limitation becomes apparent when trying to explain how charges and cellular macromolecules, including molecular chaperones, inhibit aggregation independently of protein folding, structure, and conformational change. In contrast, these conundrums can be easily resolved by the new framework that accounts for both forward and reverse rate constants and the independent effects of various factors on protein folding and aggregation."
SEC803186753871_C09,803186753871,9,4191,4906,"In contrast, these conundrums can be easily resolved by the new framework that accounts for both forward and reverse rate constants and the independent effects of various factors on protein folding and aggregation. Finally, the new framework redefines shared aggregation monomers not just as temporary intermediates but as main reactants in aggregation processes. This redefinition is essential for addressing the relationship between Anfinsen’s thermodynamic hypothesis and aggregation, as well as the issue of metastability. Moreover, these shared aggregation monomers can encompass any intramolecular structures, thereby broadening the applicability of the new framework to explain various types of aggregation."
SEC803186753871_C10,803186753871,10,4718,5348,"Moreover, these shared aggregation monomers can encompass any intramolecular structures, thereby broadening the applicability of the new framework to explain various types of aggregation. Furthermore, the new framework for describing aggregation aligns with that of non-protein molecules, bridging the understanding gaps between protein science and material science, such as colloidal science, as discussed in Section 7.1. The pervasive inconsistencies between protein folding and aggregation, which challenge the conventional paradigm, stem from their independence and the independent effects of various factors on each process."
SEC803186753871_C11,803186753871,11,5141,5829,"The pervasive inconsistencies between protein folding and aggregation, which challenge the conventional paradigm, stem from their independence and the independent effects of various factors on each process. Solubility maintenance against aggregation can be achieved even at the expense of protein folding rate and thermodynamic stability, as the actual aggregation of shared monomers is governed by the intermolecular rate constants shaping the aggregation free energy landscape. For instance, the role of charges as the aggregation gatekeepers and the solubility maintenance of IDPs can be elucidated by the new framework. Both protein folding and aggregation are molecular compactions."
SEC803186753871_C12,803186753871,12,5621,6365,"For instance, the role of charges as the aggregation gatekeepers and the solubility maintenance of IDPs can be elucidated by the new framework. Both protein folding and aggregation are molecular compactions. Thus, factors can stabilize (or destabilize) both processes in a similar manner, thereby exacerbating these inconsistencies. For instance, hydrophobic interactions are the major stabilizers for both protein folding and aggregation; thus, protein stabilization through increased hydrophobic interactions can paradoxically enhance the stability of aggregation. Molecular chaperones, including small heat shock proteins, bind to the exposed hydrophobic regions of clients. Therefore, they can inhibit both protein folding and aggregation."
SEC803186753871_C13,803186753871,13,6188,6882,"Molecular chaperones, including small heat shock proteins, bind to the exposed hydrophobic regions of clients. Therefore, they can inhibit both protein folding and aggregation. Supercharging inhibits aggregation while also thermodynamically destabilizing proteins. The net charges of proteins are influenced by environmental pH. Proteins denatured at extreme pH can paradoxically resist amyloid fibril formation due to intermolecular electrostatic repulsions. Conformational entropy destabilizes the molecular compaction of both protein folding and aggregation. The excluded volume effect by macromolecular crowding stabilizes more compact structures, such as folded structures and aggregates."
SEC803186753871_C14,803186753871,14,6750,7115,"The excluded volume effect by macromolecular crowding stabilizes more compact structures, such as folded structures and aggregates. The new framework can qualitatively and quantitatively explain these pervasive inconsistencies by combining the independent effects of intrinsic and extrinsic factors on intramolecular protein folding and intermolecular aggregation."
SEC44980064280_C01,44980064280,1,0,762,"Relationship Between Misfolding and Aggregation Misfolding is commonly linked with aggregation, supporting the conventional paradigm. According to the Lumry–Eyring model, irreversible misfolding is considered a critical step for aggregation. In funnel-shaped protein folding energy landscapes, conformers trapped in local free energy minima are prone to aggregation. Molecular chaperones perform a quality control function by recognizing and rescuing the non-native conformers of their clients. Consequently, it is widely believed that aggregation results from misfolding, often leading to a lack of distinction between the two processes. However, the relationship between misfolding and aggregation is analogous to that between protein folding and aggregation."
SEC44980064280_C02,44980064280,2,639,1434,"However, the relationship between misfolding and aggregation is analogous to that between protein folding and aggregation. Therefore, aggregation extends beyond misfolding. Importantly, the prevention of misfolding by various factors is independent of their prevention of intermolecular aggregation among misfolded monomers. This independence is important for understanding the mechanisms of action of molecular chaperones and therapeutic drug candidates targeting proteinopathies. Designing drugs to prevent misfolding or to prevent aggregation involves distinct approaches in drug discovery for proteinopathies, underscoring the need for a rigorous distinction between misfolding and aggregation. Contrary to the conventional paradigm, aggregation does not necessarily result from misfolding."
SEC44980064280_C03,44980064280,3,1121,1778,"Designing drugs to prevent misfolding or to prevent aggregation involves distinct approaches in drug discovery for proteinopathies, underscoring the need for a rigorous distinction between misfolding and aggregation. Contrary to the conventional paradigm, aggregation does not necessarily result from misfolding. The shared aggregation monomers depicted in Figure 2 can exist as unfolded, misfolded, partially folded, or fully folded structures. For instance, the crystallization of folded proteins and the formation of actin fibers occur independently of misfolding. It is important to note that unfolded structures are distinct from misfolded structures."
SEC44980064280_C04,44980064280,4,1567,2285,"For instance, the crystallization of folded proteins and the formation of actin fibers occur independently of misfolding. It is important to note that unfolded structures are distinct from misfolded structures. To address the diversity of aggregation monomers, it is useful to differentiate between misfolding, unfolding, and aberrant aggregation, as illustrated in Figure 3. According to the energy landscape theory of protein folding, misfolding occurs when proteins adopt stable non-native conformations that become kinetically trapped in local minima near the folded state, impeding proper folding. This definition indicates that non-native structures found in aggregates are not necessarily misfolded structures."
SEC44980064280_C05,44980064280,5,2170,2940,"This definition indicates that non-native structures found in aggregates are not necessarily misfolded structures. Additionally, the prevention of misfolding can be experimentally supported by the increased folding rates observed in the absence of aggregation. Molecular chaperones can increase the folding rates of clients by lowering kinetic barriers, smoothing navigational landscapes, or employing an iterative annealing mechanism that involves melting and refolding misfolded structures. In contrast to misfolding, unfolding involves a transition to higher energy unfolded structures, which are generally not considered to be kinetically trapped in the intramolecular conformational navigation. Moreover, conversions between these unfolded ensembles occur rapidly."
SEC44980064280_C06,44980064280,6,2663,3438,"In contrast to misfolding, unfolding involves a transition to higher energy unfolded structures, which are generally not considered to be kinetically trapped in the intramolecular conformational navigation. Moreover, conversions between these unfolded ensembles occur rapidly. The aggregation of unfolded structures, such as IDPs, IDRs, and unfoldable peptides, is difficult to explain solely through misfolding. Similarly, small domain-sized proteins often fold in a two-state manner (folded vs. unfolded states). The two-state protein folding is considered an effective strategy to avoid misfolding, illustrating the distinction between unfolding and misfolding. For instance, the short peptides of seven amino acid residues (e.g., GNNQQNY) make the stable amyloid fibers."
SEC44980064280_C07,44980064280,7,3328,3989,"For instance, the short peptides of seven amino acid residues (e.g., GNNQQNY) make the stable amyloid fibers. These unfoldable peptides are expected not to have a stable kinetic trap or misfolded state at the intramolecular level. From the viewpoint of intramolecular conformational changes, aggregates behave like deep stable traps; however, it is important to recognize that aggregates are intermolecular assemblies, distinct from intramolecular misfolding and unfolding, independent of protein concentration. Reversible small aggregates can be easily mistaken for folding intermediates or kinetically trapped misfolded structures in protein folding studies."
SEC44980064280_C08,44980064280,8,3840,4317,"Reversible small aggregates can be easily mistaken for folding intermediates or kinetically trapped misfolded structures in protein folding studies. Moreover, the role of molecular chaperones in preventing reversible aggregates can be misinterpreted as an enhancement of the folding rate of client proteins. Although misfolding closely correlates with aggregation, it is essential to recognize that misfolding is not the sole cause of the aggregation of non-native structures."
SEC9305053195_C01,9305053195,1,0,724,"Relationship Between Anfinsen’s Thermodynamic Hypothesis and Aggregation Anfinsen’s thermodynamic hypothesis is a cornerstone in the study of protein folding. Aligned with the conventional paradigm, it is often believed to encompass protein aggregation. For instance, the amino acid sequence encoding native structures also encodes more thermodynamically stable aggregates such as amyloid fibrils. Historically, this has led to the proposal that aggregates, such as prions and amyloids, challenge Anfinsen’s thermodynamic hypothesis. However, recognizing the independence between protein folding and aggregation provides clarity on how Anfinsen’s thermodynamic hypothesis relates to aggregation, as illustrated in Figure 4."
SEC9305053195_C02,9305053195,2,534,1271,"However, recognizing the independence between protein folding and aggregation provides clarity on how Anfinsen’s thermodynamic hypothesis relates to aggregation, as illustrated in Figure 4. Anfinsen’s thermodynamic hypothesis is strictly limited to intramolecular conformational changes and their relative stability. This hypothesis does not explicitly address the concept of aggregation. In Anfinsen’s thermodynamic hypothesis, the standard Gibbs energy for protein folding is expressed as Δ [EQ:EQ19] = − RT ln K, where K = [N]/[D] is the equilibrium constant for protein folding determined by the ratio of folded (N) to unfolded (D) states at equilibrium. These values are generally obtained by the equilibrium unfolding experiments."
SEC9305053195_C03,9305053195,3,923,1556,"In Anfinsen’s thermodynamic hypothesis, the standard Gibbs energy for protein folding is expressed as Δ [EQ:EQ19] = − RT ln K, where K = [N]/[D] is the equilibrium constant for protein folding determined by the ratio of folded (N) to unfolded (D) states at equilibrium. These values are generally obtained by the equilibrium unfolding experiments. In contrast, the standard Gibbs energy for converting soluble aggregation monomers (D) into fibrils (A) can be given by Δ [EQ:EQ20] = − RT ln K a = RT ln [EQ:EQ21], where K a and [EQ:EQ22] are the equilibrium constant for elongation and the solubility limit of monomers, respectively."
SEC9305053195_C04,9305053195,4,1271,2035,"In contrast, the standard Gibbs energy for converting soluble aggregation monomers (D) into fibrils (A) can be given by Δ [EQ:EQ20] = − RT ln K a = RT ln [EQ:EQ21], where K a and [EQ:EQ22] are the equilibrium constant for elongation and the solubility limit of monomers, respectively. The standard Gibbs energies for protein folding and aggregation, calculated from their respective equilibrium constants under standard conditions (where reactants and products are fixed at 1 mole each), are independent. The concentration of these aggregation monomers is determined by the following equation: D = C total /( K + 1), where C total represents the given initial total protein concentration of soluble monomers, and K is the equilibrium constant for protein folding."
SEC9305053195_C05,9305053195,5,1776,2560,"The concentration of these aggregation monomers is determined by the following equation: D = C total /( K + 1), where C total represents the given initial total protein concentration of soluble monomers, and K is the equilibrium constant for protein folding. This equation shows that the intramolecular protein folding thermodynamics affects aggregation by determining the concentration of these unfolded monomers, which act as the main reactants for aggregation, in line with the new framework. Metastability in protein aggregation is traditionally understood by conceptually comparing the thermodynamic stability difference (Δ [EQ:EQ23]) between native folded structures (N) and aggregates such as amyloid fibrils (A). This topic will be explored in more detail later in Section 8."
SEC9305053195_C06,9305053195,6,2272,2898,"Metastability in protein aggregation is traditionally understood by conceptually comparing the thermodynamic stability difference (Δ [EQ:EQ23]) between native folded structures (N) and aggregates such as amyloid fibrils (A). This topic will be explored in more detail later in Section 8. However, direct calculation of Δ [EQ:EQ24] in equilibrium thermodynamics poses challenges due to the independence between intramolecular thermodynamics and intermolecular thermodynamics. Thus, Δ [EQ:EQ25] is indirectly obtained by combining Δ [EQ:EQ26] with Δ [EQ:EQ27] (Δ [EQ:EQ28] = Δ [EQ:EQ29] + Δ [EQ:EQ30]), as depicted in Figure 4."
SEC9305053195_C07,9305053195,7,2747,3471,"Thus, Δ [EQ:EQ25] is indirectly obtained by combining Δ [EQ:EQ26] with Δ [EQ:EQ27] (Δ [EQ:EQ28] = Δ [EQ:EQ29] + Δ [EQ:EQ30]), as depicted in Figure 4. Direct thermodynamic comparison (Δ [EQ:EQ31]) is feasible when the aggregation monomers in aggregates are folded structures, such as actin fibers and crystalline forms of native proteins. However, for unfoldable polypeptides, such as IDPs and IDRs, where the unfolding step (Δ [EQ:EQ32]) is absent, the aggregation thermodynamic stability relies solely on Δ [EQ:EQ33], similar to the aggregation thermodynamics of non-protein molecules. Importantly, this indicates that the metastability issue for unfoldable peptides is explained with Δ [EQ:EQ34] rather than Δ [EQ:EQ35]."
SEC9305053195_C08,9305053195,8,3335,4067,"Importantly, this indicates that the metastability issue for unfoldable peptides is explained with Δ [EQ:EQ34] rather than Δ [EQ:EQ35]. Of note, the aggregation of all molecules, including folded proteins, unfoldable peptides, and non-protein molecules, can be commonly described in terms of Δ [EQ:EQ36]. According to the independence between Anfinsen’s thermodynamic hypothesis and aggregation, it is evident that aggregation phenomena, including molecular chaperone-assisted protein folding by preventing aggregation, prion and amyloid formation, and the metastability of native states towards aggregates, do not undermine or challenge the validity of Anfinsen’s thermodynamic hypothesis and classical protein folding principles."
SEC9305053195_C09,9305053195,9,3640,4362,"According to the independence between Anfinsen’s thermodynamic hypothesis and aggregation, it is evident that aggregation phenomena, including molecular chaperone-assisted protein folding by preventing aggregation, prion and amyloid formation, and the metastability of native states towards aggregates, do not undermine or challenge the validity of Anfinsen’s thermodynamic hypothesis and classical protein folding principles. Due to this independence, however, Anfinsen’s thermodynamic hypothesis is inherently insufficient for fully describing aggregation; aggregation is beyond Anfinsen’s thermodynamic hypothesis. For instance, high thermodynamic stability alone is not enough to guarantee safety against aggregation."
SEC9305053195_C10,9305053195,10,4258,4969,"For instance, high thermodynamic stability alone is not enough to guarantee safety against aggregation. The relationship between thermodynamic stability and solubility has long been a controversial issue, as evident in IDPs as outstanding examples. According to the new framework, a protein’s thermodynamic stability is determined by intramolecular rate constants, whereas its solubility is influenced by both intramolecular and intermolecular rate constants, which are mutually independent. In the refolding experiments conducted by Anfinsen himself, aggregation significantly inhibits the productive refolding yield. Nonetheless, Anfinsen did not argue that his postulate included the concept of aggregation."
SEC9305053195_C11,9305053195,11,4750,5360,"In the refolding experiments conducted by Anfinsen himself, aggregation significantly inhibits the productive refolding yield. Nonetheless, Anfinsen did not argue that his postulate included the concept of aggregation. Protein folding is analogous to chemical isomerization, while aggregation is comparable to crystallization. There is no known instance where the thermodynamics of intermolecular crystallization challenges the intramolecular thermodynamics of isomerization. To integrate Anfinsen’s thermodynamic hypothesis with aggregation, it is essential to recognize that they are two independent realms."
SEC658941188392_C01,658941188392,1,0,725,"Relationship Between Molecular Chaperones and Aggregation Molecular chaperones are the most well-known molecules at the interface of protein folding and aggregation. They play a pivotal role in assisting protein folding, primarily by preventing misfolding and aggregation. This role challenges the concept of spontaneous protein folding posited by Anfinsen’s thermodynamic hypothesis, suggesting that folding may not always occur spontaneously, independently of external influences. Traditionally, the understanding of molecular chaperones’ functions has been centered on their role in assisting protein folding. However, their involvement in aggregation necessitates a re-evaluation of their role through the new framework."
SEC658941188392_C02,658941188392,2,613,1051,"However, their involvement in aggregation necessitates a re-evaluation of their role through the new framework. The combined protein folding and aggregation in the cellular milieu has been primarily framed by the molecular chaperone concept. Nonetheless, the molecular chaperone concept often overlooks or ignores several features of the cellular milieu that are important for protein folding and aggregation, as detailed in Section 5.3."
SEC123504194765_C01,123504194765,1,0,664,"Independence Between Direct and Indirect Protein Folding Assistance of Molecular Chaperones In some instances, molecular chaperones function as foldases, acting as catalysts that increase protein folding rate. This direct assistance in protein folding is aligned with their role in preventing misfolding. However, more commonly, molecular chaperones decrease folding rates and function similarly to chaotropic agents that unfold or disrupt protein structures. Similarly, molecular chaperones are defined as unfolding enzymes. From the traditional protein folding concept, molecular chaperones can generally act as folding inhibitors in the absence of aggregation."
SEC123504194765_C02,123504194765,2,526,1185,"From the traditional protein folding concept, molecular chaperones can generally act as folding inhibitors in the absence of aggregation. The hydrophobic interactions between molecular chaperones, including small heat-shock proteins, and their clients can inhibit both protein folding and aggregation. Therefore, proteins like GroEL/ES, Hsp70, and Hsp90 require an ATP-dependent binding and release cycle to facilitate protein folding. Too tight binding of small heat-shock proteins strongly inhibits protein folding. Importantly, molecular chaperones generally increase productive protein folding yield by preventing aggregation at the cost of folding rate."
SEC123504194765_C03,123504194765,3,1044,1827,"Importantly, molecular chaperones generally increase productive protein folding yield by preventing aggregation at the cost of folding rate. This indirect protein folding assistance by preventing aggregation is independent of the direct protein folding assistance, as illustrated in Figure 5 A. This necessitates a rigorous distinction between these independent pathways to avoid a paradox where molecular chaperones seem to assist and inhibit folding simultaneously. This paradox, similar to the inconsistencies between protein folding and aggregation, is resolved by recognizing the independent effects of molecular chaperones on intramolecular protein folding and intermolecular aggregation. Debate persists over the primary roles of molecular chaperones as foldases or holdases."
SEC123504194765_C04,123504194765,4,1512,2278,"This paradox, similar to the inconsistencies between protein folding and aggregation, is resolved by recognizing the independent effects of molecular chaperones on intramolecular protein folding and intermolecular aggregation. Debate persists over the primary roles of molecular chaperones as foldases or holdases. More accurately, foldases are associated with intramolecular protein folding, whereas holdases are likely linked to intermolecular aggregation. Therefore, the functions of foldases and holdases should not be considered opposing but rather as independent activities. Thus, molecular chaperones can exhibit both activities. For instance, the trigger factor chaperone of E. coli and G-quadruplexes of nucleic acids can act as both foldases and holdases."
SEC123504194765_C05,123504194765,5,2149,2798,"For instance, the trigger factor chaperone of E. coli and G-quadruplexes of nucleic acids can act as both foldases and holdases. In some cases, ATP-dependent molecular chaperones are classified as foldases, while ATP-independent chaperones are categorized as holdases. However, this classification can be misleading since ATP-dependent molecular chaperones can generally slow down the protein folding rate in the absence of aggregation. In this regard, ATP-independent molecular chaperones, such as trigger factor and Spy that bind clients with weak affinity, likely assist protein folding in a similar manner to ATP-dependent molecular chaperones."
SEC123504194765_C06,123504194765,6,2586,3361,"In this regard, ATP-independent molecular chaperones, such as trigger factor and Spy that bind clients with weak affinity, likely assist protein folding in a similar manner to ATP-dependent molecular chaperones. Importantly, the new framework highlights the essential role of molecular chaperones in addressing aggregation issues, including their provision of indirect protein folding assistance by preventing aggregation in the combined protein folding and aggregation. These roles, which have been historically less emphasized compared to the direct folding assistance, fundamentally extend beyond (or are challenging to explain with) the traditional concepts of protein folding, misfolding, Anfinsen’s thermodynamic hypothesis, and established protein folding principles."
SEC16568845691_C01,16568845691,1,0,730,"GroEL/ES Chamber: Delineating Independence Between Protein Folding and Aggregation The GroEL/ES chamber serves as a compelling model for illustrating the independence between protein folding and aggregation, along with the independent effects of molecular chaperones on both processes, as depicted in Figure 5 B. Protein folding in the GroEL/ES chamber has been a major focus of molecular chaperone research. Proteins within the GroEL/ES chamber are completely protected from aggregation, allowing correct folding without interference; this protection has led to the chamber being referred to as the ‘Anfinsen cage’. The steric masking of the GroEL/ES chamber completely prevents the self-aggregation of the client protein in it."
SEC16568845691_C02,16568845691,2,617,1252,"The steric masking of the GroEL/ES chamber completely prevents the self-aggregation of the client protein in it. Similar to charges acting as aggregation gatekeepers, the intermolecular aggregation inhibition by the GroEL/ES chamber operates independently of the representative cores of modern protein science. These cores include intramolecular protein folding, unfolding, and misfolding, structural stability by confinement, conformational entropy, and the attractive interactions between a protein and the chamber’s wall surfaces. The GroEL/ES chamber, as an extrinsic factor, independently affects protein folding and aggregation."
SEC16568845691_C03,16568845691,3,1151,1950,"The GroEL/ES chamber, as an extrinsic factor, independently affects protein folding and aggregation. The aggregation landscape in the GroEL/ES chamber is dictated not by the intrinsic properties of client protein but solely by the chamber’s property or its encapsulation. The GroEL/ES chamber, along with charges acting as aggregation gatekeepers, underscores the limitations of the conventional paradigm and modern protein science in accurately describing protein aggregation, especially in vivo. Such limitations will be further elaborated in Section 7.1. Additionally, the GroEL/ES chamber illustrates the independence between foldase and holdase activities; it can modulate protein folding rates—either inhibiting or enhancing them—while independently and simultaneously preventing aggregation."
SEC184840044790_C01,184840044790,1,0,711,"Overlooked Aspects of the Complex Cellular Milieu in the Molecular Chaperone Concept Molecular chaperones, essential for protein quality control, are traditionally defined as proteins that assist the folding or assembly of other macromolecules without being part of their final structures. This specific definition can overlook the broader chaperone-like activities present within the complex cellular milieu. Firstly, it excludes the potential chaperone-like activity of non-protein cellular macromolecules, such as nucleic acids (RNAs and DNAs), ribosomes, membranes, polyphosphates, and polysaccharides. Indeed, these non-protein cellular macromolecules have been shown to exhibit chaperone-like activities."
SEC184840044790_C02,184840044790,2,607,1325,"Indeed, these non-protein cellular macromolecules have been shown to exhibit chaperone-like activities. Secondly, this definition primarily considers the reversible interactions in trans between molecular chaperones and their client proteins, thereby excluding potential chaperone-like activity of cellular macromolecules that are physically connected to polypeptides in cis through covalent or covalent-like linkages. This type of linkage, known as macromolecular tethering, will be further discussed in Section 6.1. Thirdly, the traditional definition also excludes the potential chaperone-like activities of native interactors since molecular chaperones are not components of the final structures of their clients."
SEC184840044790_C03,184840044790,3,1125,1921,"Thirdly, the traditional definition also excludes the potential chaperone-like activities of native interactors since molecular chaperones are not components of the final structures of their clients. However, the majority of the cellular proteome is involved in native interactions or complexes with other cellular macromolecules. These native interactors or ligands play a crucial role in protein folding and stability. Fourthly, the core action mechanisms of molecular chaperones involve hydrophobic interaction-mediated substrate recognition and stabilization against aggregation. In contrast, substrate recognition and stabilization through non-hydrophobic interactions, such as attractive electrostatic interactions and intermolecular repulsive forces, respectively, are largely overlooked."
SEC184840044790_C04,184840044790,4,1709,2324,"In contrast, substrate recognition and stabilization through non-hydrophobic interactions, such as attractive electrostatic interactions and intermolecular repulsive forces, respectively, are largely overlooked. Finally, the current concept of proteostasis largely depends on the roles of molecular chaperones in processes such as protein folding, assembly, translocation, and degradation. However, this concept may not fully account for the broader array of chaperone-like activities and the critical role of native interactors in protein folding, stability, and aggregation inhibition within the cellular milieu."
SEC147949774143_C01,147949774143,1,0,742,"Generic Intrinsic Chaperone-like Activities of Cellular Macromolecules: Their Independent Effects on Protein Folding and Aggregation The cellular milieu, including cellular macromolecules, has traditionally been understood and described primarily from the perspective of protein folding, leading to a skewed understanding of aggregation. Unlike simplified in vitro environments, the cellular milieu is characterized by macromolecular crowding, where cellular macromolecules significantly occupy cell volume. Notably, the excluded volume effect by macromolecular crowding, widely studied in protein science, is based on the assumption that cellular macromolecules act as bystanders, occupying space without directly interacting with proteins."
SEC147949774143_C02,147949774143,2,508,1157,"Notably, the excluded volume effect by macromolecular crowding, widely studied in protein science, is based on the assumption that cellular macromolecules act as bystanders, occupying space without directly interacting with proteins. Thus, this effect can allow the principles of protein folding and aggregation observed in vitro to be applied to in vivo conditions. However, a hallmark yet often overlooked feature of the cellular milieu is the physical linkages of polypeptides with cellular macromolecules, which may differ significantly from protein folding and aggregation observed in vitro, governed by the protein’s own intrinsic properties."
SEC147949774143_C03,147949774143,3,875,1539,"However, a hallmark yet often overlooked feature of the cellular milieu is the physical linkages of polypeptides with cellular macromolecules, which may differ significantly from protein folding and aggregation observed in vitro, governed by the protein’s own intrinsic properties. From their synthesis to degradation, polypeptides are physically linked to a broad spectrum of cellular macromolecules via various types of interactions: covalent or noncovalent, specific or nonspecific, direct or indirect, and transient or stable. These cellular macromolecules include ribosomes, domains in multidomain proteins, lipid bilayers, other proteins, and nucleic acids."
SEC147949774143_C04,147949774143,4,1406,2154,"These cellular macromolecules include ribosomes, domains in multidomain proteins, lipid bilayers, other proteins, and nucleic acids. Polypeptides engage in transient and nonspecific interactions with crowded cellular macromolecules, known as soft or quinary interactions. The representative physical linkages in vivo include interactions with molecular chaperones, macromolecular tethering, and native complexation. The new framework not only reveals that the cellular milieu independently affects protein folding and aggregation, but it can also underlie the intrinsic chaperone-like activities of cellular macromolecules, as described below. Furthermore, it bridges the gaps between combined protein folding and aggregation in vitro and in vivo."
SEC257997400694_C01,257997400694,1,0,796,"Independent Effects of Macromolecular Tethering on Protein Folding and Aggregation Macromolecular tethering is a hallmark of de novo protein folding within the cellular milieu. Newly synthesized polypeptides are tightly tethered—via covalent or covalent-like linkages, or in cis—to megadalton-sized ribosomes with supernegative surface charges (entire proteome), other domains in multidomain proteins (80% of the proteome), or gigantic lipid bilayers (30% of the proteome). In eucaryotes, proteins undergo modifications such as ubiquitination, sumoylation, and glycosylation. Thus, macromolecular tethering represents a proteome-wide phenomenon. The new framework highlights that macromolecular tethering independently influences both protein folding and aggregation, as illustrated in Figure 6."
SEC257997400694_C02,257997400694,2,646,1437,"The new framework highlights that macromolecular tethering independently influences both protein folding and aggregation, as illustrated in Figure 6. Cotranslational folding and cotranslocational folding occur in the context of macromolecular tethering. Historically, the assumption that surface-exposed nascent chains on polysomes are prone to aggregation has justified the necessity of molecular chaperone assistance at ribosomal exit sites, laying the foundation for the widely accepted model of molecular chaperone-assisted de novo protein folding. This assumption aligns with the conventional paradigm, which posits that if nascent chains exhibit similar folding properties—whether they are free in solution or tethered to ribosomes—their aggregation properties should also be similar."
SEC257997400694_C03,257997400694,3,1199,1909,"This assumption aligns with the conventional paradigm, which posits that if nascent chains exhibit similar folding properties—whether they are free in solution or tethered to ribosomes—their aggregation properties should also be similar. Even though a single charged residue of proteins can significantly influence aggregation inhibition, megadalton-sized ribosomes with thousands of surface charges are treated like ideal gases with no volume or interaction. This interpretation typifies the conventional paradigm’s approach to describing and understanding the cellular milieu in terms of aggregation. Consistently, the concept of cis-linkage is not considered in the traditional molecular chaperone concept."
SEC257997400694_C04,257997400694,4,1802,2594,"Consistently, the concept of cis-linkage is not considered in the traditional molecular chaperone concept. However, evidence from ribosome display technology and the fusion of aggregation-prone proteins indicates that nascent chains tethered to ribosomes are in an aggregation-resistant and folding-competent state, demonstrating the intrinsic chaperone-like activities of ribosomes in the tethering context. The three-dimensional structures of polysomes show how their arrangement inhibits aggregation by maximizing the distance between nascent chains. In contrast to dramatic effects on aggregation inhibition, the folding pathways of small proteins or domains remain consistent whether they are free in solution or tethered to ribosomes, despite ribosomes destabilizing protein stability."
SEC257997400694_C05,257997400694,5,2356,2961,"In contrast to dramatic effects on aggregation inhibition, the folding pathways of small proteins or domains remain consistent whether they are free in solution or tethered to ribosomes, despite ribosomes destabilizing protein stability. Taken together, these observations highlight the inconsistencies between ribosome tethering’ effects on protein folding and aggregation. Ribosomal surface charges and large excluded volumes are proposed to protect tethered nascent chains from aggregation, allowing them to fold spontaneously based on their sequence; this is referred to as cis-acting chaperone type."
SEC257997400694_C06,257997400694,6,2731,3182,"Ribosomal surface charges and large excluded volumes are proposed to protect tethered nascent chains from aggregation, allowing them to fold spontaneously based on their sequence; this is referred to as cis-acting chaperone type. Understanding de novo protein folding and aggregation—as well as molecular chaperone-assisted de novo protein folding on the ribosome—requires considering ribosome tethering and its independent effects on both processes."
SEC246986148223_C01,246986148223,1,0,754,"Biological Relevance and Significance of Protein Fusion Approaches The fusion, or covalent tethering, of soluble-enhancing tags to the amino termini of aggregation-prone proteins is one of the most effective strategies for preventing aggregation and increasing the yield of properly folded proteins in E. coli. A variety of fusion tags are available, including maltose-binding protein (MBP), glutathione S-transferase (GST), ubiquitin, ubiquitin-like modifier (SUMO), intrinsically disordered polypeptides, and the N-terminal domain of spider silk protein. In this context, tags such as MBP are referred to as molecular chaperones. Similarly, native molecular chaperones themselves can serve as effective solubility-enhancing tags in the fusion context."
SEC246986148223_C02,246986148223,2,632,1379,"Similarly, native molecular chaperones themselves can serve as effective solubility-enhancing tags in the fusion context. Importantly, the robust effectiveness of the fusion approach strongly suggests that soluble-enhancing tags, including molecular chaperones, possess generic intrinsic chaperone-like activities for their tethered proteins. Despite its high efficacy and widespread popularity as a tool, it is surprising that this technique has long been regarded merely as an artificial technology, with little consideration given to its physiological relevance and significance. Artificial fusion proteins are essentially types of multidomain proteins where the N-terminal domains function as solubility-enhancing tags for downstream domains."
SEC246986148223_C03,246986148223,3,1215,2000,"Artificial fusion proteins are essentially types of multidomain proteins where the N-terminal domains function as solubility-enhancing tags for downstream domains. This phenomenon is proposed to also occur in native multidomain proteins, as evidenced by observations that domains of native multidomain proteins can act as powerful solubility-enhancing tags for various aggregation-prone proteins in vivo. The intrinsic chaperone-like activities of folded domains have been proposed to be attributed to the intermolecular repulsive forces generated by the surface charges and the excluded volume of the folded domains. Multidomain proteins have been believed to be prone to aggregation due to their slow folding rates and tendency to misfold, consistent with the conventional paradigm."
SEC246986148223_C04,246986148223,4,1833,2543,"Multidomain proteins have been believed to be prone to aggregation due to their slow folding rates and tendency to misfold, consistent with the conventional paradigm. However, the intrinsic chaperone-like activities of individual domains, which can operate even without native interdomain interactions, suggest that multidomain proteins may be less prone to aggregation than previously believed. Folded domains have been demonstrated to enable the independent folding of their neighboring domains through global phi value analysis. Similar to ribosome tethering, these inconsistencies between protein folding and aggregation can also be explained by the independent effect of folded domains on both processes."
SEC310934534511_C01,310934534511,1,0,708,"Artificial Chaperone System: Conversion of a Soluble Protein into a Potent Chaperone The intrinsic chaperone-like activities of cellular macromolecules, as evidenced in the cis-tethering context, suggest that any soluble protein could potentially act as a potent chaperone if it can reversibly associate in trans with aggregation-prone proteins. As a proof of concept, a protein engineered with a protease mutant that recognizes a short seven-residue tag in trans has been transformed into a potent chaperone for various proteins bearing this tag, regardless of the tag’s position. This artificial chaperone system exemplifies the intrinsic chaperone-like activity of a soluble protein functioning in trans."
SEC310934534511_C02,310934534511,2,582,1301,"This artificial chaperone system exemplifies the intrinsic chaperone-like activity of a soluble protein functioning in trans. The chaperone-like activity of this protein is comparable to that of traditional molecular chaperones such as GroEL/ES, the DnaK system, and trigger factor in vivo. Notably, however, in the absence of aggregation, this protein exhibits no chaperone activity in vitro refolding experiments, as shown in Figure 7. These results indicate that the artificial chaperone increases the productive protein folding yield primarily by preventing aggregation without directly affecting the protein folding process itself. This also highlights the inconsistencies between protein folding and aggregation."
SEC310934534511_C03,310934534511,3,1020,1594,"These results indicate that the artificial chaperone increases the productive protein folding yield primarily by preventing aggregation without directly affecting the protein folding process itself. This also highlights the inconsistencies between protein folding and aggregation. Considering the ubiquitous physical linkage of proteins to various cellular macromolecules throughout their lifespan, these intrinsic chaperone-like activities significantly expand our understanding of how the cellular proteome maintains solubility against aggregation in the cellular milieu."
SEC638938259915_C01,638938259915,1,0,654,"Aggregation Inhibition by Structure-Destabilizing Intermolecular Repulsive Forces The new framework indicates that intermolecular repulsive forces play a crucial role in aggregation inhibition, independent of the intrinsic properties of proteins, such as protein folding, structure, and conformational change. This mode of aggregation inhibition is often overlooked or ignored in modern protein science. In this section, we explore the significant role of structure-destabilizing intermolecular repulsive forces, which may underpin the intrinsic aggregation inhibition capabilities of cellular macromolecules, including traditional molecular chaperones."
SEC328257156249_C01,328257156249,1,0,640,"Pitfalls of Modern Protein Science This section explains why modern protein science inherently offers a skewed perspective in addressing protein solubility maintenance against aggregation, particularly in the cellular milieu. The structure–function paradigm and structure-based drug design fundamentally depend on a detailed understanding of protein structures to elucidate functions and develop effective therapeutic agents. Thus, a defining trend in modern protein science focuses on ‘structural formation or molecular compaction’, including protein folding, native assembly, binding with interacting partners, and aggregation formation."
SEC328257156249_C02,328257156249,2,426,1144,"Thus, a defining trend in modern protein science focuses on ‘structural formation or molecular compaction’, including protein folding, native assembly, binding with interacting partners, and aggregation formation. For instance, the classic protein folding problem, structure predictions using AlphaFold and RoseTTAFold, and amyloid formation are all centered around the concept of structural formation. Traditionally, structural formation has been predominantly understood and described through structure-stabilizing attractive forces. For instance, the energy landscape theory of protein folding, aggregation, and binding assumes that stabilizing attractive interactions in final structures dictate these landscapes."
SEC328257156249_C03,328257156249,3,962,1700,"For instance, the energy landscape theory of protein folding, aggregation, and binding assumes that stabilizing attractive interactions in final structures dictate these landscapes. Hydrophobic interactions as representative attractive interactions are presumed to govern substrate recognition and stabilization against aggregation in the mechanism of molecular chaperone action. Similarly, studies of aggregation have focused on ‘aggregation formation’ to find avenues to inhibit aggregation. Solubility maintenance of polypeptides against aggregation (or aggregation inhibition) can be conceptualized as ‘anti-structural formation’, which serves as the opposite or reverse reaction to the structural formation, as depicted in Figure 8."
SEC328257156249_C04,328257156249,4,1456,2208,"Solubility maintenance of polypeptides against aggregation (or aggregation inhibition) can be conceptualized as ‘anti-structural formation’, which serves as the opposite or reverse reaction to the structural formation, as depicted in Figure 8. Maintaining protein solubility against aggregation is achieved when aggregation-destabilizing forces and factors, such as intermolecular repulsive forces, desolvation penalties, and diverse entropic penalties, energetically outweigh aggregation-stabilizing forces and factors. Consistently, the solubility of non-protein molecules, including chemicals, other cellular macromolecules, and colloids, is predominantly explained by intermolecular repulsive forces, including electrostatic and steric repulsions."
SEC328257156249_C05,328257156249,5,1977,2702,"Consistently, the solubility of non-protein molecules, including chemicals, other cellular macromolecules, and colloids, is predominantly explained by intermolecular repulsive forces, including electrostatic and steric repulsions. Such observations underscore the stark contrast (or seemingly opposite approaches) approaches to managing aggregation between protein science and material science. Structure-stabilizing and structure-destabilizing forces are not mutually exclusive; they coexist. Real protein conformational landscapes are shaped by a balance between these forces from the intrinsic and extrinsic factors. The structural formation, including aggregation formation, is driven by a protein’s inherent properties."
SEC328257156249_C06,328257156249,6,2597,3025,"The structural formation, including aggregation formation, is driven by a protein’s inherent properties. However, anti-structural formation, such as aggregation inhibition and disaggregation, can be driven by a variety of extrinsic factors—such as cellular macromolecules—independently of the protein’s intrinsic properties, including protein folding, structure, and conformational change, as evidenced by the GroEL/ES chamber."
SEC127971035423_C01,127971035423,1,0,612,"Structure-Destabilizing Intermolecular Repulsive Forces in Protein Folding Structure-destabilizing forces are challenging to detect and quantify in final structures, yet they significantly influence structure formation landscapes. The typical stability of proteins ranges from −5 to −15 kcal/mol. Traditionally, the study of protein-folding landscapes has focused on stabilizing attractive interactions, such as hydrophobic interactions. An unpaired hydrogen donor or acceptor in the protein core imposes an energetic penalty of approximately 5 kcal/mol, potentially leading to the global unfolding of proteins."
SEC127971035423_C02,127971035423,2,438,1212,"An unpaired hydrogen donor or acceptor in the protein core imposes an energetic penalty of approximately 5 kcal/mol, potentially leading to the global unfolding of proteins. Similarly, a single hydrogen bond within the hydrophobic core of superoxide dismutase 1 (SOD1), implicated in ALS, is critical for affecting the global dynamics essential to the enzyme’s functionality. Furthermore, a salt bridge in hydrophobic environments can induce an energy penalty of up to 19 kcal/mol, explaining why charged residues are typically located on protein surfaces. Steric clashes also play a crucial role in determining spatial constraints within protein structures, as evidenced by the Ramachandran plot, where the angles ϕ (phi) and ψ (psi) are restricted to avoid these clashes."
SEC127971035423_C03,127971035423,3,995,1738,"Steric clashes also play a crucial role in determining spatial constraints within protein structures, as evidenced by the Ramachandran plot, where the angles ϕ (phi) and ψ (psi) are restricted to avoid these clashes. Such steric clashes result from the excluded volume repulsions of molecules. These direct structure-destabilizing intermolecular repulsive forces differ from conformational entropy, which quantifies the distribution of all possible conformational states of proteins. Protein folding occurs in the constraints imposed by these intermolecular repulsive forces. These constraints may explain why a single point mutation can profoundly affect protein folding rate and stability, even though the final structures appear unchanged."
SEC127971035423_C04,127971035423,4,1571,2090,"These constraints may explain why a single point mutation can profoundly affect protein folding rate and stability, even though the final structures appear unchanged. George Rose’s remark, “Seeing is deceiving,” indicates that the visible final structures may not fully reflect the important role of structure-destabilizing repulsive forces, which are crucial for the actual protein folding landscapes. His remark is also relevant to understanding protein solubility against aggregation (or anti-structural formation)."
SEC902997398163_C01,902997398163,1,0,628,"Role of Intermolecular Repulsive Forces in Aggregation Inhibition From a simple physicochemical view, cellular macromolecules, with their numerous charges and large excluded volume, can be seen as scaled-up versions of small charged residues in proteins. Empirically, it is widely accepted that individual charged residues of cellular macromolecules, including proteins, are important for maintaining their solubility against aggregation. Notably, however, little attention is given to the possibility that the exposed charges on cellular macromolecules might inhibit the aggregation of their physically connected polypeptides."
SEC902997398163_C02,902997398163,2,439,1209,"Notably, however, little attention is given to the possibility that the exposed charges on cellular macromolecules might inhibit the aggregation of their physically connected polypeptides. Once physically connected, the complexes formed by cellular macromolecules and polypeptides can be considered as single entities, where the extrinsic charges of cellular macromolecules can act in a manner similar to intrinsic charges, thus influencing the aggregation behaviors of the connected polypeptides. Consistently, the charges and hydrophilicity of solubility-enhancing tags play a crucial role in increasing the solubility of their connected aggregation-prone proteins. Protein aggregation involves the assembly of multiple molecules and exhibits a degree of specificity."
SEC902997398163_C03,902997398163,3,1107,1848,"Protein aggregation involves the assembly of multiple molecules and exhibits a degree of specificity. Bulky cellular macromolecules with large excluded volumes likely inhibit the self-aggregation of their physically connected polypeptides. Importantly, it is a fact, not merely an assumption, that the excluded volumes of cellular macromolecules cannot be violated during the aggregation of their connected polypeptides. As illustrated in Figure 9, the cellular macromolecules have been proposed to generally exhibit the intrinsic chaperone activity to prevent the aggregation of their physically connected polypeptides, attributed to the intermolecular repulsive forces generated by their numerous surface charges and huge excluded volume."
SEC902997398163_C04,902997398163,4,1528,2254,"As illustrated in Figure 9, the cellular macromolecules have been proposed to generally exhibit the intrinsic chaperone activity to prevent the aggregation of their physically connected polypeptides, attributed to the intermolecular repulsive forces generated by their numerous surface charges and huge excluded volume. This action mechanism is similar to those seen with charges as aggregation gatekeepers, the GroEL/ES chamber as the Anfinsen cage, and colloidal stability. Upon forming physical connections, the aggregation inhibition by cellular macromolecules can occur independently of the types of physical connections (whether in trans or in cis and whether hydrophobic or non-hydrophobic) and conformational changes."
SEC902997398163_C05,902997398163,5,2004,2705,"Upon forming physical connections, the aggregation inhibition by cellular macromolecules can occur independently of the types of physical connections (whether in trans or in cis and whether hydrophobic or non-hydrophobic) and conformational changes. Of note, the repulsive forces exerted by cellular macromolecules are long-range due to their large size and multimolecular assembly, potentially affecting entire regions of the linked polypeptides. This allows for the protection of aggregation-prone regions without the need for direct masking or reliance on attractive interactions. This long-range effect on aggregation inhibition is referred to as the allosteric effect of cellular macromolecules."
SEC902997398163_C06,902997398163,6,2588,3258,"This long-range effect on aggregation inhibition is referred to as the allosteric effect of cellular macromolecules. This stabilizing mechanism likely underlies the generic intrinsic chaperone-like activities in macromolecular tethering, fusion approach, and the artificial chaperone system. According to this model, gigantic and polyionic structures, such as ribosomes and lipid bilayers, could ideally serve as chaperone-like molecules in cis. Similarly, intrinsically disordered, highly charged polypeptides function as effective solubilizers in the fusion context by creating extensive hydrophilic surface areas and large excluded volumes, termed entropic bristles."
SEC902997398163_C07,902997398163,7,3034,3399,"Similarly, intrinsically disordered, highly charged polypeptides function as effective solubilizers in the fusion context by creating extensive hydrophilic surface areas and large excluded volumes, termed entropic bristles. Moreover, N-terminal protein tails act as protective entropic bristles that mitigate aggregation, as observed in the study of SUMO proteins."
SEC962435846260_C01,962435846260,1,0,751,"The Role of Intermolecular Repulsive Forces in the Substrate Stabilization by Molecular Chaperones Aggregation inhibition driven by intermolecular repulsive forces can also apply to substrate stabilization by traditional molecular chaperones. DnaK, the E. coli Hsp70 homolog, binds hydrophobic-rich peptides (e.g., NRLLLTG), but it masks only a small part of the protein’s hydrophobic surfaces. In the fusion context, mutation or deletion in DnaK’s substrate binding residue or domain does not compromise its ability to prevent the aggregation of fused proteins, suggesting that the primary stabilization mechanism may be through the repulsive forces from DnaK’s surface charges and large excluded volume rather than limited hydrophobic interactions."
SEC962435846260_C02,962435846260,2,395,1129,"In the fusion context, mutation or deletion in DnaK’s substrate binding residue or domain does not compromise its ability to prevent the aggregation of fused proteins, suggesting that the primary stabilization mechanism may be through the repulsive forces from DnaK’s surface charges and large excluded volume rather than limited hydrophobic interactions. The anti-aggregation ability of Hsp90 relies on two charged patches. Removing these patches significantly diminishes its aggregation inhibition capabilities, although it does not affect substrate binding. However, reintroducing an artificial acid-rich sequence restores this function, emphasizing that the net charge of Hsp90 is crucial for its aggregation inhibition activity."
SEC962435846260_C03,962435846260,3,956,1726,"However, reintroducing an artificial acid-rich sequence restores this function, emphasizing that the net charge of Hsp90 is crucial for its aggregation inhibition activity. These observations show that the extrinsic surface charges of cellular macromolecules can inhibit aggregation of connected polypeptides across significant distances, consistent with the aforementioned allosteric effect of cellular macromolecules. Similarly, the extensively charged poly-Asp/Glu region of the DAXX chaperone is crucial for its diverse activities, including aggregation inhibition and disaggregation. The physical basis for the direct steric masking by GroEL/ES and TriC/CCT, which inhibits aggregation, is attributed to the excluded volume repulsions exerted by these chaperonins."
SEC962435846260_C04,962435846260,4,1545,2292,"The physical basis for the direct steric masking by GroEL/ES and TriC/CCT, which inhibits aggregation, is attributed to the excluded volume repulsions exerted by these chaperonins. Similarly, the diverse functions of Hsp70, such as translocation and disaggregation, can be universally explained by entropic pulling forces rooted in its excluded volume repulsions. Furthermore, the direct steric repulsions between DnaK molecules, when bound to a misfolded client, are suggested to play a role in rescuing misfolding. The stabilization of substrates by intermolecular repulsive forces suggests that molecular chaperones can interact with their clients through various non-hydrophobic interactions, thereby broadening their functional capabilities."
SEC962435846260_C05,962435846260,5,2062,2849,"The stabilization of substrates by intermolecular repulsive forces suggests that molecular chaperones can interact with their clients through various non-hydrophobic interactions, thereby broadening their functional capabilities. Consistently, molecular chaperones, including GroEL, TriC/CCT, trigger factor, Spy, and DAXX, can predominantly recognize their clients through electrostatic interactions. This mode of binding via electrostatic interactions offers a significant advantage, as it can facilitate the proper folding of proteins in the binding context. In this regard, macromolecular tethering can allow cotranslational (cotranslocational) protein folding and domain folding in multidomain proteins to freely occur while independently and simultaneously inhibiting aggregation."
SEC962435846260_C06,962435846260,6,2624,3364,"In this regard, macromolecular tethering can allow cotranslational (cotranslocational) protein folding and domain folding in multidomain proteins to freely occur while independently and simultaneously inhibiting aggregation. This scenario is similar to protein folding in the GroEL/ES chamber, while aggregation is completely blocked. Calnexin and calreticulin recognize the glycan moieties of their clients. The substrate stabilization by these recognition types, akin to that seen with the artificial chaperone system, appears difficult to explain solely through direct attractive interactions. In contrast, the substrate stabilization facilitated by intermolecular repulsive forces can occur regardless of the types of physical linkage."
SEC962435846260_C07,962435846260,7,3221,3886,"In contrast, the substrate stabilization facilitated by intermolecular repulsive forces can occur regardless of the types of physical linkage. This scenario suggests that calnexin and calreticulin are expected to allow protein folding to proceed in the binding context while preventing aggregation. A variety of non-hydrophobic attractive interactions, including hydrogen bonding, van der Waals interactions, and electrostatic interactions, are significantly involved in protein aggregation formation. Aggregation driven by non-hydrophobic interactions is difficult to explain solely through hydrophobic interactions between molecular chaperones and their clients."
SEC962435846260_C08,962435846260,8,3723,4305,"Aggregation driven by non-hydrophobic interactions is difficult to explain solely through hydrophobic interactions between molecular chaperones and their clients. The new framework suggests a unifying mechanism—intermolecular repulsive force-driven aggregation inhibition—that underpins the diverse sources of aggregation inhibition. These sources include ATP-dependent and -independent molecular chaperones, macromolecular tethering, fusion approaches, the artificial chaperone system, calnexin/calreticulin, and charges as aggregation gatekeepers, along with colloidal stability."
SEC962435846260_C09,962435846260,9,4057,4793,"These sources include ATP-dependent and -independent molecular chaperones, macromolecular tethering, fusion approaches, the artificial chaperone system, calnexin/calreticulin, and charges as aggregation gatekeepers, along with colloidal stability. Taken together, it becomes apparent that the prevailing interpretation of molecular chaperone functions, traditionally based solely on hydrophobic interaction-mediated substrate recognition and stabilization, may be narrow. In reality, quantifying the involved stabilizing forces against aggregation remains almost completely uncharted territory in the field of protein science. Even the stabilizing forces in protein folding, which remain controversial, have yet to be fully elucidated."
SEC962435846260_C10,962435846260,10,4684,4980,"Even the stabilizing forces in protein folding, which remain controversial, have yet to be fully elucidated. Therefore, maintaining an open mind is necessary as it enables a broader exploration of how the cellular proteome maintains solubility against aggregation in the complex cellular milieu."
SEC812327468064_C01,812327468064,1,0,676,"Metastability Revisited Through the New Framework Metastability describes a state in which molecular systems persist due to high kinetic barriers that inhibit their transition to more thermodynamically stable states. Traditionally, folded and functional protein structures are considered metastable in relation to aggregates. Aggregation processes are typically nonequilibrium, leading to poorly characterized aggregation thermodynamics experimentally; therefore, they are generally interpreted kinetically. Notably, however, the presence of aggregates in nonequilibrium conditions does not necessarily imply that they are thermodynamically more stable than soluble monomers."
SEC812327468064_C02,812327468064,2,508,1196,"Notably, however, the presence of aggregates in nonequilibrium conditions does not necessarily imply that they are thermodynamically more stable than soluble monomers. As detailed in Section 4, the transition from folded structures to aggregates involves both intramolecular protein folding thermodynamics and intermolecular aggregation thermodynamics, which are independent yet interconnected via shared aggregation monomers ( Figure 2 and Figure 4). The shared aggregation monomers, such as misfolded or unfolded monomers, serve as the main reactants in equilibrium with aggregates within aggregation thermodynamics; their relationship determines the aggregation free energy landscape."
SEC812327468064_C03,812327468064,3,960,1756,"The shared aggregation monomers, such as misfolded or unfolded monomers, serve as the main reactants in equilibrium with aggregates within aggregation thermodynamics; their relationship determines the aggregation free energy landscape. Folded structures and shared aggregation monomers can exhibit different intramolecular thermodynamic stabilities and markedly different aggregation behaviors, requiring a clear differentiation between these forms. The concentration of denatured forms is used to calculate aggregation thermodynamics relative to amyloid fibrils. The aggregation thermodynamics of unfoldable polypeptides alone, such as IDPs and IDRs, is unrelated to folded structures. Therefore, understanding metastability needs to be understood in the context of shared aggregation monomers."
SEC184066435813_C01,184066435813,1,0,739,"Strategies for Decreasing the Effective Concentration of Shared Aggregation Monomers In contrast to intramolecular protein folding, where thermodynamics is determined by the N/D ratio that remains unaffected by actual protein concentration, aggregation (or solubility) thermodynamics is significantly influenced by this concentration. Supersaturation occurs when the protein concentration exceeds its equilibrium solubility limit in a solvent, resulting in a metastable state where the system is prone to spontaneous aggregation or crystallization as it seeks a free energy minimum. Supersaturation is quantified by the supersaturation ratio: S = C / C sat, where C is the initial protein concentration, and C sat is its solubility limit."
SEC184066435813_C02,184066435813,2,583,1315,"Supersaturation is quantified by the supersaturation ratio: S = C / C sat, where C is the initial protein concentration, and C sat is its solubility limit. If S > 1, proteins are in a supersaturated, metastable state, predisposed to aggregation. Protein concentrations in vivo can exist near their solubility limits at the proteome level. Notably, according to the new framework, the C and C sat in the supersaturation formula S specifically refer to the concentration of shared aggregation monomers, not to the total soluble monomer protein concentration that includes folded structures. More precisely, these values represent the thermodynamic activity or the effective thermodynamic concentration of shared aggregation monomers."
SEC184066435813_C03,184066435813,3,1172,1823,"More precisely, these values represent the thermodynamic activity or the effective thermodynamic concentration of shared aggregation monomers. Strategies aimed at decreasing the effective concentration of shared aggregation monomers could lead to relative thermodynamic stabilization of soluble monomers against aggregation, as illustrated in Figure 10 A. Firstly, significant amounts of molecular chaperones, including protein quality control systems, are present at the proteome level in vivo. Their complexation with shared aggregation monomers shifts the equilibrium, favoring a reduction in the concentration of free shared aggregation monomers."
SEC184066435813_C04,184066435813,4,1668,2366,"Their complexation with shared aggregation monomers shifts the equilibrium, favoring a reduction in the concentration of free shared aggregation monomers. Secondly, folded structures and their native complexes with interactors—such as cellular macromolecules and metals—can dramatically decrease the concentration of shared aggregation monomers. Importantly, proteins undergo extensive native complexation in vivo and do not exist in isolation. For instance, although ribosomal S6 proteins alone can fold efficiently with marginal stability, they are primarily found within ribosome complexes. This crucial aspect of native complexation is often overlooked in discussions of protein metastability."
SEC184066435813_C05,184066435813,5,2262,2892,"This crucial aspect of native complexation is often overlooked in discussions of protein metastability. Thirdly, macromolecular tethering is ubiquitous in vivo at the proteome level, including ribosomes, multidomain proteins, lipid bilayers, and post-translational modifications such as ubiquitination, sumoylation, and glycosylation. If macromolecular tethering inhibits the self-aggregation of tethered polypeptides, it can potentially reduce the effective concentration of shared aggregation monomers. The covalent or covalent-like linkage in macromolecular tethering can be considered an irreversible, tight binding in trans."
SEC184066435813_C06,184066435813,6,2767,3558,"The covalent or covalent-like linkage in macromolecular tethering can be considered an irreversible, tight binding in trans. Overall, the effective thermodynamic concentration of free, shared aggregation monomers in vivo could be significantly lower than previously anticipated due to their physical linkage with cellular macromolecules or ligands. Consequently, these free soluble monomers might be thermodynamically more stable than amyloid fibrils in vivo. By recognizing shared aggregation monomers as the principal reactants in aggregation, we can see that the conventional methods of aggregation inhibition using molecular chaperones and macromolecular tethering, typically viewed solely in terms of kinetic barriers, might also serve as thermodynamic stabilizers against aggregation."
SEC184066435813_C07,184066435813,7,3227,3654,"By recognizing shared aggregation monomers as the principal reactants in aggregation, we can see that the conventional methods of aggregation inhibition using molecular chaperones and macromolecular tethering, typically viewed solely in terms of kinetic barriers, might also serve as thermodynamic stabilizers against aggregation. Consistently, kinetic factors could be thermodynamic factors in dynamic equilibrium conditions."
SEC864061444292_C01,864061444292,1,0,685,"Thermodynamic Destabilization of Aggregates by Physical Linkage of Cellular Macromolecules In thermodynamics, changes in Gibbs free energy reflect the relative differences in energy levels between reactants and products. This complexity complicates precise assessments of how specific factors influence the energy levels of aggregation monomers or their aggregates. Keeping the ground states of aggregation monomers constant can help evaluate these impacts more clearly. Using a macromolecular tethering model, it has been suggested that such tethering can thermodynamically destabilize aggregates, such as amyloids, by elevating their ground state energy, as depicted in Figure 10 B."
SEC864061444292_C02,864061444292,2,471,1191,"Using a macromolecular tethering model, it has been suggested that such tethering can thermodynamically destabilize aggregates, such as amyloids, by elevating their ground state energy, as depicted in Figure 10 B. This model employs a two-state folding approach in which macromolecular tethering does not alter the protein folding itself, thereby leaving the energy levels of the folded and unfolded states (assumed as soluble aggregation monomers here) unchanged. However, macromolecular tethering can destabilize the self-aggregation of tethered proteins through their intermolecular repulsions caused by their surface charges and excluded volumes, thereby increasing the ground state energy levels of the aggregates."
SEC864061444292_C03,864061444292,3,936,1729,"However, macromolecular tethering can destabilize the self-aggregation of tethered proteins through their intermolecular repulsions caused by their surface charges and excluded volumes, thereby increasing the ground state energy levels of the aggregates. Similarly, molecular chaperones are proposed to thermodynamically destabilize amyloids by forming coaggregates with amyloid peptides, thereby enhancing the solubility of monomers. This coaggregation is similar to the aggregation of polypeptides tethered to cellular macromolecules. Remarkably, proteins with more than 150 amino acids can be inherently more thermodynamically stable due to their increased size, suggesting that larger proteins are better equipped to overcome the metastability challenges associated with smaller peptides."
SEC864061444292_C04,864061444292,4,1473,2057,"Remarkably, proteins with more than 150 amino acids can be inherently more thermodynamically stable due to their increased size, suggesting that larger proteins are better equipped to overcome the metastability challenges associated with smaller peptides. Consistently, the aggregation of small peptide fragments is associated with proteinopathies. A common feature among macromolecular tethering, coaggregation with molecular chaperones, and increased protein size is the physical linkage of thermodynamically aggregation-prone polypeptides alone with other large molecular regions."
SEC864061444292_C05,864061444292,5,1822,2562,"A common feature among macromolecular tethering, coaggregation with molecular chaperones, and increased protein size is the physical linkage of thermodynamically aggregation-prone polypeptides alone with other large molecular regions. The relative monomer stabilization against aggregation formation (or anti-structural formation) results from the intrinsic properties of these regions themselves, akin to charges as aggregation gatekeepers and the GroEL/ES chamber. These phenomena are challenging to explain with the conventional paradigm, the fundamentals of modern protein science, and the traditional concept of metastability. In contrast, the new framework provides a coherent explanation by applying its principles to metastability."
SEC608940798925_C01,608940798925,1,0,614,"Applications of the New Framework to Therapeutic Interventions for Proteinopathies The conventional paradigm in protein science, which does not strictly distinguish between protein folding (or misfolding) and aggregation, has long shaped our understanding and treatment strategies for proteinopathies. Recognizing the independence between misfolding and aggregation, alongside the intrinsic chaperone-like activities of cellular macromolecules, the intermolecular repulsive force-driven aggregation inhibition, and their long-range allosteric effect, provide new insights for developing therapeutic interventions."
SEC382811504335_C01,382811504335,1,0,700,"Targeting Cellular Macromolecules as Drug Candidates in Proteinopathies Cellular macromolecules, whether directly or indirectly associated with proteins or peptides involved in disorders, can prevent aggregation through their intrinsic chaperone-like activities. All these cellular macromolecules could represent potential targets for therapeutic interventions, as illustrated in Figure 11 A. Given the ongoing challenges and the persistent lack of effective treatments despite decades of research targeting these cellular macromolecules offers significant potential for breakthroughs. Consistently, the flanking regions of pathogenic polypeptides have a significant impact on aggregation behaviors."
SEC382811504335_C02,382811504335,2,586,1351,"Consistently, the flanking regions of pathogenic polypeptides have a significant impact on aggregation behaviors. Additionally, small heat-shock proteins binding to flanking domains can inhibit the aggregation of polyglutamine repeat expansions, which are associated with disorders such as Huntington’s disease and spinocerebellar ataxias, even though these proteins do not directly interact with the aggregation-prone regions. Disease-associated polypeptides are connected with a variety of cellular macromolecules, forming complex interactomes. For instance, amyloid beta peptides (Aβ) in amyloid precursor proteins (APP) are physically tethered to other regions of APP and to cellular membranes. APP forms a physical interactome to fulfill its functional roles."
SEC382811504335_C03,382811504335,3,1133,1915,"For instance, amyloid beta peptides (Aβ) in amyloid precursor proteins (APP) are physically tethered to other regions of APP and to cellular membranes. APP forms a physical interactome to fulfill its functional roles. Aβ, once cleaved from APP, interacts with a variety of proteins, including molecular chaperones. Small molecules enhancing these interactions or stabilizing the macromolecules are proposed to serve as potential drug candidates. Bifunctional small molecules that bind both chaperones and amyloid fibrils harness the steric bulkiness of chaperones to effectively inhibit Aβ aggregation. In this approach, chaperones can be replaced with other cellular macromolecules since steric bulkiness is a common feature of cellular macromolecules with large excluded volumes."
SEC382811504335_C04,382811504335,4,1736,2275,"In this approach, chaperones can be replaced with other cellular macromolecules since steric bulkiness is a common feature of cellular macromolecules with large excluded volumes. Mutations in charged residues of proteins are closely associated with proteinopathies. Modulating amyloid formation by altering the net charges of proteins through chemical intervention is a promising strategy. This approach aligns with the intrinsic chaperone activities of cellular macromolecules, which harness their surface charges to inhibit aggregation."
SEC511701466176_C01,511701466176,1,0,792,"Cellular Macromolecules as Native Interactors: Promising Drug Targets in Proteinopathies Cellular macromolecules that function as native interactors could be promising drug targets. Most cellular proteomes are involved in native interactions or complexes with proteins, nucleic acids, and metals. Cellular macromolecules as native interactors can significantly influence the folding and stability of associated pathogenic polypeptides, as depicted in Figure 11 B. Moreover, they can also independently exhibit intrinsic chaperone-like activities. The proper stoichiometry of these native complexes is crucial, and disruptions to this balance can occur with aging, potentially leading to disease progression. Consistently, specific polypeptides are associated with particular proteinopathies."
SEC511701466176_C02,511701466176,2,547,1233,"The proper stoichiometry of these native complexes is crucial, and disruptions to this balance can occur with aging, potentially leading to disease progression. Consistently, specific polypeptides are associated with particular proteinopathies. For instance, AD is characterized by Aβ and tau proteins, prion diseases by prion protein, and Huntington’s disease by huntingtin protein. This specificity could be attributed to a lack or impairment of physical interactions with specific native interactors. The binding-coupled protein folding of IDPs is ubiquitous, and their folding is strictly dependent on their native interactors. Most pathogenic polypeptides are either IDPs or IDRs."
SEC511701466176_C03,511701466176,3,1051,1789,"The binding-coupled protein folding of IDPs is ubiquitous, and their folding is strictly dependent on their native interactors. Most pathogenic polypeptides are either IDPs or IDRs. IDPs and IDRs pose a challenge in drug development due to their lack of a druggable stable pharmacophore, making it difficult to target them effectively with traditional small molecule drugs. Therefore, targeting cellular macromolecules as native interactors represents a promising strategy for modulating protein folding, stability, the stoichiometry of complexation, and aggregation. So far, however, according to the amyloid cascade hypothesis, drug development has primarily focused on preventing the aggregation of pathogenic polypeptides themselves."
SEC511701466176_C04,511701466176,4,1619,2350,"So far, however, according to the amyloid cascade hypothesis, drug development has primarily focused on preventing the aggregation of pathogenic polypeptides themselves. Furthermore, the molecular chaperone concept traditionally overlooks the role of native interactors, as these ligands are not classified as molecular chaperones. In contrast, small chemical compounds known as pharmacological chaperones bind to native structures and stabilize them, functioning similarly to native interactors or ligands. Drugs that stabilize native complexation can prevent the formation of aggregation monomers at an upstream level. These considerations reinforce that cellular macromolecules as native interactors are promising drug targets."
SEC788407029652_C01,788407029652,1,0,665,"Conclusions and Future Perspectives We introduce a new framework that redefines the relationship between intramolecular protein folding and intermolecular aggregation as independent yet interconnected via shared aggregation monomers. The new framework extends the conventional paradigm that views aggregation primarily as a direct outcome or continuum of protein folding and misfolding. It establishes that intrinsic and extrinsic factors independently affect both processes. Furthermore, it highlights that intermolecular aggregation inhibition by intermolecular repulsive forces can operate independently of protein folding, structure, and conformational change."
SEC788407029652_C02,788407029652,2,476,1239,"Furthermore, it highlights that intermolecular aggregation inhibition by intermolecular repulsive forces can operate independently of protein folding, structure, and conformational change. The new framework revisits and provides new insights into the fundamental issues at the interface between protein folding and aggregation. The new framework provides a more comprehensive understanding of the relationship between protein folding and aggregation within the cellular milieu, where polypeptides are physically connected to a variety of cellular macromolecules throughout their lifespan. Moreover, it can be applied to the relationships between diverse protein conformational landscapes, with each independent landscape interconnected through shared structures."
SEC788407029652_C03,788407029652,3,1065,1727,"Moreover, it can be applied to the relationships between diverse protein conformational landscapes, with each independent landscape interconnected through shared structures. Particularly, the framework emphasizes the necessity of considering and exploring structure-destabilizing intermolecular repulsive forces, as real protein conformational landscapes within the cellular milieu are shaped by a delicate balance between structure-stabilizing and destabilizing forces arising from the intrinsic properties of proteins and extrinsic cellular factors. In this context, the role of the cellular milieu, particularly in protein aggregation, needs to be redefined."
SEC788407029652_C04,788407029652,4,1617,1923,"In this context, the role of the cellular milieu, particularly in protein aggregation, needs to be redefined. Finally, the new framework offers valuable insights that can enhance our understanding of complex phenomena, including combined protein folding and aggregation, proteostasis, and proteinopathies."
SEC422270250043_C01,422270250043,1,0,784,"Abstract Impact statementWe have developed the GReedy Accumulated strategy for Protein Engineering (GRAPE) to improve enzyme stability across various applications, combining advanced computational methods with a unique clustering and greedy accumulation approach to efficiently explore epistatic effects with minimal experimental effort. To make this strategy accessible to nonexperts, we introduced GRAPE‐WEB, an automated, user‐friendly web server that allows the design, inspection, and combination of stabilizing mutations without requiring extensive bioinformatics knowledge. GRAPE‐WEB's robust performance and accessibility provide a comprehensive and adaptable approach to protein thermostability design, suitable for both newcomers and experienced practitioners in the field."
SEC422270250043_C02,422270250043,2,581,841,"GRAPE‐WEB's robust performance and accessibility provide a comprehensive and adaptable approach to protein thermostability design, suitable for both newcomers and experienced practitioners in the field. The web server is accessible at https://grape.wulab.xyz."
SEC729238191539_C01,729238191539,1,0,422,AUTHOR CONTRIBUTIONS Jinyuan Sun: Software (equal). Wenyu Shi: Software (equal). Zhihui Xing: Software (equal). Guomei Fan: Software (equal). Qinglan Sun: Software (equal). Linhuan Wu: Software (equal). Juncai Ma: Software (equal). Yinglu Cui: Conceptualization (equal); methodology (equal); resources (equal); software (equal). Bian Wu: Conceptualization (equal); supervision (equal); writing—review and editing (equal).
SEC684424713393_C01,684424713393,1,0,67,ETHICS STATEMENT Ethics statement is not applicable to this study.
SEC842621115454_C01,842621115454,1,0,68,CONFLICT OF INTERESTS The authors declare no conflict of interests.
SEC213974830896_C01,213974830896,1,0,47,Supporting information Supporting information.
SEC76894848899_C01,76894848899,1,0,770,"Abstract C-S lyase is a crucial enzyme responsible for the formation of sulfur-containing flavor compounds in Lentinula edodes. We investigated the involvement of C-S lyase in the synthesis of ergothioneine (EGT) in L. edodes, a high-producing edible mushroom. Through experimental and computational approaches, we identified Lecsl2, a C-S lyase, as a key enzyme involved in EGT synthesis in L. edodes. We characterized the enzymatic catalytic mechanism of Egt1 and Egt2, the two enzymes primarily catalyzing EGT synthesis in fungi. The results showed that Egt1 interacted with His, SAM, and Cys to form the intermediate product Her-sul, while Egt2, a PLP-dependent enzyme, cleaved the C-S bond on Her-sul to produce EGT. However, our findings suggested that Egt2 in L."
SEC76894848899_C02,76894848899,2,533,1091,"The results showed that Egt1 interacted with His, SAM, and Cys to form the intermediate product Her-sul, while Egt2, a PLP-dependent enzyme, cleaved the C-S bond on Her-sul to produce EGT. However, our findings suggested that Egt2 in L. edodes might not form a covalent bond with PLP, unlike the previously reported catalytic mechanism of Egt2 involving covalent catalysis. The study provided new insights into the synthesis pathway of EGT in L. edodes and highlighted the need for further investigation into the catalytic mechanism of Egt2 in this species."
SEC698408197076_C01,698408197076,1,0,789,"Introduction Lentinula edodes, one of the highest-producing edible mushrooms in the world, stands apart from other edible mushrooms due to its unique properties. When dried, it emits a distinct odor, attributed to sulfur-containing compounds like lenthionine, which impart its characteristic scent. It is widely believed that Gamma glutamyl transpeptidase (GGT) and L-cysteine sulfoxide lyase (C-S lyase) play pivotal roles in the formation of these sulfur-containing odor components in L. edode s as shown in Figure 1. Ergothioneine (EGT), an odorless and colorless sulfur compound, possesses potent hydroxyl radical scavenging, DPPH radical scavenging, and ABTS radical scavenging capabilities. Its versatility has led to its application in various fields, including food and cosmetics."
SEC698408197076_C02,698408197076,2,520,1210,"Ergothioneine (EGT), an odorless and colorless sulfur compound, possesses potent hydroxyl radical scavenging, DPPH radical scavenging, and ABTS radical scavenging capabilities. Its versatility has led to its application in various fields, including food and cosmetics. In fungi, the synthesis of EGT is primarily catalyzed by two enzymes: Egt1 and Egt2 ( Figure 1). These enzymes utilize histidine, S-adenosylmethionine (SAM), and cysteine as substrates. Specifically, Egt1 is a SAM-dependent methyltransferase, which transfers the three methyl groups on SAM to histidine to form hercynine, which then binds with cysteine to form the Cys-HER complex (Hercynylcysteine superoxide, Her-sul)."
SEC698408197076_C03,698408197076,3,975,1667,"Specifically, Egt1 is a SAM-dependent methyltransferase, which transfers the three methyl groups on SAM to histidine to form hercynine, which then binds with cysteine to form the Cys-HER complex (Hercynylcysteine superoxide, Her-sul). On the other hand, Egt2, a pyridoxal phosphate (PLP)-dependent C-S lyase, cleaves the C-S bond on Her-sul to produce EGT. Research indicated that Egt2 exhibits cysteine sulfoxide lyase activity. The key enzyme C-S lyase, involved in the formation of sulfur-containing odor components in L. edodes, bears similarities in activity to Egt2. However, whether C-S lyase plays a role in the synthesis of EGT in L. edodes remains an area of further investigation."
SEC698408197076_C04,698408197076,4,1548,2281,"However, whether C-S lyase plays a role in the synthesis of EGT in L. edodes remains an area of further investigation. In this study, we primarily investigated whether the key enzyme C-S lyase, which synthesizes sulfur-containing characteristic odor components in L. edodes, is also involved in the synthesis of ergothioneine. Based on this, we provided a brief analysis of the enzymatic catalytic mechanism of the key enzymes involved in ergothioneine synthesis in L. edodes. By deciphering the intricate link between the sulfur-containing aroma compounds in L. edodes and EGT synthesis, this research aimed to deepen the understanding of the biosynthetic mechanisms underlying sulfur-containing secondary metabolites in L. edodes."
SEC698408197076_C05,698408197076,5,2111,2445,"edodes and EGT synthesis, this research aimed to deepen the understanding of the biosynthetic mechanisms underlying sulfur-containing secondary metabolites in L. edodes. Through rigorous validation of the functions of the relevant genes, this study laid a robust scientific foundation for advancing the genetic breeding of L. edodes."
SEC726152978609_C01,726152978609,1,0,22,Results and Discussion
SEC159760306248_C01,159760306248,1,0,684,"Synthesis Pathway of EGT in L. edodes The Egt1 gene (LE01Gene 12188) was first identified by aligning the reference genome of L. edodes W1-26. Upon sequence alignment, it was revealed that the Lecsl 1 (LE01Gene01404) and Lecsl 2 (LE01Gene02830) genes in the reference genome of L. edodes W1-26 belonging to the C-S lyase family bear a striking resemblance to the Egt2 amino acid sequences found in fungi ( Figure 2). In the following, we referred to the fungal EGT synthesis pathway and formulated a solution consisting of the following substrate and cofactors: 0. M His, 0. M SAM, 0. M Cys, 0. M FeSO 4 ·7H 2 O, and 0. M PLP. Tris-HCl (pH 8.0) served as the buffer for this mixture."
SEC159760306248_C02,159760306248,2,575,1319,"M SAM, 0. M Cys, 0. M FeSO 4 ·7H 2 O, and 0. M PLP. Tris-HCl (pH 8.0) served as the buffer for this mixture. Two proteins (Egt1 and Lecsl 1) were incorporated into the reaction group, while a non-protein system functioned as the blank control. After preparing, the reaction solution was taken in a water bath maintained at 30 °C for two hours. However, liquid chromatography-mass spectrometry (LC-MS) facilitated the detection of EGT. Although this experiment did not produce EGT, the intermediate product Her-sul was discernible in the reaction group, whereas it remained undetected in the blank group ( m / z = 333.12756). Through a C-S lyase activity assessment, it transpired that the recombinant protein Lecsl 1 lacked C-S lyase activity."
SEC159760306248_C03,159760306248,3,1200,1748,"Through a C-S lyase activity assessment, it transpired that the recombinant protein Lecsl 1 lacked C-S lyase activity. This absence could be attributed to several factors: an unsuitable expression vector; or proteins expressed in the prokaryotic system ( Escherichia coli) that have not undergone folding and post-translational modifications, whereas proteins derived from eukaryotic organisms necessitate such modifications for proper functionality. Not only did we fail to detect EGT, but we also failed to identify Hercynine in this experiment."
SEC159760306248_C04,159760306248,4,1319,2075,"This absence could be attributed to several factors: an unsuitable expression vector; or proteins expressed in the prokaryotic system ( Escherichia coli) that have not undergone folding and post-translational modifications, whereas proteins derived from eukaryotic organisms necessitate such modifications for proper functionality. Not only did we fail to detect EGT, but we also failed to identify Hercynine in this experiment. This could potentially be explained by the immediate binding of Hercynine with Cys to form Her-sul under the catalysis of Egt1 upon its formation, or it might be due to the concurrent binding of both the methyl group and Cys to His, given that Egt1 possesses domains for both methyltransferase and cysteine sulfoxide synthase."
SEC159760306248_C05,159760306248,5,1748,2427,"This could potentially be explained by the immediate binding of Hercynine with Cys to form Her-sul under the catalysis of Egt1 upon its formation, or it might be due to the concurrent binding of both the methyl group and Cys to His, given that Egt1 possesses domains for both methyltransferase and cysteine sulfoxide synthase. Our previous studies have demonstrated that the Lecsl 2 protein, when expressed in Escherichia coli, possessed C-S lyase activity, which was activated by pyridoxal phosphate (PLP). In light of this, we expressed the Lecsl 2 protein in Escherichia coli to ascertain its role in the production of EGT. In addition, we also optimized the reaction system."
SEC159760306248_C06,159760306248,6,2256,3015,"In light of this, we expressed the Lecsl 2 protein in Escherichia coli to ascertain its role in the production of EGT. In addition, we also optimized the reaction system. We referred to the synthesis pathway of EGT in Neurospora crassa and induced the expression of Lecsl 2 protein by adding PLP to the culture medium, achieving a final concentration of 0.1mM. Drawing from the existing literature on EGT synthesis, we divided the in vitro reaction into two distinct steps. We first introduced the Egt1 protein and incubated the mixture at 32 °C for two hours. Following this, we added the recombinant Lecsl 2 protein along with the antioxidant dithiothreitol (DTT). After a further hour of incubation at 30 °C, we terminated the reaction by adding methanol."
SEC159760306248_C07,159760306248,7,2817,3457,"Following this, we added the recombinant Lecsl 2 protein along with the antioxidant dithiothreitol (DTT). After a further hour of incubation at 30 °C, we terminated the reaction by adding methanol. A non-protein system was set as the control, and LC-MS was also employed to ascertain the presence of EGT in both the reaction and control groups. The result is illustrated in Figure 3. We detected the production of EGT in the reaction group by the LC-MS analysis, albeit in relatively low quantities, based on molecular weight information derived from the mass spectrum and corroborated with standard references and the existing literature."
SEC159760306248_C08,159760306248,8,3201,3656,"We detected the production of EGT in the reaction group by the LC-MS analysis, albeit in relatively low quantities, based on molecular weight information derived from the mass spectrum and corroborated with standard references and the existing literature. Therefore, our experimental findings suggest that the key enzyme C-S lyase, implicated in the formation of sulfur-containing odor components, also played a role in the synthesis of EGT in L. edodes."
