pmcid,pmid,fig_ids,fig_label,fig_caption,fig_url
PMC12529775,38598310,672639949844,fig1,Reactions in the synthesis of VitD3: (i) electrocyclic ring opening and (ii) antarafacial sigmatropic hydrogen shift. Dihedral angles associated with the triene moiety in PreD3 are also shown: ϕ 1 (1–2–3–4) and ϕ 2 (3–4–5–6).,https://cdn.ncbi.nlm.nih.gov/pmc/blobs/039c/12529775/6a7425f55cb4/ci3c02049_0001.jpg
PMC12529775,38598310,461615530467,fig2,Transition states for the antarafacial H-exchanges in the thermal sigmatropic reaction. The H transfer is highlighted with green dotted lines.,https://cdn.ncbi.nlm.nih.gov/pmc/blobs/039c/12529775/9bf9062c48d6/ci3c02049_0002.jpg
PMC12529775,38598310,519621484785,fig3,Examples of nonreactive (NR) +t−c and reactive +c+c and −c−c triene configurations. Atoms associated with the triene moiety are highlighted.,https://cdn.ncbi.nlm.nih.gov/pmc/blobs/039c/12529775/2bce5d7bd0a6/ci3c02049_0003.jpg
PMC12529775,38598310,309761122238,fig4,Molecule of PreD encapsulated inside the β-CD dimer.,https://cdn.ncbi.nlm.nih.gov/pmc/blobs/039c/12529775/a8da6c783f06/ci3c02049_0004.jpg
PMC12529775,38598310,251108061777,fig5,"Upper plots are bidimensional histograms representing the triene torsional space explored during the MD simulation for PreD in both its free [f] and encapsulated [e] forms. Dihedral angles ϕ 1 and ϕ 2 are defined in Figure . The colors indicate the density of data points, with darker and warmer colors representing lower and higher densities, respectively. The initial −c−c geometry of the MD simulations is highlighted with a red circle. Conformers identified by TorsiFlex for the free system are marked with ‘x’. The lower plot illustrates the triene configuration relative to its dihedral angle values. The reactive −c−c and +c+c configuration are highlighted in blue and green, respectively. The D ring has been omitted (see Figure ).",https://cdn.ncbi.nlm.nih.gov/pmc/blobs/039c/12529775/7defdc47c8b5/ci3c02049_0005.jpg
PMC12529775,38598310,428451769612,fig6,"Energy distribution of PreD and TS conformers for both the free [f] and encapsulated [e] situations. Plot (a) corresponds to gas phase calculations, whereas plot (b) corresponds to SMD calculations. Black lines indicate NR configurations of reactants. Green and blue lines represent the energy of +c+c and −c−c reactants [PreD­(+), PreD(−)] and transition states [TS­(+) and TS(−)], respectively.",https://cdn.ncbi.nlm.nih.gov/pmc/blobs/039c/12529775/b840c29c4b48/ci3c02049_0006.jpg
PMC12529775,38598310,186767982372,fig7,"Contour plot illustrating the 2D-PES for the triene moiety of PreD, computed using the MPWB1K/6-31+G­(d,p) level of theory. The calculations were performed with the remaining proper torsions constrained to the values of the most stable conformer. Dihedral angles ϕ 1 and ϕ 2 are defined in Figure .",https://cdn.ncbi.nlm.nih.gov/pmc/blobs/039c/12529775/439313b3569e/ci3c02049_0007.jpg
PMC12529775,38598310,590812059311,fig8,"Contribution to the catalytic effect associated with the partition function of the PreD atoms, in bold blue, and its factorization by considering different intermediate reactions.",https://cdn.ncbi.nlm.nih.gov/pmc/blobs/039c/12529775/b287d3427253/ci3c02049_0008.jpg
PMC7617870,38996455,925291116215,fig1,"Model for spatial and temporal coordination between chaperones during assisted co-translational protein folding in bacteria (A) Short nascent chains emerging from the ribosome are excluded from chaperone binding. (B) Once a nascent chain > 100 residues emerges from the ribosome, Trigger Factor (TF) engages the nascent chain to protect it from misfolding and aggregation. (C) As protein synthesis continues, exemplified here for a two-domain protein (represented by one orange and one purple domain), the N-terminal domain is passed to DnaJ/DnaK, while the C-terminal domain is engaged by TF. (D) The N-terminal domain is then able to fold, and as protein synthesis continues, the C-terminal domain can be engaged by DnaJ/DnaK to assist folding. (E) The folded protein is released from the ribosome.",https://cdn.ncbi.nlm.nih.gov/pmc/blobs/519f/7617870/a4abac1e18bf/EMS206787-f001.jpg
PMC12260327,36779817,420069849517,fig1,"All‐atom simulations serpin folding and latency transition. Panel (A): Schematic representation of a typical folding pathway for A1AT serpin observed in bias functional (BF) simulation. The red‐dotted circle highlights the formation of the salt‐bridge that is affected by the Z‐ and S‐ mutation. Panel (B): Schematic representation of the spontaneous latency transition of plasminogen activator 1 (PAI‐1) serpin, displaying the existence of a meta‐stable pre‐latent intermediate. (C) The binding of Vitronectin to PAI‐1 slows the latency transition by allosterically rigidifying the reactive center loop (RCL) and gate mobility.",https://cdn.ncbi.nlm.nih.gov/pmc/blobs/87e0/12260327/2faecbf3d8a7/PROT-93-1299-g001.jpg
PMC12260327,36779817,236544971736,fig2,"Rationale of targeting folding intermediates pharmacologically. The image illustrates the rationale underlying the pharmacological protein inactivation by folding intermediate targeting (PPI‐FIT) paradigm. Polypeptides exiting the ribosomal channel start the folding process. Folding intermediates transiently appearing along this process could be targeted with small molecules binding to unique pockets on their surface. Such a binding event ultimately interferes with the protein folding process, prompting the quality control machinery of the cells to reroute the polypeptide to degradation pathways.",https://cdn.ncbi.nlm.nih.gov/pmc/blobs/87e0/12260327/d7e3bb402af1/PROT-93-1299-g002.jpg
PMC12406528,40919504,259689001695,graphical abstract,Image 1,https://cdn.ncbi.nlm.nih.gov/pmc/blobs/d08a/12406528/39dafa4aa203/ga1.jpg
PMC12406528,40919504,381971051644,fig1,Hydrogen-deuterium exchange (HDX) and local/global unfolding.,https://cdn.ncbi.nlm.nih.gov/pmc/blobs/d08a/12406528/822f19ca2a3b/gr1.jpg
PMC11725786,39739814,891950321970,fig1,"Identification of MALT1 as a modulator of GPX4 expression. ( A ) Kaplan–Meier survival curves indicating that high levels of GPX4 mRNA correlate with poor prognosis in patients with HCC from the TCGA cohort (n = 365). * P < 0.05. ( B ) Schematic overview of the flow cytometry-based pooled CRISPR screening to identify modulators of GPX4 expression. ( C and D ) Plot ( C ) and frequency histogram ( D ) depicting the log 2 -fold changes of selected regulators of GPX4 in the FACS-based genome-wide screening. Blue indicates negative regulators, while red indicates positive regulators of GPX4. ( E and F ) GPX4 mRNA and protein levels in MALT1-knockout and control PLC/PRF/5 and Hep3B cells, measured by qRT-PCR (mean ± SD, n = 3) ( E ) and western blot ( F ), respectively. ( G ) Western blot analysis of GPX4 protein levels in MALT1-knockout and control PLC/PRF/5 and Hep3B cells treated with or without MG132 (1 μM), a proteasome inhibitor. ( H ) Endogenous GPX4 ubiquitination levels in MALT1-knockout and control PLC/PRF/5 and Hep3B cells, detected by western blots. ( I ) Colony formation assays in MALT1-knockout and control PLC/PRF/5 and Hep3B cells, treated with RSL3 or ML210 at indicated concentrations for 10 to 14 d. ( J ) Quantification of CellTiter-Blue viability assays of MALT1-knockout and control PLC/PRF/5 and Hep3B cells exposed to RSL3 or ML210 (mean ± SD, n = 3). *** P < 0.001. ( K ) Correlation analysis of MALT1 and GPX4 protein expression in 13 liver cancer cell lines (excluding JHH1) from the CCLE dataset. ( L ) Representative immunohistochemical staining of GPX4 and MALT1 in liver cancer tissues. ( M ) Correlation analysis between MALT1 and GPX4 protein expression in liver cancer tissues (n = 75).",https://cdn.ncbi.nlm.nih.gov/pmc/blobs/a827/11725786/082d9288ee18/pnas.2419625121fig01.jpg
PMC11725786,39739814,326263350802,fig2,"MALT1 regulates GPX4 stability by cleaving the E3 ubiquitin ligase RC3H1. ( A ) Strategy used to identify candidate proteins mediating MALT1’s regulatory role on GPX4 protein stability. ( B ) Heatmap displaying differentially expressed candidate proteins with modulatory effects on GPX4 level between MALT1-knockout and control PLC/PRF/5 cells from quantitative proteomics data. ( C ) RC3H1 was the only E3 ubiquitin ligase differentially expressed between MALT1-knockout and control PLC/PRF/5 cells, while also identified as a modulator of GPX4 expression in FACS-based genome-wide screening. ( D ) RC3H1 protein levels in control and MALT1-knockout PLC/PRF/5 cells measured by western blot. ( E ) Cleavage reaction determined by western blot analysis of RC3H1 in MALT1-knockout PLC/PRF/5 cells. ( F ) Immunoprecipitation (IP) of Flag-tagged GPX4 from PLC/PRF/5 and SK-Hep1 cells, followed by western blot analysis of RC3H1 and Flag. ( G ) qRT-PCR analysis of RC3H1 mRNA levels in RC3H1-knockdown Huh7 and SK-Hep1 cells (mean ± SD, n = 3). ( H ) Western blot analysis of GPX4 protein levels in RC3H1-knockdown Huh7 and SK-Hep1 cells. ( I ) Detection of endogenous GPX4 ubiquitination levels in RC3H1-knockdown Huh7 and SK-Hep1 cells using western blot. ( J ) GPX4 expression levels assessed by western blot in PLC/PRF/5 cells transfected with GFP-tagged RC3H1 expression plasmids. ( K ) GPX4 ubiquitination levels detected in RC3H1-overexpressing PLC/PRF/5 cells. ( L ) Western blot analysis of GPX4 protein levels in RC3H1-knockdown PLC/PRF/5 cells treated with cycloheximide (CHX, 50 μg/mL), a protein synthesis inhibitor. ( M ) Endogenous GPX4 ubiquitination levels assessed in control and MALT1-knockout PLC/PRF/5 cells with or without RC3H1 additional knockdown, demonstrated by western blot analysis.",https://cdn.ncbi.nlm.nih.gov/pmc/blobs/a827/11725786/913ebcedf0b5/pnas.2419625121fig02.jpg
PMC11725786,39739814,588499288213,fig3,"Targeting MALT1 induces ferroptosis in liver cancer cells. ( A ) Schematic outline of the compound screening. Huh7 and SK-Hep1 cells were treated with a compound library containing FDA-approved drugs and bioactive targeted compounds (n = 2,103, 2 μM) in the presence or absence of the ferroptosis inhibitor ferrostatin-1 (250 nM) for 4 d in duplicate. Cell viability was assessed by CellTiter-Glo. ( B and C ) Three compounds (MI-2, EX 527, AI-10-49) identified as potential ferroptosis inducers in both Huh7 and SK-Hep1 cells, as evidenced by the rescue effects of ferrostatin-1 on cell viability (at least 1.5-fold increase in the group treated with a combination of the compound and ferrostatin-1 compared to the group treated with the compound alone). ( D ) Colony formation assays performed on liver cancer cell lines treated with increasing concentrations of MI-2, RSL3, or ML210, respectively. ( E ) Colony formation assays performed on indicated cell lines treated with MI-2 combined with ferrostatin-1, ZVAD-FMK, necrostatin-1, or 3-Methyladenine, respectively for 10 to 14 d. Ferrostatin-1, the ferroptosis inhibitor; ZVAD-FMK, the apoptosis inhibitor; necrostatin-1, the necroptosis inhibitor; 3-Methyladenine, the autophagy inhibitor. ( F ) Huh7 and SK-Hep1 cells were treated with MI-2 (2 μM) and C11-BODIPY (2 μM) oxidation was assessed by flow cytometry. ( G ) Ultrastructural analysis of MI-2-treated cells (Huh7 and SK-Hep1) using transmission electron microscopy. Red arrows indicate damaged mitochondria. ( H ) Tumor volumes of Huh7 tumor xenografts in BALB/c nude mice measured following vehicle or MI-2 (20 mg/kg) treatment for 12 d (mean ± SEM, n = 6). * P < 0.05. ( I ) Representative images of H&E, 4-HNE, Ki-67, and cleaved caspase-3 staining in Huh7 xenografts of mice treated with either vehicle or MI-2. Quantification of 4-HNE and Ki-67 staining from each group ( Right panels). ( J ) Schematic representation of the genome-wide CRISPR-Cas9 screening performed in SK-Hep1 cells. SK-Hep1 cells were infected with a lentiviral genome gRNA library and cultured for 45 d in the absence (untreated group) or presence of MI-2 (700 nM, treated group) in duplicate. gRNA barcodes of untreated or treated samples were recovered by PCR and analyzed by next-generation sequencing. ( K ) Depicting the relative abundance of the gRNA barcode sequences from the genome-wide resistance screens. ACSL4, LPCAT3, and AGPAT3 were identified as the candidates whose knockouts conferred resistance to MI-2 treatment. ( L ) Schematic of the PLOOH biosynthesis pathway. Genes identified from the CRISPR screen are marked in the indicated colors to highlight their contribution to ferroptosis.",https://cdn.ncbi.nlm.nih.gov/pmc/blobs/a827/11725786/40250edf8beb/pnas.2419625121fig03.jpg
PMC11725786,39739814,491095748631,fig4,"MALT1 inhibition facilitates ubiquitin-dependent degradation of GPX4 protein through RC3H1. ( A ) Quantitative proteomics analysis of SK-Hep1 cells treated with or without MI-2 (2 μM) for 4 d. The red arrow indicates the downregulation of GPX4 upon MI-2 treatment. ( B and C ) GPX4 mRNA and protein levels in Huh7, SK-Hep1, and PLC/PRF/5 cells treated with MI-2 for 24 to 48 h, assessed by qRT-PCR analyses (mean ± SD, n = 3) ( B ) and western blot ( C ). ( D ) Representative images of GPX4 immunostaining in formalin-fixed paraffin-embedded Huh7 xenografts from BALB/c nude mice treated with vehicle or MI-2 (20 mg/kg) for 12 d. ( E ) Western blot analysis of GPX4 protein levels in Huh7, SK-Hep1, and PLC/PRF/5 cells exposed to MG132 (1 μM), MI-2 (2 μM), or the combination of both for 24 to 48 h. ( F ) Western blot analysis of GPX4 protein levels in Huh7, SK-Hep1, and PLC/PRF/5 cells treated with cycloheximide (CHX, 50 μg/mL) in the presence or absence of MI-2 (2 μM). ( G ) GPX4 ubiquitination levels in SK-Hep1 cells treated with MI-2, measured by immunoprecipitation followed by western blot analysis. ( H and I ) RC3H1 protein and mRNA levels in PLC/PRF/5 cells treated with MI-2 (2 μM) for 3 d, measured by western blot ( H ) and qRT-PCR (mean ± SD, n = 3) ( I ), respectively. ( J ) Western blot analysis of GPX4 protein levels in control or RC3H1-knockdown PLC/PRF/5 cells treated with or without MI-2 (2 μM). ( K ) GPX4 ubiquitination determined by immunoprecipitation and western blot in RC3H1-knockdown PLC/PRF/5 cells treated with or without MI-2 (2 μM) in the presence of MG132 (1 μM).",https://cdn.ncbi.nlm.nih.gov/pmc/blobs/a827/11725786/c0336893a9a8/pnas.2419625121fig04.jpg
PMC11725786,39739814,620509562891,fig5,"Targeting MALT1 synergies with sorafenib in liver cancer cells. ( A ) Western blot analysis of GPX4 protein levels in three HCC cell lines (insensitive to ferroptosis induction: Hep3B, SNU449, and MHCC97H) treated with MI-2 for 3 to 4 d. ( B ) Quantification of CellTiter-Blue viability assays of Hep3B, SNU449, and MHCC97H cells exposed to MI-2 (1 to 2 μM), sorafenib (2.5 μM), ferrostatin-1 (250 nM), ZVAD-FMK (1.25 μM), or the indicated combination (mean ± SD, n = 3). ** P < 0.01, *** P < 0.001. ( C ) Ultrastructural analysis of Hep3B and SNU449 cells treated with MI-2, sorafenib, or the combination for 3 d, using transmission electron microscopy. Red arrows indicate damaged mitochondria. ( D ) Lipid ROS level assessed by C11-BODIPY fluorescence in the Hep3B, SNU449, and MHCC97H cells treated with sorafenib, MI-2, or the combination. ( E ) 15 N labeled L-cysteine was added to the cell culture medium. Cystine uptake ( 15 N cystine and 15 N GSH level) was assessed in Hep3B and SNU449 cells upon sorafenib (10 μM) treatment for 3 d (mean ± SD, n = 3). * P < 0.05, ** P < 0.01. ( F ) Representative images showing the response of patient-derived organoids (PDOs) to MI-2 (1 μM), sorafenib (2.5 μM), or the combination of both. (Scale bars, 200 μm.) Quantification of organoids ( Right panels). * P < 0.05, ** P < 0.01, *** P < 0.001. ( G ) Tumor volumes of MHCC97H xenografts in BALB/c nude mice following vehicle, MI-2 (20 mg/kg), sorafenib (30 mg/kg), or combination treatment for 14 d (mean ± SEM, n = 8). ** P < 0.01, *** P < 0.001. ( H ) Representative images of H&E, GPX4, and 4-HNE staining performed on formalin-fixed paraffin-embedded MHCC97H xenografts.",https://cdn.ncbi.nlm.nih.gov/pmc/blobs/a827/11725786/ef6432a67f94/pnas.2419625121fig05.jpg
PMC11815676,39742998,310168635520,fig1,"Reaction mechanism of nucleases. The mechanistic steps are (1) Deprotonation of the nucleophile, (2) Nucleophilic attack on the phosphodiester bond, (3) Protonation of the leaving group, and (4) Replenishment of the water molecule utilized in catalysis. A , two metal-ions, M A and M B , at the active site are coordinated by a conserved Asp residue. M A is involved in the activation of the nucleophile, whereas M B stabilizes the intermediate state and assists in the departure of the leaving group. B , in a single metal ion-containing nuclease, M B alone is retained. A general base (His in most cases) activates the nucleophile. C , in the case of metal ion-independent nucleases, the 2′OH group of the ribose sugar acts as a nucleophile. A conserved His residue deprotonates the 2′OH group and facilitates the nucleophilic attack on the phosphodiester bond.",https://cdn.ncbi.nlm.nih.gov/pmc/blobs/a831/11815676/18b182bdcd75/gr1.jpg
PMC11815676,39742998,243509216687,fig2,"An RT-FeDEx assay for checking the activity of RNase J2 and its active site mutants. A , as depicted in this schematic for the RT-FeDEx assay, the fluorescence increases upon incubation of the enzyme with the substrate. B , catalytic activity of the active site mutants of RNase J2. The RNase J2 E166A and H80A mutants are substantially inactivated, suggestive of their significant role in the catalytic mechanism. Across multiple enzyme preparations, we note that the RNase J2 H78A mutant had the highest nuclease activity. Statistical significance was calculated using an unpaired t test with Welch’s correction, and p values are depicted as ∗∗ p < 0.0037, and ns P > 0.28 (n = 4). C , effect of pH on the RNase J2 activity. RNase J2 activity is lowest at pH 5.5 whereas at pH 6.5 or higher the enzyme activity remains unaffected. Statistical significance was calculated using an unpaired t test, with Welch’s correction, and p values are depicted as ∗∗∗ p = 0.0005, ∗∗ p = 0.0028 (n = 4). D , in vivo effect of RNase J2 mutants on the hemolytic activity of S. aureus . The enhanced nuclease activity of RNase J2 H78A leads to a reduction in the zone of clearance indicating less hemolysis. This could be due to lower levels of rnaIII in S. aureus in the case of the RNase J2 H78A. The spot assay on the sheep blood agar plate shows a clear difference in the zone of clearance. ∗ p = 0.0148 (n = 5).",https://cdn.ncbi.nlm.nih.gov/pmc/blobs/a831/11815676/00334387c236/gr2.jpg
PMC11815676,39742998,859000120479,fig3,"Dynamic nature of H78 at the active site of RNase J2. A , superimposition of the RNase J2 mutant structures depicting various rotamer conformations adopted by H78. These crystal structures were determined at cryogenic temperature (Diffraction data and refinement statistics compiled in Table S4 ). B , ensemble models of wild-type RNase J2 fitted into electron density calculated using room-temperature X-ray diffraction data. The active site residues alone are shown, and the metal ion is represented as a sphere. The (2mF o -DF c ) electron density map is represented as a mesh at 0.9σ level. The ensemble models reveal a significantly higher rotamer sampling in the case of H78 when compared to the other active site residues.",https://cdn.ncbi.nlm.nih.gov/pmc/blobs/a831/11815676/adaa226bfd73/gr3.jpg
PMC11815676,39742998,927234254818,fig4,"Prediction of the Lewis base and acid based on the Highest Occupied Molecular Orbital (HOMO) and Lowest Unoccupied Molecular Orbital (LUMO). A , QM/MM minimization of the structure. The QM region of RNase J2 consists of residues at the active site and the bound Mn ion while the remaining part of the enzyme was considered as the MM region. HOMO and LUMO orbitals were derived from QM calculations using the density functional theory (B3LYP) method. B , the active site of RNase J2. C , highly localized HOMO orbitals around the potential Lewis base (H76, H144, and E166). D , highly localized LUMO orbitals at residues that could serve as a Lewis acid (H76, H78, H80, and E166). In this depiction, the red color represents negative density while green represents positive density. The maps were generated using gauss view ( 65 ) at an iso-value of 0.02 atomic unit.",https://cdn.ncbi.nlm.nih.gov/pmc/blobs/a831/11815676/1ae4b34be33b/gr4.jpg
PMC11815676,39742998,181551585688,fig5,"Domain re-orientation in RNase J2 upon the removal of the Mn ion at the active site of RNase J2. A , seventeen ensemble models could be fitted into the electron density map calculated using room temperature diffraction data. The mesh represents a (2mF o -DF c ) electron density map contoured at 0.9σ. B , the ensemble models of wild-type RNase J2 in the presence of Mn ion do not sample the altered inter-domain orientation seen in metal free RNase J2 mutants. C , superposition of wild-type RNase J2 with a representative metal ion-free RNase J2 E166A mutant ( red ). A 13 °tilt is observed in the mutant structures in the absence of the metal cofactor. The purple sphere represents the Mn ion at the active site of RNase J2.",https://cdn.ncbi.nlm.nih.gov/pmc/blobs/a831/11815676/cc439ba58721/gr5.jpg
PMC11815676,39742998,775708027989,fig6,"Active site architecture of the RNase J2 active site mutants. The dashed arrows represent the possible entry site of the substrate. A , RNase J H76A, ( B ) RNase J2 H78A, ( C ) RNase J2 H80A, ( D ) RNase J2 H144A, and ( E ) RNase J2 E166A. The (2mF o -DF c ) electron density map was contoured at one σ level. Red and purple spheres represent water and Mn ions, respectively. F , superposition of RNase J2 mutant crystal structures showing the position of conserved water molecules. Two conserved water molecules W1 and W2 at the vicinity of H80 and E166 residues could be modeled in these structures.",https://cdn.ncbi.nlm.nih.gov/pmc/blobs/a831/11815676/c709e800be45/gr6.jpg
PMC11815676,39742998,60618056721,fig7,"The reaction mechanism for RNase J2 is distinct from the one-metal and two-metal mechanisms . A , An Alpha fold3 model ( 36 ) of an oligonucleotide bound (5′ UUUUU 3′) RNase J2. The RNase J2 -substrate model suggests sites of interaction between the substrate and active site residues ( Figs. S10 and S11 ). The Mn ion is not involved in a direct interaction with the substrate. This model is consistent with the observations from the activity assays and crystal structures of the mutant RNase J2 enzymes. The critical determinants of the RNase J2 catalytic mechanism are H80, E166, and bound water at the active site. B , in the first step, E166 deprotonates the water molecule and facilitates the nucleophilic attack on the phosphodiester bond. C , the leaving group departs by abstracting a proton from the H80 residue. D , end product formation giving rise to 3′OH and a 5′ phosphate ends.",https://cdn.ncbi.nlm.nih.gov/pmc/blobs/a831/11815676/84614a563289/gr7.jpg
PMC11725872,39793047,966926208500,fig1,"Dodecameric TRAP from Alkalihalobacillus halodurans ( Aha ) exhibits strong nearest-neighbor (NN) cooperativity in Trp binding. ( A ) Crystal structure of the ligand-activated Aha TRAP 12-mer (PDB:3ZZL) shows 12 bound Trp ligands (spheres) located between adjacent protomers (cartoon). Adjacent Trp binding sites are separated by ~12 Å via a seven-strand β-sheet that connects the protomers. Inset : Loops BC and DE that enclose the Trp binding site of one protomer connect it to adjacent Trp binding sites. ( B ) Configurations and parameters of the nearest-neighbor (NN) statistical thermodynamic model applied to TRAP. Each ligand binding site can populate one of four possible energy states: a reference empty state (state 0), and states bound with no occupied neighbors (state N0), bound with a single occupied neighbor (state N1), or bound with two occupied neighbors (state N2). Statistical weights ω are assigned relative to the reference state 0, with S = K 0 [L], where K 0 = exp(-Δ G 0 / RT ) is the equilibrium association constant, [L] is the free ligand concentration and α = exp(-Δ G α / RT ) is the NN interaction term that relates the affinity of a site with an occupied neighbor to an isolated site ( α = K N1 / K N0 ). In the NN model, the interaction energy for binding between two occupied neighbors is just 2Δ G α , and the corresponding statistical weight is α 2 S . ( C ) ( Top ) The NN interaction term α defines thermodynamic coupling between adjacent Trp binding sites in Aha TRAP. ( Bottom ) Deconvolved native mass spectrum of a mixture of 60 µM Aha TRAP sites with 40 µM Trp; fitting a series of such spectra using the NN model revealed an interaction term α = 256, corresponding to nearest-neighbor interaction of −3.3 kcal/mol ( 16 ).",https://cdn.ncbi.nlm.nih.gov/pmc/blobs/c3ef/11725872/9eaa5f66d3a8/pnas.2409030121fig01.jpg
PMC11725872,39793047,636199673510,fig2,"Design of linked dTRAP to enable control over nearest-neighbor configurations. ( A ) Primary sequence of tandem Aha dTRAP-linked protomers. Secondary structural elements observed in the crystal of the wild-type protein, PDB ID 3ZZL are indicated schematically. The Gly-Ser linker is gray, residual C-terminal TEV-cleavage site is black. Thr49 and Thr52, mutated to Ala to disrupt Trp binding are indicated by “*”. ( B ) Hydrogen bonds between the sidechain hydroxyls of Thr49 and Thr52 and the Trp ligands, as observed in the crystal, PDB ID 3ZZL. ( C ) Rosetta model of dTRAP based on PDB ID 3ZZL. The 10-residue linker is predicted to be at the base of the TRAP ring and not interfere with Trp or RNA binding. Protomers colored as in A .",https://cdn.ncbi.nlm.nih.gov/pmc/blobs/c3ef/11725872/f1cad4f2ebc8/pnas.2409030121fig02.jpg
PMC11725872,39793047,19845938598,fig3,"Linked dTRAP retains native structure and cooperative ligand binding. ( A ) Comparative 2D 1 H- 15 N TROSY-HSQC NMR spectra of TRAP WT and linked dTRAP, recorded at 600 and 800 MHz, respectively, in the absence ( Left ) and presence ( Right ) of saturating Trp. The general similarity in peak positions indicates that introduction of the linker has a minimal impact on the structure of the oligomeric TRAP ring, and that Trp binding is minimally perturbed. ( B ) Wild-type (WT) and dTRAP exhibit similar apparent Trp binding affinities as monitored by CD at 228 nm and fit with a two-state model (6.5 ± 1.0 µM; 4.5 ± 1.4 µM, respectively). ( C ) Native mass spectra of dTRAP (1.7 µM) titrated with 0-48 µM Trp. Increased Trp concentration in each titration shifts the population from apo (Trp 0 , circle) to holo (Trp 12 , square). ( D ) Deconvolved zero-charge mass spectra over a range of Trp concentrations for TRAP ( Left ) and dTRAP ( Right ). The experimental spectra (color) are superimposed on simulated data (gray) derived from best-fit NN model parameters. In both spectra, the dominant populations comprise the apo-state (0 Trp) and the holo-state (12 Trp), indicating strong positive cooperativity. The best-fit NN interaction terms α = 256 and α = 123, correspond to RT ln α = 3.3 and 2.9 kcal/mol at 25 °C, respectively ( 16 ).",https://cdn.ncbi.nlm.nih.gov/pmc/blobs/c3ef/11725872/1479394cf6a9/pnas.2409030121fig03.jpg
PMC11725872,39793047,310985393881,fig4,"Eliminating the nearest-neighbor interaction disrupts cooperativity in dTRAP. ( A ) Comparative 2D 1 H- 15 N-correlated NMR spectra of WT-WT and WT-Mut dTRAP in the absence and presence of Trp. Top Left , WT-WT and WT-Mut adopt similar structures in the absence of Trp. Top Right , WT-WT in the absence and presence of Trp. Bottom Left , WT-Mut in the absence and presence of Trp; lack of perturbations reflects a binding defect. Bottom Right , WT-WT and WT-Mut in the presence of Trp contrasts with their similarity in the absence. ( B ) RNA filter-binding data as a function of protein concentration for dTRAP variants toward an idealized (GAGUU) 11 single-stranded leader RNA, in the presence of 1 mM Trp. The RNA binding affinities of WT, WT-WT, and WT-Mut were not distinguishable under these conditions of excess Trp (20 ± 5, 26 ± 5, 29 ± 9 nM, respectively), whereas the Mut-Mut variant did not bind RNA over the same range of TRAP concentrations. ( C ) ITC of Trp into dTRAP variants. The thermogram for WT-WT dTRAP is biphasic, indicative of cooperativity. Thermograms of dTRAP WT-Mut and Mut-Mut exhibit small and no enthalpy changes, respectively. ( D ) Deconvolved zero charge native MS spectra of Trp-dTRAP titrations (at 12 µM sites) reveal strong positive cooperative binding for WT-WT dTRAP ( Left ) (high abundance in both apo- and holo-state), whereas dTRAP WT-Mut cannot be saturated at > 10-fold stoichiometric excess under these conditions ( Right ).",https://cdn.ncbi.nlm.nih.gov/pmc/blobs/c3ef/11725872/e764f6a3a2fb/pnas.2409030121fig04.jpg
PMC11725872,39793047,296885523341,fig5,"Cryo-EM of dTRAP and WT-Mut dTRAP reveal ligand-dependent ordering. Electron potential maps from single-particle reconstruction of cryo-EM images from Trp-free apo-dTRAP (EMD-44472), Trp-loaded holo WT-Mut (EMD-44473), and Trp-loaded holo dTRAP (EMD-44468) colored by local resolution, from 3 to 7 Å using a rainbow heatmap. Top , axial view of the density maps; Bottom , side view. Left , apo-dTRAP, average resolution 4.2 Å, exhibits lowest resolution on the top and edges of the ring. Right , Trp-bound dTRAP, average resolution 3.6 Å, exhibits near-atomic resolution maps across the toroidal structure. Middle , Trp-bound WT-Mut dTRAP, average resolution 4.1Å, exhibits intermediate resolution. Map contour levels for apo WT, holo WT-Mut, and holo WT were set in ChimeraX ( www.cgl.ucsf.edu/chimerax ) to 0.135, 0.11, and 0.184, respectively. Maps have been deposited to the EMBD, accession numbers 44468, 44472, and 44473.",https://cdn.ncbi.nlm.nih.gov/pmc/blobs/c3ef/11725872/fea6e06ead21/pnas.2409030121fig05.jpg
PMC11725872,39793047,562481387486,fig6,"Ligand-dependent density in dTRAP-linked protomer maps reveal loop stabilization. Left : Views of apo dTRAP ( A ), holo WT-Mut ( B ), and holo dTRAP ( C ) maps of a linked protomer colored by local resolution. Middle : models of dTRAP variants fitted into the maps. The two linked protomers are colored differently. Right : Close-up views of the BC and DE loops. Density corresponding to the BC and DE loops is mostly missing in apo dTRAP, partially discernable for the DE loops in Trp-bound WT-mutant, and much better defined in holo dTRAP. Alternating Trp-bound WT and Trp-free Mut sites have discernably different densities in WT-Mut dTRAP ( B ). Models have been deposited in the PDB, accession 9be7, 9be8, and 9bds, respectively.",https://cdn.ncbi.nlm.nih.gov/pmc/blobs/c3ef/11725872/6c901db17233/pnas.2409030121fig06.jpg
PMC11725872,39793047,239277728316,fig7,"Cooperativity through population shifts induced by nearest-neighbor binding in TRAP. x -axis, idealized one-dimensional conformational coordinate; y -axis, free energy; lower energy conformations (states) are more populated. In the absence of Trp (0 0 0, Top ), the BC and DE loops sample a wide range of isoenergetic conformations, most of which do not favor Trp binding. The conformational landscape of a Trp-bound site (0 1 0, Bottom ) is narrow and deep, populating conformations corresponding to the Trp-bound state. Binding of a ligand to a neighbor (0 0 1) alters the free energy landscape of a site, favoring the bound state, but also populating other states, such as those that allow binding. Next-nearest-neighbor binding (0 0 01, dashed line) may also result in a population shift, exerting a smaller magnitude cooperative effect. Free energy curves are offset for clarity.",https://cdn.ncbi.nlm.nih.gov/pmc/blobs/c3ef/11725872/5ae440e0d6d7/pnas.2409030121fig07.jpg
PMC11720212,39795995,829750214712,fig1,"The predicted structures of R31 ( A ) and R31-G176K ( B ) generated using AlphaFold2. In these models, the RBP domain is shown in orange and the albumin domains IIIA and IB are depicted in cyan and magenta, respectively. The region linking the RBP and IIIA domains is marked with a black circle ( A ). Specific residues are highlighted as follows: C70 and C174 in blue, P182 in black, and 176 in red.",https://cdn.ncbi.nlm.nih.gov/pmc/blobs/0ac2/11720212/b90a58a78774/ijms-26-00137-g001.jpg
PMC11720212,39795995,438822216937,fig2,"The AlphaFold2-predicted structure of the wild-type residue G176 ( A ) and the mutant K176 residue ( B ), with interaction analysis conducted using the Schrödinger Suite Release 2024-2. In these structures, G176K is highlighted in green, interacting residues in yellow, and surrounding residues in light blue. In both panels, oxygen and nitrogen atoms are marked in red and blue, respectively. Polar interactions are represented by red dashed lines.",https://cdn.ncbi.nlm.nih.gov/pmc/blobs/0ac2/11720212/de56d04e6196/ijms-26-00137-g002.jpg
PMC11720212,39795995,727244280736,fig3,Expression level of the fusion proteins R31 and R31-G176K in Expi293 cells. Expi293 cells were transiently transfected with a plasmid encoding the fusion protein R31 and R31-G176K. The culture supernatant was analyzed by SDS-PAGE with 10 mM DTT and then subjected to Western blotting using an anti-His tag antibody. M denotes the molecular weight marker.,https://cdn.ncbi.nlm.nih.gov/pmc/blobs/0ac2/11720212/5626eed4f22c/ijms-26-00137-g003.jpg
PMC11720212,39795995,615239656138,fig4,"The predicted structure of R31 generated using AlphaFold2. In this model, the RBP domain is shown in orange and the albumin domains IIIA and IB are depicted in cyan and magenta, respectively. The native C235/C246 bond and N227C/V254C are colored in red and blue, respectively. Specific residues V231 and Y250 are highlighted in yellow.",https://cdn.ncbi.nlm.nih.gov/pmc/blobs/0ac2/11720212/b72cfd639844/ijms-26-00137-g004.jpg
PMC11720212,39795995,90208979578,fig5,"Comparison of expression levels of R31 variants in Expi293 cells. ( A ) Expi293 cells were transiently transfected with a plasmid encoding the fusion proteins R31, R31-G176K, R31-V231C/Y250C, and R31-G176K-V231C/Y250C. The culture supernatant was analyzed by SDS-PAGE with 10 mM DTT and then subjected to Western blotting using an anti-His tag antibody. M denotes the molecular weight marker. ( B ) Western blot results were quantified using ImageJ (version 1.53m). The quantitative densitometric data represent the means ± SD from two independent experiments.",https://cdn.ncbi.nlm.nih.gov/pmc/blobs/0ac2/11720212/1ef8dc876e51/ijms-26-00137-g005.jpg
PMC11720212,39795995,246744402207,fig6,"Expression and purification of R31 variants in Expi293 cells. Expi293 cells were transiently transfected with a plasmid encoding the fusion proteins R31, R31-G176K, R31-V231C/Y250C, and R31-G176K-V231C/Y250C. The resulting fusion proteins were purified using Ni Sepharose, followed by size exclusion chromatography. ( A ) SDS-PAGE analysis of the purified proteins, with (+) and without (-) 10 mM DTT, shown in the panel. M denotes the molecular weight marker. ( B ) The size exclusion chromatography profiles of the purified proteins.",https://cdn.ncbi.nlm.nih.gov/pmc/blobs/0ac2/11720212/a38481975479/ijms-26-00137-g006.jpg
PMC11720212,39795995,125613062925,fig7,"Protein thermal shift (PTS) assay results for R31 variants, R31 ( A ), R31-G176K ( B ), R31-V231C/Y250C ( C ), and R31-G176K-V231C/Y250C ( D ), in PBS (pH 7.4). The melting temperature (Tm) for each variant is as follows: R31 (74.06 °C), R31-G176K (74.15 °C), R31-V231C/Y250C (76.24 °C), and R31-G176K-V231C/Y250C (76.10 °C). The different shades of blue represent the results from three independent experimental replicates, while the blue line indicates the graph derived from the averaged values. The central dotted line represents the calculated thermostability temperature.",https://cdn.ncbi.nlm.nih.gov/pmc/blobs/0ac2/11720212/b884ca069b89/ijms-26-00137-g007.jpg
PMC11720212,39795995,994969654680,fig8,"Anti-fibrotic effects of fusion proteins on hepatic stellate cells (HSCs). HSCs after passage 1 were treated with purified fusion proteins (0.75 μM), R31 (black), R31-G176K (hatched), R31-V231C/Y250C (light grey), or R31-G176K-V231C/Y250C (dark gray), for 16 h. The expression levels of alpha-smooth muscle actin (α-SMA) ( A ) and collagen type I ( B ) were assessed using real-time PCR. Statistical significance was determined by paired t -test (n = 3), and values are indicated as significant at * p < 0.05 or ** p < 0.01 compared to the untreated control cells.",https://cdn.ncbi.nlm.nih.gov/pmc/blobs/0ac2/11720212/a5c458a8bfd0/ijms-26-00137-g008.jpg
PMC11720212,39795995,574405777386,fig9,"Fusion proteins induced phenotypic changes in hepatic stellate cells (HSCs). HSCs after passage 1 were treated with purified fusion proteins (0.75 μM), R31, R31-G176K, R31-V231C/Y250C, or R31-G176K-V231C/Y250C, for 16 h. Morphological changes were then assessed using a light microscope. Scale bar = 30 μm.",https://cdn.ncbi.nlm.nih.gov/pmc/blobs/0ac2/11720212/4371c2f6bad4/ijms-26-00137-g009.jpg
PMC11685842,39744096,447822206339,fig1,"Fundamental concepts used in deep learning‐based protein understanding and engineering tasks. (A) The central dogma of protein engineering describes the relationship between protein sequence, structure, and function, the three key elements defining a protein. Prediction tasks have been formulated among these three modalities. (B) There are three steps in deep learning‐assisted protein engineering tasks, including numerical characterization of proteins for trainable data preparation, model pre‐training for hidden representation extraction, and downstream task prediction for specific applications. (C) There are different types of input data and selection of deep learning frameworks, which are determined by the inductive bias of the learning task. When amino acid sequences are considered sufficient for predicting the output label, sequences of tokens are sent to protein language models. Alternatively, when structures are accessible and important to the inference target, they are processed into geometric deep‐learning models, such as equivariant GNNs and 3D CNNs.",https://cdn.ncbi.nlm.nih.gov/pmc/blobs/1fc2/11685842/46b27818e3b0/MLF2-3-477-g001.jpg
PMC11685842,39744096,507358129059,fig2,"Three types of protein language models that extract vector representations from amino acid sequences. (A) Encoder‐only models take the MLM framework, whose pre‐training task is to recover the randomly masked tokens (amino acids). The obtained residue‐level vector representation can be used for downstream label prediction tasks. (B) Decoder‐only models iteratively recover the i + 1 th amino acid based on the first i amino acids. The pre‐trained models usually perform generative tasks. (C) Encoder‐decoder models find expressive embedding for amino acid sequences by training the model to reconstruct the extracted sequences. The embedding can be used for both representation learning and sequence generation.",https://cdn.ncbi.nlm.nih.gov/pmc/blobs/1fc2/11685842/e3f366d02616/MLF2-3-477-g003.jpg
PMC11685842,39744096,668659816097,fig3,"A depiction of structure‐based models for protein embedding. (A) Neural message passing for graph input. The (permutation) invariant GNN layers analyze the connection of entities, while the (rotation) equivariant GNN layers update node representation with their 3D coordinates in the Euclidean space. Both graph convolutional layers summarize residue‐level hidden representations. (B) Convolutional neural networks. When the input protein is presented in grids, 2D CNNs propagate pixel representations by convoluting the neighboring pixels of a certain receptive field, similar to 2D images. For 3D objects such as voxels, point clouds, or mesh, the convolutional layers generalize to a higher dimension (3D) with similar operations. The output hidden representation, from both GNNs and CNNs, can be provided at either the residue level or the protein level (with pooling layers), depending on the demand of downstream tasks.",https://cdn.ncbi.nlm.nih.gov/pmc/blobs/1fc2/11685842/b6cdb6baf1bd/MLF2-3-477-g002.jpg
PMC11685841,39744090,767207641767,fig1,Flowchart of the strategy for combining stable mutations based on a pre‐trained model. The overall process includes four steps: (1) initial data collection; (2) fine‐tuning of the protein language model; (3) prediction of all mutants in the combined sequence space; and (4) validation of the selected mutants. The red dashed line shows the second round of model fine‐tuning via additional data from mutants predicted in the first round.,https://cdn.ncbi.nlm.nih.gov/pmc/blobs/e27b/11685841/6b5618a886db/MLF2-3-492-g004.jpg
PMC11685841,39744090,324424590657,fig2,"Thermostability and relative activity data for the designed mutants. Yellow circles show the relative activity. Blue bars show thermostability data for some mutants in the initial data set. Cyan and orange bars show thermostability data for all mutants in the first‐ and second‐round prediction, respectively. Relative activity is quantified by comparing the activity of the mutants to that of the wild‐type by using a coupled enzymatic assay system. Thermostability is quantified using the differential scanning fluorimetry (DSF) method, which allows for high‐throughput measurement of the T m of mutants.",https://cdn.ncbi.nlm.nih.gov/pmc/blobs/e27b/11685841/106c2b75a2d6/MLF2-3-492-g005.jpg
PMC11685841,39744090,548732978848,fig3,"Thermodynamic and kinetic stability of WT and 13M4. Thermodynamic stability parameters include T m and enthalpy change (Δ H ). The T m values for both wild‐type (WT) and 13M4 were quantified by DSF (A), CD spectra (B), and DSC (C). In addition, Δ H could be calculated from the results of DSC (C). The dashed lines correspond to the T m of creatinase. Kinetic stability parameters include T 50 15 and t 1/2 . T 50 15 was derived from the results of the thermal inactivation curves of WT and 13M4 (D), as indicated by the dashed lines. The t 1/2 was calculated from the thermal inactivation curve of WT (E) and 13M4 (F) under heat treatment at 58°C. CD, circular dichroism; DSC, differential scanning calorimetry; f u , unfolding fraction; k , the observed first‐order deactivation rate constant.",https://cdn.ncbi.nlm.nih.gov/pmc/blobs/e27b/11685841/c43d329f9459/MLF2-3-492-g001.jpg
PMC11685841,39744090,81415257621,fig4,"Results of the molecular dynamics simulation before and after mutation. Root mean square fluctuation (RMSF) (A), number of random coils (B), solvent‐accessible surface area (SASA) (C), and radius of gyration (Rg) (D) of WT and 13M4 were obtained from molecular dynamics simulations.",https://cdn.ncbi.nlm.nih.gov/pmc/blobs/e27b/11685841/d8053db23e3f/MLF2-3-492-g002.jpg
PMC11685841,39744090,712920367282,fig5,"Structural comparisons between WT and 13M4 near the mutations. (A–D) The inter‐residue interactions around the mutations: L6P, D17V, F108Y/Y109F/R113Q, and V174I/T199S/I204V, respectively. The mutated amino acids are shown in orange. Residues involved in hydrogen bonding, salt bridges, and van der Waals interactions are shown in green, purple, and gray, respectively. Hydrogen bonds and salt bridges are shown with green and purple dashed lines. Molecular dynamics simulations were used to calculate the number of hydrogen bonds (E), salt bridges (F), and van der Waals force energy (G) of the creatinase before and after the mutation.",https://cdn.ncbi.nlm.nih.gov/pmc/blobs/e27b/11685841/739050999670/MLF2-3-492-g003.jpg
PMC11685841,39744090,231749963442,fig6,"Analysis of epistatic effects between mutations. (A, B) Epistatic effects of K351E (A) and D17V/I149V (B) in T m values. Blue indicates a negative effect and orange indicates a positive effect. The mutants analyzed include 5‐M1 (L6P/D17V/F108Y/V174I/T199S), 7‐M3 (L6P/D17V/F108Y/I149V/V174I/T199S/T251C), and 8‐M4 (L6P/D17V/F108Y/I149V/V174I/T199S/I204V/T251C). (C) Dynamics cross‐correlation matrix map for C α atom pairs within monomers of creatinase WT and stable variants. The correlation coefficient ( C ij ) is depicted in various colors. Mutated sites are delineated with red arrows, and regions of significant kinetic correlation around mutations are highlighted in red boxes. (D) Variant structures colored by normalized RMSF change when compared to WT. The residues within a 5 Å radius around the mutation site (or associated region) are depicted on the surface.",https://cdn.ncbi.nlm.nih.gov/pmc/blobs/e27b/11685841/de07a63d699e/MLF2-3-492-g006.jpg
PMC11791315,39725033,177028415430,fig1,"A SSA analog increases SF3B1 thermostability in nuclear extract. A , SF3B1 interactions and conformation differ significantly between cryo-EM models of 17S U2 snRNP (6Y50), SSA-inhibited spliceosome (7ONB), and A-complex spliceosome (6G9O). B , the chemical structure of SSA-917, which lacks the C1 methyl and O-methyl groups of SSA (shown in gray ), next to representative Western blot probed with anti-SF3B1 and anti-HDAC1. Gels were loaded with the soluble fraction of HeLa nuclear extract first incubated with 5 μM SSA-917 or carrier DMSO and then exposed to the indicated temperature. Anti-HDAC1 signal serves as a loading control. C , relative anti-SF3B1 band intensity vs temperature of heat treatment for replicate samples with replicate blots. The data are fit to a non-linear regression model to derive T m values (∗complete confidence interval could not be determined). D , the left graph shows relative anti-SF3B1 dot blot signal vs. triplicate samples of serially diluted nuclear extract fit to linear regression. The right graph shows the distribution of the anti-SF3B1 signal for identical samples loaded on a single dot blot (n = 45) relative to the average signal with the associated coefficient of variance. E , relative anti-SF3B1 dot blot signal of the same replicate samples shown in ( B ) vs temperature of heat treatment. Data from triplicate dot blot measurements are fit to a non-linear regression model to derive T m values, which were compared using the extra sum-of-squares F-test to determine significance. A portion of the dot blot is shown to the right . SSA, spliceostatin A.",https://cdn.ncbi.nlm.nih.gov/pmc/blobs/ef4f/11791315/cc0e8f8c5d88/gr1.jpg
PMC11791315,39725033,671865599803,fig2,"SSA overcomes extract intrinsic factors affecting SF3B1 thermostability . A and B , relative anti-SF3B1 dot blot signal for the soluble fraction of different nuclear extract preparation (NE-2 and NE-3) prepared and analyzed the same as described for Figure 1 E . For NE-3 treated with 5 μM SSA-917, a T m value could not be determined from the curve fit. One sample replicate from the correlating dot blot is shown below the graph. C , comparison of relative anti-SF3B1 dot intensities for soluble fractions of different nuclear extract preparations treated with DMSO or 5 μM SSA-917 and incubated at the indicated temperatures. SSA, spliceostatin A.",https://cdn.ncbi.nlm.nih.gov/pmc/blobs/ef4f/11791315/a7e453f394ee/gr2.jpg
PMC11791315,39725033,757996465465,fig3,"The concentration of nuclear extract does not account for differential thermostability of SF3B1. A , relative anti-SF3B1 dot blot signal for the soluble fraction of dilutions of NE-1 and NE-3 prepared and analyzed the same as described in Figure 1 E . B , comparison of UV absorbance and T m values for the extract dilutions tested. C , comparison of SF3B1 thermostability among extracts with robust or poor splicing activity.",https://cdn.ncbi.nlm.nih.gov/pmc/blobs/ef4f/11791315/45809ae55983/gr3.jpg
PMC11791315,39725033,265147018,fig4,"SF3B1 thermostability is affected by structurally distinct inhibitors and an inactive antagonist. A , the chemical structures of pladienolide B (PB) and herboxidiene (HB). The conversion of HB’s C1 carboxyl to carboxymethyl yields the inactive antagonist iHB. B , representative dot blot showing anti-SF3B1 signal for the soluble fraction of NE-3 treated with 5 μM PB, 5 μM HB or 100 μM iHB and then heated at different temperatures. C , comparison of relative anti-SF3B1 dot intensities for soluble fractions of different nuclear extract preparations incubated with same concentration of the indicated compound as in B and then heated to 40, 50 or 54 °C. For NE-2, only PB treatment produced a significant increase in the amount of soluble SF3B1 at 54 °C ( p = 0.0004).",https://cdn.ncbi.nlm.nih.gov/pmc/blobs/ef4f/11791315/945514459520/gr4.jpg
PMC11791315,39725033,196413430149,fig5,"The synthetic covalent ligand WX-02 - 23 interferes also affects SF3B1 thermostability and interferes with spliceosome assembly after intron engagement. A , chemical structures of WX-02-23, which covalently binds to SF3B1, and the inactive enantiomer WX-02-43. B , comparison of relative anti-SF3B1 dot intensities for soluble fractions of different nuclear extract preparations treated with 200 μM WX-02-23, 200 μM inactive enantiomer WX-02 -23, or 2 μM SSA-917 and heated to the indicated temperatures. For NE-2, only SSA-917 treatment produced a significant increase in the amount of soluble SF3B1 at 50 and 54 °C. C , Left : Representative denaturing gel image of radiolabeled RNA isolated after in vitro splicing reactions with increasing WX-02-23 or WX-02-43 concentrations (0.2–200 μM), DMSO or 2 μM SSA-917 as a control for full inhibition. RNA band identities illustrated to the left are (from the top ) lariat intron intermediate, pre-mRNA substrate, spliced mRNA, lariat intron, and 5′ exon intermediate. Right : Splicing efficiency normalized to DMSO control vs. WX-02-23 ( orange ) or WX-02-43 ( brown ) concentration is determined by the intensity of the mRNA band relative to combined intensity of all RNA species. The WX-02-23 data fit to a non-linear regression model in orange yields an IC 50 value of 5.2 μM (90% CI: 3.1–8.6). D , native gel analysis of in vitro spliceosome assembly with a radiolabeled RNA substrate at the indicated time points in the presence of 200 μM WX-02-23, 200 μM WX-02-43, DMSO or 2 μM SSA analog. Labels at the left show the position of spliceosome complex bands as assembly proceeds from E/H - > A - > B - > C. Both WX-02-23 and the SSA-analog halt assembly with an accumulation of an A-like complex between U2 snRNP and the RNA. In all assays, the inactive enantiomer WX-02-43 has no effect. SSA, spliceostatin A.",https://cdn.ncbi.nlm.nih.gov/pmc/blobs/ef4f/11791315/0a06304bfc29/gr5.jpg
PMC11791315,39725033,613135426766,fig6,"SF3B1 inhibitors have no detected impact on the thermostability of DDX42. A , Western analysis of two nuclear extract preparations treated with SSA-917 (S) or DMSO (D) as described in Figure 1 B . Blots were probed with anti-DDX42 and anti-SF3B4 as a loading control. B , as described in ( A ), except using WX-02-23 (WX2) WX-02-43 (WX4) and anti-HDAC1 as an attempted loading control. C , similarity between the DDX42 antigen and a region of SF3B1 that may explain the ∼155 kD non-specific band identified by the DDX42 antibody that exhibits differential thermostability with the inhibitors. SSA, spliceostatin A.",https://cdn.ncbi.nlm.nih.gov/pmc/blobs/ef4f/11791315/49015823abf5/gr6.jpg
PMC11720324,39795912,721689532784,fig1,"A new framework for the relationship between protein folding and aggregation: Its implications for aggregation-associated issues. This framework redefines the relationship between protein folding and aggregation, distinguishing them as independent yet interconnected processes, in contrast to the conventional paradigm that treats aggregation primarily as a consequence of protein folding and misfolding. Through this framework, the fundamental issues at the interface between protein folding and aggregation are reevaluated.",https://cdn.ncbi.nlm.nih.gov/pmc/blobs/7a04/11720324/4aa639f1a95a/ijms-26-00053-g001.jpg
PMC11720324,39795912,360342504426,fig2,"Independence between protein folding and aggregation. Intramolecular and intermolecular rate constants are mutually independent, shaping independent free energy landscapes for protein folding and aggregation, respectively. Consequently, intrinsic and extrinsic factors influence these landscapes independently. Despite their independence, both landscapes are interconnected through shared aggregation monomers, which can exist in various structural states, including folded, unfolded, misfolded, or intermediate forms. Of note, the free energy landscapes depicted in Figures 2–11 are oversimplified; the relative ground state energy levels and the heights of kinetic barriers are conceptual representations, not quantitative measurements.",https://cdn.ncbi.nlm.nih.gov/pmc/blobs/7a04/11720324/8801a9dfd81d/ijms-26-00053-g002.jpg
PMC11720324,39795912,992646758756,fig3,"Distinguishing misfolding, unfolding, and aggregation. Misfolding occurs when proteins adopt non-native structures that become kinetically trapped near their native states. Unfolding, in contrast, involves a transition to higher-energy unfolded structures that are not kinetically trapped at the intramolecular level, with conversions between these ensembles occurring rapidly. Aberrant aggregation, distinct from intramolecular misfolding and unfolding, represents the intermolecular assembly of various non-native forms, not necessarily limited to misfolded structures.",https://cdn.ncbi.nlm.nih.gov/pmc/blobs/7a04/11720324/9cf0ce873f02/ijms-26-00053-g003.jpg
PMC11720324,39795912,260116592722,fig4,"Relationship between Anfinsen’s thermodynamic hypothesis and aggregation. Anfinsen’s thermodynamic hypothesis only applies to the intramolecular conformational changes and protein folding thermodynamics (Δ G D − N 0 ) between folded (N) and denatured (D) states. The intermolecular aggregation thermodynamics (Δ G A − D 0 ) specifically relates to the transition from shared aggregation monomers (D), serving as the main reactants, to their resultant aggregates (A). The standard Gibbs energies (Δ G D − N 0 ) for protein unfolding and (Δ G A − D 0 ) for aggregation, determined by their respective rate (or equilibrium) constants under standard conditions, are independent. Δ G A − N 0 between folded to aggregated states can be indirectly obtained by combining Δ G D − N 0 and Δ G A − D 0 .",https://cdn.ncbi.nlm.nih.gov/pmc/blobs/7a04/11720324/fa8e24f6bc23/ijms-26-00053-g004.jpg
PMC11720324,39795912,530236097246,fig5,"( A ) Independence between direct and indirect protein folding assistance by molecular chaperones. Molecular chaperones function as folding catalysts, directly assisting protein folding. They also provide indirect assistance by preventing off-pathway aggregation, thus channeling protein flux towards productive folding pathways, as indicated by the black arrow. Both direct and indirect assistance are independent actions of molecular chaperones. ( B ) Independent effects of GroEL/ES chamber on protein folding and aggregation. The GroEL/ES chamber, known as the Anfinsen cage, completely prevents aggregation while independently affecting protein folding in it. Detailed explanation is available in the text.",https://cdn.ncbi.nlm.nih.gov/pmc/blobs/7a04/11720324/3feff3bfa1b8/ijms-26-00053-g005.jpg
PMC11720324,39795912,567858488412,fig6,"Independent effects of macromolecular tethering on protein folding and aggregation. Macromolecular tethering is a fundamental aspect of de novo protein folding; newly synthesized polypeptides are tightly tethered to ribosomes (representing the whole proteome), lipid bilayers (30% of the proteome), or other domains in multidomain proteins (80% of the proteome). The new framework suggests that macromolecular tethering independently affects intramolecular protein folding (blue arrows) and intermolecular aggregation (red arrows).",https://cdn.ncbi.nlm.nih.gov/pmc/blobs/7a04/11720324/5e8bcefd4b9e/ijms-26-00053-g006.jpg
PMC11720324,39795912,513997556273,fig7,"Independent effects of artificial chaperone on protein folding and aggregation. The artificial chaperone (RS-mTEV) enhances productive refolding yield in the presence of aggregation (panels A , B ) but exhibits no chaperone activity in the absence of aggregation (panel C ). Its chaperone activity is specifically inhibited by the substrate recognition peptide (L) but not by a non-competing peptide [L(m)] (panel D ). RS-mTEV was engineered by linking a mutant TEV protease domain, capable of binding a specific 7-residue recognition sequence (L), to the C-terminus of E. coli LysRS. The client protein EGFP-HBx-L consists of enhanced green fluorescent protein (EGFP), hepatitis B virus x protein (HBx), and the recognition sequence (L). This figure is adapted from Ref. [ 159 ].",https://cdn.ncbi.nlm.nih.gov/pmc/blobs/7a04/11720324/6f2acbd1e0f0/ijms-26-00053-g007.jpg
PMC11720324,39795912,97970377895,fig8,"Understanding protein solubility maintenance against aggregation as anti-structural formation. This figure contrasts the traditional protein science approach, which focuses on structural formation through attractive interactions, with material science’s approach, which emphasizes anti-structural formation driven by intermolecular repulsive forces to maintain protein solubility. Protein solubility is maintained when the aggregation-destabilizing forces and factors energetically dominate over the aggregation-stabilizing attractive forces and factors.",https://cdn.ncbi.nlm.nih.gov/pmc/blobs/7a04/11720324/32c378720b7e/ijms-26-00053-g008.jpg
PMC11720324,39795912,484763462555,fig9,"Intermolecular repulsive force-driven aggregation inhibition. Cellular macromolecules (green spheres) exhibit large excluded volumes and numerous surface charges, generating intermolecular repulsions (red arrows) against the aggregation of their physically connected polypeptides (orange speres). This figure is adapted from Ref. [ 3 ].",https://cdn.ncbi.nlm.nih.gov/pmc/blobs/7a04/11720324/24a82220c7a6/ijms-26-00053-g009.jpg
PMC11720324,39795912,60822187883,fig10,"Thermodynamic stabilization of monomers against aggregation. ( A ) Routes for decreasing effective concentration of shared aggregation monomers. The effective concentration of aggregation monomers is reduced by the physical linkage with molecular chaperones (M), macromolecular tethering (MT), and native interactors (I). ( B ) Thermodynamic destabilization of aggregates by macromolecular tethering. The cellular macromolecules (green) destabilize the self-aggregates of tethered polypeptides, increasing the ground energy levels of aggregates without affecting the folding processes of tethered polypeptides.",https://cdn.ncbi.nlm.nih.gov/pmc/blobs/7a04/11720324/f32cacdcf437/ijms-26-00053-g010.jpg
PMC11720324,39795912,94644711030,fig11,"Therapeutic interventions for proteinopathies harnessing cellular macromolecules. ( A ) Cellular macromolecules as drug targets. All cellular macromolecules that are physically connected to pathogenic peptides (red) could be drug targets due to their intrinsic chaperone-like activities. ( B ) Native interactors as ideal drug targets. Native interactors play a crucial role in protein folding and stability of their cognate polypeptides while they exhibit intrinsic chaperone-like activities against aggregation. In particular, IDPs and IDRs undergo folding upon binding to their native interactors that independently exert chaperone-like activities against aggregation, suggesting that these native interactors could be ideal drug targets.",https://cdn.ncbi.nlm.nih.gov/pmc/blobs/7a04/11720324/504c6333de2f/ijms-26-00053-g011.jpg
PMC11685837,39744088,693323863415,fig1,General workflow of the GReedy Accumulated strategy for Protein Engineering (GRAPE)‐WEB server. (A) Input from user. (B) Single‐mutation design. (C) Greedy accumulation.,https://cdn.ncbi.nlm.nih.gov/pmc/blobs/bcfa/11685837/ab0aa5c2b6fd/MLF2-3-527-g001.jpg
PMC11677154,39770093,379421848851,fig2,Sequence alignment by ESPript [ 21 ] of Lecsl 1 (LE01Gene01404) and Lecsl 2 (LE01Gene02830) in L. edodes with Egt2 in fungi.,https://cdn.ncbi.nlm.nih.gov/pmc/blobs/e51a/11677154/d7919ae68b51/molecules-29-06005-g002.jpg
PMC11677154,39770093,787429440065,fig1,( A ): Synthesis path of lenthionine [ 3 ]; ( B ): EGT synthesis pathways of fungi and bacteria [ 14 ].,https://cdn.ncbi.nlm.nih.gov/pmc/blobs/e51a/11677154/35a712e3a631/molecules-29-06005-g001.jpg
PMC11677154,39770093,164943077040,fig3,"( A ): Protein SDS-PAGE gel plot, sample wells from left to right are as follows: purified Lecsl 1 protein, concentrated Lecsl 1 protein, protein marker, band size from top to bottom: 116, 66.2, 45, 35, 25, 18.4, 14.4 KDa, concentrated Egt1 protein, purified Egt1 protein; ( B ): Mass spectrometry of Her-sul; ( C ): Recombinant Lecsl 2 protein SDS-PAGE, 1-2: recombinant protein, M: protein marker; ( D ): Mass spectrum of EGT in the reaction group; ( E ): Mass spectrum of EGT standard, the green label indicates the m/z of the EGT standard.",https://cdn.ncbi.nlm.nih.gov/pmc/blobs/e51a/11677154/b33b02b17303/molecules-29-06005-g003.jpg
PMC11677154,39770093,399099678409,fig4,Schematic diagram of key enzymes and substrate binding in the synthesis pathway of EGT in L. edodes . ( A ): Egt1-Fe 2+ -His; ( B ): Egt2-PLP; ( C ): Egt1-Fe 2+ -SAM; ( D ): Egt1-Fe 2+ -Cys; ( E ): Egt2-PLP-Her-sul.,https://cdn.ncbi.nlm.nih.gov/pmc/blobs/e51a/11677154/6adb8da83453/molecules-29-06005-g004.jpg
PMC11677154,39770093,175684375591,fig5,The key enzymes in the synthesis pathway of EGT in L. edodes bind to the amino acid sites and modes of action of substrates. ( A ): Egt1-Fe 2+ -His; ( B ): Egt2-PLP; ( C ): Egt1-Fe 2+ -Cys; ( D ): Egt2-PLP-Her-sul; ( E ): Egt1-Fe 2+ -SAM.,https://cdn.ncbi.nlm.nih.gov/pmc/blobs/e51a/11677154/9cc3f4285932/molecules-29-06005-g005.jpg
PMC11677154,39770093,154780212058,fig6,Molecular dynamics in the synthesis pathway of EGT in L. edodes bind to the amino acid sites and modes of action of substrates. ( A ): Egt1-Fe 2+ -His; ( B ): Egt1-Fe 2+ -SAM; ( C ): Egt1-Fe 2+ -Cys; ( D ): Egt2-PLP; ( E ): Egt2-PLP-Her-sul.,https://cdn.ncbi.nlm.nih.gov/pmc/blobs/e51a/11677154/286df8232bb9/molecules-29-06005-g006.jpg
PMC11728184,39769378,712900681082,fig1,( A ) Schematic overview of the sunflower mobilome activation and eccDNA sequencing experiment. ( B ) Validation of the detected eccDNA by inverted PCR with specific primers.,https://cdn.ncbi.nlm.nih.gov/pmc/blobs/c1cd/11728184/8a4df1eccebf/ijms-25-13615-g001.jpg
PMC11728184,39769378,210733476833,fig2,Phylogenetic and structural analyses of active sunflower RTEs. ( A ) Phylogenetic tree for 24 RTEs with detected activity ( Galadriel elements excluded). ( B ) Annotation of predicted domains and open reading frames (ORFs) for RTEs used in phylogenetic analysis. ( C ) Domain annotation for TR-GAG Galadriel RTEs.,https://cdn.ncbi.nlm.nih.gov/pmc/blobs/c1cd/11728184/5dce47737761/ijms-25-13615-g002.jpg
PMC11728184,39769378,344495923601,fig3,TIP analysis. ( A ) Fraction of TIPs shared by different numbers of sunflower genotypes. ( B ) Number of TIPs per TE group.,https://cdn.ncbi.nlm.nih.gov/pmc/blobs/c1cd/11728184/20150ad5c75f/ijms-25-13615-g003.jpg
PMC11728184,39769378,596566565983,fig4,"Chromosomal distribution of TIPs. ( A ) Density of TIPs in three Tekay groups and one group of randomly sampled Tekay RTEs across 17 sunflower chromosomes. ( B ) Physical distribution of Tekay TIPs on sunflower chromosome 9 as an example, where light green, light blue, and red indicate groups 1, 2, and 3, respectively. Pericentromeric and centromeric regions are marked by dotted and one-piece lines. ( C ) Distribution of TIPs across chromosome parts in 13 sunflower accessions. ( D ) Distribution of gene-related and intergenic insertions of Tekay TIPs in 13 sunflower accessions. Statistical significance is marked as ****, ***, **, and * for p -values lower than 0.0001, 0.001, 0.01, and 0.05, respectively, using the t -test.",https://cdn.ncbi.nlm.nih.gov/pmc/blobs/c1cd/11728184/4442faaefe08/ijms-25-13615-g004.jpg
PMC11728184,39769378,909921446508,fig5,( A ) Overview of aORF translation products. ( B ) Transmembrane signal prediction for Athila 14 aORF(−). ( C ) Localization signal prediction. ( D ) AlphaFold 3 predicted structures of additional aORF translation products.,https://cdn.ncbi.nlm.nih.gov/pmc/blobs/c1cd/11728184/8c41e177bae4/ijms-25-13615-g005.jpg
PMC11728184,39769378,911156484746,fig6,"The three-dimensional structures of the Tekay 13-2 5′aORF protein and the 5′aORF proteins of Tekay elements of other species: Z. mays cv. B73 ( Tekay ), S. bicolor cv. BTx623 (Sb7), and O. sativa japonica ( Retrosat- 2).",https://cdn.ncbi.nlm.nih.gov/pmc/blobs/c1cd/11728184/516a0db34476/ijms-25-13615-g006.jpg
PMC11702796,39764114,217568178632,fig1,"Structural and Functional Motif of the ARID Domain in ARID1A. A) Sequence and predicted three-dimensional ARID1A DNA binding domain, showing the positions of mutations and intrinsic residues as shown in color. B) Secondary structure topology of the domain, showing the position of each mutant with the same color scheme as (A). C) Frequency of every missense mutation in the ARID domain with respect to the position, using TCGA data and setting a threshold of at least five occurrences. D) Disorder prediction using the PONDR score for the ARID1A’s DNA binding domain, showing in color the position of each mutant.",https://cdn.ncbi.nlm.nih.gov/pmc/blobs/18b4/11702796/463f34d39611/nihpp-rs5225582v1-f0001.jpg
PMC11702796,39764114,969895030546,fig2,"Stability changes in ARID1A predicted by both sequence-based and structure-based models with respect to the selected mutations. The position and type of mutation are shown by the x-axis along with the unhatched from sequence-based and hatched from structure-based predictors. The evaluation of stability Δ Δ G folding was made by calculating Δ G WT - Δ G MUT . Most of the mutations of interest show a negative Δ Δ G folding value, suggesting that the mutations are destabilizing.",https://cdn.ncbi.nlm.nih.gov/pmc/blobs/18b4/11702796/70959c6474b4/nihpp-rs5225582v1-f0002.jpg
PMC11702796,39764114,963837721609,fig3,"rexDMD simulations for wild-type and mutants. A) variation of C v and temperature for the WT and R1020S, B) Change in melting temperature Δ T m for all mutants obtained from C v calculation, C-H) 2D-PMF plot of WT (C, E and G) and R1020S (D, F and H) at different temperatures (top panel 300 K, middle panel 320 K and bottom panel 380K) of R g versus the α -helical contents. The structures of in C and D are the native representation (basin at ~0.32 α -helical content and ~17 Å of R g ).",https://cdn.ncbi.nlm.nih.gov/pmc/blobs/18b4/11702796/4e242c9b47d5/nihpp-rs5225582v1-f0003.jpg
PMC11702796,39764114,984533216697,fig4,"Thermal denaturation experiment with wild-type ARID1A and mutants: A) and B) show unfolding, whereas C) and D) show refolding spectra plots obtained for WT and R1020S (the inset fig to zoom in view with different scale for clarity). E) and F) show the wavelength shift at max intensity for WT and R1020S as a function of temperature for unfolding and refolding, respectively. G) normalized unfolding curve to estimate apparent melting point for wild-type and R1020S mutant, using a two-state model (Material and Methods). H) Difference in melting temperature ΔT m = T m,WT - T m,MUT obtained from all mutants.",https://cdn.ncbi.nlm.nih.gov/pmc/blobs/18b4/11702796/ba995a14ad2f/nihpp-rs5225582v1-f0004.jpg
PMC11702796,39764114,845201047193,fig5,"Chemical denaturation experiment with wild-type ARID1A and mutants. A) and B) show unfolding, whereas C) and D) show refolding spectra plots obtained for WT and R1020S. E) and F) show the wavelength shift at max intensity for WT and R1020S as a function of GuHCl for unfolding and refolding, respectively. G) and H) normalized unfolding and refolding curve to estimate apparent D 1 / 2 for wild-type and R1020S mutant, using a two-state model (Material and Methods). I) and J) Difference in D 1 /2 Δ D 1 /2 = D 1 /2 u n f o l d i n g − D 1 /2 r e f o l d i n g and Difference in Δ D 1 /2 ΔΔ D 1 /2 = Δ D 1 /2 , W T − Δ D 1 /2 , m u t a n t obtained from all mutants.",https://cdn.ncbi.nlm.nih.gov/pmc/blobs/18b4/11702796/f75d04aec857/nihpp-rs5225582v1-f0005.jpg
PMC11702796,39764114,431449823981,fig6,"The overall impact showed R1020S the most impacted. A) The overall impact as weighted average of the computational and experimental outcomes. B)WT interacting sites at R1020S(green) show a greater number of interaction sites, C) The interacting sites in the mutant at R1020S((green) )show fewer interacting sites.",https://cdn.ncbi.nlm.nih.gov/pmc/blobs/18b4/11702796/0fe70f22f0e7/nihpp-rs5225582v1-f0006.jpg
PMC11698521,39700257,871461387844,fig1,"Schematic of the directed evolution simulation cycle. The model of directed evolution performs iterative round of mutation, selection and proliferation. Genes are represented by one-dimensional arrays. The fitness of each gene can be generated by feeding the array into a fitness landscape model. The probability of selection is determined by feeding the resulting fitness into a selection function. Proliferation is carried out by sampling with even probability up to a fixed population size. Mutation is carried out by introducing random changes to the arrays. For a more detailed description of the computational pipeline, see Methods : Model. Strategies explored using the model include selection functions, population splitting and selection across multiple properties.",https://cdn.ncbi.nlm.nih.gov/pmc/blobs/7835/11698521/68fff212babd/pcbi.1012695.g001.jpg
PMC11698521,39700257,670762639614,fig2,"Investigating the performance of selection functions in directed evolution. A: Selection functions define probability of selection as a function of fitness ( Methods : Selection Functions). The selection function used here is determined by two parameters: fitness threshold and base chance. Selection functions were normalised to select 20% of the population. B: Optimal base chance values on varying NK landscapes. Dependence of trajectory end-point fitness on C: population size, and D: mutation rate. “Normalised fitness” is maximum fitness across the population at the final time point (averaged over 100 runs) as a fraction of the global maximum on the landscape. Shaded areas represent standard deviation over repeat runs. Experiments ran for 300 generations. 0.01 ≤ base chance ≤ 0.19, N = 25, K = 5, mutations per cell = 0.1, population size = 1000.",https://cdn.ncbi.nlm.nih.gov/pmc/blobs/7835/11698521/9ed8f71b5e49/pcbi.1012695.g002.jpg
PMC11698521,39700257,950621572002,fig3,"Investigating the effects of population splitting in directed evolution. A: Example of a directed evolution run split into five sub-populations vs a single large population. Colourbar indicates fitness value. B: Principal components analysis of the final time point sequences of a split vs non-split population. C: Hamming distances between the final timepoint sequences of the split population. D: Mean performance of directed evolution with varying total population and sub-population size. E: Mean and standard deviation of performance with varying number of sub-populations (fit to a normal distribution). Experiments ran for 100 generations. Mutations per cell = 0.1, base chance = 0, N = 25, K = 5.",https://cdn.ncbi.nlm.nih.gov/pmc/blobs/7835/11698521/1538ae149411/pcbi.1012695.g003.jpg
PMC11698521,39700257,216408113350,fig4,"Optimisation of multi-dimensional selection. A: Demonstration of selection patterns with double-round (i.e. flow cytometry selection) and single-round selection. Randomly-generated fitness points normally-distributed around the mean 0 of phenotypes 1 and 2. B: Directed evolution performance of double-round vs single-round selection. Shaded region is standard deviation over repeated runs. C: Performance of weighted selection functions to perform directed evolution over three properties, with weightings of 1:1:1, 1:2:3 and 3:1:1. Experiments ran for 100 generations. N = 25, K = 5, mutations per cell = 0.1, population size = 1000, fitness threshold top 5%, as per [ 26 ].",https://cdn.ncbi.nlm.nih.gov/pmc/blobs/7835/11698521/98f0a54b6b86/pcbi.1012695.g004.jpg
PMC11698521,39700257,676066422818,fig5,"Application of base chance and population splitting to the empirical GB1 and TrpB landscapes. Mean performance (A) and outcome distribution (B) of varying base chance values and sub-population numbers in GB1 directed evolution. (C), (D): Same data respectively for TrpB. BC: base chance, S: splitting. Fitness score relative to WT (GB1: VDGV, TrpB: VFVS). Outcomes are from 1000 simulations with mutation rate = 0.01, total population size = 1000. E: Proposal directed evolution pipeline. Standard NK strategy comes from parameter sweep in S4 Fig .",https://cdn.ncbi.nlm.nih.gov/pmc/blobs/7835/11698521/a1ed1c34412f/pcbi.1012695.g005.jpg
PMC11655909,39695007,283338759100,fig1,SDS-PAGE analysis of Amp0279 and its mutants. Marker: Prestained Protein Ladder,https://cdn.ncbi.nlm.nih.gov/pmc/blobs/831f/11655909/0195c816552c/13568_2024_1793_Fig1_HTML.jpg
PMC11655909,39695007,818340653454,fig2,"Assay of the enzymatic properties of Amp0279 and its mutants. A Detection of the optimum pH for the reaction. Reaction temperature: 45 °C. B Detection of the optimum reaction temperature. Reaction condition: pH 8.0. C Detection of pH stability. Reaction temperature: 45 °C. D Detection of thermal stability. Reaction condition: pH 8.0. Black, Amp0279; red, Amp0279-R131E; orange, Amp0279-R131H; green, Amp-R131A; blue, Amp0279-E349D",https://cdn.ncbi.nlm.nih.gov/pmc/blobs/831f/11655909/f7549de97c90/13568_2024_1793_Fig2_HTML.jpg
PMC11655909,39695007,721729917410,fig3,T m values of Amp0279 and its mutants determined by a differential scanning fluorescence assay (DSF). A No substrate. B Contains substrate,https://cdn.ncbi.nlm.nih.gov/pmc/blobs/831f/11655909/953fbacecc88/13568_2024_1793_Fig3_HTML.jpg
PMC11655909,39695007,573567562747,fig4,"Protein contact potential of Amp0279 and its mutants. A Amp0279. B Amp0279-R131E. C Amp0279-R131H. Blue, basic; red, acidic",https://cdn.ncbi.nlm.nih.gov/pmc/blobs/831f/11655909/f3a881791c0d/13568_2024_1793_Fig4_HTML.jpg
PMC11655909,39695007,735834060721,fig5,"Optimal docking positions of the substrate molecules in Amp0279 and its mutants. A Amp0279. B Amp0279-R131E. C Amp0279-R131H. D Amp0279-R131A. Red, amino acid at Position 131; blue, site of the active centre interacting with the substrate. Stick model of the substrate molecule, L-leucine-4-nitroanilide. Yellow dashed line, hydrogen bond. White dashed line, hydrophobic Interaction. Orange dashed line: π-Cation Interaction",https://cdn.ncbi.nlm.nih.gov/pmc/blobs/831f/11655909/16db123ddc0f/13568_2024_1793_Fig5_HTML.jpg
PMC11655909,39695007,409098268880,fig6,"Hydrogen bonding forces analysed for the mutation at Site 349 targeting Amp0279. A Amp0279. B Amp0279-E349D. Yellow dashed line, hydrogen-bonding forces generated between the amino acids; blue dashed line, distance between two atoms",https://cdn.ncbi.nlm.nih.gov/pmc/blobs/831f/11655909/4fece09351bd/13568_2024_1793_Fig6_HTML.jpg
PMC11761020,39868219,958399798194,fig1,"PCt, the isolated C-terminus of P.69T, closely resembles P.69T-Ct. ( A ) Schematic of P.69T folding and misfolding. PFS is off-pathway and has a much slower folding rate than full unfolded P.69T (U) and a much slower unfolding rate than native P.69T (N). An on-pathway intermediate was previously predicted [ 19 ], but not detected. The structure of P.69T (PDB ID: 1dab) [ 20 ] is shown in blue (Nt; residues 1–333) and red (Ct; residues 334–539). ( B ) Far-UV circular dichroism (CD) spectra of P.69T ( green ), PCt ( red ) and PNt ( blue ). ( C ) Thermal denaturation of P.69T ( green ) and PCt ( red ) monitored by far-UV CD spectroscopy. Data were converted to fraction of the native state CD signal at 218 nm and fit to a sigmoidal model (see Methods ). Unfolding transitions for Nt and Ct segments are highlighted by blue and red shading , respectively.",https://cdn.ncbi.nlm.nih.gov/pmc/blobs/a14c/11761020/ee32b7f2a30d/nihpp-2024.12.14.628475v1-f0001.jpg
PMC11761020,39868219,182144371827,fig2,"The slow approach to equilibrium during folding ( A ) and unfolding ( B ) of PCt. The equilibrium midpoint ( c m ) for PCt unfolding and refolding is 2.0 M GdmCl, but equilibrium is established extremely slowly. PCt was refolded from 8 M GdmCl ( A , open symbols ), or unfolded ( B , filled symbols ) to the indicated final GdmCl concentration, measured as the ratio of tryptophan emission intensities at 335 and 350 nm. Lines represent the fit to single or double sigmoidal models (see Methods ).",https://cdn.ncbi.nlm.nih.gov/pmc/blobs/a14c/11761020/8db6000f133b/nihpp-2024.12.14.628475v1-f0002.jpg
PMC11761020,39868219,754239318153,fig3,"For native P.69T, unfolding of Nt accelerates the unfolding of Ct. ( A ) Unfolding kinetics of P.69T as a function of GdmCl concentration. Each data set was fit to either a single- or double-exponential equation (see Results and Methods ). Rate constants for unfolding are summarized in Table S1 . ( B ) Unfolding of native P.69T ( green ), PFS ( purple ) and PCt ( red ) at two GdmCl concentrations ( open circles : 2.8 M; filled circles : 7 M), showing that native P.69T unfolds orders of magnitude more rapidly than PFS and PCt.",https://cdn.ncbi.nlm.nih.gov/pmc/blobs/a14c/11761020/9c6223f09472/nihpp-2024.12.14.628475v1-f0003.jpg
PMC11761020,39868219,892625356436,fig4,"Discovery of PFS*, an on-pathway unfolding intermediate. ( A ) Kinetics of PFS formation in the denaturant challenge experiment, monitored by tryptophan fluorescence emission spectroscopy. Incubating native P.69T in 1.5 M GdmCl for 3 minutes led to unfolding of Nt within 300 s (blue line; see also panel B and Figure 3A ). At various time points after the initiation of unfolding (indicated by orange arrows), the impact of the addition of 4.75 M GdmCl on P.69T unfolding was evaluated. The fraction of P.69T molecules in the PFS conformation, which unfolds extremely slowly in 4.75 M GdmCl (orange data points), increased as a function of time and fit to a single exponential model (purple line). The hatched region between the blue and purple curves represents the fraction of P.69T molecules in an alternative conformation, PFS*, that resembles PFS but is more susceptible to unfolding. The population of molecules in the PFS* conformation decreased as a function of incubation time in 1.5 M GdmCl. Error bars represent the standard deviation of three independent experiments; in several instances, the error bar is smaller than the height of the data point. ( B ) Examples of denaturant challenge experiments at 3 min and 63 min after the beginning of Nt unfolding. ( C ) PFS* unfolds in 2.8 M GdmCl at a rate similar to native P.69T, but much faster than PFS.",https://cdn.ncbi.nlm.nih.gov/pmc/blobs/a14c/11761020/0f4fe78792f2/nihpp-2024.12.14.628475v1-f0004.jpg
PMC11761020,39868219,914332527144,fig5,"PFS* is an on-pathway folding intermediate for P.69T folding from U→N. ( A ) Faster kinetics for folding to the P.69T native structure when starting from PFS* ( orange ; k f = 5.3×10 −3 ± 4×10 −4 s −1 SEM) versus U ( green ; k f = 5.8×10 −4 ± 3×10 −5 s −1 SEM). ( B ) Comparison of folding rate constants in 0.5 M GdmCl for PFS* ( orange ), fully unfolded P.69T ( green ), P.69T-L219E ( blue ) (see Fig S8A ), and PCt ( red ) (see Fig S8B ). Error bars represent the standard deviation of independent experiments. Student’s t-test: **, P <0.01; ***, P<0.001; **** P <0.0001. ( C ) Kinetics of PFS* formation during refolding of P.69T-L219E. P.69T-L219E was fully unfolded in 7 M GdmCl. Refolding was initiated by dilution into 0.5 M GdmCl; this corresponds to t = 0 s. The overall progress of refolding, as measured by the 335/350 nm fluorescence emission ratio, is shown in blue . Alternatively, at each indicated time point, an aliquot of the refolding sample was transferred to 4.25 M GdmCl. Orange points indicate the impact of this “denaturant challenge” on P.69T-L219E fluorescence ratio at different refolding timepoints. The fraction of P.69T-L219E molecules in the PFS conformation, which unfolds extremely slowly in 4.25 M GdmCl, increased as a function of time and fit well to a single exponential model ( purple line ). The hatched region between the blue and purple curves represents the fraction of P.69T-L219E molecules in the PFS* conformation (see Fig S8 ). Error bars represent SEM of three independent experiments. The height of some error bars is smaller than the size of the datapoints.",https://cdn.ncbi.nlm.nih.gov/pmc/blobs/a14c/11761020/f7dcaeeb20b5/nihpp-2024.12.14.628475v1-f0005.jpg
PMC11761020,39868219,974708078801,fig6,"Schematic illustrating features of the energy landscape and kinetic pathway for P.69T folding and unfolding at different denaturant concentrations, with an analogy to Aesop’s fable The Tortoise and the Hare . An on-pathway intermediate state, PFS*, lies between the native (N) and fully unfolded (U) states. PFS* spontaneously converts to the more stable, off-pathway misfolded state, PFS, at a rate that is largely insensitive to denaturant. Note that the energy of the unfolded state has been normalized to facilitate comparisons across the three panels. (A ) Under native or near-native conditions, folding is favored. The Ct segment of P.69T first folds slowly to the on-pathway intermediate PFS*, after which rapid folding of Nt (illustrated as a running hare) kinetically outcompetes the conversion of PFS* to PFS (illustrated as a tortoise), leading to formation of the native P.69T β-helix structure. ( B ) In contrast, at intermediate denaturation conditions PFS* is more stable than either N or U, but PFS is even more stable. Moreover, while the energy barrier between PFS* and PFS remains steady (as a tortoise), the energy barriers that separate PFS* from either N or U are more sensitive to denaturation and now higher than the energy barrier to PFS (illustrated as sleeping hares), and thus the off-pathway misfolded state, PFS, predominates. ( C ) At high denaturation conditions (>2 M GdmCl), unfolding is favored. Native P.69T-Nt first unfolds to form PFS*, followed by rapid unfolding of P.69T-Ct (illustrated as a running hare), which occurs faster than the conversion of PFS* to PFS (illustrated as a tortoise), enabling unfolding to U to outcompete misfolding.",https://cdn.ncbi.nlm.nih.gov/pmc/blobs/a14c/11761020/fd2fe053b17e/nihpp-2024.12.14.628475v1-f0006.jpg
PMC11925331,39670334,476800676229,fig1,"Overview of the GOase engineering strategy of this work. The M-RQW mutant was the starting point in this study, derived from a previous directed evolution campaign* aimed at improving functional expression in E. coli and unlocking oxidative activity against glucose. 3 , 4 We first subjected M-RQW to directed evolution (libraries constructed by error-prone PCR) for thermostability and activity, generating the L3F3 variant. In a parallel approach, the PROSS 3 variant was designed from M-RQW by PROSS computational mutagenesis. PROSS 3 was used as the template for SDR of the L3F3 mutations, yielding the EvoPROSS variant that harbored 28 mutations from PROSS 3 together with N12D and Y576C from L3F3 (**S567P was introduced during the PCR amplification). The GOase wt was used as the query sequence for ancestral reconstruction, producing several ancestral enzymes of which node 45 was selected. Mutations from EvoPROSS were recombined into node 45 to design the final construct SarLacc, which has 159 substitutions relative to the original GOase wt from Fusarium graminearum . TTI at 70 °C (in-fold) relative to M-RQW; TAI GAL (in-fold) relative to M-RQW using galactose as a substrate; and TAI GLU (in-fold) relative to M-RQW using glucose as a substrate. The TTI and TAI were measured on E. coli lysates, and the measurements were obtained in quintuplet from cell-free extracts of independent cultures grown in 96-well plates using an ABTS-HRP coupled assay. MYA, million years ago. Full details about mutations and sequences can be found in the Supporting Information .",https://cdn.ncbi.nlm.nih.gov/pmc/blobs/5146/11925331/92243a54d01b/sb4c00653_0001.jpg
PMC11925331,39670334,350573687114,fig2,"Phylogenetic tree built from 29 different GOase sequences, retrieved from a variety of subclasses in the Ascomycota division. The nodes whose sequences were selected for cloning and expression are depicted as brown squares. The tree was designed using TimeTree of Life (available at http://www.timetree.org/ ), which was employed to theoretically locate the ancestral nodes over a geological time scale. The colors used in the phylogenetic tree and TimeTree are conserved. GOase wt from F. graminearum was used as the query sequence for ASR. * Thyrospora lycopersici and Microthyrium fuscellum were reclassified as Stemphylium lycopersici and Tothia fuscella , respectively.",https://cdn.ncbi.nlm.nih.gov/pmc/blobs/5146/11925331/0b9def10e0a9/sb4c00653_0002.jpg
PMC11925331,39670334,876535883980,fig3,"Conversion of different alcohols to their corresponding aldehydes/ketones. Reactions were performed in duplicate over 24 h at 35 °C and 750 rpm, in a final reaction volume of 200 μL containing 0.1 mg/mL of the purified enzyme, 5 mM substrates, 440 U catalase, 25 μg/mL HRP, 5% DMSO, and 0.5 mM CuSO 4 in 100 mM NaPi buffer pH 7.0. The reactions were stopped by adding 200 μL of pure methanol and the products were analyzed by HPLC-MS. n.m., not measurable.",https://cdn.ncbi.nlm.nih.gov/pmc/blobs/5146/11925331/2dd87b160294/sb4c00653_0003.jpg
PMC11925331,39670334,721895154329,fig4,"Overview of the mutations incorporated into the engineered versions of GOase. The structural models were created with Expasy Swiss model and crosschecked with AlphaFold. 27 , 28 The GOase structures are represented in cartoon mode with domain I depicted in green, domain II in blue, and domain III in pink. The colored spheres indicate the position of the mutations in the GOase structure and the engineering campaign in which they were found. Orange spheres represent the copper ion in the active site.",https://cdn.ncbi.nlm.nih.gov/pmc/blobs/5146/11925331/c64b9e6bf4e0/sb4c00653_0004.jpg
PMC12581784,41189730,37543003709,fig1,"Multifunctional polymeric nanoparticles (NP) delivery of combinations of immune modulators promotes dendritic cell (DC) activation and maturation. a) Schematic representation of the NP. b) Atomic force microscopy (AFM) images of empty NP showing spherical shape, slight roughness on the surface, and a narrow size polydispersity (N = 3). c) Cell viability of DC (JAWSII ATCC CRL‐11904 and bone marrow‐derived dendritic cells (BMDC)) and breast tumor cells (4T1 ATCC CRL‐2539) after incubation of NP for 48 h. Data represent mean ± s. d. (N = 3 independent experiments, n = 6 replicate measurements). d) Rho‐labeled NP internalization by murine immature DC (JAWSII and BMDC), and by murine 4T1 breast mammary carcinoma cells, determined by flow cytometry. Non‐treated cells and non‐labeled NP were used as negative controls. Data are presented as mean ± s.d, N = 3 independent samples, with three technical replicates ( n = 3). Two‐way analysis of variance (ANOVA) followed by Tukey post‐hoc test. P values are relative to the previous incubation timepoint. e) Confocal images (Z‐stack and maximum projection) of murine immature DC (JAWSII) after 4, 12, and 24 h of incubation with Cy5‐labeled NP (N = 3; n = 3). Scale bar: 25 µm. f) Percentage of DC internalizing Cy5‐labeled NP, 17 h after C57BL/6J mice immunization with NP entrapping antigen and adjuvants. Mean ± s.d., N = 4. One‐way ANOVA followed by Tukey post‐hoc test. g) MFI of activated migratory DC (CD11b + CD11c + MHCII + ) present in the lymph nodes recovered 17 h after mice immunization with PBS, antigen, and adjuvants in solution or Cy5‐labeled NP entrapping antigen and adjuvants. Mean ± s.d., N = 4. Two‐way ANOVA followed by Bonferroni post‐hoc test.",https://cdn.ncbi.nlm.nih.gov/pmc/blobs/8fe8/12581784/bc8f620bd6b8/ADFM-34-2401749-g005.jpg
PMC12581784,41189730,302938645400,fig2,"Multifunctional nanovaccine synergizes with αOX40 immune checkpoint in 4T1‐bearing mice. a) Timeline (days) of tumor inoculation in BALB/c mice, immunization scheme, and immune checkpoint therapy. b) Tumor growth curve. Data are presented as mean ± s.e.m. ( N = 5 animals). p values correspond to tumor volume at day 22 after tumor inoculation relative to the PBS‐treated group and * p values are relative to the nanovaccine + αOX40 group. One‐way ANOVA followed by Tukey post‐hoc test. c) Kaplan‐Meier overall survival over time graph for mice inoculated with 7 × 10 5 4T1 cells (two independent assays were performed with N = 8 animals for NP1+NP2+αOX40 group and N = 5 animals for the remaining groups). Log‐Rank test, for the combination NP1_ɑ‐Lac+NP2+αOX40, compared to all other treatment groups ( p values), and for PBS compared to NP‐based treatment groups ( *P values). Tumor‐infiltrating immune cell populations ford) CD3 + , e) CD3 + CD4 + , f) CD3 + CD8 + , g) CD3 + CD8 + TNF‐α + , h) CD3 + CD8 + IFN‐γ + , i) CD3 + CD8 + IL‐2 + , j) CD3 + CD8 + CD107b + , k) CD3 + CD8 + PD1 + , and l) CD11b + Gr‐1 + . Tumors were isolated on day 19 after tumor cell inoculation. Quantification was performed by flow cytometric analysis. Data are presented as mean ± s.d., N = 3 animals, n = 3 measurements per experiment. One‐way ANOVA followed by Tukey post‐hoc test. p values relative to the PBS‐treated group.",https://cdn.ncbi.nlm.nih.gov/pmc/blobs/8fe8/12581784/9e64ddc1f92a/ADFM-34-2401749-g003.jpg
PMC12581784,41189730,220352137670,fig3,"Ibrutinib (Ib) did not improve the anti‐tumor effect of nano‐immunotherapy. a) Timeline (days) of tumor inoculation in BALB/c mice, immunization scheme, and treatments. b) Tumor growth curve. Data are presented as mean ± s.e.m. (N = 5 animals). P values correspond to tumor volume at day 22 after tumor inoculation relative to the PBS‐treated group. *P values correspond to tumor volume at day 22 after tumor inoculation relative to the nanovaccine + αOX40 group. One‐way ANOVA followed by Tukey post‐hoc test. c) Kaplan‐Meier overall survival over time graph for mice inoculated with 7 × 10 5 4T1 cells (two independent assays were performed for groups nanovaccine + αOX40 and nanovaccine + αOX40 + ibrutinib, with N = 8 animals for nanovaccine + αOX40 group and N = 5 animals for the remaining groups). Log‐Rank test, P = 0.0002 for the combination nanovaccine + αOX40 compared to all other treatment groups.",https://cdn.ncbi.nlm.nih.gov/pmc/blobs/8fe8/12581784/f80430439702/ADFM-34-2401749-g001.jpg
PMC12581784,41189730,617140084432,fig4,"PD‐1 blockade did not improve the anti‐tumor effect of the dual therapy. a) Timeline (days) of tumor inoculation in BALB/c mice, immunization scheme, and immune checkpoint therapy. b) Tumor growth curve. Data are presented as mean ± s.e.m. (N = 5 animals). One‐way ANOVA followed by Tukey post‐hoc test. P values correspond to tumor volume at day 22 after tumor inoculation relative to the PBS‐treated group. c) Individual tumor volume at day 22 (N = 5 animals) with mean ± s.e.m. P values correspond to tumor volume at day 22 after tumor inoculation relative to the PBS‐treated group. One‐way ANOVA followed by Tukey post‐hoc test. Tumor‐infiltrating immune cell populations for d) CD3 + , e) CD3 + CD4 + , f) CD3 + CD8 + , g) CD3 + CD8 + CD107b + , h) CD3 + CD8 + TNF‐α + , i) CD3 + CD8 + IFN‐γ + , j) CD3 + CD8 + IL‐2 + , k) CD3 + CD8 + PD‐1 + , and l) CD11b + Gr‐1 + . Tumors were isolated on day 22 after tumor cell inoculation. Quantification was performed by flow cytometry. Data are presented as mean ± s.d., N = 3 animals, n = 3 measurements per experiment. One‐way ANOVA followed by Tukey post‐hoc test. P values relative to the PBS‐treated group.",https://cdn.ncbi.nlm.nih.gov/pmc/blobs/8fe8/12581784/f990dd7fd16c/ADFM-34-2401749-g004.jpg
PMC12581784,41189730,227044429494,fig5,"Nanovaccines synergize with αOX40 immune checkpoint in the EO771 luminal B‐type breast cancer mouse model. a) Timeline (days) of tumor inoculation in C57BL/6J mice, immunization scheme, and immune checkpoint therapy. b) Tumor growth curve. Data are presented as mean ± s.e.m. (N = 10 animals). One‐way ANOVA followed by Tukey post‐hoc test. P values correspond to tumor volume at day 22 after tumor inoculation relative to the PBS‐treated group and *P values are relative to the nanovaccine + αOX40 group. c) Individual tumor volume at day 22 (N = 10 animals) with mean ± s.e.m. One‐way ANOVA followed by Tukey post‐hoc test. d) Kaplan‐Meier overall survival over time graph for mice inoculated with 1 × 10 6 EO771 cells (N = 6–7 animals). Log‐Rank test, for the combination NP1_KRAS (s.c.) + NP1_KRAS (i.t.) + αOX40 compared to KRAS+siTGF‐β1+Adj + αOX40 group. Tumor‐infiltrating immune cell populations for live CD45 + cells: e) CD3 + , f) CD3 + CD4 + , g) CD3 + CD8 + , h) CD3 + CD8 + CD107b + , and i) CD3 + CD4 + CD25 + CD127‐. Tumors were isolated on day 22 after tumor cell inoculation. Quantification was performed by flow cytometry. Data are presented as mean ± s.d., N = 3 animals, n = 3 measurements per experiment. One‐way ANOVA followed by Tukey post‐hoc test.",https://cdn.ncbi.nlm.nih.gov/pmc/blobs/8fe8/12581784/98bd7a868a21/ADFM-34-2401749-g002.jpg
PMC12581784,41189730,766573884179,fig6,"Nanovaccine and αOX40 combination downregulated CD8 + T‐cell exhaustion signature and upregulated their memory profile. a) Unsupervised clustering of the single‐cell RNA‐seq profiles of CD8 + T cells identified in 4T1 tumors. b) Bar graphs showing the number of cells present in each cluster from each treatment group for each cell cluster identified. c) Clusters distribution between each treatment group for each cell cluster identified. d) Feature plot depicting the expression distribution of selected genes within clusters. e,g) Projection of a stem‐like T‐cells signature on a t‐sne plot of the CD8 + T cells and violin plots showing up‐regulation in combination therapy compared to PBS ( p value = p value < 0.01, ANOVA and a Tukey post‐hoc test). f,h) Projection of exhaustion T‐cells signature on t‐sne plot of the CD8 + T cells and violin plots showing up‐regulation in combination therapy compared to PBS ( p value = p value < 4.76 × 10 −9 , ANOVA and a Tukey post‐hoc test). COM = NP (s.c.) + NP (i.t.) + αOX40; NP = NP (s.c.) + NP (i.t.); OX40 = αOX40.",https://cdn.ncbi.nlm.nih.gov/pmc/blobs/8fe8/12581784/f8e39d23fb04/ADFM-34-2401749-g007.jpg
PMC12527613,39756372,710325458357,fig1,"Ten-year overall survival of the study group patients. O&C group, pleural biopsy only; resection group, main tumor resection.",https://cdn.ncbi.nlm.nih.gov/pmc/blobs/269b/12527613/6e4c84166aa9/crt-2024-993f1.jpg
PMC12527613,39756372,864702158428,fig2,"Progression-free survival of the study group patients. Locoregional (A) and distant metastasis (B) progression-free survival of the Resection group vs. O&C group. O&C group, pleural biopsy only; resection group, main tumor resection.",https://cdn.ncbi.nlm.nih.gov/pmc/blobs/269b/12527613/99710c1c928f/crt-2024-993f2.jpg
PMC12527613,39756372,118606064600,fig3,Overall survival depending on tyrosine kinase inhibitor treatment.,https://cdn.ncbi.nlm.nih.gov/pmc/blobs/269b/12527613/60e909649388/crt-2024-993f3.jpg
PMC12527613,39756372,64984586008,fig4,"Subgroup analysis according to tyrosine kinase inhibitor (TKI) treatment: patients who received TKI treatment as first-line therapy (A), patients who received TKIs as salvage treatment (B), patients who did not undergo TKI treatment (C), and patients who harbored epidermal growth factor receptor/anaplastic lymphoma kinase mutation regardless of TKI treatment (D). O&C group, pleural biopsy only; resection group, main tumor resection.",https://cdn.ncbi.nlm.nih.gov/pmc/blobs/269b/12527613/77888fa2aeeb/crt-2024-993f4.jpg
PMC12624662,41262671,25538791733,graphical abstract,Image 1,https://cdn.ncbi.nlm.nih.gov/pmc/blobs/9b3b/12624662/abbae8d1fefb/ga1.jpg
PMC12624662,41262671,960170550779,fig1,"A & B: Cell Viability Assay: Breast cancer cells (MDA-MB-231 and 4T1) were treated with varying concentrations of ISL (5–80 μM) for 24 h, and the viability of the cells was measured by the MTT assay. The results were presented as the mean ± SD of three independent experiments. One-way ANOVA and Bonferroni's post-test tests were used for statistical analysis. Significant differences between the groups were labeled as follows: ∗P < 0.05, ∗∗P < 0.01, and ∗∗∗P < 0.001. C. The colony formation assay was performed in MDA-MB-231 and 4T1 cells when exposed to ISL (low and high concentrations) and the positive control, DOX, which was examined under an inversion microscope (40X). D. Quantification of colonies after drugs treatment. The data are presented as the mean ± SD of 3 replicates. Data were analyzed with a one-way ANOVA followed by group comparisons using a post hoc Tukey's multiple comparison test.",https://cdn.ncbi.nlm.nih.gov/pmc/blobs/9b3b/12624662/318269e0c6ad/gr1.jpg
PMC12624662,41262671,272948025552,fig2,"Effects of ISL on migration and invasion of MDA-MB-231 and 4T1 BC cells. A. This image represents a wound healing assay using MDA-MB-231 and 4T1 cells treated with ISL (low and high concentrations) and DOX for 24 h after scraping with a sterile micropipette tip. The cells that migrated into the wounded region were photographed (10× magnification). B. Data were analyzed with a one-way ANOVA followed by group comparisons using a post hoc Tukey's multiple comparison test. The percentage of wound closure was determined, and the data were analyzed with a one-way ANOVA followed by group comparisons using a post hoc Tukey's multiple comparison test. C. BC cells were treated with ISL (low and high concentrations) and DOX for 24 h, and cell invasion assays were performed and photographed under an inversion microscope (10 × ). D. Data were analyzed with a one-way ANOVA followed by group comparisons using a post hoc Tukey's multiple comparison test.",https://cdn.ncbi.nlm.nih.gov/pmc/blobs/9b3b/12624662/148181886bd8/gr2.jpg
PMC12624662,41262671,92124062364,fig3,"A. ISL suppresses invasion and migration through the expression of MMP2/9 and N-cadherin in MDA-MB-231 and 4T1 cells. After 24 h of treatment, the protein expression levels of MMP2, 9, and N-cadherin were determined by western blotting. B. The relative quantity (fold change) was determined based on the blot. Significant differences between groups were denoted by the symbols ∗P < 0.05, ∗∗P < 0.01, and ∗∗∗P < 0.001. C. ISL suppresses tumor growth of BC cells in MDA-MB-231 and 4T1 BC cells through expression of the PI3K/AKT/mTOR pathway. (A) MDA-MB-231 cells were incubated with ISL (low and high) and DOX for 12 h, and the protein expression levels of phosphorylated PI3K, AKT, and mTOR were determined by western blotting. D. The relative quantity (fold changes) was determined based on the blot. Significant differences between the groups were labeled as follows: ∗∗∗∗P < 0.0001; ###P < 0.001; and $$$$ P < 0.0001.",https://cdn.ncbi.nlm.nih.gov/pmc/blobs/9b3b/12624662/256d866a99f0/gr3.jpg
PMC12624662,41262671,881998699224,fig4,"ISL prevents BC lung metastasis in the 4T1-luc xenograft model. A. Bioluminescence imaging of lung-metastatic BC cells at 2 weeks post-4T1-luc cell implantation (1 x 105 cells were inserted subcutaneously into each mouse's flank), showing the preventive effects of ISL (low and high) and DOX on the lung metastasis of 4T1-luc xenograft mice (n = 6/group). B. Representative images of intensities of 4T1-luc luciferase-mediated bioluminescence used in saline control, DOX, and ISL (low and high)-treated mice; C. Representative images of the metastasized lung; and red arrows indicate metastatic lung nodules. D. H&E (4X) staining of metastatic nodules in the lungs of mice obtained from control, ISL (low and high), and DOX groups (insets:20× magnification of the areas selected by rectangles).",https://cdn.ncbi.nlm.nih.gov/pmc/blobs/9b3b/12624662/a63cd40acf60/gr4.jpg
PMC12624662,41262671,752132061340,fig5,"ISL regulates body weight, and decreases tumor size and tumor weight in a 4T1-luc xenograft model. A. Body weights of the control and experimental groups on 14 days after 2 weeks post-4T1-luc BC cell implantation. B. Tumor size in the control and experimental groups. C. Tumor weights in the control and experimental groups; D. tumor weights in the control and experimental groups. Significant differences between the groups were labeled as follows: ∗P < 0.05; ∗∗P < 0.01; and ∗∗∗P < 0.001. E. ISL suppresses invasion and migration through the expression of MMP2/9 and N-cadherin in control and experimental groups of 4T1-luc xenograft mice. After 14 days of treatment, the protein expression levels of MMP2, 9, and N-cadherin were determined by western blotting. F. The relative quantity (fold changes) was determined based on the blot. Significant differences between the groups were labeled as follows: ∗P < 0.05; ∗∗P < 0.01; and ∗∗∗P < 0.001.",https://cdn.ncbi.nlm.nih.gov/pmc/blobs/9b3b/12624662/b676d5bdd0f1/gr5.jpg
PMC12624662,41262671,671329501472,fig6,"ISL suppresses the tumor growth of BC cells in vivo through the expression of the PI3K/AKT/mTOR pathway. A. Protein expression of the PI3K/AKT/mTOR pathway was determined by western blotting. B. The relative quantity (fold changes) was determined based on the blot. Significant differences between the groups were labeled as follows: ∗∗∗∗P < 0.0001; #### P < 0.001; and $$$$ P < 0.0001. (C) ISL prevents organ toxicity in vivo. Representative H&E stains of sections from the heart, liver, and kidney of control and experimental mice (Magnification: 20×).",https://cdn.ncbi.nlm.nih.gov/pmc/blobs/9b3b/12624662/0b0ea5662ea5/gr6.jpg
PMC12478773,41255893,420378028305,fig1,(a) Chest tomography showing a lesion at initial admission. (b) A lesion approximately 2 mm in diameter observed in the postoperative 1-year follow-up. (c) Tracheal metastasis observed in the 2-year follow-up chest tomography. (d) Chest CT image post-cryotherapy.,https://cdn.ncbi.nlm.nih.gov/pmc/blobs/a029/12478773/83e3bdd9dace/JCPR-46-98-g001.jpg
PMC12478773,41255893,158716992656,fig2,(a) Squamous cell carcinoma in the inferior bilobectomy material. (b) Squamous cell carcinoma in the tracheal lesion cryobiopsy material.,https://cdn.ncbi.nlm.nih.gov/pmc/blobs/a029/12478773/e8beee237346/JCPR-46-98-g002.jpg
PMC12478773,41255893,368165125211,fig3,(a) Bronchoscopic view of the tracheal metastasis. (b) Bronchoscopic view post-cryotherapy.,https://cdn.ncbi.nlm.nih.gov/pmc/blobs/a029/12478773/b2b7a318d6aa/JCPR-46-98-g003.jpg
PMC12478650,41255902,824011651179,fig1,"(a) Squamous carcinoma of the uterine cervix, the first sample in 2013; H&E 200X. (b) Stomach metastasis in 2016. H&E 200X.",https://cdn.ncbi.nlm.nih.gov/pmc/blobs/e69b/12478650/d5481db6f11f/JCPR-46-109-g001.jpg
PMC12602639,39633221,613626791140,fig1,"Effects of hypoxia on cell migration, apoptosis and proliferation, and induction of the expression of lncRNA H19 and angiogenesis-related markers in MPAECs. ( A ) MPAEC Transwell migration assay. ( B , C ) Apoptosis detection in MPAECs by flow cytometry ( D ) MPAEC proliferation detection by Cell Counting Kit-8. ( E , F ) Expression of lncRNA H19 and HIF-1α mRNA, MPAECs, as detected by quantitative qPCR. ( G – I ) Expression of HIF-1α and VEGF proteins in MPAECs, as detected by western blotting. Normal, normoxic group; hypoxia, hypoxic group ( n = 3). * P < 0.05, ** P < 0.01, *** P < 0.001. MPAEC mouse pulmonary artery endothelial cell, lncRNA long non-coding RNA, HIF-1α hypoxia-inducible factor-1α, VEGF vascular endothelial growth factor",https://cdn.ncbi.nlm.nih.gov/pmc/blobs/1b1c/12602639/814495fc7420/10528_2024_10983_Fig1_HTML.jpg
PMC12602639,39633221,966130488427,fig2,"Effect of knockdown/overexpression of lncRNA H19 on angiogenesis-related genes in MPAECs under hypoxic conditions. ( A , B ) After knockdown of lncRNA H19, the expression of lncRNA H19 as well as that of HIF-1α mRNA in MPAECs was detected by qPCR. ( C – E ) After knockdown of lncRNA H19, the expression of HIF-1α and VEGF proteins in MPAECs was detected by WB. ( F , G ) After overexpression of lncRNA H19, the expression of lncRNA H19 as well as HIF-1α mRNA was detected in MPAECs by qPCR. ( H – J ) After overexpression of lncRNA H19, the expression of HIF-1α and VEGF proteins in MPAECs was detected by WB. shNC, knockdown of lncRNA H19 negative control group; shRNA-LncRNA H19, lncRNA H19 knockdown experimental group; OE-NC, lncRNA H19 overexpression negative control group; OE-LncRNA H19, lncRNA H19 overexpression experimental group ( n = 3). * P < 0.05, ** P < 0.01, *** P < 0.001. OE overexpression, lncRNA long non-coding RNA, qPCR quantitative PCR, HIF-1α hypoxia-inducible factor-1α, VEGF vascular endothelial growth factor, MPAEC mouse pulmonary artery endothelial cell, WB western blotting, sh small hairpin, NC negative control",https://cdn.ncbi.nlm.nih.gov/pmc/blobs/1b1c/12602639/0bba6029236b/10528_2024_10983_Fig2_HTML.jpg
PMC12602639,39633221,230002911554,fig3,"Knockdown/overexpression of lncRNA H19 affects the migration and proliferation of MPAECs under hypoxic conditions. ( A , B ) Pulmonary artery endothelial cell migration in mice after knockdown/overexpression of lncRNA H19 under hypoxic conditions, as evaluated by transwell assay. ( C , D ) Proliferation of MPAECs after knockdown/overexpression of lncRNA H19, as determined by Cell Counting Kit-8 assay. shNC, knockdown of lncRNA H19 negative control group; shRNA-LncRNA H19, lncRNA H19 knockdown experimental group; OE-NC, lncRNA H19 overexpression negative control group; OE-LncRNA H19, lncRNA H19 overexpression experimental group ( n = 3). * P < 0.05, ** P < 0.01, *** P < 0.001. MPAEC mouse pulmonary artery endothelial cell, OE overexpression, lncRNA long non-coding RNA, sh small hairpin, NC negative control",https://cdn.ncbi.nlm.nih.gov/pmc/blobs/1b1c/12602639/0614b1311fd4/10528_2024_10983_Fig3_HTML.jpg
PMC12602639,39633221,582825889000,fig4,"Effect of knockdown/overexpression of lncRNA H19 on apoptosis and cell cycle in MPAECs under hypoxic conditions. ( A , B ) Effect of knockdown of lncRNA H19 on apoptosis in MPAECs, as detected by flow cytometry. ( C , D ) Effect of overexpression of lncRNA H19 on apoptosis in MPAECs, as detected by flow cytometry. ( E , F ) Effect of knockdown of lncRNA H19 on the cell cycle of MPAECs, as determined by flow cytometry. ( G , H ) Effect of overexpression of lncRNA H19 on the cell cycle of MPAECs, as determined by flow cytometry. shNC, knockdown of lncRNA H19 negative control group; shRNA-LncRNA H19, lncRNA H19 knockdown experimental group; OE-NC, lncRNA H19 overexpression negative control group; OE-LncRNA H19, lncRNA H19 overexpression experimental group ( n = 3). * P < 0.05, ** P < 0.01, *** P < 0.001. MPAEC mouse pulmonary artery endothelial cell, lncRNA long non-coding RNA, sh small hairpin, NC negative control, OE overexpression",https://cdn.ncbi.nlm.nih.gov/pmc/blobs/1b1c/12602639/cc6993b78b5c/10528_2024_10983_Fig4_HTML.jpg
PMC12602639,39633221,834781295461,fig5,"Effect of knockdown of miR-20a-5p on MPAECs under hypoxic conditions. ( A , B ) Expression of miR-20a-5p after knockdown/overexpression of long non-coding RNA H19. ( C , D ) After knockdown of miR-20a-5p, miR-20a-5p expression and mRNA expression of HIF-1α in MPAECs were detected by quantitative PCR. ( E – G ) After knockdown of miR-20a-5p, the protein expression of HIF-1α and VEGF in MPAECs was detected by western blotting. ( H ) MPAEC migration after knockdown of miR-20a-5p was evaluated by Transwell assay. ( I , J ) Proliferation of MPAECs after knockdown of miR-20a-5p, as detected by flow cytometry. NC, knockdown miR-20a-5p negative control group; siRNA-miR-20a-5p, knockdown miR-20a-5p group ( n = 3). * P < 0.05, ** P < 0.01, *** P < 0.001. miR microRNA, HIF-1α hypoxia-inducible factor-1α, VEGF vascular endothelial growth factor, MPAEC mouse pulmonary artery endothelial cell, NC negative control, si small interfering",https://cdn.ncbi.nlm.nih.gov/pmc/blobs/1b1c/12602639/510ade92dca9/10528_2024_10983_Fig5_HTML.jpg
PMC12602639,39633221,374554809239,fig6,"lncRNA H19 influences endothelial cell migration and apoptosis by regulating miR-20a-5p. ( A ) Effect of miR-20a-5p mimic addition on endothelial cell migration under lncRNA H19 overexpression. ( B ) Effect of siRNA-miR-20a-5p addition on endothelial cell migration with lncRNA H19 knockdown. ( C , D ) Effect of miR-20a-5p mimic addition on endothelial cell apoptosis under lncRNA H19 overexpression. ( E , F ) Effect of siRNA-miR-20a-5p addition on endothelial cell apoptosis with lncRNA H19 knockdown. shNC, knockdown of lncRNA H19 negative control group; shRNA-LncRNA H19, lncRNA H19 knockdown experimental group; OE-NC, lncRNA H19 overexpression negative control group; OE-LncRNA H19, lncRNA H19 overexpression experimental group. Mimics-miR-20a-5p, miR-20a-5p mimics group ( n = 3). * P < 0.05, ** P < 0.01, *** P < 0.001. miR microRNA, lncRNA long non-coding RNA, OE overexpression, NC negative control",https://cdn.ncbi.nlm.nih.gov/pmc/blobs/1b1c/12602639/25eb7f5c11b1/10528_2024_10983_Fig6_HTML.jpg
PMC12570104,41169943,23859699256,graphical abstract,Image 1,https://cdn.ncbi.nlm.nih.gov/pmc/blobs/a5f3/12570104/658103c8d8ed/ga1.jpg
PMC12570104,41169943,347765180207,fig1,Effects of different azone contents on the ability of transdermal release solution of Tubiechong gel plaster to promote HUVECs proliferation.,https://cdn.ncbi.nlm.nih.gov/pmc/blobs/a5f3/12570104/fdfe0dd0cf9a/gr1.jpg
PMC12570104,41169943,398771588220,fig2,"A: X-ray photographs of rat tibia at 0, 7, 14, 17, and 21 days after surgery. The fracture site is circled in orange. B: the result of the degree of fracture healing quantified by scoring. **p < 0.01,***p < 0.001, compared with negative control group. TH: Tubiechong gel plaster high-dose group, TM: Tubiechong gel plaster middle-dose group, TL: Tubiechong gel plaster low-dose group, BC: black control, non-fractured group, PC: positive control group, NC: negative control group.",https://cdn.ncbi.nlm.nih.gov/pmc/blobs/a5f3/12570104/871436d03180/gr2.jpg
PMC12570104,41169943,562722310096,fig3,"The serum bone metabolism index and VEGF content in the rats after 21 days of treatment. A: serum bone alkaline phosphatase (BALP); B: osteocalcin (OC); C: C-terminal content of collagen type I (CTX- I); D: VEGF. TH: Tubiechong gel plaster high-dose group, TM: Tubiechong gel plaster middle-dose group, TL: Tubiechong gel plaster low-dose group, BC: black control, non-fractured group, PC: positive control group, NC: negative control group.",https://cdn.ncbi.nlm.nih.gov/pmc/blobs/a5f3/12570104/08a75ebf1d73/gr3.jpg
PMC12570104,41169943,946954217907,fig4,"Safranin O and fast green staining of fracture sites at different times after surgery. A: Images of the staining. Cartilage is dyed red and collagen fibers are dyed blue. The arrow points to the cartilage tissue, and the part of the cartilage that undergoes internal ossification is circled or oval, and the woven bone that has been formed is framed in the box. The yellow boxed part is enlarged and placed below the original image. B. shows the proportion of cartilage tissue area in the original image of Fig. 4 A analyzed by Image J software.TM: Tubiechong gel plaster middle-dose group, NC: negative control group.",https://cdn.ncbi.nlm.nih.gov/pmc/blobs/a5f3/12570104/06ec58319399/gr4.jpg
PMC12570104,41169943,769633080771,fig5,"Fracture callus at different times after surgery with anti-CD31 staining. A shows representative images at different times. The typical CD31-positive capillaries are indicated by arrows. Image scale bar = 100 μm. B presents the comparison of the percentage of positive vessel area of the TM group to the NC group obtained from the image (A) on the left using Image J software analysis. n = 6, Mean ± SD, ***p < 0.001, compared with negative control group. TM: Tubiechong gel plaster middle-dose group, NC: negative control group.",https://cdn.ncbi.nlm.nih.gov/pmc/blobs/a5f3/12570104/deea94cc47b5/gr5.jpg
PMC12523849,41103331,327210534143,fig1,PRISMA flow diagram for study selection,https://cdn.ncbi.nlm.nih.gov/pmc/blobs/699f/12523849/7610785202e3/ijpr-22-1-141797-i001.jpg
PMC12523849,41103331,988681383595,fig2,Flowchart of the Delphi process,https://cdn.ncbi.nlm.nih.gov/pmc/blobs/699f/12523849/cd002d22ddce/ijpr-22-1-141797-i002.jpg
PMC12481689,39375945,178773006580,fig1,Combination therapy of osimertinib and anlotinib was effective for osimertinib-resistant (Osi-R) patients. A: A patient with EGFR T790M mutation developed osimertinib resistance and benefited from the combination therapy with anlotinib. B: The computed tomography imaging of the patient before osimertinib treatment and after developing osimertinib resistance. C and D: Representative images of the immunohistochemistry (IHC) staining of E-cadherin and vimentin (C) as well as VEGFA (D) in naïve and relapsed tissues of patients with acquired osimertinib resistance. H-scores are listed individually. Scale bar = 100 μm.,https://cdn.ncbi.nlm.nih.gov/pmc/blobs/d0f7/12481689/ea01ffdf1aba/jbr-39-5-452-1.jpg
PMC12481689,39375945,122166764076,fig2,"Establishment of PC9-OR and HCC827-OR cells from parental cells. A: PC9, PC9-OR, HCC827, and HCC827-OR cells were treated with osimertinib at the concentrations of 0, 1, 10, 100, 1000, and 10000 nmol/L for 48 h. The MTT assay was performed to determine the half-maximal inhibitory concentration (IC 50 ) values of osimertinib. B: PC9 and HCC827 cells, as well as their respective Osi-R cells, were treated with 200 nmol/L osimertinib for 10–14 days. Colony formation experiments were performed to evaluate the osimertinib resistance. The number of clones was statistically analyzed by Student's t -test. * P < 0.05 and *** P < 0.001. C: Morphological changes in the parental and Osi-R cells of PC9 and HCC827. Scale bar = 100 μm. D: Parental and Osi-R cells were stained with phalloidin. Red indicates phalloidin staining; blue indicates the nucleus. Scale bar = 50 μm. The experiments were performed in triplicate. Abbreviations: ns, no significance; OR and Osi-R, osimertinib-resistant.",https://cdn.ncbi.nlm.nih.gov/pmc/blobs/d0f7/12481689/300d47c644d3/jbr-39-5-452-2.jpg
PMC12481689,39375945,537923576489,fig3,"PC9-OR and HCC827-OR cells exhibited EMT properties. A and B: Wound-healing (A) and Transwell assays (B) were performed to determine the migratory abilities of Osi-R cells. Scale bar = 200 μm. C and D: Immunofluorescence staining (C) and Western blotting (D) experiments showed the expression of EMT markers in the parental and Osi-R cells. Scale bar = 100 μm. The experiments were performed in triplicate. The Student's t -test was used to analyze the quantitative data. * P < 0.05, ** P < 0.01, and *** P < 0.001. Abbreviations: OR and Osi-R, osimertinib-resistant; E-cad, E-cadherin; Vim, vimentin.",https://cdn.ncbi.nlm.nih.gov/pmc/blobs/d0f7/12481689/83bcca22bc02/jbr-39-5-452-3.jpg
PMC12481689,39375945,453289078158,fig4,"Combination therapy with anlotinib reversed osimertinib resistance. A: Osimertinib-resistant cells were treated with anlotinib (0, 1, 5, 10, 20, and 40 μmol/L), or osimertinib (0, 0.1, 1, 2, 5, and 10 μmol/L) and anlotinib (1 μmol/L) for 48 h. The MTT assays were performed to determine the IC 50 values of osimertinib and anlotinib. B: PC9-OR and HCC827-OR cells were cultured with osimertinib at 200 nmol/L in the presence or absence of 1 μmol/L anlotinib for 10–14 days. Colony formation experiments were performed to verify the combination effect. C: PC9-OR and HCC827-OR cells were treated with osimertinib and anlotinib for 48 h. MTT assays were performed to determine cell viability. Combenefit was used to verify the synergistic effect of osimertinib and anlotinib. The experiments were performed in triplicate. Two-way ANOVA was used to compare differences among more than two groups. *** P < 0.001. Abbreviations: OR, osimertinib-resistant; Osi, osimertinib; Anlo, anlotinib; Com, combination of osimertinib with anlotinib.",https://cdn.ncbi.nlm.nih.gov/pmc/blobs/d0f7/12481689/64d27ce2b7c2/jbr-39-5-452-4.jpg
PMC12481689,39375945,736458884116,fig5,"Combination of osimertinib and anlotinib reversed the EMT in resistant cells. A–G: PC9-OR and HCC827-OR cells were treated with osimertinib (1 μmol/L), anlotinib (4 μmol/L), or the combination for 24 h. Wound-healing (A and B) and Transwell (C and D) assays were performed to determine the migratory abilities. Scale bar = 200 μm. E–G: Osi-R cells were treated with osimertinib, anlotinib, or the combination. Immunofluorescence staining was performed to determine the expression levels of E-cadherin and vimentin (E). Scale bar = 100 μm. Western blotting analyses were performed to determine the expression levels of the EMT markers, i.e. , E-cadherin, N-cadherin, and vimentin (F and G). The experiments were performed in triplicate. The Student's t -test was used to statistically analyze the quantitative data. Two-way ANOVA was used to compare differences among more than two groups. * P < 0.05, ** P < 0.01, and *** P < 0.001. Abbreviations: OR and Osi-R, osimertinib-resistant; E-cad, E-cadherin; Vim, vimentin; ns, no significance; Osi, osimertinib; Anlo, anlotinib; Com, combination of osimertinib with anlotinib.",https://cdn.ncbi.nlm.nih.gov/pmc/blobs/d0f7/12481689/1c6c4adc10c3/jbr-39-5-452-5.jpg
PMC12481689,39375945,222034958359,fig6,"VEGFA was highly expressed in Osi-R cells, and combined therapy inhibited VEGFA expression and tube formation. A: Expression levels of VEGFA in both Osi-R cells and their parental cells were determined by Western blotting. B–F: PC9-OR and HCC827-OR cells were treated with osimertinib (1 μmol/L), anlotinib (4 μmol/L), or the combination for 24 h. mRNA levels of VEGFA in Osi-R cells were determined by qRT-PCR (B). Expression levels of VEGFA in HCC827-OR cells were determined by ELISA (C). Tube formation experiments showed tube-like structures in Osi-R cells treated with osimertinib, anlotinib, or the combination. Scale bar = 200 μm (D). Protein levels of VEGFA and p-Akt in the Osi-R cells treated with osimertinib, anlotinib, or the combination were determined by Western blotting (E and F). The experiments were performed in triplicate. The Student's t -test was used to statistically analyze the quantitative data. Two-way ANOVA was used to compare differences among more than two groups. * P < 0.05, ** P < 0.01, and *** P < 0.001. Abbreviations: OR and Osi-R, osimertinib-resistant; E-cad, E-cadherin; Vim, vimentin; ns, no significance; Osi, osimertinib; Anlo, anlotinib; Com, combination of osimertinib with anlotinib.",https://cdn.ncbi.nlm.nih.gov/pmc/blobs/d0f7/12481689/c95efeaa8987/jbr-39-5-452-6.jpg
PMC12481689,39375945,287715985728,fig7,"Anlotinib reversed osimertinib resistance in vivo . Nude mice were divided into four groups, with five mice in each group, and treated with 5 mg/kg osimertinib or 3 mg/kg anlotinib alone or in combination for 14 days. A: Photographs of mice in the four groups. B: The growth curves of tumors for mice in each group. C: Tumor volume and weight for mice in each group. D: The levels of aspartate transaminase (AST), alanine transaminase (ALT), blood urea nitrogen (BUN), and creatinine (Cr) in the serum were measured to determine the hepatic and renal function of mice. E: Representative images of IHC staining of Ki-67, E-cadherin, N-cadherin, vimentin, and VEGFA in the syngeneic tumors. Scale bar = 100 μm. F: The TUNEL assay for cell apoptosis was used to evaluate the synergistic effect of the combination therapy. Representative images are shown. Scale bar = 100 μm. The Student's t -test was used for statistical analysis. * P < 0.05, ** P < 0.01, and *** P < 0.001. Abbreviations: NC, negative control; OR, osimertinib resistance; Osi, osimertinib; Anlo, anlotinib; Com, combination of osimertinib with anlotinib.",https://cdn.ncbi.nlm.nih.gov/pmc/blobs/d0f7/12481689/30fb56956679/jbr-39-5-452-7.jpg
PMC12481543,39390833,404731179186,fig1,Pre-operative CT showing the left adrenal lesion.,https://cdn.ncbi.nlm.nih.gov/pmc/blobs/89be/12481543/356b229d24cf/EMIDDT-25-8-665_F1.jpg
PMC12481543,39390833,143818714833,fig2,Surgery specimen of the adrenal lesion.,https://cdn.ncbi.nlm.nih.gov/pmc/blobs/89be/12481543/f9c9d8bdfb2c/EMIDDT-25-8-665_F2.jpg
PMC12460456,38570403,316889727304,fig1,PRISMA flow diagram,https://cdn.ncbi.nlm.nih.gov/pmc/blobs/08c7/12460456/4f3f9ae39836/11764_2024_1569_Fig1_HTML.jpg
PMC12482361,41035572,666860313772,fig1,"Overview of different gene double mutations. (A) The windrose plot shows the number of primary (blue) and metastatic (light blue) tumors among tissues with at least 50 samples. The number of all tumors for each cancer type is specified in parenthesis. Breast, bowel, and lung have the highest number of primary tumors. Although the total number of metastatic tumors are less than primary tumors overall, skin, breast, intestine, lung, ovary, and prostate are among the tissues that have relatively more metastatic cancers. (B) There are 3424 significant different gene double mutations (Fisher’s Exact Test p<0.05, Benjamini-Hochberg q<0.3). The doublet constituents are D+P (n=1554), D+D (n=1268) and P+P (n=602) where D is “Driver” and P is “Passenger” mutation. (C) Stacked bar plot of the different gene double mutation constituents for 3307 co-occurring and 117 mutually exclusive doublets. For co-occurring doublets, the distribution is as follows: D+D = 1155, D+P = 1550, P+P = 602. For mutually exclusive doublets there are 113 doublets of type D+D and 4 D+P doublets. D (Driver), P (Passenger). (D) We call a gene pair A|B if there is a different gene double mutation where the component mutations are on the genes A and B. We divided the different gene double mutations into two groups where gene pairs form these doublets: if the pair belong to any common pathway, we put the corresponding doublet into “Shared signaling pathway”, otherwise “Not shared signaling pathway”. 1280 doublet constituent genes share at least one signaling pathway where the corresponding doublets are of type: 750 D+D, 487 D+P, 39 P+P). 638 of them do not share a signaling pathway, and 206 doublets are of type D+D, 324 D+P, 108 P+P. For the remaining doublets, at least one of the genes harboring them does not have pathway information. Co-occurring different gene doublets are usually present on the gene pairs that are residing in different signaling pathways and this could imply some driver mutations need a helper passenger mutation from a different signaling pathway to increase oncogenic signaling. (E) Box plot showing the frequency of double mutation constituents. For each doublet, the component with lower frequency is put into “Constituent 1” and the other into “Constituent 2”. Regardless of being a driver or passenger mutation, most doublets are formed by combination of a frequent and a rare mutation. The figure shows that most of the doublets are composed of a frequent and a rare mutation.",https://cdn.ncbi.nlm.nih.gov/pmc/blobs/1691/12482361/33b7b0670ffb/nihpp-2024.05.01.592039v1-f0001.jpg
PMC12482361,41035572,313912012698,fig2,"Widespread different gene double mutations in different tissues. We call a gene pair A|B if there is a double mutation where the component mutations are on the genes A and B, and the gene couple A|B is mutated on the union of tumors with double mutations on these genes. Various gene couples are prominent in different tissues. Node size is the overall number of patients with different gene double mutations in each tissue, and node color is a fraction of all double mutant tumors to all tumors in tissues. (A) Different oncogene pairs (mutated on at least 10 patients in a tissue) and their tissue prevalence (have mutation in at least 10 patients on an oncogene couple). ESR1 | PIK3CA is significant in the breast (~2.5%); KRAS | PIK3CA is prominent in the bowel (11%); and CTNNB | PIK3CA (~6%) and KRAS | PIK3CA (8%) are prominent in the uterus tissues among oncogene pairs. (B) Different gene couples where one constituent is an oncogene and the other is a tumor suppressor gene (mutated on at least 20 patients in a tissue) and their tissue prevalence (have mutation in at least 20 patients on a gene couple). For oncogene and tumor suppressor pairs, PIK3CA | TP53 (~4%), MAP3K1 | PIK3CA (1.5) and CDH1 | PIK3CA (~1.5%) are prominent in breast tissue. Similarly, the pairs KRAS | SMAD4 (9%), KRAS | TP53 (33%) and CDKN2A | KRAS ( 13%) are enriched in the pancreas tissue.",https://cdn.ncbi.nlm.nih.gov/pmc/blobs/1691/12482361/09b1344e0021/nihpp-2024.05.01.592039v1-f0002.jpg
PMC12482361,41035572,208958766785,fig3,"Transcriptome analysis of tumors with double mutation. (A) Comparison of gene expression profiles of double mutant and single mutant TP53 cases in KRAS G12 mutant PAAD tumors revealed 394 differentially expressed genes (151 upregulated and 243 downregulated) between Group 1 and Group 2. Group 1: PAAD tumors having at least one significant doublet composed of KRAS G1 2D and TP53 mutations); Group 2: PAAD tumors having mutation either in KRAS or in TP53 or mutation in any of these genes that does not contribute to a significant doublet. The heatmap shows the z-scores of differentially expressed genes (DEGs) across patient tumors. There are 137 upregulated and 257 downregulated genes. (B) 55 TFs are retrieved as the transcription factors of differentially expressed genes including the main regulators SP1 , SP3 , NFKD1 , JUN and TP53 obtained from TRRUST version 2 dataset, a manually curated database of human and mouse transcriptional regulatory networks. SP1 ( encodes Sp1), SP3 (encodes Sp3), NFKD1 , JUN and TP53 (encodes p53). (C) The network of KRAS and important transcription factors linked to proliferation and apoptosis phenotypes was generated by CancerGeneNet 66 .",https://cdn.ncbi.nlm.nih.gov/pmc/blobs/1691/12482361/de9e8ac8759d/nihpp-2024.05.01.592039v1-f0003.jpg
PMC12482361,41035572,193459504059,fig4,"Different gene double mutations in PAAD tumors. (A) Oncoprint of the mutations that coexist with KRAS G12 . KRAS G12 partners on CDKN2A , SMAD4 , GNAS , and U2AF1 shows a mutually exclusive pattern. (B) CDKN2A / CDK6 complex. The mutations R58, R80, H83, and D84 are in the interface region between CDKN2A and CDK6. (C) SMAD4 mutations D351 and R361 are in the interface between SMAD4 / SMAD3 complex. (D) Oncoprint of the most frequent alterations that coexist with KRAS G12 . A TP53 mutation on the DNA binding domain accompanies KRAS G12 and this couple is followed by either MYC amplification or CDKN2A deletion. (E) A subnetwork of highly frequent alterations coexisting with KRAS G12 leads to proliferation and oncogenic signals.",https://cdn.ncbi.nlm.nih.gov/pmc/blobs/1691/12482361/28a945802c3e/nihpp-2024.05.01.592039v1-f0004.jpg
PMC12482361,41035572,663973468080,fig5,"Breast cancer type specific subnetwork. (A) Bubble plot representing the number and fraction of pathway-double-mutant tumors in each tissue by the node size and the node color, respectively. On the x-axis and y-axis there are 10 tissues and 25 pathways, respectively. Bowel and uterus tissues have double mutations across all the listed pathways while double mutations in breast, lung and pancreas tissues accumulate in pathways including PI3K-AKT, MAPK, FoxO, Neurotrophin, mTOR, etc. (B) Breast cancer specific subnetwork obtained with the Page Rank algorithm from Omni Path with the seed genes that have double mutations and tissue specific double mutant fraction is greater than 0.5. Blue nodes are the genes coming from the PPI, pink nodes are the seed genes which are double mutation components. Transcription factors (TFs) are V-shaped nodes. Border color is green if the gene is tumor suppressor gene and red if the gene is an oncogene. The edges are solid lines if there is an edge between the nodes in the PPI and the connected nodes that contribute to a double mutation. Dashed lines depict the direct interaction in the PPI. Source and target shape are derived from TRRUST representing the activation or repression. TFs RB1 (encodes the protein Rb1), APC (encodes the protein APC), CTNNB1 (encodes Catenin Beta-1), MYC (encodes the protein Myc), TP53 (encodes the protein p53).",https://cdn.ncbi.nlm.nih.gov/pmc/blobs/1691/12482361/c90d31ad4951/nihpp-2024.05.01.592039v1-f0005.jpg
PMC12482361,41035572,470752294125,fig6,"Some rare double mutations are specific to metastatic tumors. Frequency pattern growth tree of missense mutations in breast cancer metastatic tumors where links represent association between mutations. Edges represent correlation strength. Ancestral mutations are shown as dark lilac nodes, leading to consequential light lilac mutations. Mutation frequencies are represented by node sizes. Different gene double mutations in ESR1 , GATA3 , and PIK3CA genes are enriched in metastatic tumors. There are 31 nodes and 51 edges in the FP growth tree out of which 46 pairs are among the different gene double mutations which are evaluated as metastatic markers.",https://cdn.ncbi.nlm.nih.gov/pmc/blobs/1691/12482361/920d884b8d45/nihpp-2024.05.01.592039v1-f0006.jpg
PMC12482361,41035572,543272917859,fig7,"Metastatic marker statistics. (A) The Volcano plot of pairs of same cohort, log10 Odds Ratio against −log10 Fisher’s p-value, with non-significant pairs (σ > 0.05, |Odds Ratio| > 0.75) in gray. (B) Propensity of double mutations from ESR1 - PIK3CA pair and from other genes where one side is from ESR1 or PIK3CA in metastatic tumors. (C) The bubble plot evaluating all possible relationships of the mutations at the FP growth tree, where node color depicts coexistence characteristics, and node radius is proportional to the Chi-Square value of the same cohort.",https://cdn.ncbi.nlm.nih.gov/pmc/blobs/1691/12482361/e78ac503aa7d/nihpp-2024.05.01.592039v1-f0007.jpg
PMC11729428,39816803,961882512573,fig1,"Chemical structures of ALK5 inhibitors. Above: HYL001 ( 1a ), galunisertib ( 1b ), and vactosertib ( 2 ). Below: retrosynthetic analysis of HYL001.",https://cdn.ncbi.nlm.nih.gov/pmc/blobs/1e6d/11729428/a1e8d27c9d03/pt4c00374_0001.jpg
PMC11729428,39816803,416233045458,scheme1,Synthesis of HYL001 from 4-Methoxyaniline,https://cdn.ncbi.nlm.nih.gov/pmc/blobs/1e6d/11729428/354cca718326/pt4c00374_0007.jpg
PMC11729428,39816803,763138179787,scheme2,Synthesis of HYL001 from 4-Bromoaniline,https://cdn.ncbi.nlm.nih.gov/pmc/blobs/1e6d/11729428/16b7044c7994/pt4c00374_0008.jpg
PMC11729428,39816803,801664572482,fig2,"Selectivity of HYL001. (A) Data for HYL001 toward a panel of 90 kinases (and 7 kinase variants) at 10 μM. 22 kinases inhibiting >50% (excluding those from Table S1 ) were subsequently tested at 3 μM and 300 nM. Visualized using TREE spot : interactions are depicted by red dots, with size proportional to inhibition of control ligand binding (shown if >65%). (B) Data for galunisertib and vactosertib at 10 μM toward the larger panel ( N = 97). (C) Selectivity scores (fraction of wildtype kinases inhibited >65% or >90% at 10 μM compound concentration). TK: tyrosine kinases; TKL: tyrosine kinase-like kinases; STE: serine/threonine kinases; CK1: casein kinase 1 family; AGC: serine/threonine kinases, regulated by secondary messengers such as cyclic AMP (PKA) or lipids (PKC); CAMK: Ca 2+ /calmodulin-dependent protein kinase family; and CMGC: primarily proline-directed serine/threonine kinases (CDKs, GSKs, MAP kinases, and CDK-like kinases).",https://cdn.ncbi.nlm.nih.gov/pmc/blobs/1e6d/11729428/07f50faad872/pt4c00374_0002.jpg
PMC11729428,39816803,236623388924,fig3,"Rat toxicology study. (A,B) Overview of histopathological findings in bones (A) and heart (B) for four groups of rats with sex and (planned) duration indicated, as well as occurrence and time of animal death/clinical end point (†). The color scheme represents a 4-tier scale. Observations of curved sternum ( cs ) and chronic inflammation of the aortic valve ( iav ) are marked. (C) Examples of rat heart valves and adjacent myocardium in a healthy control or after indicated treatment. Arrows indicate degeneration of the valve and chronic inflammation of adjacent myocardium. All images at 10× magnification. BID: bis-in-die; twice daily .",https://cdn.ncbi.nlm.nih.gov/pmc/blobs/1e6d/11729428/ec394a737d4c/pt4c00374_0003.jpg
PMC11729428,39816803,162256111774,fig4,"Mouse toxicology study. (A,B) Overview of histopathological findings in bones (A) and heart (B) for indicated sex and treatment. The color scheme represents a 5-tier scale. Observations of curved sternum ( cs ) are indicated. MNIC: mononuclear immune cell. (C) Representative examples of a semilunar valve from a vehicle control-treated mouse (left); a semilunar valve with myxoid degeneration (arrowhead) and cartilaginous metaplasia in the root of the aorta in a HYL001-treated animal (arrow; middle left); a semilunar valve with myxoid degeneration and increase in cellularity from a vactosertib-treated mouse (arrow; middle right); and focal mononuclear perivasculitis/vasculitis in coronary vessels in a vactosertib treated mouse (arrow, right). All images at 20× magnification, scale bar: 250 μm.",https://cdn.ncbi.nlm.nih.gov/pmc/blobs/1e6d/11729428/aca637f0e800/pt4c00374_0004.jpg
PMC11729428,39816803,461216427055,fig5,"HYL001 prevents metastasis formation in vivo . (A) Experimental scheme, including injection of MTOs. Experimental end point was at day 28, 2 weeks after treatment stop. Below: the number of mice treated that had (in orange) or did not have (in black) detectable liver metastases. 5 (B) Liver metastases (Mets) were counted at end points; each point represents one mouse. Nonparametric Mann–Whitney U test, two-tailed. ns: P > 0.05; * P < 0.05; ** P < 0.01; *** P < 0.001; (C) representative images of H & E whole slides containing liver sections from mice treated with TGFβ inhibitors; dashed line circles delimit metastases. 1×, efficacious dose for galunisertib established in ref ( 5 ): 800 mg/kg BID, and molar equivalent for HYL001 (710 mg/kg BID). 0.3× and 0.1×: dilutions thereof. Bars, 10 mm.",https://cdn.ncbi.nlm.nih.gov/pmc/blobs/1e6d/11729428/15b4649f7c13/pt4c00374_0005.jpg
PMC11729428,39816803,537116653097,fig6,HYL001 efficacy in dual immunotherapy against established CRC liver metastases. (A) Overview of experimental timing: dual treatment between days 14 and 28 after MTO injection (TGFβ inhibitor doses were all 0.1 ×); follow-up until humane end point. Below: numbers of countable liver lesions after sacrifice. Statistical comparisons to the vehicle + IgG2a control (above) or the vehicle+αPD1 condition (below) by two-tailed Mann–Whitney U test; ns : P ≥ 0.05; * P < 0.05; ** P < 0.01; *** P < 0.001; **** P < 0.0001. (B) Kaplan–Meier curves indicate the survival (until humane end point) of mice under each treatment; P values were computed by the Mantel–Cox test (Log-rank).,https://cdn.ncbi.nlm.nih.gov/pmc/blobs/1e6d/11729428/63ea5543ef97/pt4c00374_0006.jpg
PMC12456598,41000584,394595112631,fig1,Patients who live less than 200 miles from the study institution and receive neoadjuvant chemotherapy (NACT) within the study institution are more likely to enroll in a prehabilitation trial.,https://cdn.ncbi.nlm.nih.gov/pmc/blobs/5db1/12456598/5e0856a6583a/og9-1-005-g001.jpg
PMC12454513,39602041,766988555793,fig1,Domains and structure of SETD7: a The complete protein domains of SETD7. b The crystallized structure of the C-terminal (amino acid 117–363) of SETD7 with inhibitor R-PFI-2 and cofactor SAM (PDB ID: 4JLG),https://cdn.ncbi.nlm.nih.gov/pmc/blobs/3d46/12454513/966730bee6b7/11030_2024_11038_Fig1_HTML.jpg
PMC12454513,39602041,653644671777,fig2,"The schema of virtual screening of compounds for SETD7: The virtual screening of compounds from IMPPAT, SuperNatural databases, Literature ligands along with R-PFI-2 and cyproheptadine to obtain top scoring 11 docked complexes. (HTVS: High Throughput Virtual Screening, SP: Standard Precision, XP: Extra Precision)",https://cdn.ncbi.nlm.nih.gov/pmc/blobs/3d46/12454513/ffd20ba4a0ab/11030_2024_11038_Fig2_HTML.jpg
PMC12454513,39602041,460611585234,fig3,"Glide scores and binding free energy of co-crystallized and top hits compounds: The co-crystallized compounds (R-PFI-2 and cyproheptadine) are the known inhibitors and top hits compounds (BDD470, BDD471, SNO181192, IMPHY000498, IMPHY002725, IMPHY008285, IMPHY000944, IMPHY002979, IMPHY000959) with Glide score from docking and MMGBSA (kcal/mol) from MD simulation studies",https://cdn.ncbi.nlm.nih.gov/pmc/blobs/3d46/12454513/c0d89c6c2a4b/11030_2024_11038_Fig3_HTML.jpg
PMC12454513,39602041,24489215893,fig4,"Complex RMSD plots of SETD7 (cyan) and compounds (red) from MD simulation study for 100 ns a R-PFI-2, b cyproheptadine c IMPHY008285 and d IMPHY002979. Intermolecular contacts of compound-SETD7 that occur more than 30.0% of the simulation time of 100 ns e R-PFI-2, f cyproheptadine g IMPHY008285 and h IMPHY002979. The interactions in pink (H-bond), green (pi-pi), and red (pi-cation) with residues of SETD7 (polar in blue color, hydrophobic in green color)",https://cdn.ncbi.nlm.nih.gov/pmc/blobs/3d46/12454513/89c0d82f9549/11030_2024_11038_Fig4_HTML.jpg
PMC12454513,39602041,167300766948,fig5,"Total known intermolecular interactions graph of compound-SETD7 that occur during the simulation time of 100 ns a R-PFI-2, b cyproheptadine c IMPHY008285 and c IMPHY002979. The H-bond interactions in green, hydrophobic in purple, and water bridges in blue. The RMSF plots of compounds d R-PFI-2, e IMPHY008285, and f IMPHY002979 for 100 ns",https://cdn.ncbi.nlm.nih.gov/pmc/blobs/3d46/12454513/50a43606f735/11030_2024_11038_Fig5_HTML.jpg
PMC12454513,39602041,566330206091,fig6,"a Superimposition of R-PFI-2 (green), cyproheptadine (orange), and IMPHY002979 (pink) with the SETD7-bound conformation of a substrate histone peptide (blue). The RMSF of SETD7 complexed with the inhibitors. b RMSF of SETD7 R-PFI-2 complex c RMSF of SETD7 cyproheptadine complex d RMSF of SETD7 IMPHY002979 complex",https://cdn.ncbi.nlm.nih.gov/pmc/blobs/3d46/12454513/6ecdc860e0b3/11030_2024_11038_Fig6_HTML.jpg
PMC12401526,39602893,403099123929,fig1,"Online protocol, standard view, number 1920. Pola-R-CHP – Polatuzumab Vedotin 1.8/rituximab 375/cyclophosphamide 750/doxorubicin 50/prednisolone 100, diffuse large B-non-Hodgkin lymphoma, cycle 1–6 [2], see example on website: https://onkopti.de/diseases-protocols/?lang=en&view=2&pid=1920 . Designation: name of the protocol from the substance names with dose information, usually in the order of application, possibly also the established protocol acronym or study name, main indication, cycle information, protocol number (PID), version number (V). Protocol acronym: abbreviations from substance names for the file name of the protocol, etc. Indication(s): disease(s), from publications, guidelines, approval; ICD-10-code. Classification of the therapy: standard, alternative, etc., according to guidelines, intensity, therapy phase and intention. Cycles: duration and number of cycles from publication. Sequences of protocols: therapy plan with different protocols, link to graphic on Onkopti ® server. Risks: febrile neutropenia, neutropenia, anemia, thrombocytopenia, nausea and vomiting, and other relevant risks from publication. Therapy divided into color-coded sections: hydration, allergy prophylaxis, antiemetics, supportive therapy, antineoplastic therapy (oral, parenteral), hematopoietic growth factors, infection prophylaxis, etc. Possible changes in therapy, warnings etc. Relevant controls to be performed before and during therapy. Original indication from the study in the original publication. Author of the original publication. Origin of the protocol, study group, clinic, etc. from publication. Reference for literature used in the protocol link to PubMed and if available, directly to the original publication via Digital Object Identifier (DOI). Recommendations from medical professional societies.",https://cdn.ncbi.nlm.nih.gov/pmc/blobs/8e4c/12401526/bf2cadce07a7/ocl-2025-0103-0009-542451_F01.jpg
PMC12401526,39602893,350706169778,fig2,Section of the Onkopti ® database structure.,https://cdn.ncbi.nlm.nih.gov/pmc/blobs/8e4c/12401526/a3f1984b458e/ocl-2025-0103-0009-542451_F02.jpg
PMC12401526,39602893,441058344300,fig3,"Onkopti ® website protocol search for breast cancer, https://onkopti.de/protokollsuche/?lang=en .",https://cdn.ncbi.nlm.nih.gov/pmc/blobs/8e4c/12401526/f1d86a7cabe6/ocl-2025-0103-0009-542451_F03.jpg
PMC12395253,39566081,474318063544,fig1,"Study attrition. Abbreviation: ICI, immune checkpoint inhibitor; NSCLC, non-small cell lung cancer.",https://cdn.ncbi.nlm.nih.gov/pmc/blobs/cfbd/12395253/30be613eea44/oyae318_fig1.jpg
PMC12395253,39566081,84284555101,fig2,"Study timelines. Abbreviation: aNSCLC, advanced non-small cell lung cancer; ICI, immune checkpoint inhibitor; rwOS, real-world overall survival; s-irAE, severe immune-related adverse event.",https://cdn.ncbi.nlm.nih.gov/pmc/blobs/cfbd/12395253/dd276f05f145/oyae318_fig2.jpg
PMC12395253,39566081,989047430805,fig3,"Kaplan-Meier analysis of (A) rwOS and (B) rwPFS from the start of ICI-containing therapy among patients with advanced NSCLC. CI, confidence interval; ICI, immune checkpoint inhibitor; NSCLC, non-small cell lung cancer; rwOS, real-world overall survival; rwPFS, real-world progression-free survival.",https://cdn.ncbi.nlm.nih.gov/pmc/blobs/cfbd/12395253/53294f8d3ec7/oyae318_fig3.jpg
PMC12454513,39602041,832193504179,fig1,Domains and structure of SETD7: a The complete protein domains of SETD7. b The crystallized structure of the C-terminal (amino acid 117–363) of SETD7 with inhibitor R-PFI-2 and cofactor SAM (PDB ID: 4JLG),https://cdn.ncbi.nlm.nih.gov/pmc/blobs/3d46/12454513/966730bee6b7/11030_2024_11038_Fig1_HTML.jpg
PMC12454513,39602041,405047132768,fig2,"The schema of virtual screening of compounds for SETD7: The virtual screening of compounds from IMPPAT, SuperNatural databases, Literature ligands along with R-PFI-2 and cyproheptadine to obtain top scoring 11 docked complexes. (HTVS: High Throughput Virtual Screening, SP: Standard Precision, XP: Extra Precision)",https://cdn.ncbi.nlm.nih.gov/pmc/blobs/3d46/12454513/ffd20ba4a0ab/11030_2024_11038_Fig2_HTML.jpg
PMC12454513,39602041,543316320123,fig3,"Glide scores and binding free energy of co-crystallized and top hits compounds: The co-crystallized compounds (R-PFI-2 and cyproheptadine) are the known inhibitors and top hits compounds (BDD470, BDD471, SNO181192, IMPHY000498, IMPHY002725, IMPHY008285, IMPHY000944, IMPHY002979, IMPHY000959) with Glide score from docking and MMGBSA (kcal/mol) from MD simulation studies",https://cdn.ncbi.nlm.nih.gov/pmc/blobs/3d46/12454513/c0d89c6c2a4b/11030_2024_11038_Fig3_HTML.jpg
PMC12454513,39602041,204248449422,fig4,"Complex RMSD plots of SETD7 (cyan) and compounds (red) from MD simulation study for 100 ns a R-PFI-2, b cyproheptadine c IMPHY008285 and d IMPHY002979. Intermolecular contacts of compound-SETD7 that occur more than 30.0% of the simulation time of 100 ns e R-PFI-2, f cyproheptadine g IMPHY008285 and h IMPHY002979. The interactions in pink (H-bond), green (pi-pi), and red (pi-cation) with residues of SETD7 (polar in blue color, hydrophobic in green color)",https://cdn.ncbi.nlm.nih.gov/pmc/blobs/3d46/12454513/89c0d82f9549/11030_2024_11038_Fig4_HTML.jpg
PMC12454513,39602041,795779146687,fig5,"Total known intermolecular interactions graph of compound-SETD7 that occur during the simulation time of 100 ns a R-PFI-2, b cyproheptadine c IMPHY008285 and c IMPHY002979. The H-bond interactions in green, hydrophobic in purple, and water bridges in blue. The RMSF plots of compounds d R-PFI-2, e IMPHY008285, and f IMPHY002979 for 100 ns",https://cdn.ncbi.nlm.nih.gov/pmc/blobs/3d46/12454513/50a43606f735/11030_2024_11038_Fig5_HTML.jpg
PMC12454513,39602041,751044703603,fig6,"a Superimposition of R-PFI-2 (green), cyproheptadine (orange), and IMPHY002979 (pink) with the SETD7-bound conformation of a substrate histone peptide (blue). The RMSF of SETD7 complexed with the inhibitors. b RMSF of SETD7 R-PFI-2 complex c RMSF of SETD7 cyproheptadine complex d RMSF of SETD7 IMPHY002979 complex",https://cdn.ncbi.nlm.nih.gov/pmc/blobs/3d46/12454513/6ecdc860e0b3/11030_2024_11038_Fig6_HTML.jpg
PMC12257046,40662150,801202073049,fig1,Depicting the surface along with the zoomed view of the target proteins with their top-first compounds.,https://cdn.ncbi.nlm.nih.gov/pmc/blobs/235d/12257046/a7d16237cd95/CMM-10-e2024.345250.1548-g001.jpg
PMC12257046,40662150,689188985393,fig2,Illustrating the surface along with the zoomed view of the target proteins with their top-first compounds.,https://cdn.ncbi.nlm.nih.gov/pmc/blobs/235d/12257046/7876f2204876/CMM-10-e2024.345250.1548-g002.jpg
PMC12272067,40420790,252514346252,fig1,"Comparison between the best docking mode of BKM120 and PIKin2 (magenta) and its X-ray structure (cyan) in phosphoinositide 3-kinase gamma (PI3Kγ) receptor from two different X-ray structures ( A ) PDB 3SD5 and ( C ) PDB 5JHA, respectively. The docking configuration of the best-binding ligands 10c ( B , PDB 3SD5) and 10a ( D ) PDB 5JHA) in the active center of the PI3Kγ receptor.",https://cdn.ncbi.nlm.nih.gov/pmc/blobs/f8f4/12272067/256dd0d1107f/COS-22-4-556_F1.jpg
PMC12272067,40420790,646931613101,fig2,( A ) Comparison of the best docking mode of BKM120 (magenta) with its X-ray structure (cyan) in αβ-tubulin heterodimer (PDB 5M7E). ( B ) The best docking mode of 10a in the active center of the tubulin receptor.,https://cdn.ncbi.nlm.nih.gov/pmc/blobs/f8f4/12272067/344a80f715ca/COS-22-4-556_F2.jpg
PMC12272067,40420790,526499129271,scheme1,"Synthesis of pyrimidin-4(3H)-one 3 and 5,6-dihydropyrimidin-4(3H)-one derivatives 5-6, 8 .",https://cdn.ncbi.nlm.nih.gov/pmc/blobs/f8f4/12272067/60064fb9c5e5/COS-22-4-556_S1.jpg
PMC12272067,40420790,198493604381,scheme2,"Synthesis of 2-(4,6-diphenylpyrimidin-2-yl)propan-2-amine derivatives 10a-i .",https://cdn.ncbi.nlm.nih.gov/pmc/blobs/f8f4/12272067/db48cd7c4d15/COS-22-4-556_S2.jpg
PMC12272067,40420790,332120623639,scheme3,"Removing the protecting groups in 3, 6, and 10f .",https://cdn.ncbi.nlm.nih.gov/pmc/blobs/f8f4/12272067/e4528b354e19/COS-22-4-556_S3.jpg
PMC12272067,40420790,526085061151,scheme4,Chemical structures of known PI3K inhibitors.,https://cdn.ncbi.nlm.nih.gov/pmc/blobs/f8f4/12272067/f47b58c74cfd/COS-22-4-556_S4.jpg
PMC12245994,39715975,756240401685,fig1,Chemical structures of STAT3 inhibitors with different scaffolds,https://cdn.ncbi.nlm.nih.gov/pmc/blobs/f324/12245994/6a085412a063/11030_2024_11067_Fig1_HTML.jpg
PMC12245994,39715975,370195991665,fig2,"The flowchart for generative deep learning model, virtual screening, and biological assays to identify merging STAT3 inhibitors",https://cdn.ncbi.nlm.nih.gov/pmc/blobs/f324/12245994/13709614a8bd/11030_2024_11067_Fig2_HTML.jpg
PMC12245994,39715975,620680837836,fig3,"Generation of a virtual compound library against STAT3 using the cRNN-ased generative model. A schematic illustration of library using GDL methods. B chemical space of generated space (gray dot), source space (red dot), and target space (blue dot) by transfer learning. C the distributions of molecular weight, logP, QED, and logS of targeted data and the generated data by GDL generation methods",https://cdn.ncbi.nlm.nih.gov/pmc/blobs/f324/12245994/8779330c24bc/11030_2024_11067_Fig3_HTML.jpg
PMC12245994,39715975,320783183210,fig4,"HG106 and HG110 efficiently suppress cancer cell growth. A representative image (left panels) and quantification (right panels) of concentration-manner colony formation assays of cancer cells treating with HG106 and HG110, respectively. B bright-field images of soft agar colony formation of A549 cells treated with HG106 and HG110, respectively. All the data were presented as Mean±S.D. Statistical analysis was conducted by one-way ANOVA (*** p < 0.001)",https://cdn.ncbi.nlm.nih.gov/pmc/blobs/f324/12245994/52b6a50aa88e/11030_2024_11067_Fig4_HTML.jpg
PMC12245994,39715975,128098215094,fig5,"A The percentage of apoptotic cells quantitatively measured by using flow cytometry for the H441 cells stained by Annexin V/PI. Cells were treated with HG106 and HG110 at concentration of 5 uM for 24 h, respectively. DMSO was selected as control. B Immunoblot bands and quantitative measurement revealed apoptosis-associated protein expression levels after dose-dependent treatment against H441 cells. C Immunoblot analysis reveals the effect of HG110 on the phosphorylation levels of STAT3 at Tyr705 compared with HG106 at 24 h in H411 and H1299 cells. GAPDH was selected as inner standard. D HG110 suppressed phosphorylation levels of STAT3 at 24 h. E Immunofluorescent staining revealed the impacts of HG110 on IL6-promoted nucleus translocation of STAT3 in H441 cells. Scale bar is XX um. All the data were presented as Mean±S.D. Statistical analysis was conducted by one-way ANOVA (* p < 0.05, ** p < 0.01, *** p < 0.001)",https://cdn.ncbi.nlm.nih.gov/pmc/blobs/f324/12245994/aca9b57f1713/11030_2024_11067_Fig5_HTML.jpg
PMC12245994,39715975,604556438141,fig6,"Molecular dynamic simulation to reveal the binding model of HG106 and HG110 with STAT3. A Molecular structure, binding model, and planar residue–ligand interaction of HG106. B Analysis of residue root mean square deviation (RMSD) in compound HG106 and STAT3 complex for protein (STAT3) stability. C Profile of hydrogen bonds between HG106 and STAT3 among molecular dynamic simulation. D Molecular structure, binding model, and planar residue–ligand interaction of HG110. E Analysis of residue root mean square deviation (RMSD) in compound HG110 and STAT3 complex for protein (STAT3) stability. F Profile of hydrogen bonds between HG110 and STAT3 among molecular dynamic simulation",https://cdn.ncbi.nlm.nih.gov/pmc/blobs/f324/12245994/fba85e456ee5/11030_2024_11067_Fig6_HTML.jpg
PMC12212627,38437501,585074398305,fig1,"Illustration of the overall workflow applied in this work. After data curation from the ChEMBL database, the strains were classified as MRSA, MSSA, and SRI. Features calculated using PaDEL descriptors were selected with three different methods prior to the ML algorithm training. Six techniques were employed to generate models for the subsets of each end point (MRSA, MSSA, and SRI). After that, two virtual screenings were performed on BraCoLi and NuBBE data sets, following in vitro assays against MSSA, MRSA, and E. coli strains.",https://cdn.ncbi.nlm.nih.gov/pmc/blobs/d0e4/12212627/1e6e55daa728/ci4c00087_0001.jpg
PMC12212627,38437501,456306179849,fig2,"Average of the Matthews Coefficient Correlation (MCC) in the 5-fold cross-validation ( CV MCC) and external validation ( EXT MCC) for different models: machine learning algorithms; k-nearest neighbors (kNN), weighted k-nearest neighbors (wkNN), multilayer perceptron (MLP), naïve Bayes (NB), decision trees (DT), and random forest (RF) (A–C). Feature selection methods; Fisher weight (FW), principal component analysis (PCA), weighted principal component analysis (wPCA), random forest (RF), and weighted random forest (wRF) (D–F). The results were also separated by subsets: MSSA (A,D, blue), MRSA (B,E, orange), and SRI (C,F, green). Data from cross-validation are depicted in dark colors, while external validation results are displayed in lighter shades.",https://cdn.ncbi.nlm.nih.gov/pmc/blobs/d0e4/12212627/3c5087eaa7ba/ci4c00087_0002.jpg
PMC12212627,38437501,112771473132,fig3,"(A–C) Number of features per model. (D–F) Number of neighbors in the kNN model. Data sets are splitted by MSSA (A,D, blue), MRSA (B,E, orange), and SRI (C,F, green). Data from cross-validation are depicted in dark colors, while external validation results are displayed in lighter shades.",https://cdn.ncbi.nlm.nih.gov/pmc/blobs/d0e4/12212627/b71a2c9daeda/ci4c00087_0003.jpg
PMC12212627,38437501,515323102224,fig4,Feature distribution among active and inactive compounds from the SRI data set.,https://cdn.ncbi.nlm.nih.gov/pmc/blobs/d0e4/12212627/f4b493ad848b/ci4c00087_0004.jpg
PMC11733953,39740163,219160354341,fig1,SBVS workflow. The screening library was preprocessed to enrich molecules with potential druglike features. Molecules were molecularly docked and filtered for hinge interactions and ranked by docking scores. Potential inhibitors were selected for compound analysis and experimental testing. The process led to the identification of P162-0948.,https://cdn.ncbi.nlm.nih.gov/pmc/blobs/84c9/11733953/492778f29808/ci4c02011_0001.jpg
PMC11733953,39740163,532678709114,fig2,P162-0948 shows favorable interactions with CDK8. (A) Molecular docking pose of P162-0948 (blue) in CDK8 (brown). The inset displays the 3D spatial orientation of the CDK8 binding site. (B) The 2D interaction chart highlights the hydrogen bonds and the hydrophobic interactions. Hydrogen bonds are highlighted with green dashed lines in the 3D image. Hydrogen bonds in the 2D image are represented as purple arrows. The π-stacking interaction is highlighted with the green arrow. Hydrophobic pockets are highlighted with the green line. Binding site residues are labeled as shown in corresponding 3D and 2D images. (C) Dose–response curve for P162-0948. The red box highlights the absolute IC 50 value.,https://cdn.ncbi.nlm.nih.gov/pmc/blobs/84c9/11733953/77dd50029989/ci4c02011_0002.jpg
PMC11733953,39740163,649419148179,fig3,"Interaction analysis of selected compounds. (A) The inactive compounds lack several hydrogen bonds and hydrophobic interactions that may reduce their potencies. Red boxes highlight differing interactions compared to P162-0948. (B) The docking poses of the molecules show that the compounds have unfavorable positioning within the CDK8 binding site. This includes the adenine pocket (red), gate area (yellow), and hydrophobic back pocket (blue). Hydrogen bonds are denoted as green lines.",https://cdn.ncbi.nlm.nih.gov/pmc/blobs/84c9/11733953/bb932dfdf34b/ci4c02011_0003.jpg
PMC11733953,39740163,492013725405,fig4,Selectivity assay of P162-0948. (A) A panel of 60 different kinases was selected for testing. P162-0948 was tested at 100 nM. (B) The selected kinases encompass the different kinase families. P162-0948 showed the greatest inhibitory activity for CDK8.,https://cdn.ncbi.nlm.nih.gov/pmc/blobs/84c9/11733953/22564271a8c2/ci4c02011_0004.jpg
PMC11733953,39740163,687875609387,fig5,Similarity analysis of CDK8 inhibitors. Known CDK8 inhibitors were analyzed using Tanimoto calculations and t-SNE. (A) A matrix of Tanimoto scores was calculated from 30 diverse CDK8 inhibitors. (B) Examples of CDK8 inhibitors and their calculated Tanimoto scores show little similarity to P162-0948. (C) Visualization of the CDK8 chemical space shows that selected molecules in the study are unrelated to known CDK8 inhibitors.,https://cdn.ncbi.nlm.nih.gov/pmc/blobs/84c9/11733953/8f1f344084d4/ci4c02011_0005.jpg
PMC11733953,39740163,235276623283,fig6,"Assessment of cytotoxicity and migration inhibition by P162-0948 in A549 cells. (A) The MTT assay was employed to measure cell viability in A549 cells treated with the indicated concentrations of P162-0948 for 12, 24, or 48 h. (B) A549 cells were cultured in six-well plates until they reached 90% confluency. A pipet tip was used to create a scratch, and images were taken immediately. Cells were then incubated with or without P162-0948 (1, 2, and 5 μM), senexin A (5 μM), or pirfenidone (1 mM) for 1 h, followed by treatment with TGF-β1 (10 ng/mL), and allowed to migrate into the wound area for 24 h. The cells were photographed again; the cyan solid line marks the boundary between the cell-occupied and wound areas (40× magnification). Cell migration into the wound was quantified using ImageJ software. The results are shown as the mean ± SEM from three independent experiments. ** p < 0.01 compared to the control group; ## p < 0.01 compared to the TGF-β1-treated group.",https://cdn.ncbi.nlm.nih.gov/pmc/blobs/84c9/11733953/0d84fecefdb7/ci4c02011_0006.jpg
PMC11733953,39740163,583243592328,fig7,"P162-0948 suppressed the expression of EMT proteins in human alveolar epithelial cells. (A) A549 cells were treated with P162-0948 (1, 2, and 5 μM), senexin A (5 μM), or pirfenidone (1 mM) for 1 h, followed by TGF-β1 stimulation (10 ng/mL) for an additional 1 h. Western blot analysis was performed on cell lysates. (B) A549 cells were exposed to P162-0948 (5 μM), senexin A (5 μM), or pirfenidone (1 mM) along with TGF-β1 (10 ng/mL) for 24 h. Immunofluorescence images were captured using a Zeiss LSM880 confocal microscope at 400× magnification (Scale bar: 20 μm). Results are shown as the mean ± SEM from three independent experiments. *** p < 0.001 compared to the control group; # p < 0.05, ## p < 0.01, and ### p < 0.001 compared to the TGF-β1-treated group.",https://cdn.ncbi.nlm.nih.gov/pmc/blobs/84c9/11733953/02fb8bd5d1de/ci4c02011_0007.jpg
PMC11733953,39740163,325054226314,fig8,"P162-0948 inhibited TGF-β1-induced p-Smad3 T179 and RNA polymerase II pS2/S5. A549 cells were treated with P162-0948 (5 μM), senexin A (5 μM), or pirfenidone (1 mM) for 1 h and then stimulated with TGF-β1 (10 ng/mL) for 3 h. Proteins from cytoplasmic and nuclear fractions were analyzed by Western blot using the specified antibodies. α-Tubulin and histone H3 were used as loading controls for the cytoplasmic and nuclear fractions, respectively. The results are presented as mean ± SEM from three independent experiments. ** p < 0.01 and *** p < 0.001 compared to the control group; # p < 0.05 and ### p < 0.001 compared to the TGF-β1-treated group.",https://cdn.ncbi.nlm.nih.gov/pmc/blobs/84c9/11733953/59e07ada92c8/ci4c02011_0008.jpg
PMC11755013,39850657,43286564916,fig0060,,https://cdn.ncbi.nlm.nih.gov/pmc/blobs/4e9f/11755013/047acd0e9e72/gr001.jpg
PMC11755013,39850657,27962908881,fig1,"Flowchart of EquiRank framework for protein-protein interface quality estimation. A) Generation of sequence- and structure-based features, including pLM-based sequence embeddings and MSA-based encoding, and multimeric distance and orientation, respectively, from the predicted protein complex structure with two interacting monomers colored in blue and gray. B) Architecture of ensemble Equivariant Graph Neural Network (EGNN). C) Edge-level regression of interacting residue pairs for transformed distance ( d ) and normalized angular RMSD of multimeric orientations Ω, λ 12 , λ 21 , τ 21 , τ 21 , and their probabilistic combination for estimating the protein-protein interface quality.",https://cdn.ncbi.nlm.nih.gov/pmc/blobs/4e9f/11755013/3020a050182b/gr002.jpg
PMC11755013,39850657,624827996028,fig2,Ranking performance of EquiRank and competing methods in terms of per-target average Spearman correlation coefficient ( ρ ) on A) VoroIF_GNN_test and B) DockGround v1 datasets.,https://cdn.ncbi.nlm.nih.gov/pmc/blobs/4e9f/11755013/ef050b52b203/gr003.jpg
PMC11755013,39850657,188353711966,fig3,"Ranking complex structural models for EquiRank and the competing methods in terms of hit rate on (A) VoroIF_GNN_test dataset, (B) Dockground v1 dataset and success rate on (C) VoroIF_GNN_test dataset, (D) Dockground v1 dataset based on top-1, top-5, top-10, top-15 models for VoroIF_GNN_test and top-1, top-5, top-10, top-15, top-20, top-25 and top-30 models for Dockground v1 dataset. A DockQ threshold of 0.23 is used to identify acceptable models.",https://cdn.ncbi.nlm.nih.gov/pmc/blobs/4e9f/11755013/03cdfa2d6cc4/gr004.jpg
PMC11755013,39850657,175324206379,fig4,"Distinguishability of high-quality models for EquiRank and other competing methods, in terms of Area Under the Curve (AUC), on (A) Dockground V1 and (B) CASP15 datasets with a DockQ threshold of 0.8.",https://cdn.ncbi.nlm.nih.gov/pmc/blobs/4e9f/11755013/7ca888b99b45/gr005.jpg
PMC11755013,39850657,849495151001,fig5,"Distinguishability of high-quality models for EquiRank and other competing methods, in terms of Area Under the Precision-Recall Curve (PRAUC), on (A) Dockground V1 and (B) CASP15 datasets with a DockQ threshold of 0.8.",https://cdn.ncbi.nlm.nih.gov/pmc/blobs/4e9f/11755013/f33c97094b65/gr006.jpg
PMC11755013,39850657,711604735886,fig6,Ablation study on the independent VoroIF_GNN_validation validation dataset in terms of per-target average Spearman correlations coefficient ( ρ ) between the estimated qualities of the protein-protein interfaces and their corresponding DockQ scores.,https://cdn.ncbi.nlm.nih.gov/pmc/blobs/4e9f/11755013/cab1a2da8da3/gr007.jpg
PMC11730078,39811675,690548235590,fig1,"Comparative analysis of protease digestion products on peptide yield, HMGCR inhibition, and cholesterol micelle solubility inhibition. (A) Protein peptide yields of different protease digestion products. (B) HMGCR inhibition by different protease digestion products. (C) Inhibition of cholesterol micelle solubility of enzymatic hydrolysates in vitro . Lower case letters indicate significant differences between groups ( p < 0.05). Error bars represent the SD. Mean values and SD are shown from three biological replicates.",https://cdn.ncbi.nlm.nih.gov/pmc/blobs/7a4e/11730078/be7f6362cee7/fnut-11-1525768-g001.jpg
PMC11730078,39811675,16943224949,fig2,"Schematic diagram of the HMGCR protein structure and box location. The yellow frame indicates the position of the HMGCR active site pocket, with the box center at (17.87, 3.41, 13.70) Å and the box dimensions at (40.71, 40.98, 38.70) Å.",https://cdn.ncbi.nlm.nih.gov/pmc/blobs/7a4e/11730078/d6665888cb17/fnut-11-1525768-g002.jpg
PMC11730078,39811675,364888907980,fig3,"Evaluation of the hypolipidemic activity of different peptide fractions from Abalone. (A) Effect of peptide fractions on TC content in high-fat Hep-G2 cells. “*” indicates a significant difference between the treatment, model, and control groups ( p < 0.05); “**” indicates a highly significant difference between the treatment, model, and control groups ( p < 0.01); “#” indicates a significant difference between the treatment, model, and control groups ( p < 0.05). (B) Inhibition rate of HMGCR by peptide fractions in vitro . Different letters indicate significant differences between groups ( p < 0.05). (C) Inhibition of cholesterol micelle solubility of peptide fractions in vitro. Different letters indicate significant differences between groups ( p < 0.05). Error bars represent the SD. Mean values and SD are shown from three biological replicates.",https://cdn.ncbi.nlm.nih.gov/pmc/blobs/7a4e/11730078/b6f440ac8fd8/fnut-11-1525768-g003.jpg
PMC11730078,39811675,751435992723,fig4,The impact of abalone active peptides at different concentrations on Hep-G2 cell lipids and cholesterol micelles. (A) The effect of varying concentrations of peptides on the cell viability of Hep-G2 cells. (B) The impact of varying concentrations of peptides on the TC content in high-fat Hep-G2 cells. (C) The influence of varying concentrations of peptides on the TG content in high-fat Hep-G2 cells. “*” indicates a significant difference between the treatment and model groups ( p < 0.05); “**” indicates a highly significant difference between the treatment and model groups ( p < 0.01); “#” indicates a significant difference ( p < 0.05) between the control and model groups; “##” indicates a highly significant difference ( p < 0.01) between the control and model groups. (D) Inhibition of cholesterol micellar solubility in vitro at different concentrations of abalone active peptides. Lower case letters indicate significant differences between groups ( p < 0.05). Error bars represent the SD. Mean values and SD are shown from three biological replicates.,https://cdn.ncbi.nlm.nih.gov/pmc/blobs/7a4e/11730078/0de9479f6039/fnut-11-1525768-g004.jpg
PMC11730078,39811675,730120806163,fig5,Effect of different concentrations of abalone active peptides on HMGCR enzyme activity in vitro. (A) HMGCR inhibitory activity of APDMAFPR. (B) HMGCR inhibitory activity of LPAYPMP. (C) HMGCR inhibitory activity of QDAVMPNPF. (D) HMGCR inhibitory activity of DYPRPW. Error bars represent the SD. Mean values and SD are shown from three biological replicates. “*” indicates a significant difference between the treatment and control groups ( p < 0.05); “**” indicates a highly significant difference between the treatment and control groups ( p < 0.01).,https://cdn.ncbi.nlm.nih.gov/pmc/blobs/7a4e/11730078/5f7a78982c0f/fnut-11-1525768-g005.jpg
PMC11730078,39811675,354249944115,fig6,Molecular docking diagram of abalone active peptides with 1HWK. (A) Force diagram of APDMAFPR vs. HMGCR; (B) force diagram of QDAVMPNPF vs. HMGCR; (C) force diagram of LPAYPMP vs. HMGCR; and (D) force diagram of DYPRPW vs. HMGCR.,https://cdn.ncbi.nlm.nih.gov/pmc/blobs/7a4e/11730078/be276793c407/fnut-11-1525768-g006.jpg
PMC11730078,39811675,993929864993,fig7,"Changes in RMSD values in molecular dynamics simulations of peptides with 1HWK. (A) APDMAFPR vs. HMGCR; (B) QDAVMPNPF vs. HMGC; (C) LPAYPMP vs. HMGCR; (D) DYPRPW vs. HMGCR. The left y-axis denotes the evolution of the RMSD of the protein, while the right y-axis denotes the stability of the ligand relative to the protein and its binding pocket.",https://cdn.ncbi.nlm.nih.gov/pmc/blobs/7a4e/11730078/6a80b1b524c0/fnut-11-1525768-g007.jpg
PMC11722135,39795157,325624929803,fig1,"The location of well-known ligand binding sites in TRPV family members is illustrated with the rat TRPV1 (PDB ID: 3J5P) [ 21 ] structure (cartoon). The pockets are delineated in blue—voltage-sensing-like domain (VSLD) pocket, red—vanilloid binding site (VBS), and black—cannabidiol (CBD) binding pocket. The domains are labeled, and the four subunits are colored green, cyan, yellow, and magenta.",https://cdn.ncbi.nlm.nih.gov/pmc/blobs/c474/11722135/0b61b5cae0d5/molecules-30-00100-g001.jpg
PMC11722135,39795157,866869964710,fig2,"The molecular dynamics (MD) simulation analysis of compounds Z1213, Z1157, Z2214, and Z1053. ( A ) RMSD plot for the hTRPV4 model in complex with the ligand. ( B ) The number of total ligand–protein contacts (top panel) and the residues that interact with the ligand in each trajectory frame (persistency of the interaction) during the 300 ns MD simulation (lower panel). ( C ) The interaction fraction between the specific residues and the ligand (1.0 = interaction is maintained 100% of the simulation time; >1.0 = residue can form multiple interactions with the ligand).",https://cdn.ncbi.nlm.nih.gov/pmc/blobs/c474/11722135/524a38692639/molecules-30-00100-g002.jpg
PMC11722135,39795157,670054194012,fig3,"The binding pose of Z1213 in orange stick ( A ), Z1157 in purple stick ( B ), Z2214 in salmon stick ( C ), and Z1053 in magenta stick ( D ) at the predicted binding site of the hTRPV4 model at the end of a 300 ns MD simulation. The hTRPV4 model is represented in a cartoon (subunits colored differently). Atom color code: nitrogen—blue; oxygen—red; fluorine—light blue; hydrogen—white. The key residues (in lines) and the TM domains are labeled. Interaction color code (dashed lines): H-bond—red; π-π—blue.",https://cdn.ncbi.nlm.nih.gov/pmc/blobs/c474/11722135/5f4413a27284/molecules-30-00100-g003.jpg
PMC11722135,39795157,483403327631,fig4,The alignment of the ligand-based virtual screening hits with the pharmacophore model that was used for the screening. Pharmacophore features: orange rings—aromatic rings (R); a blue ball with an arrow—hydrogen bond donor (D).,https://cdn.ncbi.nlm.nih.gov/pmc/blobs/c474/11722135/7c9027806b54/molecules-30-00100-g004.jpg
PMC11722135,39795157,903431034685,fig5,"( A ) The concentration–response curve for compound Z1728. ( B ) Compound Z1728 showed a concentration-dependent increase in [Ca 2+ ] with relatively slow kinetics and effectively inhibited the response induced by the TRPV4 agonist (500 nM GSK1016790A) at the highest test concentration. ( C ) The concentration–response curve for compound Z1213. ( D ) At a high concentration, compound Z1213 gradually raised [Ca 2+ ] levels in the FLIPRtetra experiment. The compound’s inhibitory effect on the TRPV4 agonist (500 nM GSK1016790A) was observed in a concentration-dependent manner.",https://cdn.ncbi.nlm.nih.gov/pmc/blobs/c474/11722135/5e8248f7123c/molecules-30-00100-g005.jpg
PMC11720423,39796080,541531804382,fig1,Drug-Induced Gene Expression Ranking Analysis (DIGERA).,https://cdn.ncbi.nlm.nih.gov/pmc/blobs/c862/11720423/a6a35f9a4f8e/ijms-26-00224-g001.jpg
PMC11720423,39796080,902747511973,fig2,"Comparative Analysis of Gene Expression Ranking Prediction Models. ( A ) A boxplot illustrates the comparative rankings of different machine learning models based on the F1@K metrics in the cross-validation dataset. ( B ) A boxplot shows the ranking comparison across various cell lines using the F1@K metrics in the cross-validation dataset. ( C ) Bar plots present the performance of gene expression ranking prediction models trained on different cell line datasets, including MCF7, PC3, VCAP, a combination of three cell lines, and all eight cell lines. The models are evaluated using the F1@K metrics in the cross-validation dataset for predicting up-regulated, down-regulated, and up/down-regulated genes.",https://cdn.ncbi.nlm.nih.gov/pmc/blobs/c862/11720423/04b38fb92b59/ijms-26-00224-g002.jpg
PMC11720423,39796080,36159371836,fig3,"SAGE-based Target Specificity Optimization and Virtual Screening Results for PARP1. ( A , B ) Boxplots represent each step in the de novo design of PARP1 inhibitors through the SAGE process: ( A ) Scores 1, 2, and 3; ( B ) Scores 4 and 5. The median of each boxplot is highlighted in red.",https://cdn.ncbi.nlm.nih.gov/pmc/blobs/c862/11720423/7a18eba12f83/ijms-26-00224-g003.jpg
PMC11720423,39796080,559875379239,fig4,"Visualization and Interaction Analysis of Top-ranked Compounds for PARP1. ( A ) The top 10 compounds identified by the SAGE process are illustrated, along with their predicted values. ( B ) The binding mode of compound 1 is illustrated, highlighting key residues of PARP1 identified through quantum-mechanical FMO analysis. The molecular dynamics simulation trajectories of the compound with PARP1 are shown, with the backbone atoms of PARP1 depicted in black and the heavy atoms of the ligand in red. Quantum-mechanical FMO analysis of the complex is presented, focusing on significant interactions that are more stable than −3.0 kcal/mol.",https://cdn.ncbi.nlm.nih.gov/pmc/blobs/c862/11720423/64388d7fae37/ijms-26-00224-g004.jpg
PMC11684895,39737570,796684379607,graphical abstract,Graphical Abstract,https://cdn.ncbi.nlm.nih.gov/pmc/blobs/2f6d/11684895/dd5f82e5035c/bbae696ga1.jpg
PMC11684895,39737570,117088256383,fig1,The overall workflow of this study.,https://cdn.ncbi.nlm.nih.gov/pmc/blobs/2f6d/11684895/dd5f82e5035c/bbae696f1.jpg
PMC11684895,39737570,885747851664,fig2,"QED property distributions of the compounds from the ChEMBL dataset and their correlations with MIC. (A) Molecular weight (MW), (B) AlogP, (C) number of hydrogen bond acceptors (HBA), (D) number of hydrogen bond donors (HBD), (E) polar surface area (PSA), (F) number of rotatable bonds (ROTB), (G) number of aromatic rings (AROM), and (H) number of alert structures (ALERTS).",https://cdn.ncbi.nlm.nih.gov/pmc/blobs/2f6d/11684895/4261e882f20c/bbae696f2.jpg
PMC11684895,39737570,353788344230,fig3,Chemical structure space analysis. (A) Representative molecular scaffolds in the top 5 bioactive molecular clusters. (B) T-SNE plot data and common chemical substructures in three representative bioactive molecular clusters in the ChEMBL dataset (red dots: bioactive molecules; blue dots: bioinactive molecules). (C) T-SNE plot data from the ChEMBL and DrugBank datasets.,https://cdn.ncbi.nlm.nih.gov/pmc/blobs/2f6d/11684895/388c59b1baec/bbae696f3.jpg
PMC11684895,39737570,887502038659,fig4,"(A) Scatter plot showing the prediction results of the ENSEM on the ChEMBL internal validation dataset with random splitting ( x -axis: actual MIC values; y -axis: EnSEM predicted MIC values). (B) Scatter plot showing the prediction results of the ensemble model on the Lane et al . external validation dataset ( x -axis: actual MIC values; y -axis: EnSEM predicted MIC values). (C) Rank-ordered predicted bioactivities for DrugBank molecules. (D) Average bioactivities of the overall, top 300 ranked, and bottom 300 ranked molecules in the ChEMBL internal validation dataset. (E) Average bioactivities of the overall, top 30 ranked, and bottom 30 ranked molecules in the Lane et al . external validation dataset. (F) Average predicted bioactivities of the overall, top 300 ranked, and bottom 300 ranked molecules in the DrugBank repurposing dataset.",https://cdn.ncbi.nlm.nih.gov/pmc/blobs/2f6d/11684895/e81a164b0b18/bbae696f4.jpg
PMC11684895,39737570,306697328854,fig5,"Time–kill curves of aldoxorubicin (A), quarfloxin (B), and INH (C) against Mtb H37Rv. Antibiotic concentrations are presented as different symbols. The INH was used as a positive control.",https://cdn.ncbi.nlm.nih.gov/pmc/blobs/2f6d/11684895/2c9011048a48/bbae696f5.jpg
PMC11684895,39737570,629114011190,fig6,"The intracellular survival rate of Mtb H37Rv after aldoxorubicin and quarfloxin exposure. (A) Aldoxorubicin group: infected macrophages treated with aldoxorubicin at 1× MIC, 2× MIC, and 4× MIC. (B) Quarfloxin group: infected macrophages treated with quarfloxin at 1× MIC, 2× MIC, and 4× MIC. The INH group served as the positive control. * * * P < .001.",https://cdn.ncbi.nlm.nih.gov/pmc/blobs/2f6d/11684895/21b44545ffa2/bbae696f6.jpg
PMC11684895,39737570,883037669566,fig7,"The protein–ligand binding modes of two identified ligands (aldoxorubicin and quarfloxin) and reference ligand (evybactin). (A) The global protein–ligand complexes of Mtb DNA gyrase (PDB ID: 7UGW) and ligands. (B) The local protein–ligand complexes and binding modes of Mtb DNA gyrase and three ligands, with protein hydrophobic surface and binding residues shown. (C) The ligand-centered binding mode profiles for three ligands.",https://cdn.ncbi.nlm.nih.gov/pmc/blobs/2f6d/11684895/dce9ff286b2c/bbae696f7.jpg
PMC11684895,39737570,213659892886,fig8,"The MD simulation analysis results for Mtb DNA gyrase monomer and three protein–ligand complexes (Mtb DNA gyrase–aldoxorubicin, –quarfloxin, and –evybactin). (A) Time evolution of RMSD during MD production; (B) RMSF for each residues in Mtb DNA gyrase during MD production. The 1–46 numbered residues representing DNA molecule were removed. (C) Time evolution of hydrogen bonds formed between aldoxorubicin and protein. (D) Time evolution of hydrogen bonds formed between quarfloxin and protein. (E) Time evolution of hydrogen bonds formed between evybactin and protein.",https://cdn.ncbi.nlm.nih.gov/pmc/blobs/2f6d/11684895/b48b34796f18/bbae696f8.jpg
PMC11684895,39737570,864883196785,fig9,SPR analysis of aldoxorubicin and quarfloxin with DNA gyrase. (A) Evaluation of interaction between aldoxorubicin and GyrA. (B) Evaluation of interaction between aldoxorubicin and GyrB. (C) Evaluation of interaction between quarfloxin and GyrA. (D) Evaluation of interaction between quarfloxin and GyrB.,https://cdn.ncbi.nlm.nih.gov/pmc/blobs/2f6d/11684895/5c807778b28a/bbae696f9.jpg
PMC11743120,40074429,787853113512,graphical abstract,,https://cdn.ncbi.nlm.nih.gov/pmc/blobs/acb9/11743120/83e07dddb1f9/ga1.jpg
PMC11743120,40074429,560323348842,fig1,"Proposed mechanism of antiviral compounds targeting the WSSV VP28 envelope protein to inhibit viral entry into shrimp Penaeus monodon . The virus enters host cells via the interactions between viral envelope proteins and host cell receptors. WSSV internalization within the host cell is prominently clathrin-mediated endocytosis since the WSSV virions bound to the surface of the host cell were engulfed by the coated membrane and then taken up into the coated vesicles. 30 The specificity of these interactions is such that inhibitors designed to block them exhibit potential anti-viral efficacy. In WSSV, VP28 stands out as a major envelope protein recognized as an interacting partner with the host surface protein P. monodon Rab7. 29 The antiviral flavonoid compounds in this study interact with specific residues at the binding interface of VP28, blocking viral VP28-host PmRab7 protein–protein interactions, preventing the virus from entering the host cell and disrupting endocytosis, thereby interfering with the normal infection cycle.",https://cdn.ncbi.nlm.nih.gov/pmc/blobs/acb9/11743120/3c6f0f637358/gr1.jpg
PMC11743120,40074429,945472514115,fig2,"The crystal structure of the VP28 envelope protein of WSSV acquired from the RCSB PDB database. (A) The three-dimensional structure consists of 12 identical chains. (B) The processed VP28 trimer contains 3 identical chains, composed of A, B, and C chains.",https://cdn.ncbi.nlm.nih.gov/pmc/blobs/acb9/11743120/fd9263e9e9f6/gr2.jpg
PMC11743120,40074429,713047346499,fig3,The percentage distributions of compounds discovered from various parts of (A) Azadirachta indica and (B) Bacopa monnieri . The number of compounds associated with each plant part is specified.,https://cdn.ncbi.nlm.nih.gov/pmc/blobs/acb9/11743120/00c97d12ec14/gr3.jpg
PMC11743120,40074429,56921426800,fig4,"Intermolecular interactions between VP28 trimer and (A) epicatechin and (B) kaempferol. The binding pose (middle), 3D binding interaction patterns (left), and 2D interaction patterns (right) are highlighted. The visualizations offer in-depth insights into the molecular mechanisms that govern the intermolecular interactions between VP28 and these flavonoids.",https://cdn.ncbi.nlm.nih.gov/pmc/blobs/acb9/11743120/51c1c8df03e5/gr4.jpg
PMC11743120,40074429,754762948515,fig5,"Intermolecular interactions between VP28 trimer and (A) apigenin and (B) luteolin. The binding pose (middle), 3D binding interaction patterns (left), and 2D interaction patterns (right) are highlighted. The visualizations offer in-depth insights into the molecular mechanisms that govern the intermolecular interactions between VP28 and these flavonoids.",https://cdn.ncbi.nlm.nih.gov/pmc/blobs/acb9/11743120/ff0b6f9ff295/gr5.jpg
PMC11743120,40074429,999556691875,fig6,"The regions engaged in hydrogen-bond donation and acceptance throughout the three-dimensional interactions between the VP28 trimer envelop protein and the four best-selected compounds: (A) epicatechin, (B) kaempferol, (C) luteolin, and (D) apigenin.",https://cdn.ncbi.nlm.nih.gov/pmc/blobs/acb9/11743120/0531826750a4/gr6.jpg
PMC11743120,40074429,128386592766,fig7,"Analysis of (A) Root Mean Square Deviation (RMSD) and (B) Root Mean Square Fluctuation (RMSF) of the protein–ligand complexes during 100 ns molecular dynamics simulations. The apo-protein (blue) is compared to its complexes with epicatechin (orange), kaempferol (green), apigenin (yellow), and luteolin (cyan) to identify any notable differences or similarities in their behavior. (For interpretation of the references to colour in this figure legend, the reader is referred to the web version of this article.)",https://cdn.ncbi.nlm.nih.gov/pmc/blobs/acb9/11743120/635ddb49b0b5/gr7.jpg
PMC11743120,40074429,628489310275,fig8,"Analysis of (A) Radius of gyration, (B) Solvent-accessible surface area, (C) Hydrogen bonds, and (D) MM-PBSA binding free energy of the protein–ligand complexes and apo-protein itself based on 100 ns MD simulation.",https://cdn.ncbi.nlm.nih.gov/pmc/blobs/acb9/11743120/1ad436a3dc4b/gr8.jpg
PMC11720127,39796007,645127506725,fig1,"( A ) Protein surface representation of the S trimer in a three RBD down conformation (blue, orange, yellow) (PDB ID: 7KMS). ( B ) Protein surface representation of the S trimer in a one RBD up (yellow) bound to ACE2 (dark blue), and two RBDs down (blue and orange) conformation (PDB ID: 8IOU).",https://cdn.ncbi.nlm.nih.gov/pmc/blobs/5280/11720127/b91eed8c3122/ijms-26-00151-g001.jpg
PMC11720127,39796007,489642982302,fig2,"( A ) Side view of the S protein in ribbon representation with the monomers represented as blue, red, and grey ribbons, along with the three FABPs in yellow, green, and magenta molecular surfaces (PBD ID: 6ZB5). ( B ) Top view of the S protein in ribbon representation with the monomers represented as blue, orange, and grey ribbons, along with the three FABPs in yellow, green, and magenta molecular surfaces (PBD ID: 6ZB5).",https://cdn.ncbi.nlm.nih.gov/pmc/blobs/5280/11720127/c8962b42c7a6/ijms-26-00151-g002.jpg
PMC11720127,39796007,702881991347,fig3,"Crystallized LA (PDB ID: 6ZB5) (carbon atoms in yellow) in the FABP in a ribbon representation (blue), located between two adjacent RBDs (carbon atoms in white from RBD-B and carbon atoms in orange from RBD-C). Green solid lines represent polar interactions (hydrogen bonds) between the ligand and amino acid residues in the protein. All red atoms corresponds to oxygen atoms, while grey is due to shadows in the picture for depth perception.",https://cdn.ncbi.nlm.nih.gov/pmc/blobs/5280/11720127/03a527e75bc6/ijms-26-00151-g003.jpg
PMC11720127,39796007,165986386696,fig4,"Chemical structure of compounds selected after the structure-based virtual screening and purchased from SPECS, identifying each compound with a number (1-26).",https://cdn.ncbi.nlm.nih.gov/pmc/blobs/5280/11720127/2a3b7ef51432/ijms-26-00151-g004.jpg
PMC11720127,39796007,925734291786,fig5,"Molecular docking results obtained for 19 ( A ), 20 ( B ), 24 ( C ), and 25 ( D ), represented with carbon atoms in sea green, in the FABP of SARS-CoV-2 S protein (PDB ID: 6ZB5, blue ribbon, carbon atoms in white from RBD-1 and orange from RBD-2). Green solid lines represent polar interactions (hydrogen bonds) between the ligand and amino acid residues in the protein.",https://cdn.ncbi.nlm.nih.gov/pmc/blobs/5280/11720127/ceefc35d3d03/ijms-26-00151-g005.jpg
PMC11720127,39796007,365391667539,fig6,"Molecular docking results obtained for 20 (carbon atoms in sea green) in the FABP of SARS-CoV-2 S protein Wuhan (PDB ID: 6ZB5, blue ribbon). ( A ) site 1 (RBD-B with carbon atoms in white, RBD-A with carbon atoms in orange); ( B ) site 2 (RBD-A with carbon atoms in white, RBD-C with carbon atoms in orange); ( C ) site 3 (RBD-C with carbon atoms in white, RBD-B with carbon atoms in orange). Green solid lines represent polar interactions (hydrogen bonds) between the ligand and amino acid residues in the protein.",https://cdn.ncbi.nlm.nih.gov/pmc/blobs/5280/11720127/a2822c8a8b6a/ijms-26-00151-g006.jpg
PMC11720127,39796007,730355470632,fig7,Inhibitory activity of the screened compounds tested at 100 μM. Inhibition was determined as percentage calculated on the vehicle-treated cells (0.1% DMSO). The bars represent the mean ± SEM from three experimental repeats. *—Compounds with higher activity than PEA.,https://cdn.ncbi.nlm.nih.gov/pmc/blobs/5280/11720127/ebf72acff094/ijms-26-00151-g007.jpg
PMC11720127,39796007,170869391272,fig8,"Cytotoxicity of the screened compounds at 100 μM, measured with Presto Blue TM Viability Assay. Cytotoxicity variation at timepoints 4 h and 48 h was estimated against an initial measurement (0 h) before presence of screened compounds. The bars represent the mean ± SEM from three experimental repeats. *—Statistical significance difference between cell viability at both timepoints for each compound, determined by T-test for independent samples ( p < 0.05).",https://cdn.ncbi.nlm.nih.gov/pmc/blobs/5280/11720127/432e90092c39/ijms-26-00151-g008.jpg
PMC11720127,39796007,750007582212,fig9,"Molecular docking results obtained for 22 (( A ), carbon atoms in sea green) and 23 (( B ), carbon atoms in sea green) in the FABP of SARS-CoV-2 S protein (PDB ID: 6ZB5, blue ribbon and carbon atoms in white).",https://cdn.ncbi.nlm.nih.gov/pmc/blobs/5280/11720127/5bc8414b5d7e/ijms-26-00151-g009.jpg
PMC11685841,39744090,381880181784,fig1,Flowchart of the strategy for combining stable mutations based on a pre‐trained model. The overall process includes four steps: (1) initial data collection; (2) fine‐tuning of the protein language model; (3) prediction of all mutants in the combined sequence space; and (4) validation of the selected mutants. The red dashed line shows the second round of model fine‐tuning via additional data from mutants predicted in the first round.,https://cdn.ncbi.nlm.nih.gov/pmc/blobs/e27b/11685841/6b5618a886db/MLF2-3-492-g004.jpg
PMC11685841,39744090,790370735107,fig2,"Thermostability and relative activity data for the designed mutants. Yellow circles show the relative activity. Blue bars show thermostability data for some mutants in the initial data set. Cyan and orange bars show thermostability data for all mutants in the first‐ and second‐round prediction, respectively. Relative activity is quantified by comparing the activity of the mutants to that of the wild‐type by using a coupled enzymatic assay system. Thermostability is quantified using the differential scanning fluorimetry (DSF) method, which allows for high‐throughput measurement of the T m of mutants.",https://cdn.ncbi.nlm.nih.gov/pmc/blobs/e27b/11685841/106c2b75a2d6/MLF2-3-492-g005.jpg
PMC11685841,39744090,175585837497,fig3,"Thermodynamic and kinetic stability of WT and 13M4. Thermodynamic stability parameters include T m and enthalpy change (Δ H ). The T m values for both wild‐type (WT) and 13M4 were quantified by DSF (A), CD spectra (B), and DSC (C). In addition, Δ H could be calculated from the results of DSC (C). The dashed lines correspond to the T m of creatinase. Kinetic stability parameters include T 50 15 and t 1/2 . T 50 15 was derived from the results of the thermal inactivation curves of WT and 13M4 (D), as indicated by the dashed lines. The t 1/2 was calculated from the thermal inactivation curve of WT (E) and 13M4 (F) under heat treatment at 58°C. CD, circular dichroism; DSC, differential scanning calorimetry; f u , unfolding fraction; k , the observed first‐order deactivation rate constant.",https://cdn.ncbi.nlm.nih.gov/pmc/blobs/e27b/11685841/c43d329f9459/MLF2-3-492-g001.jpg
PMC11685841,39744090,900530500137,fig4,"Results of the molecular dynamics simulation before and after mutation. Root mean square fluctuation (RMSF) (A), number of random coils (B), solvent‐accessible surface area (SASA) (C), and radius of gyration (Rg) (D) of WT and 13M4 were obtained from molecular dynamics simulations.",https://cdn.ncbi.nlm.nih.gov/pmc/blobs/e27b/11685841/d8053db23e3f/MLF2-3-492-g002.jpg
PMC11685841,39744090,589354098126,fig5,"Structural comparisons between WT and 13M4 near the mutations. (A–D) The inter‐residue interactions around the mutations: L6P, D17V, F108Y/Y109F/R113Q, and V174I/T199S/I204V, respectively. The mutated amino acids are shown in orange. Residues involved in hydrogen bonding, salt bridges, and van der Waals interactions are shown in green, purple, and gray, respectively. Hydrogen bonds and salt bridges are shown with green and purple dashed lines. Molecular dynamics simulations were used to calculate the number of hydrogen bonds (E), salt bridges (F), and van der Waals force energy (G) of the creatinase before and after the mutation.",https://cdn.ncbi.nlm.nih.gov/pmc/blobs/e27b/11685841/739050999670/MLF2-3-492-g003.jpg
PMC11685841,39744090,517698554655,fig6,"Analysis of epistatic effects between mutations. (A, B) Epistatic effects of K351E (A) and D17V/I149V (B) in T m values. Blue indicates a negative effect and orange indicates a positive effect. The mutants analyzed include 5‐M1 (L6P/D17V/F108Y/V174I/T199S), 7‐M3 (L6P/D17V/F108Y/I149V/V174I/T199S/T251C), and 8‐M4 (L6P/D17V/F108Y/I149V/V174I/T199S/I204V/T251C). (C) Dynamics cross‐correlation matrix map for C α atom pairs within monomers of creatinase WT and stable variants. The correlation coefficient ( C ij ) is depicted in various colors. Mutated sites are delineated with red arrows, and regions of significant kinetic correlation around mutations are highlighted in red boxes. (D) Variant structures colored by normalized RMSF change when compared to WT. The residues within a 5 Å radius around the mutation site (or associated region) are depicted on the surface.",https://cdn.ncbi.nlm.nih.gov/pmc/blobs/e27b/11685841/de07a63d699e/MLF2-3-492-g006.jpg
PMC11662536,39707350,396948350389,fig1,"3D pharmacophore models shown in two perspectives. A1, A2 : pharmacophore model constructed from the largest cluster. B1, B2 : pharmacophore model constructed from the lowest median IC 50 cluster. Purple arrows are hydrogen bond donors, red spheres are hydrogen bond acceptors, yellow spheres are hydrophobic groups, and double blue circles are aromatic rings",https://cdn.ncbi.nlm.nih.gov/pmc/blobs/e592/11662536/15f1c722e8b2/12985_2024_2607_Fig1_HTML.jpg
PMC11662536,39707350,200947786694,fig2,In Vitro IC 50 Evaluation of top 16 compounds. REF—Reference,https://cdn.ncbi.nlm.nih.gov/pmc/blobs/e592/11662536/55cefed8aeaa/12985_2024_2607_Fig2_HTML.jpg
PMC11662536,39707350,416125716475,fig3,The 500 ns MD analysis of ID11 and ID35. RMSD: Root-mean-square deviation of ID11 and ID35. Number of Contacts: Number of contacts between the ligand and the protein. Minimum Distance: Minimum distance between the ligand and the protein. Energies: Interaction energy profiles of ID11 and ID35,https://cdn.ncbi.nlm.nih.gov/pmc/blobs/e592/11662536/91c008470b7a/12985_2024_2607_Fig3_HTML.jpg
PMC11662536,39707350,438939182308,fig4,"3D representations and 2D interaction maps of the most frequent poses of ID11 and ID35 MD simulations. A and B the 3D representation of ID11 and ID35 compounds and the Mpro binding pocket, respectively. C and D 2D interaction maps of ID11 and ID35 with the amino acids of the binding pocket",https://cdn.ncbi.nlm.nih.gov/pmc/blobs/e592/11662536/2fd15597821e/12985_2024_2607_Fig4_HTML.jpg
PMC11733934,39696768,538695634879,fig1,"Overview of DiffInt. The diffusion process adds noise to the data to obtain a latent noise representation, resulting in a Gaussian distribution at time step T in the center-of-gravity system of the input data. The generative process reconstructs the original data by gradually denoising the noise, and consequently also reconstructs the hydrogen bonds with the protein pocket. In both processes, the protein molecules and hydrogen bonding particles are treated as conditions and remain unchanged.",https://cdn.ncbi.nlm.nih.gov/pmc/blobs/bfc3/11733934/3b3bbf03f3de/ci4c01385_0001.jpg
PMC11733934,39696768,362758136737,fig2,"Introduction of interaction particles by considering hydrogen bonds as pseudoparticles. Two interaction particles are placed on each hydrogen bond (yellow dashed line) between the protein and ligand to provide information about the position and direction of the hydrogen bond. The red and yellow spheres indicate whether the ligand atom is electron-acceptor or electron-donor, respectively.",https://cdn.ncbi.nlm.nih.gov/pmc/blobs/bfc3/11733934/8205e78204ff/ci4c01385_0002.jpg
PMC11733934,39696768,833540928519,fig3,"Visualization of ligands with the target proteins (PDB IDs: 3cqw and 3c4f ). (a,d) The reference ligand molecules binding to the proteins 3cqw and 4c4f , respectively. (b,c) Example ligands generated by the DiffInt for 3cqw. (e,f) Example ligands generated by the DiffInt for 3c4f. Upper panel in each figure shows 3D structures of the protein–ligand complexes and lower panel illustrates protein–ligand interaction.",https://cdn.ncbi.nlm.nih.gov/pmc/blobs/bfc3/11733934/9fdfa0a8e1c6/ci4c01385_0003.jpg
PMC11733934,39696768,230522509190,fig4,Prediction accuracy of hydrogen bond reproducibility for the four models. Each data point represents the average of hydrogen bond reproducibility for 100 molecules generated per pocket.,https://cdn.ncbi.nlm.nih.gov/pmc/blobs/bfc3/11733934/1d7ed91b5c9c/ci4c01385_0004.jpg
PMC11733934,39696768,702458288590,fig5,"Energy distribution of the best model of high affinity, displayed for each of the four models. Proportion of best models: Pocket2Mol: 4%, FLAG: 12%, DiffSBDD: 27%, DiffInt: 57%.",https://cdn.ncbi.nlm.nih.gov/pmc/blobs/bfc3/11733934/0dfa20c183e2/ci4c01385_0005.jpg
PMC11733934,39696768,536636451995,fig6,"Number of data points becoming the best model for each model across strong, moderate, weak, and total regions.",https://cdn.ncbi.nlm.nih.gov/pmc/blobs/bfc3/11733934/bb58167c0ccf/ci4c01385_0006.jpg
PMC11733934,39696768,865708140079,fig7,"Bond angle distributions for generated molecules and those in the test set. Density plots of the bond angles for (a) CCC, (b) CCO, (c) CNC, (d) OPO, (e) NCC, (f) CC=O, and (g) COC. Distributions are shown for molecules generated by four models (Pocket2Mol, FLAG, DiffSBDD, and DiffInt) and compared to the test set.",https://cdn.ncbi.nlm.nih.gov/pmc/blobs/bfc3/11733934/008c7fbd7813/ci4c01385_0007.jpg
PMC11733934,39696768,758915761039,fig8,"Dihedral angle distributions for generated molecules and those in the test set. Density plots of the dihedral angles for (a) CCCC, (b) cccc, (c) CCCO, (d) OCCO, (e) Cccc, and (f) CC=CC. Distributions are shown for molecules generated by four models (Pocket2Mol, FLAG, DiffSBDD, and DiffInt) and compared to the test set. The lower letters represent the atoms in the aromatic rings.",https://cdn.ncbi.nlm.nih.gov/pmc/blobs/bfc3/11733934/a867b8380e3e/ci4c01385_0008.jpg
PMC11726667,39700339,836288957352,fig1,"Schematic representations of h15-LOX-2-catalyzed reaction and of h15-LOX-2 overall structure and active site’s cavity. (A) Schematic representation of the main chemical reaction catalyzed by h15-LOX-2, oxygenation of arachidonate to 15 S -hydroperoxy-(5 Z ,8 Z ,11 Z ,13 E )-eicosatetraenoate (15( S )-HpETE). (B) h15-LOX-2 structure complexed with a substrate mimic inhibitor (octyltetraethylene glycol ether, C8E4) (PDB code: 4NRE ; resolution: 2.63 Å). 6 The amino-terminal β-barrel domain (PLAT domain, membrane-bound domain) and the α-helical carboxy-terminal domain (catalytic domain) are shown in blue and green, respectively. The catalytic iron (Fe 3+ ) and two calcium ions (Ca 2+ ) that play a role in membrane binding 6 are shown as brown spheres and as cyan spheres, respectively. The inhibitor C8E4 is represented as sticks. (C) Close-up view of the h15-LOX-2 active site’s cavity. The residue side chains are shown as sticks (carbon, oxygen, and nitrogen atoms in green, red, and blue, respectively). The backbones and hydrogen atoms of the residues have been omitted for clarity. The substrate mimic inhibitor (C8E4) 6 is represented as sticks (carbon, hydrogen, and oxygen atoms are shown in light blue, white, and red, respectively). Catalytic iron is shown as a brown sphere. Two water molecules that coordinate with Fe 3+ are shown as red spheres. The residues that coordinate Fe 3+ (His-373, His-378, His-553, and Ile-676) are labeled in red. Interactions with Fe 3+ are represented by yellow lines. (D) Surface representation of the h15-LOX-2 active site’s cavity, evidencing its U-shape. The figure was prepared by using PyMOL.",https://cdn.ncbi.nlm.nih.gov/pmc/blobs/6969/11726667/f17927b3dbbe/jm4c01884_0001.jpg
PMC11726667,39700339,91188727398,fig2,"Structures of some h15-LOX-2 inhibitors reported in the literature. 9 , 28 − 30",https://cdn.ncbi.nlm.nih.gov/pmc/blobs/6969/11726667/56ac2f8fe65f/jm4c01884_0002.jpg
PMC11726667,39700339,318920920522,fig3,"Schematic representation of the virtual screening (VS) protocol used in this study to select novel potential h15-LOX-2 inhibitors from the ZINC-Curated database. (A) Representation of the sequence of selection filters applied to the ZINC-Curated database in each VS step. (B) Schematic representation of the steps to generate the shape-based model that was used as the first filter in the VS protocol: 1. Alignment of low energy conformation structures of two known h15-LOX-2 inhibitors ( LIT-04 and LIT-05 ), 28 using LigandScout’s alignment algorithm, and 2. Shape-based model generation using ROCS. The molecular shape surface is represented in gray. The figure was prepared by using LigandScout and ROCS.",https://cdn.ncbi.nlm.nih.gov/pmc/blobs/6969/11726667/55763940e88b/jm4c01884_0003.jpg
PMC11726667,39700339,824626308371,fig4,"(A) Lipophilic potential, (B) electrostatic potential, and (C) cavity depth maps generated for h15-LOX-2, with a close-up view of the entry to the active site’s cavity. The maps were generated using the MOLCAD 50 module of SYBYL-X 51 v.2.1.1, applying the Connolly method 52 for calculating the protein’s solvent-accessible surface area. The substrate mimic inhibitor C8E4 ( LIT-01 ), which was cocrystallized with h15-LOX-2, 6 is shown as ball-and-sticks (carbon, hydrogen, and oxygen atoms shown in gray, cyan, and red, respectively). The crystal structure of h15-LOX-2 (PDB code: 4NRE ; resolution: 2.63 Å) 6 was used to generate the maps. The figure was prepared by using SYBYL-X.",https://cdn.ncbi.nlm.nih.gov/pmc/blobs/6969/11726667/739912e3dfca/jm4c01884_0004.jpg
PMC11726667,39700339,255412496310,fig5,Score frequency distributions of the best-ranked docking poses for the compounds selected from the ZINC-Curated database after applying the docking filter. (A) ChemPLP score values distribution. (B) Goldscore score values distribution. The figure was prepared using GraphPad Prism. The ChemPLP and Goldscore score values of two h15-LOX-2 known inhibitors ( LIT-01 6 and LIT-05 ( 28 )) are represented for comparison.,https://cdn.ncbi.nlm.nih.gov/pmc/blobs/6969/11726667/532cb5abe38c/jm4c01884_0005.jpg
PMC11726667,39700339,258507770074,fig6,"Concentration–response curves for compounds 07, 10, 11, 12, and 13 . All assays were carried out in a total volume of 300 μL, containing Tris buffer (25 mM, pH = 8.0), NaCl (250 mM), h15-LOX-2 (420 nM), Triton X-100 (0.014% v/v), arachidonic acid (25 μM), and each tested compound (1.0 μM to up to 199.1 μM, depending on the compound solubility in the assay buffer). Data represent the average ± SEM of experiments performed at least in triplicates. For compounds 10 and 13 , data represent the average of two independent assays, one performed in triplicate and one performed in duplicates. Complete concentration–response curves could not be obtained for compounds 07 , 11 , and 12 , due to their low solubilities in the assay buffer (<200 μM). The determined Hill slope values for each concentration–response curve were as follows: compound 07 (−1.0 ± 0.3), compound 10 (−2.0 ± 0.1), compound 11 (−0.9 ± 0.3), compound 12 (not accurately determined), and compound 13 (−1.4 ± 0.2). The figure was prepared using GraphPad Prism.",https://cdn.ncbi.nlm.nih.gov/pmc/blobs/6969/11726667/1a29adeae825/jm4c01884_0006.jpg
PMC11726667,39700339,79339574275,fig7,"Lineweaver–Burk plots for (A) compound 10 and (B) compound 13 . All assays were carried out in a total volume of 300 μL, containing Tris buffer (25 mM, pH = 8.0), NaCl (250 mM), h15-LOX-2 (420 nM), Triton X-100 (0.014% v/v), arachidonic acid (7.5 μM - 30 μM), and the tested compound (10 μM, 20 μM, and/or 30 μM). Data represent the average ± SEM of experiments performed at least in triplicates. The figure was prepared using GraphPad Prism.",https://cdn.ncbi.nlm.nih.gov/pmc/blobs/6969/11726667/f71514ff6c0f/jm4c01884_0007.jpg
PMC11726667,39700339,798029186575,fig8,"Schematic representations of the predicted binding modes (best-scored docking solutions) of the h15-LOX-2 inhibitors selected by the VS protocol proposed in this study: (A) Compound 07 ; (B) compound 10 ; (C) compound 11 ; (D) compound 12 ; (E) compound 13 ; and (F) compound 14 . The crystal structure of h15-LOX-2 (PDB code: 4NRE ; resolution: 2.63 Å) was used for all docking calculations. Left panels : Schematic representations of the best-scored docking solutions for each inhibitor inside the h15-LOX-2 active site’s cavity. For clarity, only the active site residues that interact with each inhibitor are highlighted (shown as sticks). Catalytic iron is shown as a brown sphere. A water molecule that coordinates iron and makes a hydrogen-bond interaction with compounds 10 and 12 is shown as a red sphere in panels (B, D). Central panels : Schematic representations of the best-scored docking solutions for each compound, with h15-LOX-2 active site’s cavity represented as a surface to highlight its U-shaped format. The inhibitors occupy the more solvent-exposed arm of the cavity, which corresponds to the cavity’s right arm in the protein’s orientation captured to prepare this figure. Right panels : 2D Schematic representations of the protein–ligand interactions identified using the LigandScout 59 program. Yellow: hydrophobic interactions; blue circle/arrow: pi-cation interactions; blue cones: ionic interactions; red arrows: hydrogen-bond acceptor interactions; pink arrow: halogen bond interaction. The figure was prepared using PyMOL.",https://cdn.ncbi.nlm.nih.gov/pmc/blobs/6969/11726667/58dc65b1cce7/jm4c01884_0008.jpg
PMC11657568,39696643,110166442889,fig1,Overlay of 73 BRD4 (BD1) crystal structures. The red sphere represented binding site. The red dot in binding site represented water molecules,https://cdn.ncbi.nlm.nih.gov/pmc/blobs/99fc/11657568/d2c6d3c97e48/13065_2024_1362_Fig1_HTML.jpg
PMC11657568,39696643,107123091013,fig2,Distribution of pIC 50 (pKi) values of the studied ligands. Every ligand was labelled with an alphanumeric code sourced from the PDB. The X-axis represented the ligand ID. The Y-axis represented their pIC 50 (pKi) values,https://cdn.ncbi.nlm.nih.gov/pmc/blobs/99fc/11657568/765b2d230743/13065_2024_1362_Fig2_HTML.jpg
PMC11657568,39696643,979191634889,fig3,Linear curves between pIC 50 (pKi) and calculated scores,https://cdn.ncbi.nlm.nih.gov/pmc/blobs/99fc/11657568/cd01eadcd4cd/13065_2024_1362_Fig3_HTML.jpg
PMC11657568,39696643,240634174468,fig4,Ranking of scoring functions based on coefficient of determination (r 2 ) ( A ) and F value ( B ),https://cdn.ncbi.nlm.nih.gov/pmc/blobs/99fc/11657568/d96b190df8b2/13065_2024_1362_Fig4_HTML.jpg
PMC11657568,39696643,596658657965,fig5,QQ plot between actual and predicted residual values for calculated scores,https://cdn.ncbi.nlm.nih.gov/pmc/blobs/99fc/11657568/70bbb2a87695/13065_2024_1362_Fig5_HTML.jpg
PMC11657568,39696643,928915544312,fig6,( A ) 2D binding mode of BRD4 (BD1) (PDB: 6P05) with inhibitor YF2; ( B ) 3D binding mode of BRD4 (BD1) with inhibitor YF2; ( C ) The CDOCKER docking mode of inhibitor YF2 to BRD4 (BD1). Yellow: the crystallographic pose; Blue: the redocked pose,https://cdn.ncbi.nlm.nih.gov/pmc/blobs/99fc/11657568/f410bd58a713/13065_2024_1362_Fig6_HTML.jpg
PMC11657568,39696643,349495310992,fig7,( A ) The RMSD plot of backbone atoms; ( B ) The RMSF plot of each residue; ( C ) RMSF plot of the key residues obtained from the full RMSF plot,https://cdn.ncbi.nlm.nih.gov/pmc/blobs/99fc/11657568/ce60c72552a9/13065_2024_1362_Fig7_HTML.jpg
PMC11679513,39771585,369525917419,fig1,Filtration protocol for the Coconut natural products database.,https://cdn.ncbi.nlm.nih.gov/pmc/blobs/0225/11679513/cba00de31f97/pharmaceutics-16-01607-g001.jpg
PMC11679513,39771585,595087004068,fig2,Chemical structure of GLP-1 co-crystallized ligands positive allosteric modulator used in the shape screening.,https://cdn.ncbi.nlm.nih.gov/pmc/blobs/0225/11679513/be391ee50c3a/pharmaceutics-16-01607-g002.jpg
PMC11679513,39771585,180143085728,fig3,Hit identification protocol.,https://cdn.ncbi.nlm.nih.gov/pmc/blobs/0225/11679513/c12a0cd68a66/pharmaceutics-16-01607-g003.jpg
PMC11679513,39771585,547790799747,fig4,Surface representation of the overlay of the top 10 hits (magenta sticks) and the crystal ligand (red stick) in GLP-1 allosteric site (PDB ID: 6VCB). GLP-1 receptor is represented in gray surface and GLP-1 peptide in green surface.,https://cdn.ncbi.nlm.nih.gov/pmc/blobs/0225/11679513/4954632ef143/pharmaceutics-16-01607-g004.jpg
PMC11679513,39771585,831612133231,fig5,( a ) Three-dimensional representation of the binding interactions between hit 1 and GLP-1 receptor allosteric site and GLP-1 peptide (PDB ID: 6VCB). Ligand atoms are shown as sticks (carbon atoms colored in magenta) and the key residues are shown as sticks (carbon atoms colored in green). Potential electrostatic interactions are represented as yellow dotted lines and are measured in Angstrom. ( b ) Two-dimensional ligand–protein binding interactions between hit 1 and GLP-1 receptor allosteric site and GLP-1 peptide (PDB ID: 6VCB). H bond is represented as a purple arrow and salt bridge as a blue line.,https://cdn.ncbi.nlm.nih.gov/pmc/blobs/0225/11679513/49f32c15096c/pharmaceutics-16-01607-g005.jpg
PMC11679513,39771585,220155690066,fig6,"( a ) Three-dimensional representation of the binding interactions between hit 12 and GLP-1 receptor allosteric site and GLP-1 peptide (PDB ID: 6VCB). Ligand atoms are shown as sticks (carbon atoms colored in magenta) and the key residues are shown as sticks (carbon atoms colored in green). Potential electrostatic interactions are represented as yellow dotted lines and are measured in Angstrom. ( b ) Two-dimensional ligand–protein binding interactions between hit 12 and GLP-1 receptor allosteric site and GLP-1 peptide (PDB ID: 6VCB). H bond is represented as a purple arrow, salt bridge as a blue line, and π-π stacking as a green line.",https://cdn.ncbi.nlm.nih.gov/pmc/blobs/0225/11679513/5f4eadb5bce8/pharmaceutics-16-01607-g006.jpg
PMC11679513,39771585,145358912685,fig7,"( a ) Three-dimensional representation of the binding interactions between hit 44 (Ampicillin) and GLP-1 receptor allosteric site and GLP-1 peptide (PDB ID: 6VCB). Ligand atoms are shown as sticks (carbon atoms colored in magenta) and the key residues are shown as sticks (carbon atoms colored in green). Potential electrostatic interactions are represented as yellow dotted lines and are measured in Angstrom. ( b ) Two-dimensional ligand–protein binding interactions between hit 44 (Ampicillin) and GLP-1 receptor allosteric site and GLP-1 peptide (PDB ID: 6VCB). H bond is represented as a purple arrow, and salt bridge as a blue line.",https://cdn.ncbi.nlm.nih.gov/pmc/blobs/0225/11679513/7ea9cfa6102c/pharmaceutics-16-01607-g007.jpg
PMC11679513,39771585,942090497840,fig8,"Root mean square deviation (RMSD) graphs for the hit compounds ( A ): compound 3 (CNP0086660.2), ( B ): compound 5 (CNP0039190.2), ( C ): compound 2 (CNP0549010.1). The green graph shows fluctuations in the protein backbone from the initial reference point while the red shows the ligand fluctuations. The RMSD profile of the ligand with respect to its initial fit to the protein binding pocket indicates that all ligands did not fluctuate beyond a 2–7 Å range.",https://cdn.ncbi.nlm.nih.gov/pmc/blobs/0225/11679513/d983335cb563/pharmaceutics-16-01607-g008.jpg
PMC11679513,39771585,673088246089,fig9,Interaction diagram of hit compound 3 (CNP0086660.2) with the GLP-1 allosteric binding pocket. ( A ) Interaction of compound 3 with residues in each trajectory frame. The depth of color indicating the higher the interaction with contact residues; ( B ) the protein–ligand contacts showing the bonding interactions fraction and the nature of the interactions; ( C ) graphical 2D illustration of compound 3 interacting with the protein residues during MD simulation.,https://cdn.ncbi.nlm.nih.gov/pmc/blobs/0225/11679513/0bbd7a8a6937/pharmaceutics-16-01607-g009.jpg
PMC11679513,39771585,341649884932,fig10,Interaction diagram of hit compound 5 (CNP0039190.2) with the GLP-1 allosteric binding pocket. ( A ) Interaction of compound 5 with residues in each trajectory frame. The depth of color indicating the higher the interaction with contact residues; ( B ) the protein–ligand contacts showing the bonding interactions fraction and the nature of the interactions; ( C ) graphical 2D illustration of compound 5 interacting with the protein residues during MD simulation.,https://cdn.ncbi.nlm.nih.gov/pmc/blobs/0225/11679513/e7ad586463fb/pharmaceutics-16-01607-g010.jpg
PMC11679513,39771585,648734799876,fig11,Interaction diagram of hit compound 2 (CNP0549010.1) with the GLP-1 allosteric binding pocket. ( A ) Interaction of compound 2 with residues in each trajectory frame. The depth of color indicating the higher the interaction with contact residues; ( B ) the protein–ligand contacts showing the bonding interactions fraction and the nature of the interactions; ( C ) graphical 2D illustration of compound 2 interacting with the protein residues during MD simulation.,https://cdn.ncbi.nlm.nih.gov/pmc/blobs/0225/11679513/48e2495c4e47/pharmaceutics-16-01607-g011.jpg
PMC11679513,39771585,744811380041,fig12,"Chemical structures of identified novel scaffolds for GLP-1 positive allosteric modulation with their hit no (hits are arranged according to their XP/Docking score), Coconut ID, and XP/Docking score.",https://cdn.ncbi.nlm.nih.gov/pmc/blobs/0225/11679513/a21295542e00/pharmaceutics-16-01607-g012a.jpg;https://cdn.ncbi.nlm.nih.gov/pmc/blobs/0225/11679513/faaba5bcf1fa/pharmaceutics-16-01607-g012b.jpg;https://cdn.ncbi.nlm.nih.gov/pmc/blobs/0225/11679513/665ba6820eee/pharmaceutics-16-01607-g012c.jpg;https://cdn.ncbi.nlm.nih.gov/pmc/blobs/0225/11679513/77fd5d835a7a/pharmaceutics-16-01607-g012d.jpg;https://cdn.ncbi.nlm.nih.gov/pmc/blobs/0225/11679513/603caa935de2/pharmaceutics-16-01607-g012e.jpg
PMC11651584,39689077,633394864457,fig1,Stepwise methods of the overall study.,https://cdn.ncbi.nlm.nih.gov/pmc/blobs/7459/11651584/c8530ef93bc0/pone.0311401.g001.jpg
PMC11651584,39689077,741400648208,fig2,DFT optimized structures of the hit compounds.,https://cdn.ncbi.nlm.nih.gov/pmc/blobs/7459/11651584/e4989a2d031d/pone.0311401.g002.jpg
PMC11651584,39689077,168492963488,fig3,"Docked conformer of Viridiflorol and Alpha-Curcumene interacting in the same binding pocket of receptor protein acetylcholinesterase: (A) Zoomed pose, (B) 3D depiction of non-bonding interaction with the key amino acid residues, (C) Hydrogen bond surface area.",https://cdn.ncbi.nlm.nih.gov/pmc/blobs/7459/11651584/7b0d29d26228/pone.0311401.g003.jpg
PMC11651584,39689077,925626822881,fig4,"(A) RMSD analysis of acetylcholinesterase complexes over a 200 ns MD simulation. The RMSD values are shown for curcumene (black), galantamine (red), sterol (green), and viridifloral (blue). (B) RMSD values of ligands within the selected complexes. (C) RMSF values for the four compounds complexed with acetylcholinesterase during the 200 ns MD simulation. (D) Rg graph for the complexes of curcumene, galantamine, sterol, and viridifloral during the 200 ns MD simulation, shown in black, red, green, and blue respectively.",https://cdn.ncbi.nlm.nih.gov/pmc/blobs/7459/11651584/cf4b4f57c8bd/pone.0311401.g004.jpg
PMC11651584,39689077,908380050980,fig5,"(A) Number of hydrogen bonds contributing to the stability of the Galantamine, Sterol, and Viridifloral complexes over 100 ns. (B) Projection of Cα atoms in the essential subspace along the first two eigenvectors for the ligands Curcumene (black), Galantamine (red), Sterol (green), and Viridifloral (blue).",https://cdn.ncbi.nlm.nih.gov/pmc/blobs/7459/11651584/5c26f14bd07d/pone.0311401.g005.jpg
PMC11651584,39689077,912839257396,fig6,"Free energy landscapes of four crystal structures during 200 ns MD simulation. 2D and 3D graphs projected on the first two principal components (PC1 + PC2). Blue spots indicate the energy minima. Gibbs free energy landscape obtained during 200 ns dynamics of (A) Curcumene (B) Galantamine, (C) Sterol and (D) Viridifloral.",https://cdn.ncbi.nlm.nih.gov/pmc/blobs/7459/11651584/d6425f4c0d4f/pone.0311401.g006.jpg
PMC11651584,39689077,117411571886,fig7,"DCCM of the Cα atoms plots for 200 ns of (A) curcumene, (B) galantamine, (C) sterol, and (D) viridifloral. Positive (red) and negative (blue) correlations are determined by analyzing the relative movements of the residues. A positive correlation indicates that the residues move in the same direction, while a negative correlation indicates that they move in opposite directions. Uncorrelated movement, represented by the color white, refers to residual movement that does not have an impact on the movement of others.",https://cdn.ncbi.nlm.nih.gov/pmc/blobs/7459/11651584/567d759e1074/pone.0311401.g007.jpg
PMC11651584,39689077,352215255284,fig8,"Binding free energy plot of (A) curcumene, (B) galantamine, (C) sterol, and (D) viridifloral.",https://cdn.ncbi.nlm.nih.gov/pmc/blobs/7459/11651584/6431af36b716/pone.0311401.g008.jpg
