section_id,pmcid,pmid,topic_category,path,section_category,article_category,fig_ids,table_ids,ref_ids
371704805777,PMC12529775,38598310,Protein Structure & Enzyme Engineering,abstract,abstract,research,,,
123650632750,PMC12529775,38598310,Protein Structure & Enzyme Engineering,Introduction,introduction,research,343310464182;890955914657;924841041127,,
10084720360,PMC12529775,38598310,Protein Structure & Enzyme Engineering,Calculation Method,method,research,,,
265774323237,PMC12529775,38598310,Protein Structure & Enzyme Engineering,Calculation Method > Molecular Dynamics Simulations,method,research,,,
632430527286,PMC12529775,38598310,Protein Structure & Enzyme Engineering,Calculation Method > Conformational Search,method,research,624825210552,,
526206495448,PMC12529775,38598310,Protein Structure & Enzyme Engineering,Calculation Method > MS-VTST Rate Constants,method,research,,,
815301112869,PMC12529775,38598310,Protein Structure & Enzyme Engineering,Calculation Method > Factorization of the Catalytic Ratio,method,research,,,
15760863809,PMC12529775,38598310,Protein Structure & Enzyme Engineering,Results and Discussion,result,research,,,
170990605446,PMC12529775,38598310,Protein Structure & Enzyme Engineering,Results and Discussion > Accessible Conformers,result,research,422130045508,,
883896332768,PMC12529775,38598310,Protein Structure & Enzyme Engineering,Results and Discussion > Conformational Analysis,result,research,186649089775;637248801576,,
984204418525,PMC12529775,38598310,Protein Structure & Enzyme Engineering,Results and Discussion > Thermal Rate Constants and Catalytic Effect,result,research,366379240010,tbl1,
810583566701,PMC12529775,38598310,Protein Structure & Enzyme Engineering,Conclusions,discussion,research,,,
601867504854,PMC12529775,38598310,Protein Structure & Enzyme Engineering,Supplementary Material,other,research,,,
494184099588,PMC7617870,38996455,Protein Structure & Enzyme Engineering,abstract,abstract,research,,,
827660463245,PMC12260327,36779817,Protein Structure & Enzyme Engineering,abstract,abstract,review,,,
623197288133,PMC12260327,36779817,Protein Structure & Enzyme Engineering,INTRODUCTION,introduction,review,,,
840825655533,PMC12260327,36779817,Protein Structure & Enzyme Engineering,"SIMULATIONS OF PROTEIN FOLDING, MISFOLDING, AND AGGREGATION WITH ALL‐ATOM PHYSICS‐BASED MODELS",main,review,,,
856613474510,PMC12260327,36779817,Protein Structure & Enzyme Engineering,"FUNCTIONAL ROLE OF FOLDING INTERMEDIATE IN PROTEIN AGGREGATION, FUNCTION, AND REGULATION, CASE I: PRIONS",main,review,,,
622606289485,PMC12260327,36779817,Protein Structure & Enzyme Engineering,"FUNCTIONAL ROLE OF FOLDING INTERMEDIATE IN PROTEIN AGGREGATION, FUNCTION AND REGULATION, CASE II : SERPINS",main,review,848414316680,,
596810890265,PMC12260327,36779817,Protein Structure & Enzyme Engineering,FUNCTIONAL FOLDING INTERMEDIATES AND PTMs,main,review,,,
345386320243,PMC12260327,36779817,Protein Structure & Enzyme Engineering,PHARMACOLOGICAL VALUE OF TARGETING FOLDING INTERMEDIATES,main,review,276824168000,,
809505415088,PMC12260327,36779817,Protein Structure & Enzyme Engineering,CONCLUSIONS,discussion,review,,,
556535256873,PMC12260327,36779817,Protein Structure & Enzyme Engineering,CONFLICT OF INTEREST,main,review,,,
798563561586,PMC12406528,40919504,Protein Structure & Enzyme Engineering,abstract,abstract,review,,,
615167242860,PMC12406528,40919504,Protein Structure & Enzyme Engineering,Introduction,introduction,review,,,
476341847925,PMC12406528,40919504,Protein Structure & Enzyme Engineering,Measuring stability,main,review,81051211637,,
388327407769,PMC12406528,40919504,Protein Structure & Enzyme Engineering,Calorimetry measures global unfolding,main,review,,,
178502699125,PMC12406528,40919504,Protein Structure & Enzyme Engineering,Stability in dilute solution,main,review,,,
510073772505,PMC12406528,40919504,Protein Structure & Enzyme Engineering,Osmolytes and monomers of synthetic polymers,main,review,,,
924440442890,PMC12406528,40919504,Protein Structure & Enzyme Engineering,Synthetic polymers,main,review,,,
902346559731,PMC12406528,40919504,Protein Structure & Enzyme Engineering,Protein crowders and in-cell efforts,main,review,,,
729239796215,PMC12406528,40919504,Protein Structure & Enzyme Engineering,What's next,main,review,,,
14529613148,PMC12406528,40919504,Protein Structure & Enzyme Engineering,CRediT authorship contribution statement,main,review,,,
206770118524,PMC12406528,40919504,Protein Structure & Enzyme Engineering,Declaration of competing interest,main,review,,,
419081905306,PMC11725786,39739814,Protein Structure & Enzyme Engineering,abstract,abstract,research,,,
829784671481,PMC11725786,39739814,Protein Structure & Enzyme Engineering,Results,result,research,,,
166543899008,PMC11725786,39739814,Protein Structure & Enzyme Engineering,Results > Identification of MALT1 as a Modulator of GPX4 Protein.,result,research,889192632976,,
777673140066,PMC11725786,39739814,Protein Structure & Enzyme Engineering,Results > MALT1 Stabilizes GPX4 through Cleavage of E3 Ubiquitin Ligase RC3H1.,result,research,83030601360,,
152107675544,PMC11725786,39739814,Protein Structure & Enzyme Engineering,Results > MALT1 Inhibition Triggers Ferroptosis in Liver Cancer Cells.,result,research,756397226797,,
576588796742,PMC11725786,39739814,Protein Structure & Enzyme Engineering,Results > MALT1 Inhibitor Down-Regulates GPX4 through Ubiquitination-Mediated Degradation via RC3H1.,result,research,305162515488,,
88266538657,PMC11725786,39739814,Protein Structure & Enzyme Engineering,Results > MALT1 Inhibition Is Synergistic with Sorafenib or Regorafenib.,result,research,409607464568,,
856859672327,PMC11725786,39739814,Protein Structure & Enzyme Engineering,Discussion,discussion,research,,,
296351660651,PMC11725786,39739814,Protein Structure & Enzyme Engineering,Materials and Methods,method,research,,,
136503309076,PMC11725786,39739814,Protein Structure & Enzyme Engineering,Materials and Methods > Human Cell Lines and Culture Conditions.,method,research,,,
466088867207,PMC11725786,39739814,Protein Structure & Enzyme Engineering,Materials and Methods > Compounds and Antibodies.,method,research,,,
654180207999,PMC11725786,39739814,Protein Structure & Enzyme Engineering,Materials and Methods > FACS-Based CRISPR-Cas9 Screening.,method,research,,,
322290688400,PMC11725786,39739814,Protein Structure & Enzyme Engineering,Materials and Methods > Established Stable Cells.,method,research,,,
370056472358,PMC11725786,39739814,Protein Structure & Enzyme Engineering,Materials and Methods > qRT-PCR.,method,research,,,
504735716614,PMC11725786,39739814,Protein Structure & Enzyme Engineering,Materials and Methods > Western Blotting.,method,research,,,
726418687189,PMC11725786,39739814,Protein Structure & Enzyme Engineering,Materials and Methods > Proteomic Analysis.,method,research,,,
337462856082,PMC11725786,39739814,Protein Structure & Enzyme Engineering,Materials and Methods > Ubiquitination Assay.,method,research,,,
456358233391,PMC11725786,39739814,Protein Structure & Enzyme Engineering,Materials and Methods > Coimmunoprecipitation.,method,research,,,
788608672134,PMC11725786,39739814,Protein Structure & Enzyme Engineering,Materials and Methods > Compound Screens.,method,research,,,
325216615243,PMC11725786,39739814,Protein Structure & Enzyme Engineering,Materials and Methods > Long-Term Cell Proliferation Assay.,method,research,,,
897002031486,PMC11725786,39739814,Protein Structure & Enzyme Engineering,Materials and Methods > Transmission Electron Microscopy.,method,research,,,
345689655748,PMC11725786,39739814,Protein Structure & Enzyme Engineering,Materials and Methods > Lipid Peroxidation Assessment.,method,research,,,
189557570196,PMC11725786,39739814,Protein Structure & Enzyme Engineering,Materials and Methods > Xenografts.,method,research,,,
447316997451,PMC11725786,39739814,Protein Structure & Enzyme Engineering,Materials and Methods > CRISPR-Cas9 Genetic Screens.,method,research,,,
234378459274,PMC11725786,39739814,Protein Structure & Enzyme Engineering,Materials and Methods > CellTitle-Blue Cell Viability Assay.,method,research,,,
880729129983,PMC11725786,39739814,Protein Structure & Enzyme Engineering,Materials and Methods > Tissue Microarray and Scoring.,method,research,,,
985434018242,PMC11725786,39739814,Protein Structure & Enzyme Engineering,Materials and Methods > Generation of Liver Cancer Organoid.,method,research,,,
616357030002,PMC11725786,39739814,Protein Structure & Enzyme Engineering,Materials and Methods > Immunohistochemical Staining.,method,research,,,
314523679144,PMC11725786,39739814,Protein Structure & Enzyme Engineering,Materials and Methods > Statistics.,method,research,,,
659659645658,PMC11725786,39739814,Protein Structure & Enzyme Engineering,Supplementary Material,other,research,,,
684697127332,PMC11815676,39742998,Protein Structure & Enzyme Engineering,abstract,abstract,research,,,
644604726615,PMC11815676,39742998,Protein Structure & Enzyme Engineering,Results,result,research,,,
41868175530,PMC11815676,39742998,Protein Structure & Enzyme Engineering,Results > H80 and E166 are essential for RNase J2 activity,result,research,391864557279,,
13470595338,PMC11815676,39742998,Protein Structure & Enzyme Engineering,Results > Impact of the protonation state of H80 on RNase J2 activity,result,research,,,
474789164739,PMC11815676,39742998,Protein Structure & Enzyme Engineering,Results > Influence of the active site dynamics on RNase J2 activity,result,research,285615816132,,
104882240749,PMC11815676,39742998,Protein Structure & Enzyme Engineering,Results > Multiple residues can serve as a Lewis acid or base in RNase J2,result,research,710885609451,,
179136673881,PMC11815676,39742998,Protein Structure & Enzyme Engineering,Results > A structural role for the metal cofactor in RNase J2,result,research,,tbl1,
238717043456,PMC11815676,39742998,Protein Structure & Enzyme Engineering,Results > The metal cofactor M B tethers interdomain movement in RNase J2,result,research,275635876383,,
430333451114,PMC11815676,39742998,Protein Structure & Enzyme Engineering,Results > Catalytically important water molecules at the active site,result,research,81931174572;872636412858,,
397155940598,PMC11815676,39742998,Protein Structure & Enzyme Engineering,Discussion,discussion,research,,,
82209200831,PMC11815676,39742998,Protein Structure & Enzyme Engineering,Method,method,research,,,
797603554987,PMC11815676,39742998,Protein Structure & Enzyme Engineering,Method > Protein purification and crystallization,method,research,,,
61683508008,PMC11815676,39742998,Protein Structure & Enzyme Engineering,Method > Data collection and structure determination,method,research,,,
231229190614,PMC11815676,39742998,Protein Structure & Enzyme Engineering,Method > Estimation of the protonation state of histidine from high-resolution crystal structures,method,research,,,
979264909565,PMC11815676,39742998,Protein Structure & Enzyme Engineering,Method > RT-FeDEx assay for RNase J2 and its mutants,method,research,,,
464565276651,PMC11815676,39742998,Protein Structure & Enzyme Engineering,Method > Cloning of rnjB mutants for transformation in a rnjB deletion strain,method,research,,,
118951099115,PMC11815676,39742998,Protein Structure & Enzyme Engineering,Method > Hemolysis assay,method,research,,,
318555041112,PMC11815676,39742998,Protein Structure & Enzyme Engineering,Method > Bacterial RNA isolation and relative expression of genes by RT-qPCR,method,research,,,
8707807638,PMC11815676,39742998,Protein Structure & Enzyme Engineering,Method > Quantum mechanics/molecular mechanics (QM/MM),method,research,,,
463544349407,PMC11815676,39742998,Protein Structure & Enzyme Engineering,Method > Quantum mechanics/molecular mechanics (QM/MM) > Input files,method,research,,,
491659789877,PMC11815676,39742998,Protein Structure & Enzyme Engineering,Method > Quantum mechanics/molecular mechanics (QM/MM) > MD simulations,method,research,,,
134411993847,PMC11815676,39742998,Protein Structure & Enzyme Engineering,Method > Quantum mechanics/molecular mechanics (QM/MM) > QM/MM minimization,method,research,,,
442115769614,PMC11815676,39742998,Protein Structure & Enzyme Engineering,Data availability,other,research,,,
915406819872,PMC11815676,39742998,Protein Structure & Enzyme Engineering,Supporting information,other,research,,,
287652758101,PMC11815676,39742998,Protein Structure & Enzyme Engineering,Conflict of interest,other,research,,,
354690543485,PMC11725872,39793047,Protein Structure & Enzyme Engineering,abstract,abstract,research,,,
103798666325,PMC11725872,39793047,Protein Structure & Enzyme Engineering,Results and Discussion,result,research,,,
818274859876,PMC11725872,39793047,Protein Structure & Enzyme Engineering,Results and Discussion > Engineered Linked TRAP Dimers (dTRAP) Enable Control Over Nearest-Neighbor Configurations.,result,research,,,
630020247442,PMC11725872,39793047,Protein Structure & Enzyme Engineering,Results and Discussion > Aha dTRAP Retains Native Oligomeric Structure and Strong Cooperativity in Trp Binding.,result,research,752824357686,,
706197021761,PMC11725872,39793047,Protein Structure & Enzyme Engineering,Results and Discussion > Eliminating NN Interactions Impairs Trp Binding.,result,research,215964148948,,
815260218068,PMC11725872,39793047,Protein Structure & Enzyme Engineering,Results and Discussion > Cryo-EM Single Particle Reconstruction of dTRAP WT-WT and WT-Mut Constructs.,result,research,213098102257;232739649958,,
612112697255,PMC11725872,39793047,Protein Structure & Enzyme Engineering,Results and Discussion > Map Differences Correspond Primarily to the Trp Binding Loops.,result,research,,,
386080328972,PMC11725872,39793047,Protein Structure & Enzyme Engineering,Results and Discussion > Ligand Binding Induces Increased Order at Neighboring Sites.,result,research,,,
176378598696,PMC11725872,39793047,Protein Structure & Enzyme Engineering,Conclusions,discussion,research,139926982386,,
706019812169,PMC11725872,39793047,Protein Structure & Enzyme Engineering,Methods,method,research,,,
7106472025,PMC11725872,39793047,Protein Structure & Enzyme Engineering,Methods > Preparation of Linked Aha TRAP Variants (dTRAP).,method,research,,,
347871085329,PMC11725872,39793047,Protein Structure & Enzyme Engineering,Methods > Concentration of Components.,method,research,,,
800234016348,PMC11725872,39793047,Protein Structure & Enzyme Engineering,Methods > CD.,method,research,,,
633663432874,PMC11725872,39793047,Protein Structure & Enzyme Engineering,Methods > ITC.,method,research,,,
759646406555,PMC11725872,39793047,Protein Structure & Enzyme Engineering,Methods > TROSY-HSQC NMR Spectra of Aha TRAP and dTRAP Variants.,method,research,,,
541832921972,PMC11725872,39793047,Protein Structure & Enzyme Engineering,Methods > dTRAP Structure Modeling and Prediction.,method,research,,,
205252332626,PMC11725872,39793047,Protein Structure & Enzyme Engineering,Methods > RNA Filter Binding Assay.,method,research,,,
931708473309,PMC11725872,39793047,Protein Structure & Enzyme Engineering,Methods > Native Mass Spectrometry (nMS).,method,research,,,
749406771141,PMC11725872,39793047,Protein Structure & Enzyme Engineering,Methods > Cryo-EM Sample Preparation.,method,research,,,
851591261623,PMC11725872,39793047,Protein Structure & Enzyme Engineering,Methods > Cryo-EM Data Collection.,method,research,,,
27858075971,PMC11725872,39793047,Protein Structure & Enzyme Engineering,Methods > Cryo-EM Data Processing.,method,research,,,
798321631798,PMC11725872,39793047,Protein Structure & Enzyme Engineering,Methods > Cryo-EM Model Building.,method,research,,,
780606198110,PMC11725872,39793047,Protein Structure & Enzyme Engineering,Supplementary Material,other,research,,,
157910173314,PMC11720212,39795995,Protein Structure & Enzyme Engineering,abstract,abstract,research,,,
552527024029,PMC11720212,39795995,Protein Structure & Enzyme Engineering,1. Introduction,introduction,research,,,
508943127894,PMC11720212,39795995,Protein Structure & Enzyme Engineering,2. Results,result,research,,,
536584663452,PMC11720212,39795995,Protein Structure & Enzyme Engineering,2. Results > 2.1. The Productivity of the Fusion Protein R31 Needs to Be Enhanced,result,research,,,
788784443288,PMC11720212,39795995,Protein Structure & Enzyme Engineering,"2. Results > 2.2. The Productivity of R31 Was Improved by Incorporating an Additional Disulfide Bond, V231C/Y250C",result,research,,,
502769353657,PMC11720212,39795995,Protein Structure & Enzyme Engineering,2. Results > 2.3. The Fusion Protein R31-G176K-V231C/Y250C Exhibited Improved Productivity and Thermal Stability,result,research,,,
817744396789,PMC11720212,39795995,Protein Structure & Enzyme Engineering,2. Results > 2.4. The Fusion Protein R31-G176K-V231C/Y250C Showed Increased Anti-Fibrotic Activity,result,research,,,
114591425277,PMC11720212,39795995,Protein Structure & Enzyme Engineering,3. Discussion,discussion,research,,,
941160184416,PMC11720212,39795995,Protein Structure & Enzyme Engineering,4. Materials and Methods,method,research,,,
538639233494,PMC11720212,39795995,Protein Structure & Enzyme Engineering,4. Materials and Methods > 4.1. Animals,method,research,,,
114218560634,PMC11720212,39795995,Protein Structure & Enzyme Engineering,4. Materials and Methods > 4.2. Expression and Purification of Fusion Proteins,method,research,,,
26193633189,PMC11720212,39795995,Protein Structure & Enzyme Engineering,4. Materials and Methods > 4.3. SDS-PAGE and Western Blot Analysis,method,research,,,
493393589573,PMC11720212,39795995,Protein Structure & Enzyme Engineering,4. Materials and Methods > 4.4. Computational Analysis of Residue Interactions,method,research,,,
920489000659,PMC11720212,39795995,Protein Structure & Enzyme Engineering,4. Materials and Methods > 4.5. Protein Thermal Shift (PTS) Assay,method,research,,,
209081396984,PMC11720212,39795995,Protein Structure & Enzyme Engineering,4. Materials and Methods > 4.6. Isolation of Mouse Hepatic Stellate Cells (HSCs),method,research,,,
765614834717,PMC11720212,39795995,Protein Structure & Enzyme Engineering,4. Materials and Methods > 4.7. Quantitative Real-Time PCR,method,research,,,
479705299579,PMC11720212,39795995,Protein Structure & Enzyme Engineering,4. Materials and Methods > 4.8. Statistical Analysis,method,research,,,
617004237802,PMC11720212,39795995,Protein Structure & Enzyme Engineering,5. Conclusions,discussion,research,,,
321328664537,PMC11720212,39795995,Protein Structure & Enzyme Engineering,6. Patents,other,research,,,
810931773726,PMC11685842,39744096,Protein Structure & Enzyme Engineering,abstract,abstract,review,,,
67193640646,PMC11685842,39744096,Protein Structure & Enzyme Engineering,INTRODUCTION,introduction,review,,,
176880564677,PMC11685842,39744096,Protein Structure & Enzyme Engineering,KNOWLEDGE ALIGNMENT: PROTEIN ENGINEERING AND DEEP LEARNING,main,review,,,
560850774118,PMC11685842,39744096,Protein Structure & Enzyme Engineering,KNOWLEDGE ALIGNMENT: PROTEIN ENGINEERING AND DEEP LEARNING > The central dogma of protein engineering,main,review,794337632060,,
287055801834,PMC11685842,39744096,Protein Structure & Enzyme Engineering,KNOWLEDGE ALIGNMENT: PROTEIN ENGINEERING AND DEEP LEARNING > Numerical characterization of proteins,main,review,,,
124214697681,PMC11685842,39744096,Protein Structure & Enzyme Engineering,KNOWLEDGE ALIGNMENT: PROTEIN ENGINEERING AND DEEP LEARNING > Numerical characterization of proteins > Sequence,main,review,,,
968927830182,PMC11685842,39744096,Protein Structure & Enzyme Engineering,KNOWLEDGE ALIGNMENT: PROTEIN ENGINEERING AND DEEP LEARNING > Numerical characterization of proteins > Structure,main,review,,,
507986296354,PMC11685842,39744096,Protein Structure & Enzyme Engineering,KNOWLEDGE ALIGNMENT: PROTEIN ENGINEERING AND DEEP LEARNING > Numerical characterization of proteins > Molecular properties,main,review,,,
360218757842,PMC11685842,39744096,Protein Structure & Enzyme Engineering,PROTEIN REPRESENTATION LEARNING,main,review,,,
920443166383,PMC11685842,39744096,Protein Structure & Enzyme Engineering,PROTEIN REPRESENTATION LEARNING > Protein sequence encoding with language models,main,review,,,
795899162395,PMC11685842,39744096,Protein Structure & Enzyme Engineering,PROTEIN REPRESENTATION LEARNING > Protein sequence encoding with language models > Encoder‐only models,main,review,266500137035,,
930093518128,PMC11685842,39744096,Protein Structure & Enzyme Engineering,PROTEIN REPRESENTATION LEARNING > Protein sequence encoding with language models > Decoder‐only models,main,review,,,
97484732953,PMC11685842,39744096,Protein Structure & Enzyme Engineering,PROTEIN REPRESENTATION LEARNING > Protein sequence encoding with language models > Encoder‐decoder models,main,review,,,
822904582938,PMC11685842,39744096,Protein Structure & Enzyme Engineering,PROTEIN REPRESENTATION LEARNING > Protein structure encoding with geometric deep learning,main,review,574908976639,,
356368361603,PMC11685842,39744096,Protein Structure & Enzyme Engineering,PROTEIN REPRESENTATION LEARNING > Protein structure encoding with geometric deep learning > Neural message passing,main,review,,,
855772501580,PMC11685842,39744096,Protein Structure & Enzyme Engineering,PROTEIN REPRESENTATION LEARNING > Protein structure encoding with geometric deep learning > CNNs,main,review,,,
840182508469,PMC11685842,39744096,Protein Structure & Enzyme Engineering,PROTEIN REPRESENTATION LEARNING > Protein multimodal and multiscale joint encoding,main,review,,,
47310714285,PMC11685842,39744096,Protein Structure & Enzyme Engineering,BENCHMARKS ON THE DOWNSTREAM TASKS,main,review,,mlf212157-tbl-0001,
158651158410,PMC11685842,39744096,Protein Structure & Enzyme Engineering,BENCHMARKS ON THE DOWNSTREAM TASKS > General benchmark,main,review,,,
59732920098,PMC11685842,39744096,Protein Structure & Enzyme Engineering,BENCHMARKS ON THE DOWNSTREAM TASKS > Mutation effect prediction,main,review,,,
606339136546,PMC11685842,39744096,Protein Structure & Enzyme Engineering,BENCHMARKS ON THE DOWNSTREAM TASKS > Structural homology detection,main,review,,,
201149199705,PMC11685842,39744096,Protein Structure & Enzyme Engineering,BENCHMARKS ON THE DOWNSTREAM TASKS > Function prediction,main,review,,,
979878274914,PMC11685842,39744096,Protein Structure & Enzyme Engineering,BENCHMARKS ON THE DOWNSTREAM TASKS > Function prediction > Solubility prediction,main,review,,,
995986076642,PMC11685842,39744096,Protein Structure & Enzyme Engineering,BENCHMARKS ON THE DOWNSTREAM TASKS > Function prediction > Localization prediction,main,review,,,
86765302827,PMC11685842,39744096,Protein Structure & Enzyme Engineering,BENCHMARKS ON THE DOWNSTREAM TASKS > Function prediction > Annotation prediction,main,review,,,
145211823500,PMC11685842,39744096,Protein Structure & Enzyme Engineering,BENCHMARKS ON THE DOWNSTREAM TASKS > Protein binding,main,review,,,
763860279341,PMC11685842,39744096,Protein Structure & Enzyme Engineering,BENCHMARKS ON THE DOWNSTREAM TASKS > Protein binding > Compound–protein interaction,main,review,,,
870203421691,PMC11685842,39744096,Protein Structure & Enzyme Engineering,BENCHMARKS ON THE DOWNSTREAM TASKS > Protein binding > Protein–protein interaction,main,review,,,
189744598667,PMC11685842,39744096,Protein Structure & Enzyme Engineering,CONCLUDING REMARKS,discussion,review,,,
702985483099,PMC11685841,39744090,Protein Structure & Enzyme Engineering,abstract,abstract,research,,,
200882346912,PMC11685841,39744090,Protein Structure & Enzyme Engineering,INTRODUCTION,introduction,research,,,
691146596932,PMC11685841,39744090,Protein Structure & Enzyme Engineering,RESULTS,result,research,,,
653696909620,PMC11685841,39744090,Protein Structure & Enzyme Engineering,RESULTS > Efficient combination of multiple mutations guided by the fine‐tuned model,result,research,282875172603;421647246113;564846073807,,
37149863091,PMC11685841,39744090,Protein Structure & Enzyme Engineering,RESULTS > Thermodynamic and kinetic stability of the best‐stabilized variant,result,research,,mlf212151-tbl-0001,
395873640667,PMC11685841,39744090,Protein Structure & Enzyme Engineering,RESULTS > Molecular mechanisms underlying higher thermostability of 13M4,result,research,226769452598;723885884985,,
935602224889,PMC11685841,39744090,Protein Structure & Enzyme Engineering,RESULTS > Epistatic effects of mutations captured by the fine‐tuned Pro‐PRIME model,result,research,376379813061,,
418109849672,PMC11685841,39744090,Protein Structure & Enzyme Engineering,DISCUSSION,discussion,research,,,
257136291402,PMC11685841,39744090,Protein Structure & Enzyme Engineering,MATERIALS AND METHODS,method,research,,,
261686221201,PMC11685841,39744090,Protein Structure & Enzyme Engineering,MATERIALS AND METHODS > Materials,method,research,,,
496758466227,PMC11685841,39744090,Protein Structure & Enzyme Engineering,MATERIALS AND METHODS > Protein expression and purification,method,research,,,
82829731943,PMC11685841,39744090,Protein Structure & Enzyme Engineering,MATERIALS AND METHODS > Activity assay,method,research,,,
569406697663,PMC11685841,39744090,Protein Structure & Enzyme Engineering,MATERIALS AND METHODS > Thermodynamic stability analysis,method,research,,,
99253200301,PMC11685841,39744090,Protein Structure & Enzyme Engineering,MATERIALS AND METHODS > Kinetic stability analysis,method,research,,,
506253507840,PMC11685841,39744090,Protein Structure & Enzyme Engineering,MATERIALS AND METHODS > Kinetic parameters,method,research,,,
225773891764,PMC11685841,39744090,Protein Structure & Enzyme Engineering,MATERIALS AND METHODS > Fine‐tuning of the Pro‐PRIME,method,research,,,
540567582265,PMC11685841,39744090,Protein Structure & Enzyme Engineering,MATERIALS AND METHODS > Molecular dynamics simulations,method,research,,,
30140874660,PMC11685841,39744090,Protein Structure & Enzyme Engineering,MATERIALS AND METHODS > Dynamics cross‐correlation matrix,method,research,,,
979031151052,PMC11685841,39744090,Protein Structure & Enzyme Engineering,AUTHOR CONTRIBUTIONS,other,research,,,
611884590847,PMC11685841,39744090,Protein Structure & Enzyme Engineering,ETHICS STATEMENT,other,research,,,
944870044967,PMC11685841,39744090,Protein Structure & Enzyme Engineering,CONFLICT OF INTERESTS,other,research,,,
451102255038,PMC11685841,39744090,Protein Structure & Enzyme Engineering,Supporting information,other,research,,,
711108396947,PMC11791315,39725033,Protein Structure & Enzyme Engineering,abstract,abstract,research,,,
106989498120,PMC11791315,39725033,Protein Structure & Enzyme Engineering,Results,result,research,,,
27029793849,PMC11791315,39725033,Protein Structure & Enzyme Engineering,Results > Impact of an SSA analog on the thermostability of SF3B1 in nuclear extract,result,research,920743619482,,
620224719347,PMC11791315,39725033,Protein Structure & Enzyme Engineering,Results > An unknown factor affects SF3B1 thermostability in some nuclear extract preparations,result,research,515044391345;720955001381,,
635375735786,PMC11791315,39725033,Protein Structure & Enzyme Engineering,Results > Modulation of SF3B1 stability by other natural product scaffolds,result,research,193544203989,,
431996044466,PMC11791315,39725033,Protein Structure & Enzyme Engineering,Results > WX-02-23 shifts SF3B1 thermostability and inhibits pre-mRNA splicing in vitro,result,research,43883393544;335025462873,,
544632196931,PMC11791315,39725033,Protein Structure & Enzyme Engineering,Discussion,discussion,research,,,
7542378971,PMC11791315,39725033,Protein Structure & Enzyme Engineering,Discussion > SF3B1 thermostability and natural product splicing inhibitors,discussion,research,,,
510701165471,PMC11791315,39725033,Protein Structure & Enzyme Engineering,Discussion > A new SF3B1 splicing inhibitor,discussion,research,,,
392687184955,PMC11791315,39725033,Protein Structure & Enzyme Engineering,Method,method,research,,,
556398874595,PMC11791315,39725033,Protein Structure & Enzyme Engineering,Method > SF3B1 inhibitors,method,research,,,
931339231193,PMC11791315,39725033,Protein Structure & Enzyme Engineering,Method > HeLa nuclear extract preparation,method,research,,,
371105234953,PMC11791315,39725033,Protein Structure & Enzyme Engineering,Method > Thermal shift assay,method,research,,,
83766315317,PMC11791315,39725033,Protein Structure & Enzyme Engineering,Method > Dot blots,method,research,,,
568786061955,PMC11791315,39725033,Protein Structure & Enzyme Engineering,Method > Western blot,method,research,,,
638638039004,PMC11791315,39725033,Protein Structure & Enzyme Engineering,Method > In vitro splicing assays,method,research,,,
838191511799,PMC11791315,39725033,Protein Structure & Enzyme Engineering,Method > Native gel analysis,method,research,,,
195873951708,PMC11791315,39725033,Protein Structure & Enzyme Engineering,Data availability,other,research,,,
813581812764,PMC11791315,39725033,Protein Structure & Enzyme Engineering,Conflict of interest,other,research,,,
954701574080,PMC11720324,39795912,Protein Structure & Enzyme Engineering,abstract,abstract,review,,,
971787759233,PMC11720324,39795912,Protein Structure & Enzyme Engineering,1. Introduction,introduction,review,,,
473597627661,PMC11720324,39795912,Protein Structure & Enzyme Engineering,2. New Framework for the Relationship Between Protein Folding and Aggregation,main,review,,,
115968533099,PMC11720324,39795912,Protein Structure & Enzyme Engineering,3. Relationship Between Misfolding and Aggregation,main,review,,,
379240581119,PMC11720324,39795912,Protein Structure & Enzyme Engineering,4. Relationship Between Anfinsen’s Thermodynamic Hypothesis and Aggregation,main,review,,,
916731374511,PMC11720324,39795912,Protein Structure & Enzyme Engineering,5. Relationship Between Molecular Chaperones and Aggregation,main,review,,,
862620214215,PMC11720324,39795912,Protein Structure & Enzyme Engineering,5. Relationship Between Molecular Chaperones and Aggregation > 5.1. Independence Between Direct and Indirect Protein Folding Assistance of Molecular Chaperones,main,review,,,
687960532906,PMC11720324,39795912,Protein Structure & Enzyme Engineering,5. Relationship Between Molecular Chaperones and Aggregation > 5.2. GroEL/ES Chamber: Delineating Independence Between Protein Folding and Aggregation,main,review,,,
953355594874,PMC11720324,39795912,Protein Structure & Enzyme Engineering,5. Relationship Between Molecular Chaperones and Aggregation > 5.3. Overlooked Aspects of the Complex Cellular Milieu in the Molecular Chaperone Concept,main,review,,,
533490818827,PMC11720324,39795912,Protein Structure & Enzyme Engineering,6. Generic Intrinsic Chaperone-like Activities of Cellular Macromolecules: Their Independent Effects on Protein Folding and Aggregation,main,review,,,
510198710429,PMC11720324,39795912,Protein Structure & Enzyme Engineering,6. Generic Intrinsic Chaperone-like Activities of Cellular Macromolecules: Their Independent Effects on Protein Folding and Aggregation > 6.1. Independent Effects of Macromolecular Tethering on Protein Folding and Aggregation,main,review,,,
313916438527,PMC11720324,39795912,Protein Structure & Enzyme Engineering,6. Generic Intrinsic Chaperone-like Activities of Cellular Macromolecules: Their Independent Effects on Protein Folding and Aggregation > 6.2. Biological Relevance and Significance of Protein Fusion Approaches,main,review,,,
428349569048,PMC11720324,39795912,Protein Structure & Enzyme Engineering,6. Generic Intrinsic Chaperone-like Activities of Cellular Macromolecules: Their Independent Effects on Protein Folding and Aggregation > 6.3. Artificial Chaperone System: Conversion of a Soluble Protein into a Potent Chaperone,main,review,,,
358793233073,PMC11720324,39795912,Protein Structure & Enzyme Engineering,7. Aggregation Inhibition by Structure-Destabilizing Intermolecular Repulsive Forces,main,review,,,
168325563073,PMC11720324,39795912,Protein Structure & Enzyme Engineering,7. Aggregation Inhibition by Structure-Destabilizing Intermolecular Repulsive Forces > 7.1. Pitfalls of Modern Protein Science,main,review,,,
42284790660,PMC11720324,39795912,Protein Structure & Enzyme Engineering,7. Aggregation Inhibition by Structure-Destabilizing Intermolecular Repulsive Forces > 7.2. Structure-Destabilizing Intermolecular Repulsive Forces in Protein Folding,main,review,,,
997616661688,PMC11720324,39795912,Protein Structure & Enzyme Engineering,7. Aggregation Inhibition by Structure-Destabilizing Intermolecular Repulsive Forces > 7.3. Role of Intermolecular Repulsive Forces in Aggregation Inhibition,main,review,,,
173353114441,PMC11720324,39795912,Protein Structure & Enzyme Engineering,7. Aggregation Inhibition by Structure-Destabilizing Intermolecular Repulsive Forces > 7.4. The Role of Intermolecular Repulsive Forces in the Substrate Stabilization by Molecular Chaperones,main,review,,,
894881763152,PMC11720324,39795912,Protein Structure & Enzyme Engineering,8. Metastability Revisited Through the New Framework,main,review,,,
170457381432,PMC11720324,39795912,Protein Structure & Enzyme Engineering,8. Metastability Revisited Through the New Framework > 8.1. Strategies for Decreasing the Effective Concentration of Shared Aggregation Monomers,main,review,,,
211990284419,PMC11720324,39795912,Protein Structure & Enzyme Engineering,8. Metastability Revisited Through the New Framework > 8.2. Thermodynamic Destabilization of Aggregates by Physical Linkage of Cellular Macromolecules,main,review,,,
188196162256,PMC11720324,39795912,Protein Structure & Enzyme Engineering,9. Applications of the New Framework to Therapeutic Interventions for Proteinopathies,main,review,,,
8001949429,PMC11720324,39795912,Protein Structure & Enzyme Engineering,9. Applications of the New Framework to Therapeutic Interventions for Proteinopathies > 9.1. Targeting Cellular Macromolecules as Drug Candidates in Proteinopathies,main,review,,,
69516667006,PMC11720324,39795912,Protein Structure & Enzyme Engineering,9. Applications of the New Framework to Therapeutic Interventions for Proteinopathies > 9.2. Cellular Macromolecules as Native Interactors: Promising Drug Targets in Proteinopathies,main,review,,,
138863971012,PMC11720324,39795912,Protein Structure & Enzyme Engineering,10. Conclusions and Future Perspectives,discussion,review,,,
52158997796,PMC11685837,39744088,Protein Structure & Enzyme Engineering,abstract,abstract,research,,,
173330369235,PMC11685837,39744088,Protein Structure & Enzyme Engineering,AUTHOR CONTRIBUTIONS,other,research,,,
985459550278,PMC11685837,39744088,Protein Structure & Enzyme Engineering,ETHICS STATEMENT,other,research,,,
746248122338,PMC11685837,39744088,Protein Structure & Enzyme Engineering,CONFLICT OF INTERESTS,other,research,,,
71283308934,PMC11685837,39744088,Protein Structure & Enzyme Engineering,Supporting information,other,research,,,
713199968924,PMC11677154,39770093,Protein Structure & Enzyme Engineering,abstract,abstract,research,,,
162485030245,PMC11677154,39770093,Protein Structure & Enzyme Engineering,1. Introduction,introduction,research,,,
982819628412,PMC11677154,39770093,Protein Structure & Enzyme Engineering,2. Results and Discussion,result,research,,,
218399355384,PMC11677154,39770093,Protein Structure & Enzyme Engineering,2. Results and Discussion > 2.1. Synthesis Pathway of EGT in L. edodes,result,research,19818143218,,
967420530436,PMC11677154,39770093,Protein Structure & Enzyme Engineering,2. Results and Discussion > 2.2. The Enzymatic Catalytic Mechanism of Egt1 and Egt2,result,research,,,
324670253561,PMC11677154,39770093,Protein Structure & Enzyme Engineering,3. Materials and Methods,method,research,,,
550762996110,PMC11677154,39770093,Protein Structure & Enzyme Engineering,3. Materials and Methods > 3.1. Heterologous Expression Protein in Escherichia coli,method,research,,,
716294799606,PMC11677154,39770093,Protein Structure & Enzyme Engineering,3. Materials and Methods > 3.2. Detection of EGT,method,research,,,
582941036111,PMC11677154,39770093,Protein Structure & Enzyme Engineering,3. Materials and Methods > 3.3. Molecular Docking,method,research,,,
977969363283,PMC11677154,39770093,Protein Structure & Enzyme Engineering,3. Materials and Methods > 3.4. Molecular Dynamics,method,research,,,
868259071224,PMC11677154,39770093,Protein Structure & Enzyme Engineering,4. Conclusions,discussion,research,,,
404835991954,PMC11728184,39769378,Protein Structure & Enzyme Engineering,abstract,abstract,research,,,
544606254921,PMC11728184,39769378,Protein Structure & Enzyme Engineering,1. Introduction,introduction,research,,,
158334142990,PMC11728184,39769378,Protein Structure & Enzyme Engineering,2. Results,result,research,,,
983116887470,PMC11728184,39769378,Protein Structure & Enzyme Engineering,2. Results > 2.1. Identification of Active Sunflower LTR Retrotransposons by Nanopore Sequencing of Extrachromosomal Circular DNA (eccDNA),result,research,,,
166891575273,PMC11728184,39769378,Protein Structure & Enzyme Engineering,2. Results > 2.2. Phylogenetic Analysis of the Active Sunflower RTEs,result,research,,,
378502449716,PMC11728184,39769378,Protein Structure & Enzyme Engineering,2. Results > 2.3. Insertional Landscape of Active RTEs in Sunflower Cultivars,result,research,,,
400665366574,PMC11728184,39769378,Protein Structure & Enzyme Engineering,2. Results > 2.4. Comparative Analysis of Integrase and Chromodomain Sequences of Active Tekay RTEs,result,research,,,
665245565131,PMC11728184,39769378,Protein Structure & Enzyme Engineering,2. Results > 2.5. Structural Features’ Additional RTE Proteins,result,research,,,
863156992852,PMC11728184,39769378,Protein Structure & Enzyme Engineering,3. Discussion,discussion,research,,,
520934915062,PMC11728184,39769378,Protein Structure & Enzyme Engineering,4. Materials and Methods,method,research,,,
329482542520,PMC11728184,39769378,Protein Structure & Enzyme Engineering,4. Materials and Methods > 4.1. Plant Material,method,research,,,
309813115239,PMC11728184,39769378,Protein Structure & Enzyme Engineering,4. Materials and Methods > 4.2. Seed Sterilization and In Vitro Growth Conditions,method,research,,,
245988817098,PMC11728184,39769378,Protein Structure & Enzyme Engineering,4. Materials and Methods > 4.3. Chemical and Stress Treatment,method,research,,,
476024274698,PMC11728184,39769378,Protein Structure & Enzyme Engineering,4. Materials and Methods > 4.4. DNA Isolation,method,research,,,
662732084662,PMC11728184,39769378,Protein Structure & Enzyme Engineering,4. Materials and Methods > 4.5. eccDNA Isolation,method,research,,,
93017013411,PMC11728184,39769378,Protein Structure & Enzyme Engineering,4. Materials and Methods > 4.6. eccDNA Validation,method,research,,,
618404564644,PMC11728184,39769378,Protein Structure & Enzyme Engineering,4. Materials and Methods > 4.7. Library Preparation and Nanopore Sequencing,method,research,,,
951482598914,PMC11728184,39769378,Protein Structure & Enzyme Engineering,4. Materials and Methods > 4.8. Transposable Elements’ Annotation,method,research,,,
148213261137,PMC11728184,39769378,Protein Structure & Enzyme Engineering,4. Materials and Methods > 4.9. RTE Insertion Time Estimation,method,research,,,
315164697523,PMC11728184,39769378,Protein Structure & Enzyme Engineering,4. Materials and Methods > 4.10. Insertion Detection,method,research,,,
963366564815,PMC11728184,39769378,Protein Structure & Enzyme Engineering,4. Materials and Methods > 4.11. Circos Plot Drawing and TIPs’ Visualization,method,research,,,
411616128107,PMC11728184,39769378,Protein Structure & Enzyme Engineering,4. Materials and Methods > 4.12. Retrotransposon Family Identification,method,research,,,
197543643720,PMC11728184,39769378,Protein Structure & Enzyme Engineering,4. Materials and Methods > 4.13. Phylogenetic Analyses and Domain Annotation of RTEs,method,research,,,
554528486194,PMC11728184,39769378,Protein Structure & Enzyme Engineering,4. Materials and Methods > 4.14. ORF Prediction and Protein Structural Analyses,method,research,,,
632486617364,PMC11728184,39769378,Protein Structure & Enzyme Engineering,4. Materials and Methods > 4.15. Code Availability,method,research,,,
613528221084,PMC11728184,39769378,Protein Structure & Enzyme Engineering,5. Conclusions,discussion,research,,,
859691695062,PMC11702796,39764114,Protein Structure & Enzyme Engineering,abstract,abstract,research,,,
192141695820,PMC11702796,39764114,Protein Structure & Enzyme Engineering,INTRODUCTION,introduction,research,,,
377482405367,PMC11702796,39764114,Protein Structure & Enzyme Engineering,MATERIALS AND METHODS,method,research,,,
512638706624,PMC11702796,39764114,Protein Structure & Enzyme Engineering,MATERIALS AND METHODS > Pathogenic predictor tools,method,research,,,
725927332727,PMC11702796,39764114,Protein Structure & Enzyme Engineering,MATERIALS AND METHODS > rexDMD Simulation,method,research,,,
455925522387,PMC11702796,39764114,Protein Structure & Enzyme Engineering,MATERIALS AND METHODS > Protein expression and purification,method,research,,,
306147491232,PMC11702796,39764114,Protein Structure & Enzyme Engineering,MATERIALS AND METHODS > Fluorescence measurements,method,research,,,
348763319009,PMC11702796,39764114,Protein Structure & Enzyme Engineering,MATERIALS AND METHODS > Overall Impact,method,research,,,
618754322038,PMC11702796,39764114,Protein Structure & Enzyme Engineering,MATERIALS AND METHODS > Circular dichroism experiments,method,research,,,
933375520480,PMC11702796,39764114,Protein Structure & Enzyme Engineering,RESULTS,result,research,,,
677062601121,PMC11702796,39764114,Protein Structure & Enzyme Engineering,RESULTS > R1020S is the most destabilizing mutation by pathogenicity prediction tools,result,research,,,
922438084513,PMC11702796,39764114,Protein Structure & Enzyme Engineering,RESULTS > Discrete Molecular Dynamics Simulations showed the R1020S as the most destabilizing mutant.,result,research,,,
544630234236,PMC11702796,39764114,Protein Structure & Enzyme Engineering,RESULTS > Thermal stability showed irreversible process with R1020S impactful mutation,result,research,,,
269772659216,PMC11702796,39764114,Protein Structure & Enzyme Engineering,RESULTS > Chemical stability showed reversibility and R1020S the most impactful mutation,result,research,,,
733016325243,PMC11702796,39764114,Protein Structure & Enzyme Engineering,DISCUSSION,discussion,research,,,
80563139494,PMC11702796,39764114,Protein Structure & Enzyme Engineering,Supplementary Material,other,research,,,
41162807908,PMC11698521,39700257,Protein Structure & Enzyme Engineering,abstract,abstract,research,,,
222410365113,PMC11698521,39700257,Protein Structure & Enzyme Engineering,Introduction,introduction,research,,,
164509965914,PMC11698521,39700257,Protein Structure & Enzyme Engineering,Results,result,research,113024099041,,
940403010754,PMC11698521,39700257,Protein Structure & Enzyme Engineering,Results > Selection functions for tuneable exploration vs exploitation,result,research,951282716277,,
991045941270,PMC11698521,39700257,Protein Structure & Enzyme Engineering,Results > Population splitting for improved exploration,result,research,351434596567,,
906208992923,PMC11698521,39700257,Protein Structure & Enzyme Engineering,Results > Multi-dimensional selection with simulated novel selection methods,result,research,989275874232,,
409043209345,PMC11698521,39700257,Protein Structure & Enzyme Engineering,Results > Translation to empirical fitness landscapes,result,research,391459823935,,
308070200856,PMC11698521,39700257,Protein Structure & Enzyme Engineering,Discussion,discussion,research,,,
25307967645,PMC11698521,39700257,Protein Structure & Enzyme Engineering,Methods,method,research,,,
548771865436,PMC11698521,39700257,Protein Structure & Enzyme Engineering,Methods > Model,method,research,,,
74149388446,PMC11698521,39700257,Protein Structure & Enzyme Engineering,Methods > Selection functions,method,research,,,
388476303640,PMC11698521,39700257,Protein Structure & Enzyme Engineering,Methods > NK landscapes,method,research,,,
266459189030,PMC11698521,39700257,Protein Structure & Enzyme Engineering,Methods > Empirical landscapes,method,research,,,
484049502148,PMC11698521,39700257,Protein Structure & Enzyme Engineering,Supporting information,other,research,,,
355510748442,PMC11655909,39695007,Protein Structure & Enzyme Engineering,abstract,abstract,research,,,
570278105624,PMC11655909,39695007,Protein Structure & Enzyme Engineering,Introduction,introduction,research,,,
679778863251,PMC11655909,39695007,Protein Structure & Enzyme Engineering,Materials and methods,method,research,,,
829958018518,PMC11655909,39695007,Protein Structure & Enzyme Engineering,"Materials and methods > Strains, plasmids and growth conditions",method,research,,Tab1,
989655860023,PMC11655909,39695007,Protein Structure & Enzyme Engineering,Materials and methods > Molecular binding analysis of substrate binding sites and construction of the variants,method,research,,,
402679624910,PMC11655909,39695007,Protein Structure & Enzyme Engineering,Materials and methods > Expression and purification of proteins,method,research,,,
381531363958,PMC11655909,39695007,Protein Structure & Enzyme Engineering,Materials and methods > Characterization of activity and stability,method,research,,,
731331211311,PMC11655909,39695007,Protein Structure & Enzyme Engineering,Results,result,research,,,
65241632993,PMC11655909,39695007,Protein Structure & Enzyme Engineering,Results > Construction of the variants,result,research,,,
54042089919,PMC11655909,39695007,Protein Structure & Enzyme Engineering,Results > Characterization of activity and stability,result,research,712721953548;725975264586,Tab2,
113594895413,PMC11655909,39695007,Protein Structure & Enzyme Engineering,Results > pH and temperature stability,result,research,,,
996870466941,PMC11655909,39695007,Protein Structure & Enzyme Engineering,Results > Structural analysis based on Tm,result,research,431073356819,,
292380033483,PMC11655909,39695007,Protein Structure & Enzyme Engineering,Discussion,discussion,research,414409097138;686323767361;958646047625,,
932305077313,PMC11655909,39695007,Protein Structure & Enzyme Engineering,Electronic Supplementary Material,other,research,,,
183039959962,PMC11761020,39868219,Protein Structure & Enzyme Engineering,abstract,abstract,research,,,
924870120763,PMC11761020,39868219,Protein Structure & Enzyme Engineering,Introduction,introduction,research,,,
96885431581,PMC11761020,39868219,Protein Structure & Enzyme Engineering,Results,result,research,,,
955702333521,PMC11761020,39868219,Protein Structure & Enzyme Engineering,"Results > P.69T C-terminus (PCt) is stably folded, in contrast to PNt",result,research,,,
234370707957,PMC11761020,39868219,Protein Structure & Enzyme Engineering,Results > PCt unfolds much more slowly than P.69T,result,research,,,
262731702729,PMC11761020,39868219,Protein Structure & Enzyme Engineering,Results > Unfolding of Nt accelerates Ct unfolding,result,research,,,
65117631201,PMC11761020,39868219,Protein Structure & Enzyme Engineering,Results > PFS* is an on-pathway unfolding intermediate,result,research,,,
930184449838,PMC11761020,39868219,Protein Structure & Enzyme Engineering,Results > PFS* likely also represents the on-pathway intermediate for P.69T folding,result,research,,,
209194013001,PMC11761020,39868219,Protein Structure & Enzyme Engineering,Discussion,discussion,research,,,
610235646294,PMC11761020,39868219,Protein Structure & Enzyme Engineering,Materials & Methods,method,research,,,
727118336472,PMC11761020,39868219,Protein Structure & Enzyme Engineering,Materials & Methods > Cloning,method,research,,,
568058022561,PMC11761020,39868219,Protein Structure & Enzyme Engineering,Materials & Methods > Protein purification,method,research,,,
836316368315,PMC11761020,39868219,Protein Structure & Enzyme Engineering,Materials & Methods > Far-UV circular dichroism spectrometry,method,research,,,
683320360142,PMC11761020,39868219,Protein Structure & Enzyme Engineering,Materials & Methods > Proteolytic digestion,method,research,,,
561764646225,PMC11761020,39868219,Protein Structure & Enzyme Engineering,Materials & Methods > Fluorescence spectroscopy,method,research,,,
161561057052,PMC11761020,39868219,Protein Structure & Enzyme Engineering,Materials & Methods > Equilibrium time course unfolding and refolding,method,research,,,
192253660970,PMC11761020,39868219,Protein Structure & Enzyme Engineering,Materials & Methods > Kinetic measurements,method,research,,,
586369522038,PMC11761020,39868219,Protein Structure & Enzyme Engineering,Materials & Methods > Data analysis and statistics,method,research,,,
638163128750,PMC11761020,39868219,Protein Structure & Enzyme Engineering,Supplementary Material,other,research,,,
138887875820,PMC11925331,39670334,Protein Structure & Enzyme Engineering,abstract,abstract,research,,,
565889827427,PMC11925331,39670334,Protein Structure & Enzyme Engineering,Introduction,introduction,research,,,
119063963789,PMC11925331,39670334,Protein Structure & Enzyme Engineering,Results and Discussion,result,research,,,
390359128736,PMC11925331,39670334,Protein Structure & Enzyme Engineering,"Results and Discussion > Directed Evolution and
Atomistic Design",result,research,642282500846,,
874194996331,PMC11925331,39670334,Protein Structure & Enzyme Engineering,Results and Discussion > Ancestral Sequence Reconstruction,result,research,982997636190,,
721451995432,PMC11925331,39670334,Protein Structure & Enzyme Engineering,"Results and Discussion > Bringing ASR and Laboratory
Evolution Together",result,research,,,
757070111536,PMC11925331,39670334,Protein Structure & Enzyme Engineering,Results and Discussion > Large-Scale Production in Pichia pastoris and Biochemical Characterization,result,research,325053273146,tbl1,
666063533270,PMC11925331,39670334,Protein Structure & Enzyme Engineering,Results and Discussion > Mutational Analysis of GOase Variants,result,research,666447444659,,
432707801434,PMC11925331,39670334,Protein Structure & Enzyme Engineering,Conclusions,discussion,research,,,
537886478717,PMC12668698,39319912,Cancer Biology & Oncology,abstract,abstract,research,,,
453227505619,PMC12668698,39319912,Cancer Biology & Oncology,INTRODUCTION,introduction,research,,,
53968193508,PMC12668698,39319912,Cancer Biology & Oncology,METHODS,method,research,,,
149262687805,PMC12668698,39319912,Cancer Biology & Oncology,"METHODS > Study design, location, and period",method,research,,,
693326347389,PMC12668698,39319912,Cancer Biology & Oncology,METHODS > Inclusion and exclusion criteria,method,research,,,
676940551481,PMC12668698,39319912,Cancer Biology & Oncology,METHODS > Study protocol,method,research,,,
514582524236,PMC12668698,39319912,Cancer Biology & Oncology,METHODS > Data analysis,method,research,,,
444847362059,PMC12668698,39319912,Cancer Biology & Oncology,METHODS > Ethical aspects,method,research,,,
868045899123,PMC12668698,39319912,Cancer Biology & Oncology,RESULTS,result,research,970132200359,T1;T2;T3;T4,
90571075827,PMC12668698,39319912,Cancer Biology & Oncology,DISCUSSION,discussion,research,,,
400158630000,PMC12581784,41189730,Cancer Biology & Oncology,abstract,abstract,research,,,
259129346931,PMC12581784,41189730,Cancer Biology & Oncology,Introduction,introduction,research,,,
156459631347,PMC12581784,41189730,Cancer Biology & Oncology,Multifunctional Poly(Lactic Acid) (PLA)‐Based Nanoparticle (NP) Co‐Entraps Tumor‐Associated Protein or Peptide Antigens and Oligonucleotides,other,research,932064872920,,
402382191148,PMC12581784,41189730,Cancer Biology & Oncology,Multifunctional Nanovaccines Activate and Improve Dendritic Cell Activation and Maturation,other,research,,,
784151844854,PMC12581784,41189730,Cancer Biology & Oncology,Synergistic Anti‐Tumor Effects Between αOX40 and Multifunctional Nanovaccine Targeting TGF‐β,other,research,354814801062;425563115278;801978048509,,
511031705101,PMC12581784,41189730,Cancer Biology & Oncology,Modulation of MDSC Improved TNBC Growth Control but Did Not Synergize with the Nano‐Immunotherapy,other,research,,,
458737964147,PMC12581784,41189730,Cancer Biology & Oncology,PD‐1 Blockade Did Not Improve the Anti‐Tumor Effect of Nano‐Immunotherapy,other,research,,,
243267192476,PMC12581784,41189730,Cancer Biology & Oncology,Nano‐Immunotherapy Controlled Tumor Growth and Prolonged Survival of Luminal B‐Type Breast Cancer Mouse Model,other,research,190718602089;199338333795,,
151711697548,PMC12581784,41189730,Cancer Biology & Oncology,Conclusion,discussion,research,,,
49793063879,PMC12581784,41189730,Cancer Biology & Oncology,Experimental Section,method,research,,,
185269488008,PMC12581784,41189730,Cancer Biology & Oncology,Experimental Section > Materials,method,research,,,
22496167858,PMC12581784,41189730,Cancer Biology & Oncology,Experimental Section > Preparation of Chitosan‐siRNA Polyplexes,method,research,,,
82875755364,PMC12581784,41189730,Cancer Biology & Oncology,Experimental Section > Gel Retardation Assay,method,research,,,
808207455357,PMC12581784,41189730,Cancer Biology & Oncology,Experimental Section > Preparation of Multifunctional Biodegradable Nanoparticles,method,research,,,
73760985,PMC12581784,41189730,Cancer Biology & Oncology,Experimental Section > Size Distribution and ζ‐Potential Measurements,method,research,,,
777969160497,PMC12581784,41189730,Cancer Biology & Oncology,Experimental Section > Particle Morphology,method,research,,,
891112471293,PMC12581784,41189730,Cancer Biology & Oncology,Experimental Section > NP Physical Stability Assay,method,research,,,
908397686139,PMC12581784,41189730,Cancer Biology & Oncology,Experimental Section > Entrapment Efficiency and Loading Capacity of Antigens and Immune Potentiators,method,research,,,
161363716982,PMC12581784,41189730,Cancer Biology & Oncology,Experimental Section > Integrity of the Antigen Entrapped in NP,method,research,,,
12869269504,PMC12581784,41189730,Cancer Biology & Oncology,Experimental Section > NP Antigen Release,method,research,,,
948787923449,PMC12581784,41189730,Cancer Biology & Oncology,Experimental Section > Cell Lines,method,research,,,
32608800325,PMC12581784,41189730,Cancer Biology & Oncology,Experimental Section > Animal Studies,method,research,,,
371368935229,PMC12581784,41189730,Cancer Biology & Oncology,Experimental Section > Isolation of Murine Hematopoietic Stem Cells from Bone Marrow and Differentiation into BMDC,method,research,,,
792851198488,PMC12581784,41189730,Cancer Biology & Oncology,Experimental Section > In Vitro and Ex Vivo Cell Viability in the Presence of NP,method,research,,,
707049760929,PMC12581784,41189730,Cancer Biology & Oncology,Experimental Section > In Vitro and Ex Vivo NP Internalization by Targeted Cells,method,research,,,
320008966969,PMC12581784,41189730,Cancer Biology & Oncology,Experimental Section > Ex Vivo Analysis of NP Effect on DC Activation and Maturation,method,research,,,
246244112866,PMC12581784,41189730,Cancer Biology & Oncology,Experimental Section > In Vivo Study of NP Internalization by APC in Draining Lymph Nodes,method,research,,,
153178965320,PMC12581784,41189730,Cancer Biology & Oncology,Experimental Section > NP In Vivo Biodistribution,method,research,,,
855781256017,PMC12581784,41189730,Cancer Biology & Oncology,Experimental Section > Intervention Combination Therapies in 4T1 Triple‐Negative Breast Carcinoma,method,research,,,
132939827137,PMC12581784,41189730,Cancer Biology & Oncology,Experimental Section > Intervention Combination Therapies in EO771 Luminal B‐Type Breast Cancer,method,research,,,
650188742517,PMC12581784,41189730,Cancer Biology & Oncology,Experimental Section > Characterization of Tumor‐Infiltrating Immune Populations and Germinal Centers in Inguinal LN by Flow Cytometry,method,research,,,
994336600170,PMC12581784,41189730,Cancer Biology & Oncology,Experimental Section > Panels for 4T1 Tumors,method,research,,,
284829913703,PMC12581784,41189730,Cancer Biology & Oncology,Experimental Section > Panels for EO771 Tumors,method,research,,,
763437379537,PMC12581784,41189730,Cancer Biology & Oncology,"Experimental Section > Panel for Germinal Center B cell, Tfh, and Tfr Cells",method,research,,,
530963914198,PMC12581784,41189730,Cancer Biology & Oncology,Experimental Section > Assessment of TGF‐β1 Expression in Tumors,method,research,,,
840860298837,PMC12581784,41189730,Cancer Biology & Oncology,Experimental Section > Functional assessment of T cells,method,research,,,
224925388382,PMC12581784,41189730,Cancer Biology & Oncology,Experimental Section > Intervention Combination Therapies in B16.MO5 Murine Model,method,research,,,
855355733078,PMC12581784,41189730,Cancer Biology & Oncology,Experimental Section > Functional Assessment of T Cells Using Tetramer Staining,method,research,,,
625697145317,PMC12581784,41189730,Cancer Biology & Oncology,Experimental Section > In Vivo Assessment of the NP Composition Effect,method,research,,,
378085177585,PMC12581784,41189730,Cancer Biology & Oncology,Experimental Section > Droplet‐Based Single‐Cell RNA‐Seq Data Processing,method,research,,,
200668303191,PMC12581784,41189730,Cancer Biology & Oncology,Experimental Section > Single‐Cell RNA‐seq Clustering,method,research,,,
688172338716,PMC12581784,41189730,Cancer Biology & Oncology,Experimental Section > Genes Differentially Expressed Between Clusters,method,research,,,
220186681555,PMC12581784,41189730,Cancer Biology & Oncology,Experimental Section > Visualization of Single‐Cell Data,method,research,,,
991255356110,PMC12581784,41189730,Cancer Biology & Oncology,Experimental Section > Single‐Cell Gene Signature Scoring,method,research,,,
487219877138,PMC12581784,41189730,Cancer Biology & Oncology,Experimental Section > Statistical Methods,method,research,,,
80944127496,PMC12581784,41189730,Cancer Biology & Oncology,Experimental Section > Ethics Approval Statement,method,research,,,
672937979061,PMC12581784,41189730,Cancer Biology & Oncology,Conflict of Interest,other,research,,,
739872845787,PMC12581784,41189730,Cancer Biology & Oncology,Supporting information,other,research,,,
522213152047,PMC12527613,39756372,Cancer Biology & Oncology,abstract,abstract,research,,,
229875605059,PMC12527613,39756372,Cancer Biology & Oncology,Introduction,introduction,research,,,
928082114605,PMC12527613,39756372,Cancer Biology & Oncology,Materials and Methods,method,research,,,
983180364888,PMC12527613,39756372,Cancer Biology & Oncology,Materials and Methods > 1. Patients,method,research,,,
507343332096,PMC12527613,39756372,Cancer Biology & Oncology,Materials and Methods > 2. Preoperative evaluation and operation,method,research,,,
804345341142,PMC12527613,39756372,Cancer Biology & Oncology,Materials and Methods > 3. Tyrosine kinase inhibitor treatment,method,research,,,
971348774428,PMC12527613,39756372,Cancer Biology & Oncology,Materials and Methods > 4. Follow-up,method,research,,,
315501039608,PMC12527613,39756372,Cancer Biology & Oncology,Materials and Methods > 5. Statistical analysis,method,research,,,
533962445951,PMC12527613,39756372,Cancer Biology & Oncology,Results,result,research,,,
586527485112,PMC12527613,39756372,Cancer Biology & Oncology,Results > 1. Patient,result,research,,,
165768707015,PMC12527613,39756372,Cancer Biology & Oncology,Results > 2. Treatments,result,research,,,
400984575442,PMC12527613,39756372,Cancer Biology & Oncology,Results > 3. Clinical outcomes,result,research,,,
722120000104,PMC12527613,39756372,Cancer Biology & Oncology,Results > 4. Prognostic factors,result,research,,,
820574741583,PMC12527613,39756372,Cancer Biology & Oncology,Discussion,discussion,research,,,
309042490714,PMC12624662,41262671,Cancer Biology & Oncology,abstract,abstract,research,,,
710555131081,PMC12624662,41262671,Cancer Biology & Oncology,Introduction,introduction,research,,,
337935463968,PMC12624662,41262671,Cancer Biology & Oncology,Methods and materials,method,research,,,
418225547315,PMC12624662,41262671,Cancer Biology & Oncology,Methods and materials > Cell culture,method,research,,,
370706167557,PMC12624662,41262671,Cancer Biology & Oncology,Methods and materials > MTT and colony formation assay,method,research,,,
593656857758,PMC12624662,41262671,Cancer Biology & Oncology,Methods and materials > Wound healing assay,method,research,,,
461563966169,PMC12624662,41262671,Cancer Biology & Oncology,Methods and materials > Transwell migration assay,method,research,,,
760511210786,PMC12624662,41262671,Cancer Biology & Oncology,Methods and materials > Western blot,method,research,,,
878684975111,PMC12624662,41262671,Cancer Biology & Oncology,Methods and materials > Animals,method,research,,,
779765118940,PMC12624662,41262671,Cancer Biology & Oncology,Methods and materials > Bioluminescence assay in the xenograft model,method,research,,,
27947178388,PMC12624662,41262671,Cancer Biology & Oncology,Methods and materials > Histology analysis,method,research,,,
478607845775,PMC12624662,41262671,Cancer Biology & Oncology,Methods and materials > Statistical analysis,method,research,,,
470394488673,PMC12624662,41262671,Cancer Biology & Oncology,Results,result,research,,,
83182156160,PMC12624662,41262671,Cancer Biology & Oncology,Results > ISL's cytotoxicity toward MDA-MB-231 and 4T1-luc cells,result,research,978009082687,,
574562100589,PMC12624662,41262671,Cancer Biology & Oncology,Results > Effects of ISL on invasion and migration of MDA-MB-231 and 4T1 BC cells,result,research,952510387368,,
883275882225,PMC12624662,41262671,Cancer Biology & Oncology,Results > In vitro effects of ISL on MMP-2/9 expression,result,research,715759323248,,
99531347517,PMC12624662,41262671,Cancer Biology & Oncology,Results > ISL suppresses tumor growth of BC cells through the reduces the expression of PI3K/AKT/mTOR pathways,result,research,,,
234308649095,PMC12624662,41262671,Cancer Biology & Oncology,Results > ISL prevents BC lung metastasis in the 4T1-luc xenograft model,result,research,848264141537;866307232581,,
925259710226,PMC12624662,41262671,Cancer Biology & Oncology,Results > ISL suppresses migration and invasion through the expression of MMP2/9 and N-cadherin in 4T1-luc xenograft mice,result,research,,,
3537253652,PMC12624662,41262671,Cancer Biology & Oncology,Results > ISL suppresses tumor growth of BC cells through the expression of PI3K/AKT/mTOR pathways,result,research,707676902568,,
163632738560,PMC12624662,41262671,Cancer Biology & Oncology,Results > ISL prevents organ toxicity in vivo,result,research,,,
978009875240,PMC12624662,41262671,Cancer Biology & Oncology,Discussion,discussion,research,,,
282330413845,PMC12624662,41262671,Cancer Biology & Oncology,Discussion > Limitations of the study,discussion,research,,,
556466187179,PMC12624662,41262671,Cancer Biology & Oncology,Conclusion,discussion,research,,,
527262268077,PMC12624662,41262671,Cancer Biology & Oncology,CRediT authorship contribution statement,other,research,,,
738129981410,PMC12624662,41262671,Cancer Biology & Oncology,Funding,other,research,,,
651944655573,PMC12624662,41262671,Cancer Biology & Oncology,Ethics approval and consent to participate,other,research,,,
943864008249,PMC12624662,41262671,Cancer Biology & Oncology,Consent for publication,other,research,,,
397599896311,PMC12624662,41262671,Cancer Biology & Oncology,Declaration of competing interest,other,research,,,
338921737285,PMC12478773,41255893,Cancer Biology & Oncology,abstract,abstract,research,,,
820228266835,PMC12478773,41255893,Cancer Biology & Oncology,INTRODUCTION,introduction,research,,,
170709967060,PMC12478773,41255893,Cancer Biology & Oncology,CASE REPORT,other,research,654869886482;789937799067;835738061919,,
934035189729,PMC12478773,41255893,Cancer Biology & Oncology,DISCUSSION,discussion,research,,,
218003095650,PMC12478773,41255893,Cancer Biology & Oncology,CONCLUSION,discussion,research,,,
102169213532,PMC12478650,41255902,Cancer Biology & Oncology,abstract,abstract,research,,,
444965453446,PMC12478650,41255902,Cancer Biology & Oncology,INTRODUCTION,introduction,research,,,
109679935421,PMC12478650,41255902,Cancer Biology & Oncology,CASE REPORT,other,research,734037749742,,
785482978491,PMC12478650,41255902,Cancer Biology & Oncology,DISCUSSION,discussion,research,,,
322524291976,PMC12478650,41255902,Cancer Biology & Oncology,CONCLUSION,discussion,research,,,
237861840774,PMC12602639,39633221,Cancer Biology & Oncology,abstract,abstract,research,,,
646748092060,PMC12602639,39633221,Cancer Biology & Oncology,Introduction,introduction,research,,,
859199162496,PMC12602639,39633221,Cancer Biology & Oncology,Materials and Methods,method,research,,,
784473950042,PMC12602639,39633221,Cancer Biology & Oncology,Materials and Methods > Cell Culture,method,research,,,
89376542236,PMC12602639,39633221,Cancer Biology & Oncology,Materials and Methods > Cell Infection and Transfection,method,research,,,
555807570162,PMC12602639,39633221,Cancer Biology & Oncology,Materials and Methods > Cell Migration Assay,method,research,,,
131625907786,PMC12602639,39633221,Cancer Biology & Oncology,Materials and Methods > Flow Cytometry Analysis,method,research,,,
453421286939,PMC12602639,39633221,Cancer Biology & Oncology,Materials and Methods > Cell Counting Kit-8 (CCK-8) Assay,method,research,,,
566981967031,PMC12602639,39633221,Cancer Biology & Oncology,Materials and Methods > qPCR Assay,method,research,,,
729181495353,PMC12602639,39633221,Cancer Biology & Oncology,Materials and Methods > Western Blotting,method,research,,,
886151280279,PMC12602639,39633221,Cancer Biology & Oncology,Materials and Methods > Statistical Analysis,method,research,,,
947621230188,PMC12602639,39633221,Cancer Biology & Oncology,Results,result,research,,,
403441990779,PMC12602639,39633221,Cancer Biology & Oncology,Results > Hypoxia Induces Dysfunction and Promotes the Expression of lncRNA H19 and Angiogenesis-Related Genes in MPAECs,result,research,738453558772,,
699087482237,PMC12602639,39633221,Cancer Biology & Oncology,Results > LncRNA H19 Promotes Protein Expression of HIF-1α and VEGF in MPAECs Under Hypoxic Conditions,result,research,749555673497,,
33010709537,PMC12602639,39633221,Cancer Biology & Oncology,Results > LncRNA H19 Affects Migration and Proliferation of MPAECs Under Hypoxic Conditions,result,research,504508676520,,
626161307716,PMC12602639,39633221,Cancer Biology & Oncology,Results > LncRNA H19 Affects Apoptosis and Cell Cycle of MPAECs Under Hypoxic Conditions,result,research,106917344305,,
667124585014,PMC12602639,39633221,Cancer Biology & Oncology,Results > miR-20a-5p Alleviates Dysfunction of MPAECs by Regulating the HIF-1α/VEGF Signaling Pathway,result,research,513054870841,,
107847419505,PMC12602639,39633221,Cancer Biology & Oncology,Results > lncRNA H19 Influences MPAECs Migration and Apoptosis by Regulating miR-20a-5p,result,research,771767892509,,
416970438898,PMC12602639,39633221,Cancer Biology & Oncology,Discussion,discussion,research,,,
466770973691,PMC12602639,39633221,Cancer Biology & Oncology,Supplementary Information,other,research,,,
961002888538,PMC12570104,41169943,Cancer Biology & Oncology,abstract,abstract,research,,,
48114998387,PMC12570104,41169943,Cancer Biology & Oncology,Abbreviations,other,research,,,
968887686569,PMC12570104,41169943,Cancer Biology & Oncology,Introduction,introduction,research,,,
882715413304,PMC12570104,41169943,Cancer Biology & Oncology,Materials and methods,method,research,,,
172208430333,PMC12570104,41169943,Cancer Biology & Oncology,Materials and methods > Materials,method,research,,,
335090634023,PMC12570104,41169943,Cancer Biology & Oncology,Materials and methods > Preparation of Tubiechong gel plasters,method,research,,,
930957916162,PMC12570104,41169943,Cancer Biology & Oncology,Materials and methods > Preparation of Tubiechong gel plasters > Preparation of gel plasters with different azone content,method,research,,,
662134203131,PMC12570104,41169943,Cancer Biology & Oncology,Materials and methods > Preparation of Tubiechong gel plasters > Preparation of gel plasters for animal experiment,method,research,,tbl1,
389341282921,PMC12570104,41169943,Cancer Biology & Oncology,Materials and methods > Organoleptic characteristics of prepared plasters,method,research,,,
524715054357,PMC12570104,41169943,Cancer Biology & Oncology,Materials and methods > Stability studies,method,research,,,
286097068446,PMC12570104,41169943,Cancer Biology & Oncology,Materials and methods > Adhesive evaluation,method,research,,,
970406127441,PMC12570104,41169943,Cancer Biology & Oncology,Materials and methods > Adhesive evaluation > Tacking strength,method,research,,,
183960930236,PMC12570104,41169943,Cancer Biology & Oncology,Materials and methods > Adhesive evaluation > Cohesive strength,method,research,,,
29508983531,PMC12570104,41169943,Cancer Biology & Oncology,Materials and methods > Adhesive evaluation > Peeling strength,method,research,,,
114929407478,PMC12570104,41169943,Cancer Biology & Oncology,Materials and methods > HPLC analysis,method,research,,,
280826828546,PMC12570104,41169943,Cancer Biology & Oncology,Materials and methods > Animals,method,research,,,
661463808214,PMC12570104,41169943,Cancer Biology & Oncology,Materials and methods > In vitro skin permeation study,method,research,,,
691550760801,PMC12570104,41169943,Cancer Biology & Oncology,Materials and methods > In vitro skin permeation study > Preparation of rat skin in vitro,method,research,,,
861297435968,PMC12570104,41169943,Cancer Biology & Oncology,Materials and methods > In vitro skin permeation study > In vitro permeation tests,method,research,,,
870790779568,PMC12570104,41169943,Cancer Biology & Oncology,Materials and methods > In vitro skin permeation study > HUVECs proliferation activity assay,method,research,,,
323114758022,PMC12570104,41169943,Cancer Biology & Oncology,Materials and methods > Evaluation of Tubiechong gel plasters in promoting fracture healing in rats,method,research,,,
435311365315,PMC12570104,41169943,Cancer Biology & Oncology,Materials and methods > Evaluation of Tubiechong gel plasters in promoting fracture healing in rats > Design of animal experiments,method,research,,,
939821370896,PMC12570104,41169943,Cancer Biology & Oncology,Materials and methods > Evaluation of Tubiechong gel plasters in promoting fracture healing in rats > Radiological analysis,method,research,,,
363385811977,PMC12570104,41169943,Cancer Biology & Oncology,Materials and methods > Evaluation of Tubiechong gel plasters in promoting fracture healing in rats > Detection of bone metabolism indicators,method,research,,,
6237016576,PMC12570104,41169943,Cancer Biology & Oncology,Materials and methods > Evaluation of Tubiechong gel plasters in promoting fracture healing in rats > Immunohistochemical staining and safranin O/fast green staining,method,research,,,
401129267907,PMC12570104,41169943,Cancer Biology & Oncology,Materials and methods > Statistical analysis,method,research,,,
872932102982,PMC12570104,41169943,Cancer Biology & Oncology,Results,result,research,,,
513476489063,PMC12570104,41169943,Cancer Biology & Oncology,Results > Transdermal penetration of Tubiechong gel plaster,result,research,532677694673,tbl2,
626700537509,PMC12570104,41169943,Cancer Biology & Oncology,Results > Organoleptic characteristics,result,research,,,
880701742430,PMC12570104,41169943,Cancer Biology & Oncology,Results > Stability studies,result,research,,tbl3,
653787884834,PMC12570104,41169943,Cancer Biology & Oncology,Results > Radioactivity analysis,result,research,395966595305,,
477981084224,PMC12570104,41169943,Cancer Biology & Oncology,Results > Differences in serum bone metabolism index and VEGF content,result,research,220579248260,,
525122668284,PMC12570104,41169943,Cancer Biology & Oncology,Results > Safranin O and fast green staining analysis,result,research,207818458061,,
754348343295,PMC12570104,41169943,Cancer Biology & Oncology,Results > Immunohistochemical expression of CD31 in callus tissue,result,research,184234871976,,
131472305209,PMC12570104,41169943,Cancer Biology & Oncology,Discussion and conclusion,discussion,research,,,
45517857343,PMC12570104,41169943,Cancer Biology & Oncology,Conflict of interest statement,other,research,,,
115576965110,PMC12570104,41169943,Cancer Biology & Oncology,Authors' contributions,other,research,,,
362622998272,PMC12570104,41169943,Cancer Biology & Oncology,Declaration of competing interest,other,research,,,
581258105625,PMC12523849,41103331,Cancer Biology & Oncology,abstract,abstract,research,,,
527259701376,PMC12523849,41103331,Cancer Biology & Oncology,1. Background,introduction,research,,,
425868133209,PMC12523849,41103331,Cancer Biology & Oncology,2. Objectives,other,research,,,
611322885381,PMC12523849,41103331,Cancer Biology & Oncology,3. Methods,method,research,,,
235958677211,PMC12523849,41103331,Cancer Biology & Oncology,3. Methods > 3.1. Ethics Statement,method,research,,,
683900902159,PMC12523849,41103331,Cancer Biology & Oncology,3. Methods > 3.2. Systematic Search,method,research,,,
560596215637,PMC12523849,41103331,Cancer Biology & Oncology,3. Methods > 3.3. Participants and Recruitment,method,research,,,
480899266433,PMC12523849,41103331,Cancer Biology & Oncology,3. Methods > 3.4. Data Collection,method,research,,A141797TBL1,
570582258656,PMC12523849,41103331,Cancer Biology & Oncology,3. Methods > 3.5. Data Analysis,method,research,,,
649187550721,PMC12523849,41103331,Cancer Biology & Oncology,4. Results,result,research,48946187522;290244715844,A141797TBL2;A141797TBL3;A141797TBL4;A141797TBL5;A141797TBL6,
402779386262,PMC12523849,41103331,Cancer Biology & Oncology,5. Discussion,discussion,research,,,
506141190054,PMC12523849,41103331,Cancer Biology & Oncology,5. Discussion > 5.1. Conclusions,discussion,research,,,
673343219657,PMC12523849,41103331,Cancer Biology & Oncology,supplementary material,other,research,,,
733799753167,PMC12498149,35156633,Cancer Biology & Oncology,abstract,abstract,research,,,
758195680373,PMC12498149,35156633,Cancer Biology & Oncology,Introduction,introduction,research,,,
652684313518,PMC12498149,35156633,Cancer Biology & Oncology,Case Presentation,other,research,,,
903403891534,PMC12498149,35156633,Cancer Biology & Oncology,Discussion,discussion,research,,,
377864237648,PMC12481689,39375945,Cancer Biology & Oncology,abstract,abstract,research,,,
122100059514,PMC12481689,39375945,Cancer Biology & Oncology,Introduction,introduction,research,,,
915938766684,PMC12481689,39375945,Cancer Biology & Oncology,Materials and methods,method,research,,,
519611470752,PMC12481689,39375945,Cancer Biology & Oncology,Materials and methods > Cell lines,method,research,,,
175635404690,PMC12481689,39375945,Cancer Biology & Oncology,Materials and methods > Western blotting assay,method,research,,,
925284195510,PMC12481689,39375945,Cancer Biology & Oncology,Materials and methods > Enzyme-linked immunosorbent assay (ELISA),method,research,,,
214834387713,PMC12481689,39375945,Cancer Biology & Oncology,Materials and methods > RNA extraction and real-time reverse transcription-PCR (qRT-PCR),method,research,,,
551682509093,PMC12481689,39375945,Cancer Biology & Oncology,Materials and methods > Methylthiazolyldiphenyl-tetrazolium bromide (MTT) assay,method,research,,,
718416505646,PMC12481689,39375945,Cancer Biology & Oncology,Materials and methods > Colony formation assay,method,research,,,
97868658306,PMC12481689,39375945,Cancer Biology & Oncology,Materials and methods > Wound-healing assay,method,research,,,
720608484467,PMC12481689,39375945,Cancer Biology & Oncology,Materials and methods > Transwell assay,method,research,,,
558372858145,PMC12481689,39375945,Cancer Biology & Oncology,Materials and methods > Tube formation assay,method,research,,,
977456472047,PMC12481689,39375945,Cancer Biology & Oncology,Materials and methods > Immunofluorescence staining,method,research,,,
337417970645,PMC12481689,39375945,Cancer Biology & Oncology,Materials and methods > Patient information,method,research,,,
884100098836,PMC12481689,39375945,Cancer Biology & Oncology,Materials and methods > Xenograft experiment,method,research,,,
324527639028,PMC12481689,39375945,Cancer Biology & Oncology,Materials and methods > Immunohistochemistry (IHC) assay,method,research,,,
832374211412,PMC12481689,39375945,Cancer Biology & Oncology,Materials and methods > TdT-mediated dUTP nick end labeling (TUNEL) assay,method,research,,,
712619067654,PMC12481689,39375945,Cancer Biology & Oncology,Materials and methods > Statistical analysis,method,research,,,
870938938994,PMC12481689,39375945,Cancer Biology & Oncology,Results,result,research,,,
992684629414,PMC12481689,39375945,Cancer Biology & Oncology,Results > Anlotinib reversed clinical osimertinib resistance and EMT formation in Osi-R patients,result,research,757526479823,,
146105875998,PMC12481689,39375945,Cancer Biology & Oncology,Results > Establishment and identification of PC9-OR and HCC827-OR cells,result,research,659603541919,,
827146215585,PMC12481689,39375945,Cancer Biology & Oncology,Results > EMT of PC9-OR and HCC827-OR cells,result,research,798615662256,,
556871807173,PMC12481689,39375945,Cancer Biology & Oncology,Results > Anlotinib exhibited a synergistic effect in overcoming osimertinib resistance in PC9-OR and HCC827-OR cells,result,research,227682478380,,
462798579942,PMC12481689,39375945,Cancer Biology & Oncology,Results > Anlotinib reversed EMT and tube formation in Osi-R cells,result,research,342944099817;899230789246,,
868359307513,PMC12481689,39375945,Cancer Biology & Oncology,Results > Reversal of osimertinib resistance by the combination of osimertinib and anlotinib in vivo,result,research,444069016081,,
934322718908,PMC12481689,39375945,Cancer Biology & Oncology,Discussion,discussion,research,,,
346345444048,PMC12481543,39390833,Cancer Biology & Oncology,abstract,abstract,research,,,
58310835613,PMC12481543,39390833,Cancer Biology & Oncology,INTRODUCTION,introduction,research,,,
1591503084,PMC12481543,39390833,Cancer Biology & Oncology,INTRODUCTION > Background,introduction,research,,,
93041953838,PMC12481543,39390833,Cancer Biology & Oncology,INTRODUCTION > Rationale and Knowledge Gap,introduction,research,,,
911360479656,PMC12481543,39390833,Cancer Biology & Oncology,CASE PRESENTATION,other,research,,,
324627867843,PMC12481543,39390833,Cancer Biology & Oncology,DISCUSSION,discussion,research,,,
583320258835,PMC12481543,39390833,Cancer Biology & Oncology,CONCLUSION,discussion,research,,,
680194409307,PMC12460456,38570403,Cancer Biology & Oncology,abstract,abstract,review,,,
104351290910,PMC12460456,38570403,Cancer Biology & Oncology,Background,introduction,review,,,
123226066156,PMC12460456,38570403,Cancer Biology & Oncology,Methods,method,review,,,
387562143972,PMC12460456,38570403,Cancer Biology & Oncology,Methods > Search strategy,method,review,,,
315202868561,PMC12460456,38570403,Cancer Biology & Oncology,Methods > Eligibility criteria,method,review,,,
181905327787,PMC12460456,38570403,Cancer Biology & Oncology,Methods > Data extraction,method,review,,,
499672754702,PMC12460456,38570403,Cancer Biology & Oncology,Methods > Risk of bias assessment,method,review,,,
927327340037,PMC12460456,38570403,Cancer Biology & Oncology,Results,main,review,752312987499,,
868925280471,PMC12460456,38570403,Cancer Biology & Oncology,Results > Intervention characteristics,main,review,,,
675602388042,PMC12460456,38570403,Cancer Biology & Oncology,Results > Retention rates of exercise oncology trials: immediate post-intervention,main,review,,Tab1,
286431573487,PMC12460456,38570403,Cancer Biology & Oncology,Results > Retention rates of exercise oncology trials: follow-up assessments,main,review,,,
108618727883,PMC12460456,38570403,Cancer Biology & Oncology,Results > Reasons for trial non-retention,main,review,,Tab2,
8241614698,PMC12460456,38570403,Cancer Biology & Oncology,Results > Trial retention strategies,main,review,,Tab3,
503066931858,PMC12460456,38570403,Cancer Biology & Oncology,Discussion,discussion,review,,,
532846417106,PMC12460456,38570403,Cancer Biology & Oncology,Limitations of review,main,review,,,
419773195799,PMC12460456,38570403,Cancer Biology & Oncology,Conclusion,discussion,review,,,
814264221268,PMC12460456,38570403,Cancer Biology & Oncology,Supplementary Information,main,review,,,
834142375929,PMC12482361,41035572,Cancer Biology & Oncology,abstract,abstract,research,,,
232759968041,PMC12482361,41035572,Cancer Biology & Oncology,Introduction,introduction,research,,,
716493128228,PMC12482361,41035572,Cancer Biology & Oncology,Materials and Methods,method,research,,,
746977152376,PMC12482361,41035572,Cancer Biology & Oncology,Materials and Methods > Data collection and processing,method,research,,,
182864764080,PMC12482361,41035572,Cancer Biology & Oncology,Materials and Methods > Identification of Significant Double Alterations,method,research,,,
778571859234,PMC12482361,41035572,Cancer Biology & Oncology,Materials and Methods > Pathway Analysis,method,research,,,
729283065936,PMC12482361,41035572,Cancer Biology & Oncology,Materials and Methods > Oncoprint Maps,method,research,,,
233813776203,PMC12482361,41035572,Cancer Biology & Oncology,Materials and Methods > Transcriptome Analysis,method,research,,,
182381442400,PMC12482361,41035572,Cancer Biology & Oncology,Materials and Methods > FPGrowth Tree Construction,method,research,,,
752047594068,PMC12482361,41035572,Cancer Biology & Oncology,Materials and Methods > Personalized PageRank Algorithm,method,research,,,
157888799577,PMC12482361,41035572,Cancer Biology & Oncology,Materials and Methods > Tissue Specific Subnetworks,method,research,,,
226327532035,PMC12482361,41035572,Cancer Biology & Oncology,Results,result,research,,,
751931104311,PMC12482361,41035572,Cancer Biology & Oncology,Results > Co-occurrence of frequent and rare mutations in different genes in tumorigenesis,result,research,,,
741139223349,PMC12482361,41035572,Cancer Biology & Oncology,Results > Some gene pairs co-mutate in certain tissues,result,research,,,
365364731669,PMC12482361,41035572,Cancer Biology & Oncology,Results > Double mutations can change transcriptional output,result,research,,,
370179304085,PMC12482361,41035572,Cancer Biology & Oncology,Results > Functionally equivalent alterations do not co-exist in tumors,result,research,,,
401778875564,PMC12482361,41035572,Cancer Biology & Oncology,Results > Cancer type-specific subnetworks,result,research,,,
264078445556,PMC12482361,41035572,Cancer Biology & Oncology,Results > Double mutations are mostly present in primary tumors and some rare doubles are signature of metastatic tumors,result,research,,,
217757003728,PMC12482361,41035572,Cancer Biology & Oncology,Discussion,discussion,research,,,
418586106037,PMC12482361,41035572,Cancer Biology & Oncology,Supplementary Material,other,research,,,
744561448310,PMC11729428,39816803,Cancer Biology & Oncology,abstract,abstract,research,,,
620105541363,PMC11729428,39816803,Cancer Biology & Oncology,Results,result,research,,,
244806046995,PMC11729428,39816803,Cancer Biology & Oncology,Results > Chemical Synthesis of HYL001,result,research,1898006802;399814757697;665231533342,,
336225312513,PMC11729428,39816803,Cancer Biology & Oncology,Results > Selectivity Profile of HYL001,result,research,625953531448,,
513302953835,PMC11729428,39816803,Cancer Biology & Oncology,Results > In Vitro Enzymatic Activity,result,research,,tbl1;tbl2,
461786190137,PMC11729428,39816803,Cancer Biology & Oncology,Results > Pharmacological Characterization,result,research,,,
2815585990,PMC11729428,39816803,Cancer Biology & Oncology,Results > In Vitro Safety Pharmacology,result,research,,,
138355835188,PMC11729428,39816803,Cancer Biology & Oncology,Results > Mutagenic Potential,result,research,,,
287159844202,PMC11729428,39816803,Cancer Biology & Oncology,Results > Preclinical Toxicity in Rodents,result,research,,,
424400069705,PMC11729428,39816803,Cancer Biology & Oncology,Results > Preclinical Toxicity in Rodents > Toxicology in SD Rats,result,research,590051066665,,
847004142415,PMC11729428,39816803,Cancer Biology & Oncology,Results > Preclinical Toxicity in Rodents > Toxicology in SD Rats > Bones,result,research,,,
187889172365,PMC11729428,39816803,Cancer Biology & Oncology,Results > Preclinical Toxicity in Rodents > Toxicology in SD Rats > Heart,result,research,,,
116601952577,PMC11729428,39816803,Cancer Biology & Oncology,Results > Preclinical Toxicity in Rodents > Toxicology in SD Rats > Gastrointestinal Tract,result,research,,,
216107436225,PMC11729428,39816803,Cancer Biology & Oncology,Results > Preclinical Toxicity in Rodents > Toxicology in Balb/C Mice,result,research,643603038325,,
814181965584,PMC11729428,39816803,Cancer Biology & Oncology,Results > Preclinical Toxicity in Rodents > Toxicology in Balb/C Mice > Bones,result,research,,,
77623917024,PMC11729428,39816803,Cancer Biology & Oncology,Results > Preclinical Toxicity in Rodents > Toxicology in Balb/C Mice > Heart,result,research,,,
7200916042,PMC11729428,39816803,Cancer Biology & Oncology,Results > Preclinical Toxicity in Rodents > Toxicology in Balb/C Mice > Gastrointestinal Tract,result,research,,,
683722719009,PMC11729428,39816803,Cancer Biology & Oncology,"Results > In Vivo HYL001 Efficacy as Immunotherapy against
CRC Metastases",result,research,417980074053;445312729435,,
984991250391,PMC11729428,39816803,Cancer Biology & Oncology,Discussion and Conclusions,discussion,research,,,
748111167891,PMC11729428,39816803,Cancer Biology & Oncology,Experimental Section,method,research,,,
118093920777,PMC11729428,39816803,Cancer Biology & Oncology,Experimental Section > Synthesis of Compounds,method,research,,,
675710035242,PMC11729428,39816803,Cancer Biology & Oncology,"Experimental Section > Synthesis of Compounds > 2-(6-Methoxyquinolin-4-yl)-1-(6-methylpyridin-2-yl)ethan-1-one
( 4a )",method,research,,,
343960441356,PMC11729428,39816803,Cancer Biology & Oncology,"Experimental Section > Synthesis of Compounds > 2-(6-Bromoquinolin-4-yl)-1-(6-methylpyridin-2-yl)ethan-1-one
( 4b )",method,research,,,
873434052416,PMC11729428,39816803,Cancer Biology & Oncology,"Experimental Section > Synthesis of Compounds > 6-Methoxy-4-(2-(6-methylpyridin-2-yl)-5,6-dihydro-4 H -pyrrolo[1,2- b ]pyrazol-3-yl) Quinoline ( 5a )",method,research,,,
762367957002,PMC11729428,39816803,Cancer Biology & Oncology,"Experimental Section > Synthesis of Compounds > 6-Bromo-4-(2-(6-methylpyridin-2-yl)-5,6-dihydro-4 H -pyrrolo[1,2- b ]pyrazol-3-yl) Quinoline ( 5b )",method,research,,,
236407345859,PMC11729428,39816803,Cancer Biology & Oncology,"Experimental Section > Synthesis of Compounds > 4-(2-(6-Methylpyridin-2-yl)-5,6-dihydro-4 H -pyrrolo[1,2- b ]pyrazol-3-yl)quinolin-6-ol (HYL001)",method,research,,,
691124926716,PMC11729428,39816803,Cancer Biology & Oncology,"Experimental Section > In Vitro Cellular TGFβ Reporter Activity
Assays",method,research,,,
813129238487,PMC11729428,39816803,Cancer Biology & Oncology,Experimental Section > Animal Experiments,method,research,,,
541277601195,PMC11729428,39816803,Cancer Biology & Oncology,Experimental Section > Mouse Injections,method,research,,,
581085175581,PMC11729428,39816803,Cancer Biology & Oncology,Experimental Section > Mouse Treatment,method,research,,,
632788491392,PMC12456598,41000584,Cancer Biology & Oncology,abstract,abstract,research,,,
824174607571,PMC12456598,41000584,Cancer Biology & Oncology,METHODS,method,research,,,
765699598527,PMC12456598,41000584,Cancer Biology & Oncology,RESULTS,result,research,,T1,
18198405289,PMC12456598,41000584,Cancer Biology & Oncology,DISCUSSION,discussion,research,908813243652,,
287992796982,PMC12456496,41001603,Cancer Biology & Oncology,abstract,abstract,research,,,
392153853552,PMC12456496,41001603,Cancer Biology & Oncology,METHODS,method,research,,,
877315598830,PMC12456496,41001603,Cancer Biology & Oncology,RESULTS,result,research,,T1;T2;T3;T4,
162452055784,PMC12456496,41001603,Cancer Biology & Oncology,DISCUSSION,discussion,research,,,
65814775758,PMC12454513,39602041,Cancer Biology & Oncology,abstract,abstract,research,,,
362800215397,PMC12454513,39602041,Cancer Biology & Oncology,Introduction,introduction,research,,,
497480394060,PMC12454513,39602041,Cancer Biology & Oncology,Methods,method,research,,,
790697489034,PMC12454513,39602041,Cancer Biology & Oncology,Methods > Datasets and tools,method,research,,,
626672816667,PMC12454513,39602041,Cancer Biology & Oncology,Methods > Library preparation,method,research,,,
262985344897,PMC12454513,39602041,Cancer Biology & Oncology,Methods > Virtual screening,method,research,,,
864319248342,PMC12454513,39602041,Cancer Biology & Oncology,Methods > Molecular dynamics simulations,method,research,,,
170445383084,PMC12454513,39602041,Cancer Biology & Oncology,Methods > Analysis of the trajectories,method,research,,,
683151010342,PMC12454513,39602041,Cancer Biology & Oncology,Results,result,research,,,
517742657892,PMC12454513,39602041,Cancer Biology & Oncology,Results > Virtual screening of library compounds to identify top-scoring compounds,result,research,10688998333;172165092997;258338812301,,
356027946316,PMC12454513,39602041,Cancer Biology & Oncology,Results > Molecular dynamics simulation and free energy estimation of docked complexes,result,research,301103959871;821668584018,,
618224027571,PMC12454513,39602041,Cancer Biology & Oncology,Results > The mechanistic insights of the interaction of SETD7 residues with the inhibitors,result,research,958135949583,,
637717644114,PMC12454513,39602041,Cancer Biology & Oncology,Results > Comparison of pharmacokinetic properties of IMPHY002979 with known inhibitors,result,research,,Tab1,
113454270725,PMC12454513,39602041,Cancer Biology & Oncology,Discussion,discussion,research,,,
158684135510,PMC12454513,39602041,Cancer Biology & Oncology,Supplementary Information,other,research,,,
497524267262,PMC12404427,37338497,Cancer Biology & Oncology,abstract,abstract,review,,,
273247038848,PMC12404427,37338497,Cancer Biology & Oncology,INTRODUCTION,introduction,review,,,
427450512933,PMC12404427,37338497,Cancer Biology & Oncology,"DIET, LIFESTYLE AND ENVIRONMENT",main,review,,,
726265260696,PMC12404427,37338497,Cancer Biology & Oncology,ROLE OF MICROBIOME IN ONCOLOGY,main,review,,,
47769576962,PMC12404427,37338497,Cancer Biology & Oncology,ROLE OF MICROBIOME IN ONCOLOGY > Gut microbiota and immunotherapy,main,review,,,
761966951589,PMC12404427,37338497,Cancer Biology & Oncology,"ROLE OF MICROBIOME IN ONCOLOGY > Microbiome modification through prebiotics, probiotics and postbiotics",main,review,,,
241755083152,PMC12404427,37338497,Cancer Biology & Oncology,ROLE OF MICROBIOME IN ONCOLOGY > Microbiome modification through antibiotics,main,review,,,
93163621769,PMC12404427,37338497,Cancer Biology & Oncology,THE ASIAN MICROBIOME,main,review,,,
228422246449,PMC12404427,37338497,Cancer Biology & Oncology,CONCLUSION,discussion,review,,,
767137971286,PMC12404427,37338497,Cancer Biology & Oncology,CONCLUSION > Conflicts of interest,discussion,review,,,
777751376830,PMC12401526,39602893,Cancer Biology & Oncology,abstract,abstract,review,,,
898698710805,PMC12401526,39602893,Cancer Biology & Oncology,Introduction,introduction,review,646404608625;850296772591,,
422761192786,PMC12401526,39602893,Cancer Biology & Oncology,Onkopti ® – The Database of Digitized Therapy Protocols,main,review,,,
850484997550,PMC12401526,39602893,Cancer Biology & Oncology,The Relational Database,main,review,,,
966259841713,PMC12401526,39602893,Cancer Biology & Oncology,The Relational Database > Relational SQL Database,main,review,,,
138720553152,PMC12401526,39602893,Cancer Biology & Oncology,Author Portal,main,review,,,
969790682762,PMC12401526,39602893,Cancer Biology & Oncology,"Online Publication, Download, Import into Software for Use in German and English",main,review,29822678858,T1,
922901464665,PMC12401526,39602893,Cancer Biology & Oncology,"Online Publication, Download, Import into Software for Use in German and English > Online and PDF Format",main,review,,,
460816097500,PMC12401526,39602893,Cancer Biology & Oncology,"Online Publication, Download, Import into Software for Use in German and English > Import into Application Software",main,review,,,
926180770260,PMC12401526,39602893,Cancer Biology & Oncology,"Online Publication, Download, Import into Software for Use in German and English > Import into Application Software > BD Cato™",main,review,,,
458882533129,PMC12401526,39602893,Cancer Biology & Oncology,"Online Publication, Download, Import into Software for Use in German and English > Import into Application Software > OptiTemplate",main,review,,,
994017673582,PMC12401526,39602893,Cancer Biology & Oncology,"Online Publication, Download, Import into Software for Use in German and English > Import into Application Software > Import into Other Software Applications",main,review,,,
490346593781,PMC12401526,39602893,Cancer Biology & Oncology,Discussion,discussion,review,,T2;T3,
280139895241,PMC12401526,39602893,Cancer Biology & Oncology,Conclusion,discussion,review,,,
835571629341,PMC12401526,39602893,Cancer Biology & Oncology,Conflict of Interest Statement,main,review,,,
342202140896,PMC12401526,39602893,Cancer Biology & Oncology,Funding Sources,main,review,,,
789536298948,PMC12401526,39602893,Cancer Biology & Oncology,Author Contributions,main,review,,,
936180409676,PMC12454513,39602041,AI-based Modeling & Design,abstract,abstract,research,,,
458367510917,PMC12454513,39602041,AI-based Modeling & Design,Introduction,introduction,research,,,
998984665845,PMC12454513,39602041,AI-based Modeling & Design,Methods,method,research,,,
651451978660,PMC12454513,39602041,AI-based Modeling & Design,Methods > Datasets and tools,method,research,,,
866784882213,PMC12454513,39602041,AI-based Modeling & Design,Methods > Library preparation,method,research,,,
764977696870,PMC12454513,39602041,AI-based Modeling & Design,Methods > Virtual screening,method,research,,,
630946105277,PMC12454513,39602041,AI-based Modeling & Design,Methods > Molecular dynamics simulations,method,research,,,
178788982949,PMC12454513,39602041,AI-based Modeling & Design,Methods > Analysis of the trajectories,method,research,,,
379376896673,PMC12454513,39602041,AI-based Modeling & Design,Results,result,research,,,
713266930672,PMC12454513,39602041,AI-based Modeling & Design,Results > Virtual screening of library compounds to identify top-scoring compounds,result,research,132608272780;200803726338;204686292925,,
842692001712,PMC12454513,39602041,AI-based Modeling & Design,Results > Molecular dynamics simulation and free energy estimation of docked complexes,result,research,320259863148;711589556262,,
729404483888,PMC12454513,39602041,AI-based Modeling & Design,Results > The mechanistic insights of the interaction of SETD7 residues with the inhibitors,result,research,33983660005,,
331286014132,PMC12454513,39602041,AI-based Modeling & Design,Results > Comparison of pharmacokinetic properties of IMPHY002979 with known inhibitors,result,research,,Tab1,
677332937682,PMC12454513,39602041,AI-based Modeling & Design,Discussion,discussion,research,,,
944365701579,PMC12454513,39602041,AI-based Modeling & Design,Supplementary Information,other,research,,,
931915494987,PMC12257046,40662150,AI-based Modeling & Design,abstract,abstract,research,,,
797307039297,PMC12257046,40662150,AI-based Modeling & Design,Introduction,introduction,research,,,
272527346959,PMC12257046,40662150,AI-based Modeling & Design,Materials and methods,method,research,,,
859161194495,PMC12257046,40662150,AI-based Modeling & Design,"Materials and methods > RNA-sequencing data retrieval, read quantification, and differential gene expression analysis",method,research,,,
341343152959,PMC12257046,40662150,AI-based Modeling & Design,"Materials and methods > Protein-protein interaction, hub genes identification, and functional enrichment analysis",method,research,,,
348217432318,PMC12257046,40662150,AI-based Modeling & Design,Materials and methods > Structure retrieval of selected target proteins and domain analysis,method,research,,,
767906199656,PMC12257046,40662150,AI-based Modeling & Design,Materials and methods > Natural compounds retrieval,method,research,,,
174094364747,PMC12257046,40662150,AI-based Modeling & Design,Materials and methods > Selected protein targets virtual screening against natural compounds,method,research,,,
712232549115,PMC12257046,40662150,AI-based Modeling & Design,Results,result,research,,,
435786065295,PMC12257046,40662150,AI-based Modeling & Design,Results > Identification of differentially expressed genes,result,research,,,
87488171029,PMC12257046,40662150,AI-based Modeling & Design,Results > GO terms for dysregulated genes,result,research,,,
499972655023,PMC12257046,40662150,AI-based Modeling & Design,Results > Pathways enrichment analysis,result,research,,,
864068432298,PMC12257046,40662150,AI-based Modeling & Design,Results > PPI analysis and hub genes identification,result,research,,,
331289650712,PMC12257046,40662150,AI-based Modeling & Design,Results > Structural retrieval and virtual screening against natural compounds,result,research,660038935283;769901339123,,
816190710238,PMC12257046,40662150,AI-based Modeling & Design,Results > Protein-ligand interaction analysis,result,research,,,
201519336591,PMC12257046,40662150,AI-based Modeling & Design,Discussion,discussion,research,,,
186453479993,PMC12257046,40662150,AI-based Modeling & Design,Conclusion,discussion,research,,,
625464501313,PMC12272067,40420790,AI-based Modeling & Design,abstract,abstract,research,,,
69720937471,PMC12272067,40420790,AI-based Modeling & Design,INTRODUCTION,introduction,research,,,
955806028797,PMC12272067,40420790,AI-based Modeling & Design,MATERIALS AND METHODS,method,research,,,
855946057188,PMC12272067,40420790,AI-based Modeling & Design,MATERIALS AND METHODS > Materials,method,research,,,
565436760031,PMC12272067,40420790,AI-based Modeling & Design,MATERIALS AND METHODS > Molecular Docking Setup,method,research,,,
946982408156,PMC12272067,40420790,AI-based Modeling & Design,EXPERIMENTAL,method,research,,,
430782576972,PMC12272067,40420790,AI-based Modeling & Design,EXPERIMENTAL > Synthesis of tert-butyl (2-(4-oxo-6-methyl-pyrimidin-2-yl)propan-2-yl)carbamate (3),method,research,,,
353127880539,PMC12272067,40420790,AI-based Modeling & Design,"EXPERIMENTAL > Synthesis of N-(2-(4,6-diphenylpyrimidin-2-yl)propan-2-yl)methanesulfonamide (10a)",method,research,,,
678321525124,PMC12272067,40420790,AI-based Modeling & Design,"EXPERIMENTAL > Synthesis of 2-(4,6-diphenylpyrimidin-2-yl)butan-2-amine hydrochloride (10k)",method,research,,,
326979991523,PMC12272067,40420790,AI-based Modeling & Design,RESULTS AND DISCUSSION,result,research,,,
777073588244,PMC12272067,40420790,AI-based Modeling & Design,CONCLUSION,discussion,research,,,
500673930205,PMC12245994,39715975,AI-based Modeling & Design,abstract,abstract,research,,,
111941113777,PMC12245994,39715975,AI-based Modeling & Design,Introduction,introduction,research,354055055480;865540485923,,
356023798021,PMC12245994,39715975,AI-based Modeling & Design,Materials and methods,method,research,,,
516867557333,PMC12245994,39715975,AI-based Modeling & Design,Materials and methods > Cell lines and cell culture,method,research,,,
929164593595,PMC12245994,39715975,AI-based Modeling & Design,Materials and methods > Generative deep learning to generate virtual molecular library,method,research,,,
222742340758,PMC12245994,39715975,AI-based Modeling & Design,Materials and methods > Molecular docking,method,research,,,
195374367047,PMC12245994,39715975,AI-based Modeling & Design,Materials and methods > Molecular docking > Ligand preparation,method,research,,,
35514153117,PMC12245994,39715975,AI-based Modeling & Design,Materials and methods > Molecular docking > Grid preparation,method,research,,,
869650765603,PMC12245994,39715975,AI-based Modeling & Design,Materials and methods > Molecular dynamics simulation,method,research,,,
9018923582,PMC12245994,39715975,AI-based Modeling & Design,Materials and methods > Molecular dynamics simulation > Protein preparation,method,research,,,
749310930115,PMC12245994,39715975,AI-based Modeling & Design,Materials and methods > Molecular dynamics simulation > Ligand preparation,method,research,,,
401675159160,PMC12245994,39715975,AI-based Modeling & Design,Materials and methods > Molecular dynamics simulation > System assembly,method,research,,,
90878759339,PMC12245994,39715975,AI-based Modeling & Design,Materials and methods > Molecular dynamics simulation > Force field parameters,method,research,,,
199304832044,PMC12245994,39715975,AI-based Modeling & Design,Materials and methods > Molecular dynamics simulation > Energy minimization,method,research,,,
938088812535,PMC12245994,39715975,AI-based Modeling & Design,Materials and methods > Molecular dynamics simulation > Production MD simulation,method,research,,,
666118422256,PMC12245994,39715975,AI-based Modeling & Design,Materials and methods > Molecular dynamics simulation > Data collection,method,research,,,
89803375473,PMC12245994,39715975,AI-based Modeling & Design,Materials and methods > Molecular dynamics simulation > Software and hardware,method,research,,,
942977602484,PMC12245994,39715975,AI-based Modeling & Design,Materials and methods > Calculations of molecular properties,method,research,,,
525035578467,PMC12245994,39715975,AI-based Modeling & Design,Materials and methods > Calculations of molecular properties > Molecular weight (MW),method,research,,,
122320996588,PMC12245994,39715975,AI-based Modeling & Design,Materials and methods > Calculations of molecular properties > Water–octanol partition coefficient (LogP),method,research,,,
717515503142,PMC12245994,39715975,AI-based Modeling & Design,Materials and methods > Calculations of molecular properties > Qualitative estimate of drug-likeness (QED),method,research,,,
136439030095,PMC12245994,39715975,AI-based Modeling & Design,Materials and methods > Calculations of molecular properties > Topological polar surface area (TPSA),method,research,,,
299176436263,PMC12245994,39715975,AI-based Modeling & Design,Materials and methods > Calculations of molecular properties > Water solubility (LogS),method,research,,,
847658987315,PMC12245994,39715975,AI-based Modeling & Design,Materials and methods > Calculations of molecular properties > Hydrogen bond donors (HBD),method,research,,,
510395188647,PMC12245994,39715975,AI-based Modeling & Design,Materials and methods > Calculations of molecular properties > Hydrogen bond acceptors (HBA),method,research,,,
681270156654,PMC12245994,39715975,AI-based Modeling & Design,Materials and methods > Uniform manifold approximation and projection (UMAP),method,research,,,
678653748436,PMC12245994,39715975,AI-based Modeling & Design,Materials and methods > Tree maps (TMAPs),method,research,,,
57786955559,PMC12245994,39715975,AI-based Modeling & Design,Materials and methods > Cell viability assay,method,research,,,
467969055254,PMC12245994,39715975,AI-based Modeling & Design,Materials and methods > Colony-forming assay,method,research,,,
853746957504,PMC12245994,39715975,AI-based Modeling & Design,Materials and methods > Soft-agar colony formation assay,method,research,,,
640330251694,PMC12245994,39715975,AI-based Modeling & Design,Materials and methods > Western blotting analysis,method,research,,,
766672558330,PMC12245994,39715975,AI-based Modeling & Design,Materials and methods > Apoptotic assay,method,research,,,
766593698384,PMC12245994,39715975,AI-based Modeling & Design,Materials and methods > Immunofluorescence,method,research,,,
707429483776,PMC12245994,39715975,AI-based Modeling & Design,Materials and methods > DFT calculation,method,research,,,
614944681575,PMC12245994,39715975,AI-based Modeling & Design,Materials and methods > Virtual screening strategies,method,research,,,
141111471791,PMC12245994,39715975,AI-based Modeling & Design,Materials and methods > Statistical analysis,method,research,,,
897899255526,PMC12245994,39715975,AI-based Modeling & Design,Results,result,research,,,
222276353020,PMC12245994,39715975,AI-based Modeling & Design,Results > Generation of molecular libraries using generative deep learning,result,research,985373373260,,
52240038070,PMC12245994,39715975,AI-based Modeling & Design,Results > Virtual screening and molecular docking,result,research,,,
556139636921,PMC12245994,39715975,AI-based Modeling & Design,Results > HG106 and HG110 inhibits the viability of NSCLC cells,result,research,,,
425042461034,PMC12245994,39715975,AI-based Modeling & Design,Results > HG106 and HG110 inhibits the proliferation of NSCLC cells,result,research,446204096525,,
110294231306,PMC12245994,39715975,AI-based Modeling & Design,Results > HG106 and HG110 promotes apoptosis in NSCLC cells,result,research,410545818823,,
3478907603,PMC12245994,39715975,AI-based Modeling & Design,Results > HG106 and HG110 exert anti-tumor activity by suppressing the activation of STAT3,result,research,,,
83128254256,PMC12245994,39715975,AI-based Modeling & Design,Results > Binding model analysis and molecular dynamics simulations,result,research,40693248828,,
758708409186,PMC12245994,39715975,AI-based Modeling & Design,Discussion,discussion,research,,,
277353638718,PMC12245994,39715975,AI-based Modeling & Design,Conclusion,discussion,research,,,
146672439769,PMC12245994,39715975,AI-based Modeling & Design,Supplementary Information,other,research,,,
306183122725,PMC12212627,38437501,AI-based Modeling & Design,abstract,abstract,research,,,
963975428294,PMC12212627,38437501,AI-based Modeling & Design,Introduction,introduction,research,,,
545055673913,PMC12212627,38437501,AI-based Modeling & Design,Methods,method,research,,,
915482152016,PMC12212627,38437501,AI-based Modeling & Design,Methods > Data Curation,method,research,,,
374207967271,PMC12212627,38437501,AI-based Modeling & Design,Methods > Data Set Preparation,method,research,,,
373342152730,PMC12212627,38437501,AI-based Modeling & Design,Methods > Training and Test Split,method,research,,,
219301428749,PMC12212627,38437501,AI-based Modeling & Design,Methods > Feature Selection,method,research,,,
141427543185,PMC12212627,38437501,AI-based Modeling & Design,Methods > Feature Selection > Fisher Weight (FW),method,research,,,
535674959742,PMC12212627,38437501,AI-based Modeling & Design,Methods > Feature Selection > Random Forest (RF),method,research,,,
37718894855,PMC12212627,38437501,AI-based Modeling & Design,Methods > Feature Selection > Principal Component Analysis (PCA),method,research,,,
672729603721,PMC12212627,38437501,AI-based Modeling & Design,Methods > Machine Learning (ML) Model Selection and Generation,method,research,,tbl1,
466978459744,PMC12212627,38437501,AI-based Modeling & Design,Methods > Virtual Screening,method,research,,,
606132810011,PMC12212627,38437501,AI-based Modeling & Design,Methods > In Vitro Assays,method,research,652307470788,,
941442258238,PMC12212627,38437501,AI-based Modeling & Design,Results and Discussion,result,research,,,
993359739051,PMC12212627,38437501,AI-based Modeling & Design,Results and Discussion > Data Curation,result,research,,,
461841500923,PMC12212627,38437501,AI-based Modeling & Design,Results and Discussion > Machine Learning Models,result,research,74564501690;661089129484;897014330639,tbl2,
625874167115,PMC12212627,38437501,AI-based Modeling & Design,Results and Discussion > Virtual Screening,result,research,,tbl3,
620827309261,PMC12212627,38437501,AI-based Modeling & Design,Results and Discussion > Identified Hit Compounds Inhibit MRSA and MSSA Growth In Vitro,result,research,,tbl4,
116717701816,PMC12212627,38437501,AI-based Modeling & Design,Conclusions,discussion,research,,,
722541726316,PMC12212627,38437501,AI-based Modeling & Design,Supplementary Material,other,research,,,
185747393437,PMC11733953,39740163,AI-based Modeling & Design,abstract,abstract,research,,,
391504493014,PMC11733953,39740163,AI-based Modeling & Design,Introduction,introduction,research,484702142111,,
575407459085,PMC11733953,39740163,AI-based Modeling & Design,Method,method,research,,,
428441707280,PMC11733953,39740163,AI-based Modeling & Design,Method > Molecular Docking,method,research,,,
380994361927,PMC11733953,39740163,AI-based Modeling & Design,Method > Structure-Based Virtual Screening,method,research,,,
767821229505,PMC11733953,39740163,AI-based Modeling & Design,"Method > Interaction
Analysis",method,research,,,
375102215747,PMC11733953,39740163,AI-based Modeling & Design,Method > Kinase Assay,method,research,,,
541323756212,PMC11733953,39740163,AI-based Modeling & Design,Method > Chemical Space Analysis,method,research,,,
77939509571,PMC11733953,39740163,AI-based Modeling & Design,Method > Cell Culture,method,research,,,
21841316108,PMC11733953,39740163,AI-based Modeling & Design,"Method > Cell Cytotoxicity
Assay",method,research,,,
467415255314,PMC11733953,39740163,AI-based Modeling & Design,Method > Immunoblot Analyses,method,research,,,
340186061565,PMC11733953,39740163,AI-based Modeling & Design,Method > Wound Healing Assay,method,research,,,
959697790690,PMC11733953,39740163,AI-based Modeling & Design,"Method > Cellular Fractionation
Procedure",method,research,,,
532605394495,PMC11733953,39740163,AI-based Modeling & Design,Method > Statistical Analysis,method,research,,,
473701475404,PMC11733953,39740163,AI-based Modeling & Design,Results,result,research,,,
879792528216,PMC11733953,39740163,AI-based Modeling & Design,"Results > Structure-Based
Virtual Screening Campaign",result,research,,tbl1,
660137783230,PMC11733953,39740163,AI-based Modeling & Design,"Results > Validation of Selected
Molecules",result,research,783610860765,,
521150397787,PMC11733953,39740163,AI-based Modeling & Design,Results > Interaction Analysis and Structural Characteristics of P162-0948,result,research,369046750797,,
985836670202,PMC11733953,39740163,AI-based Modeling & Design,Results > Selectivity of P162-0948,result,research,309348763205,,
626799951212,PMC11733953,39740163,AI-based Modeling & Design,Results > P162-0948 Is a Structurally Novel CDK8 Inhibitor,result,research,994184750371,,
60769267705,PMC11733953,39740163,AI-based Modeling & Design,"Results > P162-0948 Modulates TGF-β1
Signaling through CDK8 Inhibition",result,research,307467631825,,
241331231853,PMC11733953,39740163,AI-based Modeling & Design,"Results > P162-0948 Reduces TGF-β1-Mediated
EMT Protein Expression",result,research,770423609079,,
926528630644,PMC11733953,39740163,AI-based Modeling & Design,"Results > P162-0948 Disrupts the TGF-β1/Smad3
Signaling Pathway",result,research,223925058823,,
162505115085,PMC11733953,39740163,AI-based Modeling & Design,Discussion,discussion,research,,,
565552362618,PMC11755013,39850657,AI-based Modeling & Design,abstract,abstract,research,,,
606025303619,PMC11755013,39850657,AI-based Modeling & Design,Introduction,introduction,research,,,
519745049216,PMC11755013,39850657,AI-based Modeling & Design,Material and methods,method,research,,,
464719810128,PMC11755013,39850657,AI-based Modeling & Design,Material and methods > Features generation,method,research,961684129715,,
740089957403,PMC11755013,39850657,AI-based Modeling & Design,Material and methods > Features generation > Node feature:,method,research,,,
931277918181,PMC11755013,39850657,AI-based Modeling & Design,Material and methods > Features generation > Edge features:,method,research,,,
865127976184,PMC11755013,39850657,AI-based Modeling & Design,Material and methods > Dataset,method,research,,tbl0010;tbl0020,
90865573407,PMC11755013,39850657,AI-based Modeling & Design,Material and methods > Evaluation metrics and competing methods,method,research,,,
447984023914,PMC11755013,39850657,AI-based Modeling & Design,Material and methods > Network architecture,method,research,,,
70599061292,PMC11755013,39850657,AI-based Modeling & Design,Material and methods > Model training,method,research,,,
780652778622,PMC11755013,39850657,AI-based Modeling & Design,Material and methods > Estimation of protein-protein interface quality:,method,research,,,
790996230601,PMC11755013,39850657,AI-based Modeling & Design,Results and discussion,result,research,,,
614239309560,PMC11755013,39850657,AI-based Modeling & Design,Results and discussion > Ability to rank predicted models,result,research,663790657699;820742072388,,
119794483732,PMC11755013,39850657,AI-based Modeling & Design,Results and discussion > Ability to distinguish high-quality models,result,research,161963395131;694422590177,,
957376379593,PMC11755013,39850657,AI-based Modeling & Design,Results and discussion > Ablation study,result,research,114644246021,,
227403634296,PMC11755013,39850657,AI-based Modeling & Design,Conclusions,discussion,research,,,
694624258603,PMC11755013,39850657,AI-based Modeling & Design,CRediT authorship contribution statement,other,research,,,
671725569719,PMC11755013,39850657,AI-based Modeling & Design,Declaration of Competing Interest,other,research,,,
129772685613,PMC11730078,39811675,AI-based Modeling & Design,abstract,abstract,research,,,
473831039462,PMC11730078,39811675,AI-based Modeling & Design,Introduction,introduction,research,,,
873099773822,PMC11730078,39811675,AI-based Modeling & Design,Materials and methods,method,research,,,
403500608348,PMC11730078,39811675,AI-based Modeling & Design,Materials and methods > Chemicals and reagents,method,research,,,
768338690151,PMC11730078,39811675,AI-based Modeling & Design,Materials and methods > Enzymatic digestion,method,research,,,
700614407711,PMC11730078,39811675,AI-based Modeling & Design,Materials and methods > Sequence identification,method,research,,,
96670461754,PMC11730078,39811675,AI-based Modeling & Design,Materials and methods > Determining the inhibitory effect of peptides on the micelle solubility of cholesterol,method,research,,,
639010051805,PMC11730078,39811675,AI-based Modeling & Design,Materials and methods > Determination of HMGCR activity,method,research,,,
157631143294,PMC11730078,39811675,AI-based Modeling & Design,Materials and methods > Virtual screening,method,research,,,
784710512513,PMC11730078,39811675,AI-based Modeling & Design,Materials and methods > Cell culture,method,research,,,
462678188739,PMC11730078,39811675,AI-based Modeling & Design,Materials and methods > Determination of blood lipid levels,method,research,,,
93433775393,PMC11730078,39811675,AI-based Modeling & Design,Materials and methods > Molecular docking simulations,method,research,,,
395945962650,PMC11730078,39811675,AI-based Modeling & Design,Materials and methods > Molecular dynamics simulations,method,research,,,
539453003622,PMC11730078,39811675,AI-based Modeling & Design,Materials and methods > Statistical analysis,method,research,,,
823486860278,PMC11730078,39811675,AI-based Modeling & Design,Results,result,research,,,
758306607932,PMC11730078,39811675,AI-based Modeling & Design,Results > Peptide yield and HMGCR inhibition rate of enzymatic hydrolysates,result,research,181130259140,,
376367809067,PMC11730078,39811675,AI-based Modeling & Design,Results > Virtual screening of small molecule active peptides targeting HMGR inhibition,result,research,790377889154,tab1;tab2,
47280372924,PMC11730078,39811675,AI-based Modeling & Design,Results > Effects of peptide fractions on TC content in high-fat Hep-G2 cells,result,research,920896643433,,
878036400796,PMC11730078,39811675,AI-based Modeling & Design,Results > Inhibition rate of HMGCR by peptide fractions in vitro,result,research,,,
48073323773,PMC11730078,39811675,AI-based Modeling & Design,Results > Inhibition of cholesterol micelle solubility of peptide fractions in vitro,result,research,,,
400289562631,PMC11730078,39811675,AI-based Modeling & Design,Results > Effect of abalone active peptides on TC and TG of Hep-G2 cells,result,research,504390980587,,
850934938944,PMC11730078,39811675,AI-based Modeling & Design,Results > Effects of abalone active peptides on in vitro cholesterol micellar solubility inhibition rate,result,research,,,
120180278613,PMC11730078,39811675,AI-based Modeling & Design,Results > HMGCR enzyme inhibition rate of abalone active peptides,result,research,303166086423,,
281024586000,PMC11730078,39811675,AI-based Modeling & Design,Results > Molecular docking force between abalone active peptides and HMGCR,result,research,49423917233,tab3,
354579503365,PMC11730078,39811675,AI-based Modeling & Design,Results > Stability analysis of abalone active peptide pair binding to HMGCR,result,research,490088289763,,
714747258896,PMC11730078,39811675,AI-based Modeling & Design,Discussion,discussion,research,,,
907137048954,PMC11730078,39811675,AI-based Modeling & Design,Conclusion,discussion,research,,,
492960176310,PMC11722135,39795157,AI-based Modeling & Design,abstract,abstract,research,,,
582914253404,PMC11722135,39795157,AI-based Modeling & Design,1. Introduction,introduction,research,157023493137,,
567756082303,PMC11722135,39795157,AI-based Modeling & Design,2. Results and Discussion,result,research,,,
263562854843,PMC11722135,39795157,AI-based Modeling & Design,2. Results and Discussion > 2.1. Comparative Modeling of hTRPV4 and Binding Site Prediction,result,research,,,
426325323618,PMC11722135,39795157,AI-based Modeling & Design,2. Results and Discussion > 2.2. Virtual Screening for the Discovery of Novel hTRPV4 Antagonists,result,research,,,
318040782197,PMC11722135,39795157,AI-based Modeling & Design,2. Results and Discussion > 2.2. Virtual Screening for the Discovery of Novel hTRPV4 Antagonists > 2.2.1. Structure-Based Virtual Screening,result,research,,,
630741581539,PMC11722135,39795157,AI-based Modeling & Design,2. Results and Discussion > 2.2. Virtual Screening for the Discovery of Novel hTRPV4 Antagonists > 2.2.2. Ligand-Based Virtual Screening,result,research,,,
622773520,PMC11722135,39795157,AI-based Modeling & Design,2. Results and Discussion > 2.2. Virtual Screening for the Discovery of Novel hTRPV4 Antagonists > 2.2.3. Prediction of ADMET Properties,result,research,,,
666791500483,PMC11722135,39795157,AI-based Modeling & Design,2. Results and Discussion > 2.3. Biological Activity of the Virtual Screening Hits,result,research,,,
37485150783,PMC11722135,39795157,AI-based Modeling & Design,2. Results and Discussion > 2.4. Assessing the Putative Binding Site and Biological Activity of the Natural Stilbenoids,result,research,,,
139858829187,PMC11722135,39795157,AI-based Modeling & Design,2. Results and Discussion > 2.5. Molecular Docking of the Hit Compounds to the 4α-PDD Binding Site at the VSLD,result,research,,,
636597716494,PMC11722135,39795157,AI-based Modeling & Design,2. Results and Discussion > 2.6. Post-Study Analysis in Light of More Recent Structural Data,result,research,,,
399797449344,PMC11722135,39795157,AI-based Modeling & Design,3. Materials and Methods,method,research,,,
72837458326,PMC11722135,39795157,AI-based Modeling & Design,3. Materials and Methods > 3.1. Comparative Modeling of hTRPV4,method,research,,,
70255225162,PMC11722135,39795157,AI-based Modeling & Design,3. Materials and Methods > 3.2. Active Site Prediction,method,research,,,
208310616473,PMC11722135,39795157,AI-based Modeling & Design,3. Materials and Methods > 3.3. Preparing Protein and Ligands,method,research,,,
868260106991,PMC11722135,39795157,AI-based Modeling & Design,3. Materials and Methods > 3.4. Structure-Based Virtual Screening by Molecular Docking,method,research,,,
49793598111,PMC11722135,39795157,AI-based Modeling & Design,3. Materials and Methods > 3.5. Molecular Docking of Natural Stilbenoids,method,research,,,
917437507169,PMC11722135,39795157,AI-based Modeling & Design,3. Materials and Methods > 3.6. MM-GBSA Binding Free Energy Calculation,method,research,,,
110387991496,PMC11722135,39795157,AI-based Modeling & Design,3. Materials and Methods > 3.7. MD Simulation Analysis,method,research,,,
346447168203,PMC11722135,39795157,AI-based Modeling & Design,3. Materials and Methods > 3.8. Ligand-Based Virtual Screening Using a Pharmacophore Model,method,research,,,
736394021104,PMC11722135,39795157,AI-based Modeling & Design,3. Materials and Methods > 3.9. Prediction of Pharmacokinetic and Toxicological Properties,method,research,,,
855544803600,PMC11722135,39795157,AI-based Modeling & Design,3. Materials and Methods > 3.10. Biological Assay,method,research,,,
586859493045,PMC11722135,39795157,AI-based Modeling & Design,4. Conclusions,discussion,research,,,
561156528166,PMC11720423,39796080,AI-based Modeling & Design,abstract,abstract,research,,,
576159918433,PMC11720423,39796080,AI-based Modeling & Design,1. Introduction,introduction,research,,,
444460546279,PMC11720423,39796080,AI-based Modeling & Design,2. Results,result,research,,,
220027497415,PMC11720423,39796080,AI-based Modeling & Design,2. Results > 2.1. Drug-Induced Gene Expression Ranking Analysis (DIGERA),result,research,,,
762167087748,PMC11720423,39796080,AI-based Modeling & Design,2. Results > 2.2. Generation of Numerical Features in DIGERA,result,research,,,
380131204394,PMC11720423,39796080,AI-based Modeling & Design,2. Results > 2.3. Model Evaluation in DIGERA,result,research,,,
49992930778,PMC11720423,39796080,AI-based Modeling & Design,2. Results > 2.4. Model Performance Comparison in DIGERA for Single Cell Lines,result,research,,,
632122164385,PMC11720423,39796080,AI-based Modeling & Design,2. Results > 2.5. Model Performance Comparison in DIGERA for Multiple Cell Lines,result,research,,,
771494980309,PMC11720423,39796080,AI-based Modeling & Design,2. Results > 2.6. Application of DIGERA to De Novo Design for PARP1 Inhibitors,result,research,,,
663218984019,PMC11720423,39796080,AI-based Modeling & Design,3. Discussion,discussion,research,,,
910133339205,PMC11720423,39796080,AI-based Modeling & Design,4. Materials and Methods,method,research,,,
413732659256,PMC11720423,39796080,AI-based Modeling & Design,4. Materials and Methods > 4.1. The LINCS L1000 Gene Expression Datasets in DIGERA,method,research,,,
943918150217,PMC11720423,39796080,AI-based Modeling & Design,4. Materials and Methods > 4.2. Numerical Features in DIGERA,method,research,,,
26166885143,PMC11720423,39796080,AI-based Modeling & Design,4. Materials and Methods > 4.3. Machine Learning in DIGERA,method,research,,,
814104282035,PMC11720423,39796080,AI-based Modeling & Design,4. Materials and Methods > 4.4. PARP1 Classification Models,method,research,,,
748134250938,PMC11720423,39796080,AI-based Modeling & Design,4. Materials and Methods > 4.5. Scoring-Assisted Generative Exploration (SAGE),method,research,,,
431842434354,PMC11720423,39796080,AI-based Modeling & Design,4. Materials and Methods > 4.6. Molecular Simulations,method,research,,,
679987484125,PMC11684895,39737570,AI-based Modeling & Design,abstract,abstract,research,,,
263307151887,PMC11684895,39737570,AI-based Modeling & Design,Introduction,introduction,research,,,
160039025135,PMC11684895,39737570,AI-based Modeling & Design,Materials and methods,method,research,570591947015,,
116681778530,PMC11684895,39737570,AI-based Modeling & Design,Materials and methods > Data preparation,method,research,,,
500094159697,PMC11684895,39737570,AI-based Modeling & Design,Materials and methods > Molecular feature extraction,method,research,,,
902313885741,PMC11684895,39737570,AI-based Modeling & Design,Materials and methods > Construction of ML models for LBVS,method,research,,,
647404416069,PMC11684895,39737570,AI-based Modeling & Design,Materials and methods > Model evaluation,method,research,,,
21157058805,PMC11684895,39737570,AI-based Modeling & Design,Materials and methods > Reference strain and clinical isolates,method,research,,,
90701911470,PMC11684895,39737570,AI-based Modeling & Design,Materials and methods > Determination of the minimum inhibitory concentration of selected compounds,method,research,,,
631038369597,PMC11684895,39737570,AI-based Modeling & Design,Materials and methods > Time–kill curves,method,research,,,
955810815328,PMC11684895,39737570,AI-based Modeling & Design,Materials and methods > Intracellular killing and concentration–kill assays,method,research,,,
933673975013,PMC11684895,39737570,AI-based Modeling & Design,Materials and methods > Molecular docking,method,research,,,
99835379727,PMC11684895,39737570,AI-based Modeling & Design,Materials and methods > Molecular dynamics simulation,method,research,,,
437832056009,PMC11684895,39737570,AI-based Modeling & Design,Materials and methods > Surface plasmon resonance analysis,method,research,,,
624387843418,PMC11684895,39737570,AI-based Modeling & Design,Results,result,research,,,
358329324963,PMC11684895,39737570,AI-based Modeling & Design,Results > Molecular property distribution analysis,result,research,97392121763;885825125427,,
239914355910,PMC11684895,39737570,AI-based Modeling & Design,Results > Construction and validation of ML models for LBVS,result,research,189927321087,TB1;TB2,
158714858419,PMC11684895,39737570,AI-based Modeling & Design,Results > Screening of anti-Mtb compounds in the DrugBank database,result,research,,TB3;TB4,
568346999667,PMC11684895,39737570,AI-based Modeling & Design,Results > MIC values of the selected candidates against Mtb reference strain H37Rv and MDR-TB isolates,result,research,,TB5,
478864642217,PMC11684895,39737570,AI-based Modeling & Design,Results > Time–kill curve assessments,result,research,837901365244,,
376848902805,PMC11684895,39737570,AI-based Modeling & Design,Results > Intracellular bacterial effect of aldoxorubicin and quarfloxin,result,research,725738289309,,
858744139760,PMC11684895,39737570,AI-based Modeling & Design,Results > Protein–ligand binding analysis,result,research,882298824172,TB6;TB7,
987717482375,PMC11684895,39737570,AI-based Modeling & Design,Results > Analysis of the molecular dynamics simulation,result,research,819912142884,,
88862028047,PMC11684895,39737570,AI-based Modeling & Design,Results > Assessment of binding capacity by surface plasmon resonance,result,research,342903094414,,
459348062384,PMC11684895,39737570,AI-based Modeling & Design,Conclusion and discussion,discussion,research,,,
592859513778,PMC11684895,39737570,AI-based Modeling & Design,Supplementary Material,other,research,,,
845725298173,PMC11743120,40074429,AI-based Modeling & Design,abstract,abstract,research,,,
318191457456,PMC11743120,40074429,AI-based Modeling & Design,Abbreviations,other,research,,,
201831777558,PMC11743120,40074429,AI-based Modeling & Design,Introduction,introduction,research,573236601750,,
449688335375,PMC11743120,40074429,AI-based Modeling & Design,Method and Materials,method,research,,,
4853236546,PMC11743120,40074429,AI-based Modeling & Design,Method and Materials > Protein preparation,method,research,689125110435,,
898012629383,PMC11743120,40074429,AI-based Modeling & Design,Method and Materials > Curation and preparation of compound library,method,research,182801256578,,
353482529899,PMC11743120,40074429,AI-based Modeling & Design,Method and Materials > Protein binding site identification and grid box generation,method,research,,,
954990668615,PMC11743120,40074429,AI-based Modeling & Design,Method and Materials > Virtual screening,method,research,,,
597606134745,PMC11743120,40074429,AI-based Modeling & Design,Method and Materials > Pharmacokinetics analysis,method,research,,,
461701162073,PMC11743120,40074429,AI-based Modeling & Design,Method and Materials > Toxicity analysis,method,research,,,
765675081416,PMC11743120,40074429,AI-based Modeling & Design,Method and Materials > Molecular dynamics simulation,method,research,,,
359907633029,PMC11743120,40074429,AI-based Modeling & Design,Results and discussion,result,research,,,
546595755841,PMC11743120,40074429,AI-based Modeling & Design,Results and discussion > Binding site identification and grid box generation,result,research,,,
389140408817,PMC11743120,40074429,AI-based Modeling & Design,Results and discussion > Virtual screening-based molecular docking,result,research,,t0005,
649527717802,PMC11743120,40074429,AI-based Modeling & Design,Results and discussion > Virtual screening-based molecular docking > Protein-ligand interactions,result,research,4905739885;214601593186;386418773304,t0010,
271162694630,PMC11743120,40074429,AI-based Modeling & Design,Results and discussion > Pharmacokinetic properties,result,research,,t0015,
615086949295,PMC11743120,40074429,AI-based Modeling & Design,Results and discussion > Toxicological evaluation,result,research,,t0020,
781455927701,PMC11743120,40074429,AI-based Modeling & Design,Results and discussion > Molecular dynamics simulation,result,research,99003884670;414627319678,,
712865134018,PMC11743120,40074429,AI-based Modeling & Design,Results and discussion > Molecular dynamics simulation > Structural stability and compactness assessment through RMSD analysis,result,research,,,
453543773279,PMC11743120,40074429,AI-based Modeling & Design,Results and discussion > Molecular dynamics simulation > RMSF analysis,result,research,,,
858796011581,PMC11743120,40074429,AI-based Modeling & Design,Results and discussion > Molecular dynamics simulation > Radius of gyration (Rg) analysis,result,research,,,
547642311272,PMC11743120,40074429,AI-based Modeling & Design,Results and discussion > Molecular dynamics simulation > SASA analysis,result,research,,,
81266583501,PMC11743120,40074429,AI-based Modeling & Design,Results and discussion > Molecular dynamics simulation > Hydrogen bonds analysis,result,research,,,
187013138455,PMC11743120,40074429,AI-based Modeling & Design,Results and discussion > Molecular dynamics simulation > MM-PBSA binding energy calculation,result,research,,,
71512843924,PMC11743120,40074429,AI-based Modeling & Design,Conclusion,discussion,research,,,
851668709156,PMC11743120,40074429,AI-based Modeling & Design,CRediT authorship contribution statement,other,research,,,
165442558310,PMC11743120,40074429,AI-based Modeling & Design,Funding,other,research,,,
386797980691,PMC11743120,40074429,AI-based Modeling & Design,Declaration of Competing Interest,other,research,,,
822759725645,PMC11720127,39796007,AI-based Modeling & Design,abstract,abstract,research,,,
543177343350,PMC11720127,39796007,AI-based Modeling & Design,1. Introduction,introduction,research,,,
775621719088,PMC11720127,39796007,AI-based Modeling & Design,2. Results,result,research,,,
574554097762,PMC11720127,39796007,AI-based Modeling & Design,2. Results > 2.1. Identification of Compounds,result,research,,,
848563145614,PMC11720127,39796007,AI-based Modeling & Design,2. Results > 2.2. In Vitro Validation Assays,result,research,,,
191636806804,PMC11720127,39796007,AI-based Modeling & Design,2. Results > 2.3. Cell Viability,result,research,,,
987282731443,PMC11720127,39796007,AI-based Modeling & Design,3. Discussion,discussion,research,,,
722434827478,PMC11720127,39796007,AI-based Modeling & Design,4. Materials and Methods,method,research,,,
586191710570,PMC11720127,39796007,AI-based Modeling & Design,4. Materials and Methods > 4.1. Virtual Screening,method,research,,,
129710593213,PMC11720127,39796007,AI-based Modeling & Design,4. Materials and Methods > 4.2. Source of Small Molecules,method,research,,,
591761935161,PMC11720127,39796007,AI-based Modeling & Design,4. Materials and Methods > 4.3. Binding Assays,method,research,,,
669741769284,PMC11720127,39796007,AI-based Modeling & Design,4. Materials and Methods > 4.4. Cell Culture,method,research,,,
559411797320,PMC11720127,39796007,AI-based Modeling & Design,4. Materials and Methods > 4.5. Cytotoxicity—Presto Blue TM Viability Assay,method,research,,,
45910851305,PMC11720127,39796007,AI-based Modeling & Design,5. Conclusions,discussion,research,,,
203888949585,PMC11685841,39744090,AI-based Modeling & Design,abstract,abstract,research,,,
71987346036,PMC11685841,39744090,AI-based Modeling & Design,INTRODUCTION,introduction,research,,,
962423479335,PMC11685841,39744090,AI-based Modeling & Design,RESULTS,result,research,,,
565742518459,PMC11685841,39744090,AI-based Modeling & Design,RESULTS > Efficient combination of multiple mutations guided by the fine‐tuned model,result,research,196557674186;307969364234;927355195892,,
672342827725,PMC11685841,39744090,AI-based Modeling & Design,RESULTS > Thermodynamic and kinetic stability of the best‐stabilized variant,result,research,,mlf212151-tbl-0001,
737295329630,PMC11685841,39744090,AI-based Modeling & Design,RESULTS > Molecular mechanisms underlying higher thermostability of 13M4,result,research,52410608806;829939141818,,
511503896511,PMC11685841,39744090,AI-based Modeling & Design,RESULTS > Epistatic effects of mutations captured by the fine‐tuned Pro‐PRIME model,result,research,40414349075,,
960172836031,PMC11685841,39744090,AI-based Modeling & Design,DISCUSSION,discussion,research,,,
817833322410,PMC11685841,39744090,AI-based Modeling & Design,MATERIALS AND METHODS,method,research,,,
745798616281,PMC11685841,39744090,AI-based Modeling & Design,MATERIALS AND METHODS > Materials,method,research,,,
245464363566,PMC11685841,39744090,AI-based Modeling & Design,MATERIALS AND METHODS > Protein expression and purification,method,research,,,
510847429577,PMC11685841,39744090,AI-based Modeling & Design,MATERIALS AND METHODS > Activity assay,method,research,,,
374509876249,PMC11685841,39744090,AI-based Modeling & Design,MATERIALS AND METHODS > Thermodynamic stability analysis,method,research,,,
107365245001,PMC11685841,39744090,AI-based Modeling & Design,MATERIALS AND METHODS > Kinetic stability analysis,method,research,,,
255951043481,PMC11685841,39744090,AI-based Modeling & Design,MATERIALS AND METHODS > Kinetic parameters,method,research,,,
696896603871,PMC11685841,39744090,AI-based Modeling & Design,MATERIALS AND METHODS > Fine‐tuning of the Pro‐PRIME,method,research,,,
747435295422,PMC11685841,39744090,AI-based Modeling & Design,MATERIALS AND METHODS > Molecular dynamics simulations,method,research,,,
444678762772,PMC11685841,39744090,AI-based Modeling & Design,MATERIALS AND METHODS > Dynamics cross‐correlation matrix,method,research,,,
561385478363,PMC11685841,39744090,AI-based Modeling & Design,AUTHOR CONTRIBUTIONS,other,research,,,
223059084802,PMC11685841,39744090,AI-based Modeling & Design,ETHICS STATEMENT,other,research,,,
167121565069,PMC11685841,39744090,AI-based Modeling & Design,CONFLICT OF INTERESTS,other,research,,,
109106483169,PMC11685841,39744090,AI-based Modeling & Design,Supporting information,other,research,,,
484133627605,PMC11662536,39707350,AI-based Modeling & Design,abstract,abstract,research,,,
238107495006,PMC11662536,39707350,AI-based Modeling & Design,Introduction,introduction,research,,,
726546697416,PMC11662536,39707350,AI-based Modeling & Design,Materials and methods,method,research,,,
260952060752,PMC11662536,39707350,AI-based Modeling & Design,"Materials and methods > Pharmacophore construction, validation, and screening",method,research,,,
81295015191,PMC11662536,39707350,AI-based Modeling & Design,"Materials and methods > Pharmacophore construction, validation, and screening > Ligands collection",method,research,,,
658974763643,PMC11662536,39707350,AI-based Modeling & Design,"Materials and methods > Pharmacophore construction, validation, and screening > Ligands clustering",method,research,,,
824901905661,PMC11662536,39707350,AI-based Modeling & Design,"Materials and methods > Pharmacophore construction, validation, and screening > Pharmacophore model construction",method,research,,,
691700980806,PMC11662536,39707350,AI-based Modeling & Design,"Materials and methods > Pharmacophore construction, validation, and screening > Pharmacophore-based screening of the library",method,research,,,
113237901287,PMC11662536,39707350,AI-based Modeling & Design,Materials and methods > Molecular docking,method,research,,,
937798721455,PMC11662536,39707350,AI-based Modeling & Design,Materials and methods > Molecular docking > Structure preparation,method,research,,,
934262228797,PMC11662536,39707350,AI-based Modeling & Design,Materials and methods > Molecular docking > ICM Pro,method,research,,,
334798109623,PMC11662536,39707350,AI-based Modeling & Design,Materials and methods > Molecular docking > Autodock Vina,method,research,,,
656289530298,PMC11662536,39707350,AI-based Modeling & Design,Materials and methods > Molecular docking > Ensemble docking,method,research,,,
879385572386,PMC11662536,39707350,AI-based Modeling & Design,Materials and methods > Molecular docking > Consensus docking,method,research,,,
69470255666,PMC11662536,39707350,AI-based Modeling & Design,Materials and methods > MM/PBSA,method,research,,,
332272176866,PMC11662536,39707350,AI-based Modeling & Design,Materials and methods > Molecular dynamics simulations,method,research,,,
48905308697,PMC11662536,39707350,AI-based Modeling & Design,Materials and methods > Calculation of ADME-Tox parameters,method,research,,,
628856274291,PMC11662536,39707350,AI-based Modeling & Design,Materials and methods > In Vitro IC 50 evaluation,method,research,,,
480846456983,PMC11662536,39707350,AI-based Modeling & Design,Results and discussion,result,research,,,
427442376559,PMC11662536,39707350,AI-based Modeling & Design,"Results and discussion > Pharmacophore model construction, validation, and screening",result,research,,,
891567864511,PMC11662536,39707350,AI-based Modeling & Design,"Results and discussion > Pharmacophore model construction, validation, and screening > Ligands collection and clustering",result,research,,,
254771848103,PMC11662536,39707350,AI-based Modeling & Design,"Results and discussion > Pharmacophore model construction, validation, and screening > Pharmacophore model construction",result,research,628127945736,,
713441167878,PMC11662536,39707350,AI-based Modeling & Design,"Results and discussion > Pharmacophore model construction, validation, and screening > Pharmacophore-based screening of library",result,research,,Tab1,
461321520435,PMC11662536,39707350,AI-based Modeling & Design,Results and discussion > Molecular docking analysis,result,research,,,
866905705232,PMC11662536,39707350,AI-based Modeling & Design,Results and discussion > Molecular docking analysis > Ensemble docking,result,research,,,
481201736973,PMC11662536,39707350,AI-based Modeling & Design,Results and discussion > Molecular docking analysis > Consensus docking,result,research,,,
660695795731,PMC11662536,39707350,AI-based Modeling & Design,Results and discussion > MM/PBSA,result,research,,,
262507560615,PMC11662536,39707350,AI-based Modeling & Design,Results and discussion > Molecular Dynamics,result,research,,,
151475235055,PMC11662536,39707350,AI-based Modeling & Design,Results and discussion > ADME-Tox prediction,result,research,,Tab2,
957683316994,PMC11662536,39707350,AI-based Modeling & Design,Results and discussion > In Vitro IC 50 evaluation,result,research,77617098013,,
767359731637,PMC11662536,39707350,AI-based Modeling & Design,Results and discussion > Long molecular dynamics analysis of ID11 and ID35,result,research,401828439329;901449792041,,
810941547922,PMC11662536,39707350,AI-based Modeling & Design,Conclusion,discussion,research,,,
445310504821,PMC11662536,39707350,AI-based Modeling & Design,Supplementary Information,other,research,,,
723743324168,PMC11733934,39696768,AI-based Modeling & Design,abstract,abstract,research,,,
748460023074,PMC11733934,39696768,AI-based Modeling & Design,Introduction,introduction,research,,,
169866735257,PMC11733934,39696768,AI-based Modeling & Design,Method,method,research,,,
386976687690,PMC11733934,39696768,AI-based Modeling & Design,Method > Overview of DiffInt,introduction,research,22934502668,,
228937362111,PMC11733934,39696768,AI-based Modeling & Design,Method > Diffusion Process,method,research,,,
569797549213,PMC11733934,39696768,AI-based Modeling & Design,Method > Generative Process,method,research,,,
569308412075,PMC11733934,39696768,AI-based Modeling & Design,Method > Variational Lower Bound,method,research,,,
767951743847,PMC11733934,39696768,AI-based Modeling & Design,Method > E(3)-Equivariant Graph Neural Network,method,research,,,
796320387476,PMC11733934,39696768,AI-based Modeling & Design,Method > Interaction Particles,method,research,814419847670,,
617869009836,PMC11733934,39696768,AI-based Modeling & Design,Method > Data Construction,method,research,,,
960714410532,PMC11733934,39696768,AI-based Modeling & Design,Method > Training Setting,method,research,,,
896017653031,PMC11733934,39696768,AI-based Modeling & Design,Method > Baselines,method,research,,,
227187264764,PMC11733934,39696768,AI-based Modeling & Design,Method > Evaluation Metrics,method,research,,,
640701755810,PMC11733934,39696768,AI-based Modeling & Design,Experimental Results and Discussion,result,research,14898255633,tbl1,
224570255156,PMC11733934,39696768,AI-based Modeling & Design,Experimental Results and Discussion > Reconstruction of Hydrogen Bonds,result,research,783872584650,,
259488586979,PMC11733934,39696768,AI-based Modeling & Design,Experimental Results and Discussion > Hydrogen Binding Energy,result,research,212868497817;725412670381,,
641347098225,PMC11733934,39696768,AI-based Modeling & Design,Experimental Results and Discussion > Substructure Analysis,result,research,782082530250;845216291177,,
151397620144,PMC11733934,39696768,AI-based Modeling & Design,Experimental Results and Discussion > Atom-Type Analysis,result,research,,tbl2,
860422732485,PMC11733934,39696768,AI-based Modeling & Design,Conclusions,discussion,research,,,
810555904913,PMC11726667,39700339,AI-based Modeling & Design,abstract,abstract,research,,,
531195146604,PMC11726667,39700339,AI-based Modeling & Design,Introduction,introduction,research,107526793355;946377123391,,
26329705283,PMC11726667,39700339,AI-based Modeling & Design,Results and Discussion,result,research,102190781152,,
510190795761,PMC11726667,39700339,AI-based Modeling & Design,Results and Discussion > Shape-Based Screening,result,research,114630480363,,
908010758572,PMC11726667,39700339,AI-based Modeling & Design,Results and Discussion > 2D Structural “Dissimilarity” 53 Filter,result,research,,,
2254337923,PMC11726667,39700339,AI-based Modeling & Design,Results and Discussion > Docking and Visual Inspection Analyses,result,research,285925831764,,
358090709196,PMC11726667,39700339,AI-based Modeling & Design,"Results and Discussion > Enzymatic Inhibition Assays for VS Experimental Validation and
Discussion on the VS Approach",result,research,96666335429;409814281332;725246914834,tbl1,
317866313152,PMC11726667,39700339,AI-based Modeling & Design,Conclusions,discussion,research,,,
404674137010,PMC11726667,39700339,AI-based Modeling & Design,Experimental Section,method,research,,,
324938957348,PMC11726667,39700339,AI-based Modeling & Design,Experimental Section > Computational Programs,method,research,,,
686972123192,PMC11726667,39700339,AI-based Modeling & Design,Experimental Section > Protein Structure Preparation for the Virtual Screening Procedures,method,research,,,
101075214980,PMC11726667,39700339,AI-based Modeling & Design,Experimental Section > Compounds Database Preparation,method,research,,,
70879057746,PMC11726667,39700339,AI-based Modeling & Design,Experimental Section > Shape-Based Model Generation and Screening Procedures,method,research,,,
214591448389,PMC11726667,39700339,AI-based Modeling & Design,Experimental Section > 2D Structural “Dissimilarity” 53 Filter,method,research,,,
859332024338,PMC11726667,39700339,AI-based Modeling & Design,Experimental Section > Docking and Visual Inspection Procedures,method,research,,,
83485646663,PMC11726667,39700339,AI-based Modeling & Design,Experimental Section > h15-LOX-2 Expression and Purification,method,research,,,
651225636075,PMC11726667,39700339,AI-based Modeling & Design,Experimental Section > Enzymatic Assays,method,research,,,
412960379487,PMC11726667,39700339,AI-based Modeling & Design,Experimental Section > Purity Statement,method,research,,,
705926446898,PMC11726667,39700339,AI-based Modeling & Design,Experimental Section > Turbidimetric Assays for Solubility Estimations,method,research,,,
391883098327,PMC11657568,39696643,AI-based Modeling & Design,abstract,abstract,research,,,
75235134454,PMC11657568,39696643,AI-based Modeling & Design,Introduction,introduction,research,,,
593634746712,PMC11657568,39696643,AI-based Modeling & Design,Methods,method,research,,,
312474471094,PMC11657568,39696643,AI-based Modeling & Design,Methods > Crystal structures of BRD4 (BD1) complexes,method,research,293307434075,,
824064132199,PMC11657568,39696643,AI-based Modeling & Design,Methods > Preparation of ligands,method,research,274734565129,,
889963926230,PMC11657568,39696643,AI-based Modeling & Design,Methods > Molecular docking,method,research,,,
841171157699,PMC11657568,39696643,AI-based Modeling & Design,Methods > Scoring functions,method,research,,,
940389985663,PMC11657568,39696643,AI-based Modeling & Design,Methods > In silico molecular properties of ligands,method,research,,,
840915815382,PMC11657568,39696643,AI-based Modeling & Design,Methods > Molecular dynamic simulation,method,research,,,
167287371083,PMC11657568,39696643,AI-based Modeling & Design,Results and discussions,result,research,,,
843396172741,PMC11657568,39696643,AI-based Modeling & Design,Results and discussions > Assessment of docking methods,result,research,,Tab1,
375275314320,PMC11657568,39696643,AI-based Modeling & Design,Results and discussions > Assessment of scoring functions,result,research,19314627377;488657521630;954797383061,Tab2,
422894207552,PMC11657568,39696643,AI-based Modeling & Design,Results and discussions > Assessment of in silico molecular properties,result,research,,Tab3,
475494124748,PMC11657568,39696643,AI-based Modeling & Design,Results and discussions > Molecular interaction analysis,result,research,354453212663,,
593422469899,PMC11657568,39696643,AI-based Modeling & Design,Results and discussions > MD simulation,result,research,605036372093,,
137376377007,PMC11657568,39696643,AI-based Modeling & Design,Conclusions,discussion,research,,,
566970735006,PMC11657568,39696643,AI-based Modeling & Design,Electronic Supplementary Material,other,research,,,
474669670751,PMC11679513,39771585,AI-based Modeling & Design,abstract,abstract,research,,,
724426752310,PMC11679513,39771585,AI-based Modeling & Design,1. Introduction,introduction,research,,,
204613813424,PMC11679513,39771585,AI-based Modeling & Design,2. Materials and Methods,method,research,,,
750005442134,PMC11679513,39771585,AI-based Modeling & Design,2. Materials and Methods > 2.1. Materials and Software,method,research,,,
451620630853,PMC11679513,39771585,AI-based Modeling & Design,2. Materials and Methods > 2.2. Database Preparation,method,research,,,
841756871416,PMC11679513,39771585,AI-based Modeling & Design,2. Materials and Methods > 2.3. Shape Screening,method,research,,,
29129537676,PMC11679513,39771585,AI-based Modeling & Design,2. Materials and Methods > 2.4. Crystal Structures,method,research,,,
94446421363,PMC11679513,39771585,AI-based Modeling & Design,2. Materials and Methods > 2.5. Protein Preparation,method,research,,,
775091670101,PMC11679513,39771585,AI-based Modeling & Design,2. Materials and Methods > 2.6. Ligand Library Preparation,method,research,,,
243158588011,PMC11679513,39771585,AI-based Modeling & Design,2. Materials and Methods > 2.7. Validation of Molecular Docking,method,research,,,
717516431483,PMC11679513,39771585,AI-based Modeling & Design,2. Materials and Methods > 2.8. Virtual Screening,method,research,,,
439168654113,PMC11679513,39771585,AI-based Modeling & Design,2. Materials and Methods > 2.9. Docked Poses Filter,method,research,,,
430913327338,PMC11679513,39771585,AI-based Modeling & Design,2. Materials and Methods > 2.10. Molecular Dynamics,method,research,,,
795387482391,PMC11679513,39771585,AI-based Modeling & Design,2. Materials and Methods > 2.11. ADMET Profiling,method,research,,,
768009639266,PMC11679513,39771585,AI-based Modeling & Design,3. Results and Discussion,result,research,,,
422845635838,PMC11679513,39771585,AI-based Modeling & Design,3. Results and Discussion > 3.1. Database Preparation for Virtual Screening,result,research,,,
444810621097,PMC11679513,39771585,AI-based Modeling & Design,3. Results and Discussion > 3.1. Database Preparation for Virtual Screening > 3.1.1. Physicochemical Parameters and Drug-Likeness,result,research,,,
302160986354,PMC11679513,39771585,AI-based Modeling & Design,3. Results and Discussion > 3.1. Database Preparation for Virtual Screening > 3.1.2. Shape Screening,result,research,,,
3525122913,PMC11679513,39771585,AI-based Modeling & Design,3. Results and Discussion > 3.2. Virtual Screening,result,research,,,
330115238544,PMC11679513,39771585,AI-based Modeling & Design,3. Results and Discussion > 3.3. Molecular Dynamics,result,research,,,
980107628666,PMC11679513,39771585,AI-based Modeling & Design,3. Results and Discussion > 3.4. Literature Analysis,result,research,,,
377836016050,PMC11679513,39771585,AI-based Modeling & Design,3. Results and Discussion > 3.5. Scaffolds Identification for GLP-1 Allosteric Modulation,result,research,,,
712813378130,PMC11679513,39771585,AI-based Modeling & Design,3. Results and Discussion > 3.6. ADMET and Drug-Likeness Profiling,result,research,,,
469104821326,PMC11679513,39771585,AI-based Modeling & Design,4. Conclusions,discussion,research,,,
933624168713,PMC11651584,39689077,AI-based Modeling & Design,abstract,abstract,research,,,
173931404772,PMC11651584,39689077,AI-based Modeling & Design,1. Introduction,introduction,research,,,
788687705001,PMC11651584,39689077,AI-based Modeling & Design,2. Methods,method,research,143504275422,,
934155302505,PMC11651584,39689077,AI-based Modeling & Design,2. Methods > 2.1. Screening library of phytochemicals from Indian medicinal plants,method,research,,,
465763151943,PMC11651584,39689077,AI-based Modeling & Design,2. Methods > 2.2. First-phase screening based on drug-likeness and bioavailability score,method,research,,,
267340398447,PMC11651584,39689077,AI-based Modeling & Design,2. Methods > 2.3. Toxicity profiling,method,research,,,
362973534506,PMC11651584,39689077,AI-based Modeling & Design,"2. Methods > 2.4. Ligand collection, retrieving, and preparation",method,research,,,
818366360500,PMC11651584,39689077,AI-based Modeling & Design,2. Methods > 2.5. Preparation of receptor protein,method,research,,,
49973617722,PMC11651584,39689077,AI-based Modeling & Design,2. Methods > 2.6. Molecular docking and validation of docking protocol,method,research,,,
515464160810,PMC11651584,39689077,AI-based Modeling & Design,2. Methods > 2.7. Molecular dynamics simulation analyses,method,research,,,
36462719037,PMC11651584,39689077,AI-based Modeling & Design,2. Methods > 2.8. Lipinski’s rule of five and ADMET determination,method,research,,,
918004971679,PMC11651584,39689077,AI-based Modeling & Design,2. Methods > 2.9. DFT optimization,method,research,75912892840,,
933385371571,PMC11651584,39689077,AI-based Modeling & Design,3. Results and discussion,result,research,,,
420638166025,PMC11651584,39689077,AI-based Modeling & Design,3. Results and discussion > 3.1. In silico chemical profiling and compound library,result,research,,,
701754938518,PMC11651584,39689077,AI-based Modeling & Design,3. Results and discussion > 3.2. Molecular docking and non-bonding interaction analysis,result,research,791235647924,pone.0311401.t001,
972188285943,PMC11651584,39689077,AI-based Modeling & Design,3. Results and discussion > 3.3. Molecular dynamics simulation analyses,result,research,,,
348017876669,PMC11651584,39689077,AI-based Modeling & Design,3. Results and discussion > 3.3. Molecular dynamics simulation analyses > 3.3.1. Root mean square deviation analysis,result,research,772185608259,,
184581245068,PMC11651584,39689077,AI-based Modeling & Design,3. Results and discussion > 3.3. Molecular dynamics simulation analyses > 3.3.2. Root mean square fluctuation analysis,result,research,,,
345321945550,PMC11651584,39689077,AI-based Modeling & Design,3. Results and discussion > 3.3. Molecular dynamics simulation analyses > 3.3.3. Radius of gyration analysis,result,research,,,
258125577330,PMC11651584,39689077,AI-based Modeling & Design,3. Results and discussion > 3.3. Molecular dynamics simulation analyses > 3.3.4. Hydrogen bond analysis,result,research,743666180759,pone.0311401.t002,
974504596460,PMC11651584,39689077,AI-based Modeling & Design,3. Results and discussion > 3.3. Molecular dynamics simulation analyses > 3.3.5. Principal component analysis and energy landscape analysis,result,research,643638578629,,
471435543873,PMC11651584,39689077,AI-based Modeling & Design,3. Results and discussion > 3.3. Molecular dynamics simulation analyses > 3.3.6. Dynamic cross‑ correlation matrix analysis,result,research,972728356683,,
791025379883,PMC11651584,39689077,AI-based Modeling & Design,3. Results and discussion > 3.3. Molecular dynamics simulation analyses > 3.3.7. Binding free energy calculation using MM-PBSA,result,research,908931517126,pone.0311401.t003,
941027574545,PMC11651584,39689077,AI-based Modeling & Design,3. Results and discussion > 3.4. Lipinki’s rule analysis,result,research,,pone.0311401.t004,
245719472511,PMC11651584,39689077,AI-based Modeling & Design,3. Results and discussion > 3.5. ADMET analysis,result,research,,pone.0311401.t005,
855836679266,PMC11651584,39689077,AI-based Modeling & Design,3. Results and discussion > 3.6. DFT based chemical descriptors and analysis,result,research,,,
758547263967,PMC11651584,39689077,AI-based Modeling & Design,4. Conclusion,discussion,research,,,
605182392690,PMC11651584,39689077,AI-based Modeling & Design,Supporting information,other,research,,,
