section_id,raw_keyword,normalized_entity,score
38598310_sec0,previtamin D3,previtamin D(3),0.9507415890693665
38598310_sec0,vitamin D3,cholecalciferol,0.9474923610687256
38598310_sec0,β-cyclodextrin,cyclodextrins,0.8333438634872437
38598310_sec0,quantum mechanics,Quantum Mechanics,0.9747067093849182
38598310_sec0,molecular dynamics,Molecular Dynamics,0.9768232107162476
38598310_sec0,statistical multistructural variational transition state theory,Science of Statistics,0.9900026917457581
38598310_sec0,PreD3,Pred3,1.0
38598310_sec0,isomerization,cis trans isomerization,0.7720096111297607
38598310_sec0,triene moiety,Triene Moiety,1.0
38598310_sec0,catalytic factor,Catalysis,0.7554746866226196
38598310_sec0,biochemical modeling,Biochemical,0.9734254479408264
38598310_sec1,vitamin D3,cholecalciferol,0.9474923610687256
38598310_sec1,cholesterol,cholesterol,0.9910957217216492
38598310_sec1,calcium homeostasis,calcium,0.9657426476478577
38598310_sec1,rickets,Rickets,0.9816815853118896
38598310_sec1,osteoporosis,Osteoporosis,0.9853455424308777
38598310_sec1,autoimmune diseases,Autoimmune Diseases,0.9742373824119568
38598310_sec1,depression,Mental Depression,0.9696047902107239
38598310_sec1,hypovitaminosis D,Rickets,0.9711248874664307
38598310_sec1,7-dehydrocholesterol,7-dehydrocholesterol,0.9760454893112183
38598310_sec1,previtamin D3,previtamin D(3),0.9507415890693665
38598310_sec1,secosteroid,Secosteroids,0.98552405834198
38598310_sec1,UV-induced,Induce (action),0.7379936575889587
38598310_sec1,triene moiety,Triene Moiety,1.0
38598310_sec8,PreD,prednisone,0.9825963377952576
38598310_sec8,β-CD dimer,dimer,0.7284200191497803
38598310_sec8,triene configuration,With configuration,0.7675601243972778
38598310_sec8,−c−c reactive arrangement,With configuration,0.7411499619483948
38598310_sec8,−c−c pathway,Biochemical Pathway,0.9801419377326965
38598310_sec8,VitD,Vitd,1.0
38598310_sec8,thermal sigmatropic reaction,Thermal Sigmatropic Reaction,1.0
38598310_sec8,torsional movement,Torsional Movement,1.0
38598310_sec8,molecular flexibility,Pliability,0.7261966466903687
38598310_sec8,encapsulated PreD,prednisone,0.9825963377952576
38598310_sec9,PreD,prednisone,0.9825963377952576
38598310_sec9,triene,trientine,0.7411056756973267
38598310_sec9,MPWB1K/6-31+G,Mpwb1K/6-31+G,1.0
38598310_sec9,−c−c,−C−C,1.0
38598310_sec9,+c+c,+C+C,1.0
38598310_sec9,2D potential energy surface,2 Days,0.9995893239974976
38598310_sec9,energy barrier,BARRIER,0.7205761671066284
38598310_sec9,1.58 kcal/mol,1.58 Kcal/Mol,1.0
38598310_sec9,1.67 kcal/mol,1.67 Kcal/Mol,1.0
38598310_sec9,OH group rotation,Ohio,1.0
38598310_sec10,n-hexane,hexane,0.9706594347953796
38598310_sec10,water,water,0.9369778037071228
38598310_sec10,Holick,Holick,1.0
38598310_sec10,catalytic effect,Catalysis,0.7554746866226196
38598310_sec10,PreD,prednisone,0.9825963377952576
38598310_sec10,β-CD dimer,dimer,0.7284200191497803
38598310_sec10,rate constant,Rate Constant,0.9819082021713257
38598310_sec10,OH group rotations,Ohio,1.0
38598310_sec10,partition functions,Function (attribute),0.7124341726303101
38598310_sec10,encapsulated system,Encapsulated System,1.0
38598310_sec10,free system,Free System,1.0
38598310_sec10,reaction barrier,Reaction,0.702450156211853
38598310_sec10,conformational space,Molecular Conformation,0.711249828338623
38598310_sec10,hypothetical intermediate reactions,Hypothetical Intermediate Reactions,1.0
38598310_sec11,triene conformers,Triene Conformers,1.0
38598310_sec11,β-CD dimer,dimer,0.7284200191497803
38598310_sec11,Vitamin D isomerization,Vitamin D Isomerization,1.0
38598310_sec11,catalytic enhancement,Enhance (action),0.7150009274482727
38598310_sec11,entropic phenomenon,Entropic Phenomenon,1.0
38598310_sec11,reaction barrier,Reaction,0.702450156211853
38598310_sec11,conformational restraint,Conformational Restraint,1.0
38598310_sec11,Meana-Pañeda,Meana-Pañeda,1.0
38598310_sec11,Fernández-Ramos,Fernández-Ramos,1.0
38996455_sec0,Trigger Factor,Factor,0.9910855889320374
38996455_sec0,DnaJ,DNAJA2 gene,0.9784776568412781
38996455_sec0,DnaK,Dnak,1.0
38996455_sec0,multidomain protein,Protein Domain,0.7778475880622864
38996455_sec0,co-translational folding,Co-Translational Protein Modification,0.8026002645492554
38996455_sec0,bacteria,Bacteria,0.992347240447998
36779817_sec0,protein folding pathways,Biochemical Pathway,0.9816257953643799
36779817_sec0,protein quality control,Quality,0.7055538892745972
36779817_sec0,biologically relevant globular proteins,biological,0.9778931140899658
36779817_sec0,non-native metastable states,Geographic state,0.9940890073776245
36779817_sec0,posttranslational regulation,Post-Translational Regulation,0.9329739809036255
36779817_sec0,protein misfolding mechanisms,Protein Misfolding Disorders,0.8160731792449951
36779817_sec0,pharmacological agents,Pharmacologic Substance,0.8340355753898621
36779817_sec0,selective degradation,Catabolism,0.7057029604911804
36779817_sec0,messenger RNA,"RNA, Messenger",0.9850544333457947
36779817_sec0,polypeptides,Polypeptides,0.9850601553916931
36779817_sec1,protein folding process,protein folding,0.9649049043655396
36779817_sec1,proteostasis,Proteostasis,0.9690761566162109
36779817_sec1,energy landscape theory,Energy Landscape Theory,1.0
36779817_sec1,single-domain globular proteins,globular protein,0.7059605717658997
36779817_sec1,multidimensional free-energy landscape,Multidimensional,0.9796180129051208
36779817_sec1,amino acids,Amino Acids,0.9802456498146057
36779817_sec1,native state,Native (qualifier value),0.991672694683075
36779817_sec1,aberrantly folded species,Species,0.7124605178833008
36779817_sec1,proteasome,multicatalytic endopeptidase complex,0.9731605052947998
36779817_sec1,lysosomes,Lysosomes,0.9809489846229553
36779817_sec2,MD simulations,Computer simulation,0.7826932668685913
36779817_sec2,Anton supercomputer,supercomputer,0.8245300650596619
36779817_sec2,bias functional approach,Bias (Epidemiology),0.9760707020759583
36779817_sec2,self-consistent path sampling,Sampling - Surgical action,0.9774141907691956
36779817_sec2,ratchet-and-pawl MD,Menkes Kinky Hair Syndrome,0.9968141913414001
36779817_sec3,Creutzfeldt–Jakob disease,Creutzfeldt-Jakob disease,0.783539891242981
36779817_sec3,fatal familial insomnia,Fatal,0.9690442681312561
36779817_sec3,Gerstmann–Sträussler–Scheinker syndrome,Gerstmann Syndrome,0.7289342880249023
36779817_sec3,cellular prion protein,Prions,0.7831578254699707
36779817_sec3,PrP Sc,South Carolina,0.979175329208374
36779817_sec3,neurodegenerative disorders,Neurodegenerative Disorders,0.9826954007148743
36779817_sec3,protein misfolding,Protein Misfolding Disorders,0.8160731792449951
36779817_sec3,transmissible spongiform encephalopathies,Prion Diseases,0.8137662410736084
36779817_sec3,cryogenic electron microscopy,Cryoelectron Microscopy,0.8114714026451111
36779817_sec3,stopped‐flow,Stopped‐Flow,1.0
36779817_sec3,force spectroscopy,Spectrum Analysis,0.824871301651001
36779817_sec4,serpin,Serpins,0.9589536190032959
36779817_sec4,a1-antitrypsin,SERPINA1 gene,0.8015416264533997
36779817_sec4,S-mutation,Mutation,0.73256516456604
36779817_sec4,Z-mutation,Mutation,0.73256516456604
36779817_sec4,liver diseases,Liver diseases,0.9822178483009338
36779817_sec4,lung diseases,Lung diseases,0.9787746071815491
36779817_sec4,A1AT augmentation therapy,"alpha 1-proteinase inhibitor, human",0.9535903334617615
36779817_sec4,BF algorithm,algorithm,0.8711233139038086
36779817_sec4,wild-type,MET Gene Mutation Negative,0.9186307191848755
36779817_sec4,S-mutant,S-Mutant,1.0
36779817_sec4,Z-mutant,Z-Mutant,1.0
36779817_sec4,electrostatic interaction,Electrostatic Attraction,0.7361487746238708
36779817_sec4,Glu-Lys,Glu-Lys,1.0
36779817_sec4,Lys-Lys,lysyllysine,0.9884653091430664
36779817_sec5,glycosylation,glycosylation,0.968177318572998
36779817_sec5,phosphorylation,Phosphorylation,0.9787772297859192
36779817_sec5,acetylation,Acetylation,0.9660566449165344
36779817_sec5,methylation,Methylation,0.9808759093284607
36779817_sec5,sumoylation,Sumoylation,0.9367567896842957
36779817_sec5,ubiquitination,Ubiquitination,0.9497063755989075
36779817_sec5,glycosyl-phosphatidylinositol,Glycosylphosphatidylinositols,0.9874261617660522
36779817_sec6,neurodegenerative diseases,Neurodegenerative Disorders,0.9793145656585693
36779817_sec6,protein misfolding,Protein Misfolding Disorders,0.8160731792449951
36779817_sec6,protein aggregation,Protein Aggregates,0.8093607425689697
36779817_sec6,small peptides,Peptides,0.7714759707450867
36779817_sec6,folding kinetics,Kinetics,0.9779995083808899
36779817_sec6,Das et al.,Das Et Al.,1.0
36779817_sec6,Broglia et al.,Broglia Et Al.,1.0
36779817_sec6,pharmacological protein inactivation by folding intermediate targeting,Plication,0.9638853669166565
36779817_sec6,PPI-FIT,Ppi-Fit,1.0
36779817_sec7,A1AT serpin,Serpins,0.7428022623062134
36779817_sec7,protein folding,protein folding,0.9649049043655396
36779817_sec7,misfolding,Protein Misfolding Disorders,0.7378263473510742
36779817_sec7,folding intermediates,Plication,0.9638853669166565
36779817_sec7,post-translational modifications (PTMs),PTMS gene,0.9730638265609741
36779817_sec7,biologically active protein,biological,0.7984463572502136
36779817_sec7,metastable state,Metastable State,1.0
36779817_sec7,regulatory mechanisms,Regulator,0.7010670900344849
36779817_sec7,pharmacological target,Target,0.9916039705276489
40919504_sec0,nuclear magnetic resonance spectroscopy,"Spectroscopy, Nuclear Magnetic Resonance",0.98396235704422
40919504_sec0,HDX NMR,Hdx Nmr,1.0
40919504_sec0,protein stability,Protein Stability,0.9859595894813538
40919504_sec0,equilibrium thermodynamics,Thermodynamics,0.97660231590271
40919504_sec0,cosolutes,solute,0.7516042590141296
40919504_sec0,macromolecules,macromolecule,0.9902570843696594
40919504_sec0,osmolytes,Osmolytes,1.0
40919504_sec0,sugars,Sugars,0.9739328622817993
40919504_sec0,denaturants,Denaturant,0.8692043423652649
40919504_sec0,synthetic polymers,Synthetic polymer,0.9903349876403809
40919504_sec1,proteins,Proteins,0.9877250790596008
40919504_sec1,nucleic acids,Nucleic Acids,0.9780105352401733
40919504_sec1,small molecules,Small Molecule,0.9908385872840881
40919504_sec1,macromolecules,macromolecule,0.9902570843696594
40919504_sec1,crowding effects,Effect,0.9853150844573975
40919504_sec1,protein complex-stability,Protein Stability,0.7582626342773438
40919504_sec1,hard repulsions,Disgust,0.7031168937683105
40919504_sec1,soft chemical interactions,physical chemical interaction,0.7136374115943909
40919504_sec1,entropic,Entropic,1.0
40919504_sec1,enthalpic,Enthalpic,1.0
40919504_sec1,chemical interactions,physical chemical interaction,0.7817506790161133
40919504_sec1,native environments,Native (qualifier value),0.991672694683075
40919504_sec1,cosolutes,solute,0.7516042590141296
40919504_sec1,osmolytes,Osmolytes,1.0
40919504_sec1,hydrogen bonds,Hydrogen Bonds,0.9827972054481506
40919504_sec2,ribonuclease A,Pancreatic ribonuclease,0.9896470904350281
40919504_sec2,guanidinium chloride,guanidine hydrochloride,0.9867223501205444
40919504_sec2,urea,urea,0.9912328720092773
40919504_sec2,fluorescence spectroscopy,Fluorescence Spectroscopy,0.9864470362663269
40919504_sec2,absorbance spectroscopy,Spectrum Analysis,0.7251022458076477
40919504_sec2,circular dichroism spectropolarimetry,Circular Dichroism Spectropolarimetry,1.0
40919504_sec2,differential scanning calorimetry,"Calorimetry, Differential Scanning",0.9783580899238586
40919504_sec2,nuclear magnetic resonance,Magnetic Resonance Imaging,0.9851276874542236
40919504_sec2,mass spectrometry,Mass Spectrometry,0.9838436245918274
40919504_sec2,hydrogen-deuterium exchange,Deuterium Exchange Measurement,0.8609629273414612
40919504_sec2,thermodynamic hypothesis,Thermodynamics,0.7417539954185486
40919504_sec2,Gibbs free energy,Gibbs free energy,0.9700527191162109
40919504_sec4,HDX,HDX gene,0.982128918170929
40919504_sec4,B1 IgG-binding domain,Apical segmental bronchus,0.9999532699584961
40919504_sec4,B2 IgG-binding domain,Posterior segmental bronchus,0.9996646642684937
40919504_sec4,van't Hoff enthalpies,Van'T Hoff Enthalpies,1.0
40919504_sec4,EX2 mechanism,Mechanism (attribute),0.9824716448783875
40919504_sec5,trimethylamine N-oxide,trimethyloxamine,0.9689960479736328
40919504_sec5,glycine betaine,betaine,0.9751216769218445
40919504_sec5,sucrose,sucrose,0.9555788636207581
40919504_sec5,glucose,glucose,0.9921190142631531
40919504_sec5,ethylene glycol,ethylene glycol,0.9867509007453918
40919504_sec5,sorbitol,sorbitol,0.9923678636550903
40919504_sec5,xylitol,xylitol,0.989702045917511
40919504_sec5,mannitol,mannitol,0.9899711608886719
40919504_sec5,urea,urea,0.9912328720092773
40919504_sec5,chymotrypsin inhibitor 2,chymotrypsin inhibitor 2,0.9759209156036377
40919504_sec5,Ficoll™,Ficoll,0.9131780862808228
40919504_sec5,PVP,povidone,0.9957742094993591
40919504_sec5,NMR,Magnetic Resonance Imaging,0.9854833483695984
40919504_sec5,HDX,HDX gene,0.982128918170929
40919504_sec6,PEG,polyethylene glycols,0.9642704725265503
40919504_sec6,Dextran,dextran,0.9816961288452148
40919504_sec6,Ficoll,Ficoll,0.9980639815330505
40919504_sec6,PVP,povidone,0.9957742094993591
40919504_sec6,α-lactalbumin,Lactalbumin,0.8174703121185303
40919504_sec6,lysozyme,muramidase,0.9752359390258789
40919504_sec6,macromolecular crowding,Macromolecular Crowding,1.0
40919504_sec6,hydrophobicity,Hydrophobicity,0.9822558760643005
40919504_sec6,confinement,Bed rest,0.8200387358665466
40919504_sec6,molecular weight,Molecular Weight,0.9799522161483765
40919504_sec6,viscosity,Viscosity,0.9954379796981812
40919504_sec6,hydrophilic,Hydrophilicity,0.9953654408454895
40919504_sec6,hydrophobic,Hydrophobicity,0.974919319152832
40919504_sec7,Ficoll™,Ficoll,0.9131780862808228
40919504_sec7,PVP,povidone,0.9957742094993591
40919504_sec7,dextran,dextran,0.9816961288452148
40919504_sec7,glycine betaine,betaine,0.9751216769218445
40919504_sec7,Escherichia coli,Escherichia coli,0.9835531711578369
40919504_sec7,bovine serum albumin,"serum albumin, bovine",0.9614024758338928
40919504_sec7,lysozyme,muramidase,0.9752359390258789
40919504_sec7,GB1,Gallbladder acupuncture point GB1,0.994159460067749
40919504_sec7,CI2,"ECI2 protein, human",0.7137302756309509
40919504_sec7,HDX NMR,Hdx Nmr,1.0
40919504_sec7,19 F NMR,19 F Nmr,1.0
40919504_sec7,heteronuclear NMR,Heteronuclear Nmr,1.0
39739814_sec0,GPX4,GPX4 gene,0.9827814102172852
39739814_sec0,MALT1,MALT1 gene,0.9508234858512878
39739814_sec0,RC3H1,RC3H1 gene,0.9920207262039185
39739814_sec0,MI-2,Mi-2,0.968396008014679
39739814_sec0,sorafenib,sorafenib,0.9775627255439758
39739814_sec0,regorafenib,regorafenib,0.972095251083374
39739814_sec0,ferroptosis,Ferroptosis,0.9880935549736023
39739814_sec0,liver cancer,Liver and Intrahepatic Biliary Tract Carcinoma,0.9816758036613464
39739814_sec0,thyroid cancer,Malignant neoplasm of thyroid,0.9859957098960876
39739814_sec0,kidney cancer,Malignant neoplasm of kidney,0.9704528450965881
39739814_sec0,colorectal cancer,Colorectal Carcinoma,0.9869279861450195
39739814_sec2,GPX4,GPX4 gene,0.9827814102172852
39739814_sec2,HCC,altretamine/cisplatin/cyclophosphamide protocol,0.9858471751213074
39739814_sec2,Huh7,MIR7-3HG gene,0.9556912779808044
39739814_sec2,SK-Hep1,Sk-Hep1,1.0
39739814_sec2,PLC/PRF/5,Plc/Prf/5,1.0
39739814_sec2,EEFSEC,EEFSEC gene,0.9832839369773865
39739814_sec2,FBXW7,"FBXW7 protein, human",0.9934483170509338
39739814_sec2,MALT1,MALT1 gene,0.9508234858512878
39739814_sec2,ferroptosis,Ferroptosis,0.9880935549736023
39739814_sec2,CRISPR screening,Screening for cancer,0.9829955697059631
39739814_sec2,mRNA,"RNA, Messenger",0.9662562012672424
39739814_sec2,proliferation,Proliferation (morphologic abnormality),0.9703319072723389
39739814_sec2,genetic inhibition,Psychological inhibition,0.7312625646591187
39739814_sec2,molecular regulators,molecular function regulator activity,0.7842229008674622
39739814_sec3,MALT1,MALT1 gene,0.9508234858512878
39739814_sec3,RC3H1,RC3H1 gene,0.9920207262039185
39739814_sec3,GPX4,GPX4 gene,0.9827814102172852
39739814_sec3,PLC/PRF/5,Plc/Prf/5,1.0
39739814_sec3,Human E3 Ubiquitin Ligase,ubiquitin-protein ligase,0.8440884947776794
39739814_sec3,liver cancer,Liver and Intrahepatic Biliary Tract Carcinoma,0.9816758036613464
39739814_sec3,coimmunoprecipitation,Immunoprecipitation,0.874515950679779
39739814_sec3,ubiquitination,Ubiquitination,0.9497063755989075
39739814_sec3,proteolytic substrate,Peptide Hydrolases,0.7108837366104126
39739814_sec3,ubiquitin-dependent degradation,ubiquitin-dependent protein catabolic process,0.9184091687202454
39739814_sec4,MALT1,MALT1 gene,0.9508234858512878
39739814_sec4,RC3H1,RC3H1 gene,0.9920207262039185
39739814_sec4,GPX4,GPX4 gene,0.9827814102172852
39739814_sec4,MI-2,Mi-2,0.968396008014679
39739814_sec4,EX 527,Ex 527,1.0
39739814_sec4,AI-,Ai-,1.0
39739814_sec4,ferrostatin-1,ferrostatin-1,0.9803414940834045
39739814_sec4,activated B cell-like diffuse large B cell lymphoma,Diffuse Large B-Cell Lymphoma,0.7860371470451355
39739814_sec4,ferroptosis,Ferroptosis,0.9880935549736023
39739814_sec4,vascular smooth muscle cells,"Muscle, Smooth, Vascular",0.8802021741867065
39739814_sec4,colony formation assays,Colony Formation Assays,1.0
39739814_sec5,MALT1,MALT1 gene,0.9508234858512878
39739814_sec5,MI-2,Mi-2,0.968396008014679
39739814_sec5,safimaltib,Safimaltib,1.0
39739814_sec5,GPX4,GPX4 gene,0.9827814102172852
39739814_sec5,MG132,MG 132,0.9756001830101013
39739814_sec5,cycloheximide,Cycloheximide,0.9840220808982849
39739814_sec5,RSL3,Rsl3,1.0
39739814_sec5,ML210,GPX4 inhibitor ML210,0.9629950523376465
39739814_sec5,RC3H1,RC3H1 gene,0.9920207262039185
39739814_sec5,liver cancer,Liver and Intrahepatic Biliary Tract Carcinoma,0.9816758036613464
39739814_sec5,proteasome inhibitor,Proteasome inhibitor,0.972297728061676
39739814_sec5,protein synthesis inhibitor,Protein Synthesis Inhibitors,0.9738916158676147
39739814_sec5,ubiquitination,Ubiquitination,0.9497063755989075
39739814_sec5,ferroptosis,Ferroptosis,0.9880935549736023
39739814_sec6,MI-2,Mi-2,0.968396008014679
39739814_sec6,GPX4,GPX4 gene,0.9827814102172852
39739814_sec6,Hep3B,Hep3B,1.0
39739814_sec6,SNU449,Snu449,1.0
39739814_sec6,MHCC97H,Mhcc97H,1.0
39739814_sec6,sorafenib,sorafenib,0.9775627255439758
39739814_sec6,regorafenib,regorafenib,0.972095251083374
39739814_sec6,lenvatinib,lenvatinib,0.9624565243721008
39739814_sec6,RSL3,Rsl3,1.0
39739814_sec6,ferroptosis,Ferroptosis,0.9880935549736023
39739814_sec6,HCC,altretamine/cisplatin/cyclophosphamide protocol,0.9858471751213074
39739814_sec6,multikinase inhibitors,inhibitors,0.9835798144340515
39739814_sec6,lipid peroxides,Lipid Peroxides,0.9835078716278076
39739814_sec6,CRISPR screenings,Clustered Regularly Interspaced Short Palindromic Repeats,0.9796665906906128
39739814_sec7,GPX4,GPX4 gene,0.9827814102172852
39739814_sec7,ZEB1,ZEB1 gene,0.988611102104187
39739814_sec7,OTUD5,OTUD5 gene,0.9579963088035583
39739814_sec7,N6F11,N6F11,1.0
39739814_sec7,TRIM25,"TRIM25 protein, human",0.9372765421867371
39739814_sec7,K48-linked ubiquitination,protein K48-linked ubiquitination,0.7196993827819824
39739814_sec7,MALT1,MALT1 gene,0.9508234858512878
39739814_sec7,ABC-DLBCL,Abc-Dlbcl,1.0
39739814_sec7,MI-2,Mi-2,0.968396008014679
39739814_sec7,ferroptosis,Ferroptosis,0.9880935549736023
39742998_sec0,Ribonuclease J,Ribonucleases,0.9501039385795593
39742998_sec0,Staphylococcus aureus,Staphylococcus aureus,0.9700018763542175
39742998_sec0,RNase J1,Endoribonucleases,0.8338795304298401
39742998_sec0,RNase J2,Endoribonucleases,0.8338795304298401
39742998_sec0,H80,H80,1.0
39742998_sec0,E166,E166,1.0
39742998_sec0,Mn ion,Ions,0.7079253792762756
39742998_sec0,H78 A mutant,Mutant,0.9814426898956299
39742998_sec0,catalytic mechanism,Catalytic Mechanism,1.0
39742998_sec0,two-metal ion,Two-Metal Ion,1.0
39742998_sec0,one-metal ion,One-Metal Ion,1.0
39742998_sec0,density functional theory,Density Functional Theory,0.9648631811141968
39742998_sec0,molecular mechanics,molecular mechanics,0.9803624153137207
39742998_sec2,RNase J2,Endoribonucleases,0.8338795304298401
39742998_sec2,H76,H76,1.0
39742998_sec2,H78,H78,1.0
39742998_sec2,H80,H80,1.0
39742998_sec2,H144,H144,1.0
39742998_sec2,E166,E166,1.0
39742998_sec2,alanine,alanine,0.9915233254432678
39742998_sec2,RT-FeDEx assay,Rt-Fedex Assay,1.0
39742998_sec2,FAM,doxorubicin/fluorouracil/mitomycin protocol,0.9952781200408936
39742998_sec2,TAM,Tamil language,0.997096061706543
39742998_sec2,fluorescence signal,Fluorescence,0.8095830678939819
39742998_sec2,520 nm,520 Nm,1.0
39742998_sec3,RNase J2,Endoribonucleases,0.8338795304298401
39742998_sec3,H80,H80,1.0
39742998_sec3,H78A,H78A,1.0
39742998_sec3,H144A,H144A,1.0
39742998_sec3,Mn ion,Ions,0.7079253792762756
39742998_sec3,His76,His76,1.0
39742998_sec3,His78,His78,1.0
39742998_sec3,His80,His80,1.0
39742998_sec3,E166,E166,1.0
39742998_sec3,Lewis acid,Lewis Acids,0.9333099722862244
39742998_sec3,Lewis base,Lewis Bases,0.9332908391952515
39742998_sec4,RNase J2,Endoribonucleases,0.8338795304298401
39742998_sec4,H78,H78,1.0
39742998_sec4,H78A,H78A,1.0
39742998_sec4,H80A,H80A,1.0
39742998_sec4,Mn B,manganese,0.9999940991401672
39742998_sec4,X-ray fluorescence,Fluorescence,0.8330541253089905
39742998_sec4,electron density,electron density,0.9877103567123413
39742998_sec4,crystal structure,Crystal Structure,0.9829922914505005
39742998_sec4,ensemble refinement,Ensembl,0.7252139449119568
39742998_sec4,cryogenic temperature,cryogenics,0.9648355841636658
39742998_sec5,RNase J2,Endoribonucleases,0.8338795304298401
39742998_sec5,Mn B,manganese,0.9999940991401672
39742998_sec5,H76,H76,1.0
39742998_sec5,H144,H144,1.0
39742998_sec5,E166,E166,1.0
39742998_sec5,His76,His76,1.0
39742998_sec5,His78,His78,1.0
39742998_sec5,His80,His80,1.0
39742998_sec5,RNase J1,Endoribonucleases,0.8338795304298401
39742998_sec6,RNase J1,Endoribonucleases,0.8338795304298401
39742998_sec6,RNase J2,Endoribonucleases,0.8338795304298401
39742998_sec6,Mn B,manganese,0.9999940991401672
39742998_sec6,Staphylococcal RNase J,Genus staphylococcus,0.817689836025238
39742998_sec6,bond dissociation energy,bond dissociation energy,0.974067747592926
39742998_sec6,metal cofactor,chemical cofactor,0.739817202091217
39742998_sec6,thermal stability,Stable status,0.7466039061546326
39742998_sec6,differential scanning calorimetry,"Calorimetry, Differential Scanning",0.9783580899238586
39742998_sec6,Tm,"Female-to-Male Transsexual, Self-Report",0.9976832270622253
39742998_sec7,RNase J2,Endoribonucleases,0.8338795304298401
39742998_sec7,RNase J2 H80A,Rnase J2 H80A,1.0
39742998_sec7,RNase J2 H78A,Rnase J2 H78A,1.0
39742998_sec7,Mn ion,Ions,0.7079253792762756
39742998_sec7,β-lactamase,beta-Lactamase,0.7145212888717651
39742998_sec7,β-CASP,Β-Casp,1.0
39742998_sec7,metal ion,Metals,0.7777789235115051
39742998_sec7,wild-type RNase J2,MET Gene Mutation Negative,0.9186307191848755
39742998_sec7,electron density,electron density,0.9877103567123413
39742998_sec7,domain reorientation,Image Reorientation,0.7832710146903992
39742998_sec7,occupancy,Occupancy,0.9896973371505737
39742998_sec7,thermostability,thermostability,0.9919832944869995
39742998_sec7,bond dissociation energy,bond dissociation energy,0.974067747592926
39742998_sec7,QM/MM calculations,Calculation,0.7357476353645325
39742998_sec8,RNase J2,Endoribonucleases,0.8338795304298401
39742998_sec8,H80,H80,1.0
39742998_sec8,E166,E166,1.0
39742998_sec8,W1,W1,1.0
39742998_sec8,W2,W2,1.0
39742998_sec8,scissile phosphate,Phosphates,0.7213292717933655
39742998_sec8,AlphaFold,Alphafold,1.0
39742998_sec8,RNA substrate,RNA,0.993183970451355
39742998_sec8,nucleophile,Nucleophile,1.0
39742998_sec8,reaction mechanism,Mechanism (attribute),0.9824716448783875
39742998_sec8,mutant RNase J2,Mutant Rnase J2,1.0
39742998_sec9,Mn,manganese,0.9999940991401672
39742998_sec9,RNase J2,Endoribonucleases,0.8338795304298401
39742998_sec9,RNase J1,Endoribonucleases,0.8338795304298401
39742998_sec9,ββα-Me nucleases,nuclease,0.8550077676773071
39742998_sec9,HUH nuclease,nuclease,0.8432018160820007
39742998_sec9,His residue,His Residue,1.0
39742998_sec9,Tyr,MONOPHENOL MONOOXYGENASE,0.9793779253959656
39742998_sec9,nucleophile,Nucleophile,1.0
39742998_sec9,penta-covalent transition state,Penta-Covalent Transition State,1.0
39742998_sec9,scissile phosphate,Phosphates,0.7213292717933655
39742998_sec9,two-metal ion mechanism,Two-Metal Ion Mechanism,1.0
39742998_sec9,nuclease activity,nuclease activity,0.9893204569816589
39742998_sec9,metal cofactor,chemical cofactor,0.739817202091217
39742998_sec9,hydrolytic reaction,Hydrolytic Reaction,1.0
39742998_sec9,carboxylates,carboxylate,0.8704249858856201
39793047_sec0,Aha TRAP,Aha Trap,1.0
39793047_sec0,tryptophan,tryptophan,0.9859749674797058
39793047_sec0,dodecameric rings,Dodecameric Rings,1.0
39793047_sec0,ligand binding,Ligands,0.9851425886154175
39793047_sec0,native mass spectrometry,Native (qualifier value),0.991672694683075
39793047_sec0,Cryo-EM,Cryo-Em,1.0
39793047_sec0,cooperative binding,Cooperative Binding,1.0
39793047_sec2,Aha TRAP,Aha Trap,1.0
39793047_sec2,Trp,tryptophan,0.9639735221862793
39793047_sec2,Thr49,Thr49,1.0
39793047_sec2,Thr52,Thr52,1.0
39793047_sec2,T49A/T52A,T49A/T52A,1.0
39793047_sec2,Gly-Ser linkers,Gly-Ser Linkers,1.0
39793047_sec2,Rosetta,Rosette formation,0.7239632606506348
39793047_sec2,AlphaFold2,Alphafold2,1.0
39793047_sec3,Aha TRAP,Aha Trap,1.0
39793047_sec3,dTRAP,Dtrap,1.0
39793047_sec3,Trp,tryptophan,0.9639735221862793
39793047_sec3,C12 cyclic symmetry,C12 Cyclic Symmetry,1.0
39793047_sec3,biphasic trends,Biphasic,0.9680976271629333
39793047_sec3,cooperative binding,Cooperative Binding,1.0
39793047_sec3,native mass spectra,Native (qualifier value),0.991672694683075
39793047_sec3,apo proteins,Proteins,0.8423347473144531
39793047_sec3,ligand-free,Ligand-Free,1.0
39793047_sec3,ligand-saturated,Ligand-Saturated,1.0
39793047_sec3,circular dichroism,Circular Dichroism,0.9840981960296631
39793047_sec3,nMS,Neuroleptic Malignant Syndrome,0.9729688763618469
39793047_sec3,ITC data,Data,0.995295524597168
39793047_sec4,dTRAP,Dtrap,1.0
39793047_sec4,T49A,T49A,1.0
39793047_sec4,T52A,T52A,1.0
39793047_sec4,Mut-WT,Mut-Wt,1.0
39793047_sec4,WT-Mut,Wt-Mut,1.0
39793047_sec4,Mut-Mut,Mismatch Repair Protein,0.7816896438598633
39793047_sec4,Trp,tryptophan,0.9639735221862793
39793047_sec4,Heteronuclear NMR,Heteronuclear Nmr,1.0
39793047_sec4,2D NMR,2D Nmr,1.0
39793047_sec4,chemical shift perturbations,Chemicals,0.7691411972045898
39793047_sec5,dTRAP,Dtrap,1.0
39793047_sec5,WT-Mut dTRAP,Wt-Mut Dtrap,1.0
39793047_sec5,Trp,tryptophan,0.9639735221862793
39793047_sec5,C12 symmetry,Physical Symmetry,0.8241209387779236
39793047_sec5,C6 symmetry,Physical Symmetry,0.8643453121185303
39793047_sec5,C1 symmetry,Physical Symmetry,0.8643453121185303
39793047_sec5,electron potential maps,Map,0.9811043739318848
39793047_sec5,ligand-free apo protein,Ligand-Free Apo Protein,1.0
39793047_sec5,fully liganded holo protein,Fully Liganded Holo Protein,1.0
39793047_sec5,resolution,physiologic resolution,0.9711778163909912
39793047_sec5,4.4 Å,4.4 Å,1.0
39793047_sec5,4.1 Å,4.1 Å,1.0
39793047_sec6,dTRAP,Dtrap,1.0
39793047_sec6,Trp,tryptophan,0.9639735221862793
39793047_sec6,Aha TRAP,Aha Trap,1.0
39793047_sec6,WT-Mut dTRAP,Wt-Mut Dtrap,1.0
39793047_sec6,BC loop,BC Original Formula,0.9994844198226929
39793047_sec6,DE loop,De Loop,1.0
39793047_sec6,Gly-Ser linker,Gly-Ser Linker,1.0
39793047_sec6,C-terminal TEV sequence,"Terminator Regions, Genetic",0.7246880531311035
39793047_sec6,Gly27,Gly27,1.0
39793047_sec6,Asp29,Asp29,1.0
39793047_sec6,apo dTRAP,Apo Dtrap,1.0
39793047_sec6,holo dTRAP,Holo Dtrap,1.0
39793047_sec7,TRAP,Trap medical device,0.9720633029937744
39793047_sec7,WT-Mut dTRAP,Wt-Mut Dtrap,1.0
39793047_sec7,Trp,tryptophan,0.9639735221862793
39793047_sec7,holo dTRAP,Holo Dtrap,1.0
39793047_sec7,apo TRAP,cytarabine/daunorubicin/prednisone/thioguanine,0.7348107695579529
39793047_sec7,NN interactions,Netherlands Antilles,0.9947283267974854
39793047_sec7,ligand binding,Ligands,0.9851425886154175
39793047_sec7,protein rings,Proteins,0.7601302266120911
39793047_sec7,loop disorder,Disease,0.8120719790458679
39793047_sec7,conformational space,Molecular Conformation,0.711249828338623
39793047_sec7,side chains,Side Chains,1.0
39793047_sec7,"strands B,C",Genomic Orientation,0.7258087396621704
39793047_sec8,Bacilli,Genus Bacillus,0.9873191118240356
39793047_sec8,tryptophan,tryptophan,0.9859749674797058
39793047_sec8,TRAP,Trap medical device,0.9720633029937744
39793047_sec8,trp operon,Trp Operon,1.0
39793047_sec8,dTRAP,Dtrap,1.0
39793047_sec8,Aha TRAP,Aha Trap,1.0
39793047_sec8,NMR,Magnetic Resonance Imaging,0.9854833483695984
39793047_sec8,cryo-EM,Cryo-Em,1.0
39793047_sec8,Trp binding,tryptophan binding,0.9485453367233276
39793047_sec8,NN interaction,Netherlands Antilles,0.9947283267974854
39793047_sec8,homo-oligomeric rings,Homo-Oligomeric Rings,1.0
39793047_sec8,ligand-coordinating Thr residues,Coordinated,0.7092235684394836
39795995_sec0,R31,R31,1.0
39795995_sec0,retinol-binding protein,Retinol Binding Proteins,0.9618604779243469
39795995_sec0,G176K mutation,Mutation,0.7563727498054504
39795995_sec0,disulfide bond,Disulfide Linkage,0.9662979245185852
39795995_sec0,V231C/Y250C,V231C/Y250C,1.0
39795995_sec0,hepatic stellate cell activation,Hepatic macrophage,0.9870311617851257
39795995_sec0,anti-fibrotic activity,Anti-Fibrotic Activity,1.0
39795995_sec0,thermal stability,Stable status,0.7466039061546326
39795995_sec0,domain IIIA,Protein Domain,0.7587070465087891
39795995_sec0,polar interactions,Social Interaction,0.7351806163787842
39795995_sec0,rigidity,Muscle Rigidity,0.9781013131141663
39795995_sec0,protein folding,protein folding,0.9649049043655396
39795995_sec1,tissue fibrosis,Fibrous tissue,0.7636009454727173
39795995_sec1,extracellular matrix,Extracellular Matrix,0.9808157682418823
39795995_sec1,collagen,collagen,0.9814669489860535
39795995_sec1,fibronectin,Fibronectins,0.9810353517532349
39795995_sec1,myofibroblasts,Myofibroblasts,0.9757286906242371
39795995_sec1,Hepatic stellate cells,Hepatic Stellate Cells,0.9826512336730957
39795995_sec1,alpha-smooth muscle actin,"ACTA2 protein, human",0.8524451851844788
39795995_sec1,fibrogenic stimuli,Stimulus,0.9854758977890015
39795995_sec1,epithelial–mesenchymal transition,Epithelial,0.9831366539001465
39795995_sec1,fibrocytes,Fibrocyte,0.9884786605834961
39795995_sec3,R31,R31,1.0
39795995_sec3,RBP,RENBP gene,0.9903311729431152
39795995_sec3,albumin domain IIIA,Albumin Domain Iiia,1.0
39795995_sec3,albumin domain IB,Albumin Domain Ib,1.0
39795995_sec3,AlphaFold2,Alphafold2,1.0
39795995_sec3,C174,C174,1.0
39795995_sec3,C70,C70,1.0
39795995_sec3,RBP4,RBP4 gene,0.9932641983032227
39795995_sec3,P182,P182,1.0
39795995_sec3,D175,D175,1.0
39795995_sec3,E181,E181,1.0
39795995_sec3,G176,G176,1.0
39795995_sec3,R177,R177,1.0
39795995_sec3,E180,E180,1.0
39795995_sec3,G176K mutation,Mutation,0.7563727498054504
39795995_sec4,R31,R31,1.0
39795995_sec4,RBP,RENBP gene,0.9903311729431152
39795995_sec4,albumin,Albumins,0.9634256958961487
39795995_sec4,N227C/V254C,N227C/V254C,1.0
39795995_sec4,V231C/Y250C,V231C/Y250C,1.0
39795995_sec4,Expi293,Expi293,1.0
39795995_sec4,Western blotting,Western Blotting,0.9647296667098999
39795995_sec4,disulfide bond,Disulfide Linkage,0.9662979245185852
39795995_sec4,α-helices 3 and 4,Α-Helices 3 And 4,1.0
39795995_sec4,fusion protein,Fusion protein,0.9738255739212036
39795995_sec4,productivity,Productivity,0.9892834424972534
39795995_sec4,structural stability,Structure,0.7436513304710388
39795995_sec5,R31,R31,1.0
39795995_sec5,R31-G176K,R31-G176K,1.0
39795995_sec5,R31-V231C/Y250C,R31-V231C/Y250C,1.0
39795995_sec5,R31-G176K-V231C/Y250C,R31-G176K-V231C/Y250C,1.0
39795995_sec5,Expi293,Expi293,1.0
39795995_sec5,Ni Sepharose,Ni Sepharose,1.0
39795995_sec5,SDS-PAGE,SDS-PAGE,0.9687436819076538
39795995_sec5,10 mM DTT,response to dithiothreitol,0.7352163195610046
39795995_sec5,thermal shift assay,Thermal Shift Assay,1.0
39795995_sec5,130 mg/L,130 Mg/L,1.0
39795995_sec5,disulfide bond,Disulfide Linkage,0.9662979245185852
39795995_sec5,middle domain IIIA,Middle Domain Iiia,1.0
39795995_sec5,G176K,G176K,1.0
39795995_sec6,R31,R31,1.0
39795995_sec6,R31-G176K,R31-G176K,1.0
39795995_sec6,R31-V231C/Y250C,R31-V231C/Y250C,1.0
39795995_sec6,R31-G176K-V231C/Y250C,R31-G176K-V231C/Y250C,1.0
39795995_sec6,HSCs,Hematopoietic stem cells,0.9900296926498413
39795995_sec6,α-SMA,Α-Sma,1.0
39795995_sec6,collagen type I,collagen type I,0.9854135513305664
39795995_sec6,mice,House mice,0.999273419380188
39795995_sec6,real-time PCR,Real-Time Polymerase Chain Reaction,0.9533975124359131
39795995_sec6,anti-fibrotic effects,Anti-Fibrotic Effects,1.0
39795995_sec6,lipid droplets,Lipid droplet,0.9860386252403259
39795995_sec6,cell shrinkage,Cell Shrinkage,1.0
39795995_sec6,stress fibers,Stress Fibers,0.9853113293647766
39795995_sec7,RBP–albumin fusion protein,RENBP gene,0.9903311729431152
39795995_sec7,therapeutic activity,Therapeutic procedure,0.7378963232040405
39795995_sec7,targeting capabilities,cellular targeting,0.9784924387931824
39795995_sec7,amino acid sequence,Amino Acid Sequence,0.9884305000305176
39795995_sec7,protein stability,Protein Stability,0.9859595894813538
39795995_sec7,protein folding,protein folding,0.9649049043655396
39795995_sec7,solubility,Solubility,0.981964647769928
39795995_sec7,post-translational modifications,Post-Translational Protein Processing,0.945490300655365
39795995_sec7,linker sequence,Base Sequence,0.7455347180366516
39795995_sec7,computational modeling,Computational Modelling,0.9682872891426086
39795995_sec17,RBP,RENBP gene,0.9903311729431152
39795995_sec17,IIIA,Iiia,1.0
39795995_sec17,fusion protein,Fusion protein,0.9738255739212036
39795995_sec17,protein design,Proteins,0.7303095459938049
39795995_sec17,linker sequence,Base Sequence,0.7455347180366516
39795995_sec17,structural stability,Structure,0.7436513304710388
39795995_sec17,bio-efficacy,Bio-Efficacy,1.0
39744096_sec0,deep learning,Deep Learning,0.9649851322174072
39744096_sec0,protein engineering,Protein Engineering,0.9557774066925049
39744096_sec0,protein sequences,Amino Acid Sequence,0.9734523892402649
39744096_sec0,protein structures,"Protein, Organized by Structure",0.8980346322059631
39744096_sec0,protein language models,Study models,0.9922584891319275
39744096_sec0,geometric deep learning,Deep Learning,0.9649851322174072
39744096_sec0,mutation sites,Mutation,0.7563726902008057
39744096_sec0,virtual screening,Viral screening,0.7843745946884155
39744096_sec0,biological data,Data,0.995295524597168
39744096_sec0,benchmark datasets,Benchmarking,0.9831812381744385
39744096_sec1,protein engineering,Protein Engineering,0.9557774066925049
39744096_sec1,drug discovery,Drug Discovery,0.9833343625068665
39744096_sec1,rational design,Rational Design,1.0
39744096_sec1,random mutagenesis,Mutagenesis Process,0.7932668328285217
39744096_sec1,saturation mutagenesis,Mutagenesis Process,0.7137302160263062
39744096_sec1,deep learning methods,Deep Learning,0.7668924331665039
39744096_sec1,protein function enhancement,"Protein, Organized by Function",0.9689497351646423
39744096_sec1,wild-type proteins,Wild-Type Proteins,1.0
39744096_sec1,protein sequence databases,Protein Sequence Databases,0.9739868640899658
39744096_sec1,protein structure databases,Protein Structure Databases,0.9780240654945374
39744096_sec5,amino acids,Amino Acids,0.9802456498146057
39744096_sec5,1D CNNs,1D Cnns,1.0
39744096_sec5,attention mechanisms,Mechanism (attribute),0.7043536305427551
39744096_sec5,secondary structures,"Protein Structure, Secondary",0.9128164649009705
39744096_sec5,motifs,Amino Acid Motifs,0.8280037641525269
39744096_sec5,domains,Domains,1.0
39744096_sec8,deep learning model,Deep Learning,0.8107497096061707
39744096_sec8,multi-layer neural networks,multi-layer follicle stage,0.7466508150100708
39744096_sec8,function annotation,Function Annotation,1.0
39744096_sec8,neural networks,Neural Network Simulation,0.9547004699707031
39744096_sec8,inductive bias,Inductive Bias,1.0
39744096_sec8,amino acid sequences,Amino Acid Sequence,0.9874942302703857
39744096_sec8,Transformer-based language models,Study models,0.9922584891319275
39744096_sec8,structure-aware graph,Structure-Aware Graph,1.0
39744096_sec8,neural message passing,Neural,0.9774236679077148
39744096_sec8,3D CNNs,3 Days,0.9996993541717529
39744096_sec10,ESM-1b,Endothelial Cell-Specific Molecule 1,0.7504294514656067
39744096_sec10,ESM-1v,Endothelial Cell-Specific Molecule 1,0.8220542669296265
39744096_sec10,MLM,CDKN2A gene,0.9456911087036133
39744096_sec10,Transformer,Transformers,0.9620699882507324
39744096_sec10,BERT,Bert,1.0
39744096_sec10,Uniref50,Uniref50,1.0
39744096_sec10,Roformer,Previous,0.7189598083496094
39744096_sec10,MSA,mesna,0.9786639213562012
39744096_sec10,mutation effect prediction,Prediction,0.9685550928115845
39744096_sec10,amino acid representation,Representation Component,0.7579143643379211
39744096_sec10,biochemical pattern,Biochemical,0.9734254479408264
39744096_sec10,evolutionary homology,Homologous Gene,0.9962078332901001
39744096_sec10,sequence alignment,Sequence Alignment,0.9559834599494934
39744096_sec11,ProtGPT2,Protgpt2,1.0
39744096_sec11,ProGen,Progens,0.9779407978057861
39744096_sec11,RITA,ZNF331 gene,0.9950460195541382
39744096_sec11,Tranception,Tranception,1.0
39744096_sec11,TranceptEVE,Trancepteve,1.0
39744096_sec11,PoET,poet,0.9632012844085693
39744096_sec11,GPT2,GPT2 gene,0.9928276538848877
39744096_sec11,Transformer,Transformers,0.9620699882507324
39744096_sec11,k-mer protein tokens,Proteins,0.7601302266120911
39744096_sec11,wild-type protein sequence,Amino Acid Sequence,0.7696631550788879
39744096_sec11,autoregressive models,Autoregressive Models,1.0
39744096_sec11,protein family pairs,Protein Family,0.9781523942947388
39744096_sec11,context learning,Context,0.9413903951644897
39744096_sec11,model fine-tuning,Study models,0.9936896562576294
39744096_sec11,MSA sequences,DNA Sequence,0.9841082692146301
39744096_sec12,Transformer,Transformers,0.9620699882507324
39744096_sec12,protein language models,Study models,0.9922584891319275
39744096_sec12,encoder-decoder architecture,Encoder-Decoder Architecture,1.0
39744096_sec12,xTrimoPGLM,Xtrimopglm,1.0
39744096_sec12,perturbation pre-training,Training Programs,0.7095912098884583
39744096_sec12,multimodal learning,Multimodal Learning,1.0
39744096_sec12,Ankh,Ankh,1.0
39744096_sec12,MLM-based pre-training model,Mlm-Based Pre-Training Model,1.0
39744096_sec12,ProstT5,Prostt5,1.0
39744096_sec12,structure-aware protein language model,Study models,0.9936896562576294
39744096_sec12,Foldseek embedding,Foldseek Embedding,1.0
39744096_sec12,MSA,mesna,0.9786639213562012
39744096_sec12,MSA2Prot,Msa2Prot,1.0
39744096_sec12,Pfam labels,Labels (device),0.7698199152946472
39744096_sec13,GNNs,Gnns,1.0
39744096_sec13,CNNs,Cnns,1.0
39744096_sec13,3D density mappings,3 Days,0.9996993541717529
39744096_sec13,graph neural networks,Neural Network Simulation,0.8333308696746826
39744096_sec13,convolutional neural networks,convoluted shape,0.830778956413269
39744096_sec13,Euclidean distance,Euclidean Distance Measurement,0.9830260872840881
39744096_sec13,structural data,Structure,0.987086296081543
39744096_sec13,long-range spatial relationships,Long-Range Spatial Relationships,1.0
39744096_sec13,prior structural knowledge,Structure,0.7161077260971069
39744096_sec13,training datasets,Training Datasets,1.0
39744096_sec14,GNNs,Gnns,1.0
39744096_sec14,ProteinMPNN,Proteinmpnn,1.0
39744096_sec14,GraphTrans,Graphtrans,1.0
39744096_sec14,AlphaDesign,Alphadesign,1.0
39744096_sec14,GCA,Giant Cell Arteritis,0.9728251695632935
39744096_sec14,GearNet,Gearnet,1.0
39744096_sec14,graph convolution networks,Graph Convolution Networks,1.0
39744096_sec14,graph attention networks,Graph Attention Networks,1.0
39744096_sec14,encoder-decoder GNN architecture,Architecture,0.983714759349823
39744096_sec14,multi-head self-attention,Multi-Head Self-Attention,1.0
39744096_sec14,autoregressive amino acid sequence generation,Amino Acid Sequence,0.7843116521835327
39744096_sec14,1D CNNs,1D Cnns,1.0
39744096_sec14,message-passing propagation rules,Message-Passing Propagation Rules,1.0
39744096_sec14,node and edge representations,Anatomic Node,0.986058235168457
39744096_sec14,spatially adjacent nodes,Anatomic Node,0.981979250907898
39744096_sec15,3D CNN,3 Days,0.9996993541717529
39744096_sec15,ProDCoNN,Prodconn,1.0
39744096_sec15,DenseCPD,Densecpd,1.0
39744096_sec15,dMaSIF,Dmasif,1.0
39744096_sec15,MaSIF,Masif,1.0
39744096_sec15,inverse-folding,Inverse-Folding,1.0
39744096_sec15,mutation prediction,Prediction,0.9685550928115845
39744096_sec15,rotamer angles,Rotamer Angles,1.0
39744096_sec15,metabolic pathway,Metabolic Pathway,0.9748883843421936
39744096_sec15,voxel,Voxel,0.9838219285011292
39744096_sec15,convolutional layers,Convolutional Layers,1.0
39744096_sec15,protein surface structures,Membrane Proteins,0.9726012945175171
39744096_sec15,chemical node features,Protein Domain,0.8008447289466858
39744096_sec15,geometric node features,Protein Domain,0.8008447289466858
39744096_sec16,ProtBERT,Protbert,1.0
39744096_sec16,ESM-2,Esm-2,1.0
39744096_sec16,ProREM,Prorem,1.0
39744096_sec16,ProLLaMA,Prollama,1.0
39744096_sec16,MSA,mesna,0.9786639213562012
39744096_sec16,HOLOPROT,Holoprot,1.0
39744096_sec16,Transformer-M,Transformers,0.8323666453361511
39744096_sec16,multilayer perceptrons,Multilayered Extended Release Tablet Dosage Form,0.7929019927978516
39744096_sec16,autoencoders,Autoencoders,1.0
39744096_sec16,GNNs,Gnns,1.0
39744096_sec16,CNNs,Cnns,1.0
39744096_sec18,TAPE,Biomedical tape,0.9932937026023865
39744096_sec18,PEER,Peer,0.9315783381462097
39744096_sec18,ProteinGLUE,Proteinglue,1.0
39744096_sec18,PETA,pentaerythrityl triacrylate,0.9761221408843994
39744096_sec18,BioMap Leaderboard,Biomap Leaderboard,1.0
39744096_sec19,deep mutational scanning,Deep Mutational Scanning,1.0
39744096_sec19,ProteinGym v1,Proteingym V1,1.0
39744096_sec19,FLIP,CFLAR gene,0.978879988193512
39744096_sec19,FS-mutant,Fs-Mutant,1.0
39744096_sec19,single amino acid variation,Variant Amino Acid,0.7713560461997986
39744096_sec19,thermostability,thermostability,0.9919832944869995
39744096_sec19,solubility,Solubility,0.981964647769928
39744096_sec19,high-throughput techniques,High-Throughput Techniques,1.0
39744096_sec19,zero-shot prediction,Prediction,0.9685550928115845
39744096_sec19,supervised prediction,Prediction,0.9685550928115845
39744096_sec19,mutation databases,Mutation Databases,1.0
39744096_sec19,assessed mutants,Assessed,0.9915058016777039
39744096_sec19,substitutions,Substitution - ActClass,0.8864609599113464
39744096_sec19,indels,INDEL Mutation,0.724362850189209
39744096_sec19,evaluation metrics,Metric (substance),0.9681258797645569
39744096_sec20,PDB,PDB BLAST,0.8362790942192078
39744096_sec20,Pfam,Protein Families Database,0.9615098834037781
39744096_sec20,InterPro,Interpro,1.0
39744096_sec20,Malidup,Malidup,1.0
39744096_sec20,Malisam,Mali,0.7006294131278992
39744096_sec20,CATH,Cath,1.0
39744096_sec20,SWISS-MODEL,Swiss-Model,1.0
39744096_sec20,SCOPe,Scope,0.997805655002594
39744096_sec20,BLAST,Blast (physical force),0.9903655648231506
39744096_sec20,HMMER,Hmmer,1.0
39744096_sec22,cDNA,"DNA, Complementary",0.9530184864997864
39744096_sec22,Deep learning,Deep Learning,0.9649851322174072
39744096_sec22,TargetTrack,Targettrack,1.0
39744096_sec22,PROSO II,Proso Ii,1.0
39744096_sec22,PDB,PDB BLAST,0.8362790942192078
39744096_sec22,DeepSol,Deepsol,1.0
39744096_sec22,DeepSoluE,Deepsolue,1.0
39744096_sec22,Escherichia coli,Escherichia coli,0.9835531711578369
39744096_sec22,PURE system,Reticuloendothelial System,0.8024004101753235
39744096_sec22,solubility,Solubility,0.981964647769928
39744096_sec23,LOCATE,Within,0.7445080280303955
39744096_sec23,PSORT,R3HCC1L gene,0.9813593029975891
39744096_sec23,DeepLoc,Deeploc,1.0
39744096_sec23,mouse,House mice,0.9897943139076233
39744096_sec23,human,Homo sapiens,0.9989930391311646
39744096_sec23,fungi,Fungi,0.9926049709320068
39744096_sec23,plants,Plants,0.9928326606750488
39744096_sec23,membrane proteins,Membrane Proteins,0.9780216217041016
39744096_sec23,subcellular localization,cellular localization,0.8613684773445129
39744096_sec23,protein isoforms,Protein Isoforms,0.9468099474906921
39744096_sec23,cellular signaling pathways,regulation of intracellular signal transduction,0.7530791759490967
39744096_sec23,gene expression regulation,Gene Expression Regulation,0.960042417049408
39744096_sec24,GO,Geroderma osteodysplastica,0.9963551163673401
39744096_sec24,EC numbers,Numbers,0.8810436725616455
39744096_sec24,PANTHER,Panthers,0.989054799079895
39744096_sec24,BioCyc,Biocyc,1.0
39744096_sec24,Swiss-Prot,SWISS-PROT,0.9589547514915466
39744096_sec24,UniProtKB,UniProtKB,0.9186480641365051
39744096_sec24,UniProt,Universal Protein Resource,0.9652820229530334
39744096_sec26,BindingDB,Binding action,0.7615106105804443
39744096_sec26,ChEMBL,Chembl,1.0
39744096_sec26,PDBbind,Pdbbind,1.0
39744096_sec26,KLIFS,Klifs,1.0
39744096_sec26,DrugBank,DrugBank,0.9683412909507751
39744096_sec26,BioLiP,Biolip,1.0
39744096_sec26,Kd,Kd,1.0
39744096_sec26,Ki,Ki,1.0
39744096_sec26,IC50,Inhibitory Concentration 50,0.9730384945869446
39744096_sec26,protein–ligand complexes,Proteins,0.9952441453933716
39744096_sec26,binding affinity,Affinity,0.7203144431114197
39744096_sec26,ligands,Ligands,0.980503261089325
39744096_sec26,kinases,Phosphotransferases,0.9832074642181396
39744096_sec26,protein targets,Proteins,0.9952441453933716
39744096_sec27,STRING,String (device),0.9975563287734985
39744096_sec27,BioGRID,Biogrid,1.0
39744096_sec27,IntAct,Intact,0.9798303842544556
39744096_sec27,HPRD,Hprd,1.0
39744096_sec27,yeast two-hybrid system,Saccharomyces cerevisiae,0.9630826711654663
39744096_sec27,high-throughput screening,High-Throughput Screening,0.9441050291061401
39744096_sec27,co-immunoprecipitation,Co-Immunoprecipitation,0.9585895538330078
39744096_sec27,protein-protein interaction,Protein-Protein Interaction,0.9756306409835815
39744096_sec27,in vivo protein data,Data,0.995295524597168
39744096_sec27,protein function labels,"Protein, Organized by Function",0.8189118504524231
39744096_sec27,computational induction,Computational Technique,0.7530888319015503
39744096_sec27,literature mining,Literature,0.7814241051673889
39744096_sec27,algorithmic predictions,Algorithmic Predictions,1.0
39744096_sec28,deep learning,Deep Learning,0.9649851322174072
39744096_sec28,protein engineering,Protein Engineering,0.9557774066925049
39744096_sec28,protein language models,Study models,0.9922584891319275
39744096_sec28,geometric deep learning,Deep Learning,0.9649851322174072
39744096_sec28,explainable artificial intelligence,Artificial Intelligence,0.9886175990104675
39744096_sec28,drug discovery,Drug Discovery,0.9833343625068665
39744096_sec28,therapeutic development,Developmental Therapeutics Program,0.828771710395813
39744096_sec28,SHAP,Shap,1.0
39744090_sec0,creatinase,Creatinase,0.9892238974571228
39744090_sec0,Pro-PRIME,Ifosfamide/Methotrexate/Procarbazine protocol,0.7334768772125244
39744090_sec0,AI-aided strategy,Ai-Aided Strategy,1.0
39744090_sec0,enzyme thermostability,thermostability,0.9919832944869995
39744090_sec0,single-point mutations,Point Mutation,0.7472558617591858
39744090_sec0,double-point mutants,Double-Point Mutants,1.0
39744090_sec0,triple-point mutants,Triple-Point Mutants,1.0
39744090_sec0,quadruple-point mutants,Quadruple-Point Mutants,1.0
39744090_sec0,combinatorial mutants,Combinatorial Mutants,1.0
39744090_sec0,epistatic interactions,"Epistasis, Genetic",0.7045504450798035
39744090_sec0,thermostability data,Data,0.995295524597168
39744090_sec0,mutation sites,Mutation,0.7563726902008057
39744090_sec0,13M4,13M4,1.0
39744090_sec1,enzyme thermostability,thermostability,0.9919832944869995
39744090_sec1,single-point mutants,Single-Point Mutants,1.0
39744090_sec1,epistasis,epistasis,0.9855434894561768
39744090_sec1,combinatorial mutants,Combinatorial Mutants,1.0
39744090_sec1,stepwise combination method,Combined,0.7742855548858643
39744090_sec1,greedy strategy,Strategy,0.7090368270874023
39744090_sec1,high-order combinatorial mutants,High-Order Combinatorial Mutants,1.0
39744090_sec1,amino acids,Amino Acids,0.9802456498146057
39744090_sec3,creatinase,Creatinase,0.9892238974571228
39744090_sec3,G58D,G58D,1.0
39744090_sec3,N130S,N130S,1.0
39744090_sec3,I240K,I240K,1.0
39744090_sec3,K351E,K351E,1.0
39744090_sec3,D17V,D17V,1.0
39744090_sec3,V174I,V174I,1.0
39744090_sec3,T199S,T199S,1.0
39744090_sec3,T251C,T251C,1.0
39744090_sec3,Pro-PRIME,Ifosfamide/Methotrexate/Procarbazine protocol,0.7334768772125244
39744090_sec3,thermostability,thermostability,0.9919832944869995
39744090_sec3,relative activity,Relative (related person),0.7412753701210022
39744090_sec3,double-point mutants,Double-Point Mutants,1.0
39744090_sec3,triple-point mutants,Triple-Point Mutants,1.0
39744090_sec3,quadruple-point mutants,Quadruple-Point Mutants,1.0
39744090_sec4,13M4,13M4,1.0
39744090_sec4,WT,Wild Type,0.9999962449073792
39744090_sec4,DSF,Dsf,1.0
39744090_sec4,differential scanning calorimetry,"Calorimetry, Differential Scanning",0.9783580899238586
39744090_sec4,circular dichroism spectroscopy,"Spectroscopy, Circular Dichroism",0.9026160836219788
39744090_sec4,T m,methionine,0.7071068286895752
39744090_sec4,Δ H,Δ H,1.0
39744090_sec4,kinetic stability,Stable status,0.7466039061546326
39744090_sec4,semi‐inactivation temperature,Inactivation,0.8303183913230896
39744090_sec4,half‐life,Half-Life,0.8406965732574463
39744090_sec4,60°C,60°C,1.0
39744090_sec4,15 min,15 Min,1.0
39744090_sec4,93.5%,93.5%,1.0
39744090_sec5,13M4,13M4,1.0
39744090_sec5,WT,Wild Type,0.9999962449073792
39744090_sec5,X‐ray crystallography,Crystallography,0.932528018951416
39744090_sec5,molecular dynamics simulations,Molecular Dynamics Simulation,0.9699246287345886
39744090_sec5,root mean square fluctuation,Root Mean Square,0.7311448454856873
39744090_sec5,solvent‐accessible surface area,Solvent‐Accessible Surface Area,1.0
39744090_sec5,radius of gyration,Radius Of Gyration,1.0
39744090_sec5,rigidification,Biological acidification,0.7155101895332336
39744090_sec5,compaction,compactin,0.75379478931427
39744090_sec5,average number of random coils,Random,0.7310622930526733
39744090_sec5,protein folding,protein folding,0.9649049043655396
39744090_sec5,enzyme stability,Enzyme Stability,0.9870113134384155
39744090_sec6,K351E mutation,Mutation,0.7563726902008057
39744090_sec6,D17V,D17V,1.0
39744090_sec6,I149V,I149V,1.0
39744090_sec6,L6P,L6P,1.0
39744090_sec6,V174I,V174I,1.0
39744090_sec6,T199S,T199S,1.0
39744090_sec6,Pro-PRIME model,Study models,0.9936896562576294
39744090_sec6,epistasis,epistasis,0.9855434894561768
39744090_sec6,protein thermostability,thermostability,0.8191032409667969
39744090_sec6,T m value,Numerical value,0.842162013053894
39744090_sec7,Pro-PRIME model,Study models,0.9936896562576294
39744090_sec7,13M4,13M4,1.0
39744090_sec7,creatinine detection,creatinine,0.9871318340301514
39744090_sec7,thermostability,thermostability,0.9919832944869995
39744090_sec7,combinatorial active-site saturation test,Combinatorial Synthesis,0.7439886927604675
39744090_sec7,iterative saturation mutagenesis,Iterative Saturation Mutagenesis,1.0
39744090_sec7,focused rational iterative site-specific mutagenesis,Focused Rational Iterative Site-Specific Mutagenesis,1.0
39744090_sec7,high-order combinatorial mutants,High-Order Combinatorial Mutants,1.0
39744090_sec7,single-point mutations,Point Mutation,0.7472558617591858
39744090_sec7,epistatic interactions,"Epistasis, Genetic",0.7045504450798035
39725033_sec0,SF3B1,SF3B1 gene,0.9933630228042603
39725033_sec0,U2 snRNP,RNU2-1 gene,0.999973714351654
39725033_sec0,herboxidiene,herboxidiene,0.9815567135810852
39725033_sec0,WX-,Wx-,1.0
39725033_sec0,in vitro splicing,RNA Splicing,0.9678146243095398
39725033_sec0,natural product inhibitors,Natural Products,0.9848740100860596
39725033_sec0,thermostability,thermostability,0.9919832944869995
39725033_sec0,spliceosome assembly,Spliceosome Assembly Pathway,0.9736726880073547
39725033_sec0,anti-tumor properties,Anti-Tumor Properties,1.0
39725033_sec0,branchpoint adenosine,Branchpoint Adenosine,1.0
39725033_sec2,SF3B1,SF3B1 gene,0.9933630228042603
39725033_sec2,SSA-917,Ssa-917,1.0
39725033_sec2,DMSO,dimethyl sulfoxide,0.9946619868278503
39725033_sec2,HeLa,HeLa Cells,0.9933468699455261
39725033_sec2,Western Blot,Western Blotting,0.9722473621368408
39725033_sec2,thermostability,thermostability,0.9919832944869995
39725033_sec2,non-linear regression,Linear Regression Body Surface Area Formula for Infants and Children,0.8181753158569336
39725033_sec2,temperature,Body Temperature,0.9769302010536194
39725033_sec2,IC50,Inhibitory Concentration 50,0.9730384945869446
39725033_sec2,denatured proteins,denatured protein binding,0.755275309085846
39725033_sec2,soluble SF3B1,SF3B1 gene,0.9933630228042603
39725033_sec2,band intensities,With intensity,0.8461223840713501
39725033_sec2,confidence interval,Confidence Intervals,0.9567792415618896
39725033_sec3,SF3B1,SF3B1 gene,0.9933630228042603
39725033_sec3,SSA,anti-Ro (SSA) measurement,0.9910216927528381
39725033_sec3,SSA-917,Ssa-917,1.0
39725033_sec3,HeLa,HeLa Cells,0.9933468699455261
39725033_sec3,NE-1,Long Interspersed Nucleotide Element-1,0.7271799445152283
39725033_sec3,NE-2,Ne-2,1.0
39725033_sec3,NE-3,Ne-3,1.0
39725033_sec3,NE-4,Ne-4,1.0
39725033_sec3,NE-5,Ne-5,1.0
39725033_sec3,NE-6,Ne-6,1.0
39725033_sec3,DMSO,dimethyl sulfoxide,0.9946619868278503
39725033_sec3,thermodenaturation,Thermodenaturation,1.0
39725033_sec3,thermostability,thermostability,0.9919832944869995
39725033_sec4,SF3B1,SF3B1 gene,0.9933630228042603
39725033_sec4,pladienolide B,pladienolide B,0.9885066151618958
39725033_sec4,herboxidiene,herboxidiene,0.9815567135810852
39725033_sec4,iHB,Ihb,1.0
39725033_sec4,thermostability,thermostability,0.9919832944869995
39725033_sec4,NE-2,Ne-2,1.0
39725033_sec4,NE-3,Ne-3,1.0
39725033_sec4,NE-5,Ne-5,1.0
39725033_sec5,SF3B1,SF3B1 gene,0.9933630228042603
39725033_sec5,pladienolide B,pladienolide B,0.9885066151618958
39725033_sec5,WX-02,Wx-02,1.0
39725033_sec5,WX-,Wx-,1.0
39725033_sec5,SSA-917,Ssa-917,1.0
39725033_sec5,DDX42,DDX42 gene,0.9835333228111267
39725033_sec5,cysteine 1111,cysteine,0.7407174706459045
39725033_sec5,in vitro splicing system,In Vitro [Publication Type],0.9645571708679199
39725033_sec5,IC50,Inhibitory Concentration 50,0.9730384945869446
39725033_sec5,thermostability,thermostability,0.9919832944869995
39725033_sec5,A-like complex,Complex,0.7266895771026611
39725033_sec5,NE-3,Ne-3,1.0
39725033_sec5,NE-1,Long Interspersed Nucleotide Element-1,0.7271799445152283
39725033_sec5,NE-6,Ne-6,1.0
39725033_sec7,SF3B1,SF3B1 gene,0.9933630228042603
39725033_sec7,SSA-917,Ssa-917,1.0
39725033_sec7,SSA,anti-Ro (SSA) measurement,0.9910216927528381
39725033_sec7,pladienolide B,pladienolide B,0.9885066151618958
39725033_sec7,herboxidiene,herboxidiene,0.9815567135810852
39725033_sec7,PHF5A,PHF5A gene,0.9560228586196899
39725033_sec7,spliceosome,Spliceosomes,0.9690306782722473
39725033_sec7,splicing inhibition,Psychological inhibition,0.7106594443321228
39725033_sec7,thermal shift assay,Thermal Shift Assay,1.0
39725033_sec7,HeLa,HeLa Cells,0.9933468699455261
39725033_sec7,IC50,Inhibitory Concentration 50,0.9730384945869446
39725033_sec8,WX-,Wx-,1.0
39725033_sec8,SF3B1,SF3B1 gene,0.9933630228042603
39725033_sec8,DDX42,DDX42 gene,0.9835333228111267
39725033_sec8,U2 snRNP,RNU2-1 gene,0.999973714351654
39725033_sec8,SSA-917,Ssa-917,1.0
39725033_sec8,spliceosome assembly,Spliceosome Assembly Pathway,0.9736726880073547
39725033_sec8,thermostability,thermostability,0.9919832944869995
39725033_sec8,natural product,Natural Products,0.9848740100860596
39725033_sec8,cryo-EM,Cryo-Em,1.0
39725033_sec8,RNA-dependent ATPase,DDX5 gene,0.7983769774436951
39725033_sec8,DDX46,DDX46 gene,0.984207272529602
39795912_sec0,Anfinsen’s thermodynamic hypothesis,Anfinsen’S Thermodynamic Hypothesis,1.0
39795912_sec0,molecular chaperones,Molecular Chaperones,0.9840036034584045
39795912_sec0,intrinsic chaperone-like activities,Internal,0.9847190976142883
39795912_sec0,intermolecular repulsive force-driven aggregation inhibition,Binding (Molecular Function),0.7583318948745728
39795912_sec0,proteome solubility maintenance,Maintenance,0.9887653589248657
39795912_sec0,proteinopathies,Proteostasis Deficiencies,0.9735344648361206
39795912_sec1,Alzheimer’s disease,Alzheimer's Disease,0.9305951595306396
39795912_sec1,Parkinson’s disease,Parkinson Disease,0.9714372158050537
39795912_sec1,amyotrophic lateral sclerosis,Amyotrophic Lateral Sclerosis,0.972338080406189
39795912_sec1,prion diseases,Prion Diseases,0.9745648503303528
39795912_sec1,protein folding,protein folding,0.9649049043655396
39795912_sec1,protein aggregation,Protein Aggregates,0.8093607425689697
39795912_sec1,molecular chaperones,Molecular Chaperones,0.9840036034584045
39795912_sec1,proteostasis,Proteostasis,0.9690761566162109
39795912_sec1,Anfinsen’s thermodynamic hypothesis,Anfinsen’S Thermodynamic Hypothesis,1.0
39795912_sec1,amyloid fibrils,Amyloid Fibrils,0.989709198474884
39795912_sec1,proteinopathies,Proteostasis Deficiencies,0.9735344648361206
39795912_sec2,protein folding,protein folding,0.9649049043655396
39795912_sec2,aggregation,Aggregation,0.9432498216629028
39795912_sec2,quaternary structure,"Protein Structure, Quaternary",0.8920614719390869
39795912_sec2,oligomers,Morpholinos,0.788516640663147
39795912_sec2,amorphous aggregates,Aggregate,0.9680443406105042
39795912_sec2,ordered aggregates,Order (arrangement),0.9923065900802612
39795912_sec2,liquid–liquid phase separation,Liquid diet,0.728262186050415
39795912_sec2,aberrant dimers,dimer,0.9894036650657654
39795912_sec2,rate constants,Rate Constant,0.8773345947265625
39795912_sec2,free energy landscapes,Free of (attribute),0.9945193529129028
39795912_sec2,aggregation monomers,Aggregation,0.7177055478096008
39795912_sec2,unfolded structures,Structure,0.7407251596450806
39795912_sec2,misfolded structures,Structure,0.7209689021110535
39795912_sec2,partially folded forms,Partially Folded Forms,1.0
39795912_sec2,fully folded forms,Fully Folded Forms,1.0
39795912_sec3,Molecular chaperones,Molecular Chaperones,0.9840036034584045
39795912_sec3,proteinopathies,Proteostasis Deficiencies,0.9735344648361206
39795912_sec3,Lumry–Eyring model,Lumry–Eyring Model,1.0
39795912_sec3,aggregation,Aggregation,0.9432498216629028
39795912_sec3,misfolding,Protein Misfolding Disorders,0.7378263473510742
39795912_sec3,drug discovery,Drug Discovery,0.9833343625068665
39795912_sec4,Anfinsen’s thermodynamic hypothesis,Anfinsen’S Thermodynamic Hypothesis,1.0
39795912_sec4,protein folding,protein folding,0.9649049043655396
39795912_sec4,amyloid fibrils,Amyloid Fibrils,0.989709198474884
39795912_sec4,prions,Prions,0.9771962761878967
39795912_sec4,Gibbs energy,Gibbs free energy,0.9647216796875
39795912_sec4,equilibrium constant,equilibrium constant,0.9654224514961243
39795912_sec4,soluble aggregation monomers,soluble,0.9716506600379944
39795912_sec4,fibrils,Fibril - cell component,0.9915463924407959
39795912_sec4,thermodynamically stable aggregates,Aggregate,0.9680443406105042
39795912_sec5,Molecular chaperones,Molecular Chaperones,0.9840036034584045
39795912_sec5,Anfinsen’s thermodynamic hypothesis,Anfinsen’S Thermodynamic Hypothesis,1.0
39795912_sec5,protein folding,protein folding,0.9649049043655396
39795912_sec5,aggregation,Aggregation,0.9432498216629028
39795912_sec5,misfolding,Protein Misfolding Disorders,0.7378263473510742
39795912_sec6,GroEL/ES,Groel/Es,1.0
39795912_sec6,Hsp70,Heat-Shock Proteins 70,0.9918451309204102
39795912_sec6,Hsp90,HSP90 Heat-Shock Proteins,0.9919411540031433
39795912_sec6,molecular chaperones,Molecular Chaperones,0.9840036034584045
39795912_sec6,small heat-shock proteins,Heat shock proteins,0.9555681943893433
39795912_sec6,ATP-dependent binding,ATP-dependent protein binding,0.8876383304595947
39795912_sec6,protein folding,protein folding,0.9649049043655396
39795912_sec6,aggregation,Aggregation,0.9432498216629028
39795912_sec6,folding inhibitors,inhibitors,0.9835798144340515
39795912_sec6,chaotropic agents,Nootropic Agents,0.703373908996582
39795912_sec7,GroEL,HSPD1 gene,0.9845911860466003
39795912_sec7,GroES,HSPE1 gene,0.9725584387779236
39795912_sec7,Anfinsen cage,Anfinsen Cage,1.0
39795912_sec7,molecular chaperones,Molecular Chaperones,0.9840036034584045
39795912_sec7,intramolecular protein folding,protein self-association,0.8343955874443054
39795912_sec7,unfolding,Protein Unfolding,0.8347475528717041
39795912_sec7,misfolding,Protein Misfolding Disorders,0.7378263473510742
39795912_sec7,structural stability,Structure,0.7436513304710388
39795912_sec7,conformational entropy,Conformational Entropy,1.0
39795912_sec7,aggregation inhibition,Aggregation,0.9432498216629028
39795912_sec9,ribosomes,Ribosomes,0.9871475100517273
39795912_sec9,lipid bilayers,Lipid Bilayers,0.9841229319572449
39795912_sec9,molecular chaperones,Molecular Chaperones,0.9840036034584045
39795912_sec9,polypeptides,Polypeptides,0.9850601553916931
39795912_sec9,macromolecular crowding,Macromolecular Crowding,1.0
39795912_sec9,quinary interactions,Quinary Interactions,1.0
39795912_sec9,multidomain proteins,Protein Domain,0.7749758362770081
39795912_sec9,nucleic acids,Nucleic Acids,0.9780105352401733
39795912_sec9,protein folding,protein folding,0.9649049043655396
39795912_sec9,aggregation,Aggregation,0.9432498216629028
39795912_sec10,ribosomes,Ribosomes,0.9871475100517273
39795912_sec10,molecular chaperones,Molecular Chaperones,0.9840036034584045
39795912_sec10,cotranslational folding,Cotranslational Folding,1.0
39795912_sec10,cotranslocational folding,Cotranslocational Folding,1.0
39795912_sec10,ubiquitination,Ubiquitination,0.9497063755989075
39795912_sec10,sumoylation,Sumoylation,0.9367567896842957
39795912_sec10,glycosylation,glycosylation,0.968177318572998
39795912_sec10,aggregation-prone proteins,Aggregation-Prone Proteins,1.0
39795912_sec10,nascent chains,Nascent Chains,1.0
39795912_sec10,cis-linkage,Cis-Linkage,1.0
39795912_sec10,polysomes,Polyribosomes,0.9832608103752136
39795912_sec10,proteome,Proteome,0.9593482613563538
39795912_sec10,macromolecular tethering,Macromolecular Tethering,1.0
39795912_sec11,maltose-binding protein,Maltose-Binding Proteins,0.9579177498817444
39795912_sec11,glutathione S-transferase,Glutathione S-Transferase,0.9658242464065552
39795912_sec11,ubiquitin,Ubiquitin,0.9698111414909363
39795912_sec11,ubiquitin-like modifier,protein tag,0.9253320693969727
39795912_sec11,intrinsically disordered polypeptides,Polypeptides,0.9850601553916931
39795912_sec11,spider silk protein,Spider Silk Protein,1.0
39795912_sec11,molecular chaperones,Molecular Chaperones,0.9840036034584045
39795912_sec11,artificial fusion proteins,Artificial (qualifier value),0.9898419976234436
39795912_sec11,multidomain proteins,Protein Domain,0.7749758362770081
39795912_sec11,aggregation-prone proteins,Aggregation-Prone Proteins,1.0
39795912_sec11,solubility-enhancing tags,Solubility-Enhancing Tags,1.0
39795912_sec12,cis-tethering,Cis-Tethering,1.0
39795912_sec12,protease mutant,Mutant Proteins,0.744933545589447
39795912_sec12,GroEL/ES,Groel/Es,1.0
39795912_sec12,DnaK system,System,0.7720741033554077
39795912_sec12,trigger factor,Factor,0.9910855889320374
39795912_sec12,artificial chaperone,Artificial (qualifier value),0.9898419976234436
39795912_sec12,aggregation-prone proteins,Aggregation-Prone Proteins,1.0
39795912_sec12,soluble protein,soluble,0.9716506600379944
39795912_sec12,protein folding,protein folding,0.9649049043655396
39795912_sec12,cellular macromolecules,cellular macromolecule biosynthetic process,0.8179018497467041
39795912_sec14,AlphaFold,Alphafold,1.0
39795912_sec14,RoseTTAFold,Rosettafold,1.0
39795912_sec14,amyloid formation,amyloid fibril formation,0.7840185165405273
39795912_sec14,energy landscape theory,Energy Landscape Theory,1.0
39795912_sec14,molecular chaperone,Molecular,0.9908681511878967
39795912_sec14,hydrophobic interactions,Hydrophobic Interactions,0.9711307287216187
39795912_sec14,aggregation formation,Anabolism,0.7431289553642273
39795912_sec14,polypeptides,Polypeptides,0.9850601553916931
39795912_sec14,aggregation-destabilizing forces,Aggregation-Destabilizing Forces,1.0
39795912_sec14,intermolecular repulsive forces,Binding (Molecular Function),0.7583318948745728
39795912_sec14,desolvation penalties,Capital Punishment,0.7832379937171936
39795912_sec14,entropic penalties,Entropic Penalties,1.0
39795912_sec15,superoxide dismutase 1,Cu-Zn Superoxide Dismutase,0.9757423400878906
39795912_sec15,ALS,Amyotrophic Lateral Sclerosis,0.9864381551742554
39795912_sec15,hydrophobic interactions,Hydrophobic Interactions,0.9711307287216187
39795912_sec15,salt bridge,Salt Bridge,1.0
39795912_sec15,Ramachandran plot,Ramachandran Plot,1.0
39795912_sec17,DnaK,Dnak,1.0
39795912_sec17,Hsp70,Heat-Shock Proteins 70,0.9918451309204102
39795912_sec17,Hsp90,HSP90 Heat-Shock Proteins,0.9919411540031433
39795912_sec17,DAXX,"DAXX protein, human",0.9658475518226624
39795912_sec17,GroEL,HSPD1 gene,0.9845911860466003
39795912_sec17,TriC,chaperonine-containing T-complex location,0.9958699345588684
39795912_sec17,CCT,FLVCR2 gene,0.9567834734916687
39795912_sec17,poly-Asp/Glu,Poly-Asp/Glu,1.0
39795912_sec17,aggregation inhibition,Aggregation,0.9432498216629028
39795912_sec17,disaggregation,Aggregation,0.7525861263275146
39795912_sec17,substrate binding,Substrate Device,0.9931399822235107
39795912_sec17,repulsive forces,Repulsive Forces,1.0
39795912_sec17,charged patches,Charged Patches,1.0
39795912_sec17,molecular chaperones,Molecular Chaperones,0.9840036034584045
39795912_sec17,hydrophobic-rich peptides,Hydrophobic-Rich Peptides,1.0
39795912_sec18,amyloid fibrils,Amyloid Fibrils,0.989709198474884
39795912_sec18,intramolecular protein folding thermodynamics,Thermodynamics,0.97660231590271
39795912_sec18,intermolecular aggregation thermodynamics,Aggregation,0.9432498216629028
39795912_sec18,misfolded monomers,Misfolded Monomers,1.0
39795912_sec18,unfolded monomers,Monomer,0.9960852265357971
39795912_sec18,unfoldable polypeptides,Polypeptides,0.9850601553916931
39795912_sec18,intramolecular thermodynamic stabilities,protein self-association,0.7583703398704529
39795912_sec18,aggregation free energy landscape,Landscapes,0.957656979560852
39795912_sec18,aggregation thermodynamics,Thermodynamics,0.97660231590271
39795912_sec18,aggregation processes,Platelet aggregation,0.7269854545593262
39795912_sec19,molecular chaperones,Molecular Chaperones,0.9840036034584045
39795912_sec19,aggregation monomers,Aggregation,0.7177055478096008
39795912_sec19,thermodynamic activity,Thermodynamics,0.763873815536499
39795912_sec19,soluble monomers,Monomer,0.9960852265357971
39795912_sec19,protein quality control systems,control system,0.9851769208908081
39795912_sec20,Gibbs free energy,Gibbs free energy,0.9700527191162109
39795912_sec20,macromolecular tethering,Macromolecular Tethering,1.0
39795912_sec20,amyloids,Amyloid,0.9922171831130981
39795912_sec20,molecular chaperones,Molecular Chaperones,0.9840036034584045
39795912_sec20,coaggregates,Protein Aggregates,0.7040539979934692
39795912_sec20,polypeptides,Polypeptides,0.9850601553916931
39795912_sec20,protein folding,protein folding,0.9649049043655396
39795912_sec20,self-aggregation,Aggregation,0.7039797902107239
39795912_sec20,proteinopathies,Proteostasis Deficiencies,0.9735344648361206
39795912_sec21,protein folding,protein folding,0.9649049043655396
39795912_sec21,protein aggregation,Protein Aggregates,0.8093607425689697
39795912_sec21,proteinopathies,Proteostasis Deficiencies,0.9735344648361206
39795912_sec21,chaperone-like activities,Chaperone-Like Activities,1.0
39795912_sec21,aggregation inhibition,Aggregation,0.9432498216629028
39795912_sec21,allosteric effect,Allosteric Effect,1.0
39795912_sec22,Huntington’s disease,Huntington Disease,0.9466882944107056
39795912_sec22,spinocerebellar ataxias,"Ataxia, Spinocerebellar",0.9768591523170471
39795912_sec22,amyloid beta peptides,Amyloid beta-Peptides,0.9830232262611389
39795912_sec22,amyloid precursor protein,Amyloid beta-Protein Precursor,0.9654619097709656
39795912_sec22,APP,APP gene,0.968815267086029
39795912_sec22,small heat-shock proteins,Heat shock proteins,0.9555681943893433
39795912_sec22,molecular chaperones,Molecular Chaperones,0.9840036034584045
39795912_sec22,polyglutamine repeat expansions,Polyglutamine Repeat Expansions,1.0
39795912_sec22,bifunctional small molecules,Small Molecule,0.7270767688751221
39795912_sec23,Aβ,Aβ,1.0
39795912_sec23,tau proteins,uridine triacetate,0.9766784906387329
39795912_sec23,prion protein,Prions,0.9817402958869934
39795912_sec23,huntingtin protein,Huntingtin Protein,0.9246475696563721
39795912_sec23,intrinsic chaperone-like activities,Internal,0.9847190976142883
39795912_sec23,proteinopathies,Proteostasis Deficiencies,0.9735344648361206
39795912_sec23,IDPs,Idps,1.0
39795912_sec23,IDRs,Idrs,1.0
39795912_sec23,drug development,Drug Development,0.9743182063102722
39795912_sec23,pharmacophore,Pharmacophore,0.9898421764373779
39795912_sec23,amyloid cascade hypothesis,Hypothesis,0.9861465692520142
39744088_sec0,GReedy Accumulated strategy,Greedy Accumulated Strategy,1.0
39744088_sec0,Protein Engineering,Protein Engineering,0.9557774066925049
39744088_sec0,GRAPE‐WEB,Grape Flavor,0.7233888506889343
39744088_sec0,stabilizing mutations,Stabilized (qualifier value),0.7229483723640442
39744088_sec0,protein thermostability design,Design,0.9831698536872864
39744088_sec0,computational methods,Computational Technique,0.7745267152786255
39744088_sec0,epistatic effects,Epistatic Effects,1.0
39770093_sec0,C-S lyase,carbon-sulfur lyase,0.9587515592575073
39770093_sec0,Lentinula edodes,Lentinula edodes,0.9654106497764587
39770093_sec0,ergothioneine,ergothioneine,0.9543310403823853
39770093_sec0,Lecsl2,Lecsl2,1.0
39770093_sec0,Egt1,Egt1,1.0
39770093_sec0,Egt2,Egt2,1.0
39770093_sec0,His,His,1.0
39770093_sec0,SAM,S-adenosylmethionine,0.990989625453949
39770093_sec0,Cys,cysteine,0.9971566796302795
39770093_sec0,Her-sul,Her-Sul,1.0
39770093_sec0,EGT,Egt,1.0
39770093_sec0,PLP-dependent enzyme,Conditional,0.736050546169281
39770093_sec1,Lentinula edodes,Lentinula edodes,0.9654106497764587
39770093_sec1,lenthionine,lenthionine,0.977391242980957
39770093_sec1,Gamma glutamyl transpeptidase,Gamma-glutamyl transferase,0.9849312901496887
39770093_sec1,L-cysteine sulfoxide lyase,alliin lyase activity,0.8725161552429199
39770093_sec1,Ergothioneine,ergothioneine,0.9543310403823853
39770093_sec1,Egt1,Egt1,1.0
39770093_sec1,Egt2,Egt2,1.0
39770093_sec1,S-adenosylmethionine,S-adenosylmethionine,0.9600307941436768
39770093_sec1,cysteine,cysteine,0.9798771142959595
39770093_sec1,Cys-HER complex,Complex,0.9903109669685364
39770093_sec1,pyridoxal phosphate,pyridoxal phosphate,0.9739397764205933
39770093_sec1,C-S lyase,carbon-sulfur lyase,0.9587515592575073
39770093_sec1,sulfur-containing odor components,Component object,0.9795947670936584
39770093_sec1,ergothioneine synthesis,Anabolism,0.9892545938491821
39770093_sec3,Egt1,Egt1,1.0
39770093_sec3,Lecsl 1,Lecsl 1,1.0
39770093_sec3,Lecsl 2,Lecsl 2,1.0
39770093_sec3,Egt2,Egt2,1.0
39770093_sec3,Her-sul,Her-Sul,1.0
39770093_sec3,Hercynine,"N-alpha,N-alpha,N-alpha-trimethyl-L-histidine biosynthetic process",0.7315047383308411
39770093_sec3,C-S lyase,carbon-sulfur lyase,0.9587515592575073
39770093_sec3,Escherichia coli,Escherichia coli,0.9835531711578369
39770093_sec3,pyridoxal phosphate,pyridoxal phosphate,0.9739397764205933
39770093_sec3,L. edodes W1-26,L. Edodes W1-26,1.0
39770093_sec3,liquid chromatography-mass spectrometry,Liquid Chromatography Mass Spectrometry,0.9695850014686584
39770093_sec3,Cys,cysteine,0.9971566796302795
39770093_sec3,His,His,1.0
39770093_sec3,SAM,S-adenosylmethionine,0.990989625453949
39770093_sec3,FeSO4·7H2O,Feso4·7H2O,1.0
39770093_sec4,Egt1,Egt1,1.0
39770093_sec4,Egt2,Egt2,1.0
39770093_sec4,Fe 2+,iron,0.981343150138855
39770093_sec4,His,His,1.0
39770093_sec4,SAM,S-adenosylmethionine,0.990989625453949
39770093_sec4,Cys,cysteine,0.9971566796302795
39770093_sec4,Arg-465,Arg-465,1.0
39770093_sec4,His-577,His-577,1.0
39770093_sec4,Thr-580,Thr-580,1.0
39770093_sec4,Asp-506,Asp-506,1.0
39770093_sec4,Trp-847,Trp-847,1.0
39770093_sec4,methyltransferases,Methyltransferase,0.9806631207466125
39770093_sec10,C-S lyase,carbon-sulfur lyase,0.9587515592575073
39770093_sec10,EGT,Egt,1.0
39770093_sec10,L. edodes,L. Edodes,1.0
39770093_sec10,Egt1,Egt1,1.0
39770093_sec10,Egt2,Egt2,1.0
39770093_sec10,His,His,1.0
39770093_sec10,SAM,S-adenosylmethionine,0.990989625453949
39770093_sec10,Cys,cysteine,0.9971566796302795
39770093_sec10,Her-sul,Her-Sul,1.0
39770093_sec10,PLP,pyridoxal phosphate,0.9643362760543823
39770093_sec10,GGT,Gamma-glutamyl transferase,0.9987627267837524
39769378_sec0,long terminal repeat retrotransposons,Long Terminal Repeat,0.7163554430007935
39769378_sec0,sunflowers,Helianthus species,0.9684053659439087
39769378_sec0,Tekay clade,Clade,0.7036141157150269
39769378_sec0,Athila RTEs,Recent Thymic Emigrant,0.9381685853004456
39769378_sec0,aORF-encoded proteins,Proteins,0.9877250790596008
39769378_sec0,transposase domain,Transposase,0.7786962389945984
39769378_sec0,transmembrane domain,Transmembrane Domain,0.9749374389648438
39769378_sec0,nuclear localization signals,Nuclear Localization Signals,0.9741652607917786
39769378_sec0,RNA-silencing modulation,Rna-Silencing Modulation,1.0
39769378_sec0,Tekay subgroup,Subgroup A Nepoviruses,0.9525090456008911
39769378_sec0,plant DRBM-containing proteins,Plants,0.9943185448646545
39769378_sec0,epigenetic changes,Epigenetic Process,0.8989056944847107
39769378_sec0,heat stress,Heat Stress Disorders,0.9956434965133667
39769378_sec1,LTR retrotransposons,Long Terminal Repeat,0.9876201152801514
39769378_sec1,GAG,GAG Gene,0.9754933714866638
39769378_sec1,POL,pol genes,0.9932932257652283
39769378_sec1,reverse transcriptase,RNA-Directed DNA Polymerase,0.978839635848999
39769378_sec1,RNase H,Ribonuclease H,0.959191620349884
39769378_sec1,aspartic proteinase,Aspartic Acid Proteases,0.9829978942871094
39769378_sec1,chromodomain,Bromodomain,0.7656704187393188
39769378_sec1,INT,Int,1.0
39769378_sec1,Chromoviruses,Comovirus,0.7696505784988403
39769378_sec1,Ty3,Ty3,1.0
39769378_sec1,Gypsy,Roma ethnic group,0.989489734172821
39769378_sec1,PolIII,Poliii,1.0
39769378_sec1,integration complex,DNA Integration,0.951664924621582
39769378_sec1,chromatin proteins,Chromatin,0.7606459259986877
39769378_sec1,tethering model,Tethering Model,1.0
39769378_sec3,zebularine,pyrimidin-2-one beta-ribofuranoside,0.9524098038673401
39769378_sec3,α-amanitin,Amanitins,0.7568037509918213
39769378_sec3,T7 endonuclease,endonuclease,0.9148575067520142
39769378_sec3,eccDNA,Eccdna,1.0
39769378_sec3,RTE,Recent Thymic Emigrant,0.9371613264083862
39769378_sec3,P1 mitochondrial plasmid,Mitochondria,0.7951483130455017
39769378_sec3,chromosome 12,"Chromosomes, Human, Pair 12",0.9930641651153564
39769378_sec3,XRQ 2.0,Xrq 2.0,1.0
39769378_sec3,PS+,Ps+,1.0
39769378_sec3,PS−,Ps−,1.0
39769378_sec3,rolling circle amplification,rolling circle DNA replication,0.765134334564209
39769378_sec3,ONT Mobilome-Seq,SPARC gene,0.9849744439125061
39769378_sec3,nanopore sequencing,Nanopore Sequencing,0.9864068627357483
39769378_sec4,Gypsy superfamily,Superfamily,0.8159281611442566
39769378_sec4,Copia elements,Elements,0.9853516817092896
39769378_sec4,Ale,Aleut Language,0.9945144057273865
39769378_sec4,Tork,Tork,1.0
39769378_sec4,Athila,Athila,1.0
39769378_sec4,Galadriel,Galadriel,1.0
39769378_sec4,Tekay,Tekay,1.0
39769378_sec4,TR-GAG elements,Elements,0.7448558807373047
39769378_sec4,sunflowers,Helianthus species,0.9684053659439087
39769378_sec4,Galadriel 13-1,Galadriel 13-1,1.0
39769378_sec4,Galadriel 13-2,Galadriel 13-2,1.0
39769378_sec4,Galadriel 13-3,Galadriel 13-3,1.0
39769378_sec4,Tork 8-1,Tork 8-1,1.0
39769378_sec4,Tork 8-2,Tork 8-2,1.0
39769378_sec4,Tekay 10-1,Tekay 10-1,1.0
39769378_sec4,Tekay 10-2,Tekay 10-2,1.0
39769378_sec5,Tekay clade,Clade,0.7036141157150269
39769378_sec5,Ale RTE clade,Ale Rte Clade,1.0
39769378_sec5,Athila RTE clade,Clade,0.7866645455360413
39769378_sec5,Galadriel RTE clade,Galadriel Rte Clade,1.0
39769378_sec5,Tork RTE clade,Tork Rte Clade,1.0
39769378_sec5,TIPs,Transjugular intrahepatic portosystemic shunt procedure,0.9840767979621887
39769378_sec5,chromosome arms,Arm of chromosome,0.8741480112075806
39769378_sec5,centromere-biased distribution,Centromere-Biased Distribution,1.0
39769378_sec5,protein-coding genes,Protein-Coding Genes,1.0
39769378_sec5,sunflower cultivars,Sunflower Cultivars,1.0
39769378_sec5,RTE insertion polymorphism,Genetic Polymorphism,0.9895361661911011
39769378_sec5,chromosome distribution,Chromosomes,0.9940280914306641
39769378_sec5,genotype diversification,Genotype,0.9886257648468018
39769378_sec5,non-randomness,Non-Randomness,1.0
39769378_sec6,Tekay elements,Elements,0.9853516817092896
39769378_sec6,integrases,Integrase,0.969020664691925
39769378_sec6,zinc finger,Zinc Fingers,0.9799603223800659
39769378_sec6,HHCC motif,Hhcc Motif,1.0
39769378_sec6,Drosophila melanogaster,Drosophila melanogaster,0.9834935069084167
39769378_sec6,heterochromatin protein 1,Chromobox Protein Homolog 5,0.982481837272644
39769378_sec6,H. annuus,H. Annuus,1.0
39769378_sec6,chromodomains,Chromodomains,1.0
39769378_sec6,chromodomain II,Bromodomain,0.7088730335235596
39769378_sec6,phylogenetic cluster,Phylogenetic Cluster,1.0
39769378_sec7,Athila 14 ORF,"Ecthyma, Contagious",0.9601516127586365
39769378_sec7,Tekay 13-2 ORF,"Ecthyma, Contagious",0.9601516127586365
39769378_sec7,Transposase_32,Transposase,0.7987684011459351
39769378_sec7,A. thaliana,A. Thaliana,1.0
39769378_sec7,TMHMM 2.0,TmHMM Algorithm,0.9906811714172363
39769378_sec7,DeepLoc 2.1,Deeploc 2.1,1.0
39769378_sec7,endoplasmic reticulum,Endoplasmic Reticulum,0.9847756624221802
39769378_sec7,nuclear localization signals,Nuclear Localization Signals,0.9741652607917786
39769378_sec7,a-coils,COILS Program,0.7304083108901978
39769378_sec7,disordered,Dysgeusia,0.8062801957130432
39769378_sec7,nuclear localization probability,Probability,0.9757340550422668
39769378_sec8,Tekay elements,Elements,0.9853516817092896
39769378_sec8,Chromovirus clade,Chromovirus Clade,1.0
39769378_sec8,CRM lineage,Lineage,0.8200212717056274
39769378_sec8,integrase chromodomain,Integrase Chromodomain,1.0
39769378_sec8,type II chromodomain,Type Ii Chromodomain,1.0
39769378_sec8,RTEs,Recent Thymic Emigrant,0.9381685853004456
39769378_sec8,5′aORFs,5′Aorfs,1.0
39769378_sec8,pericentromere-biased insertions,Clinical act of insertion,0.9787847399711609
39769378_sec8,mobile elements,Elements,0.7448558807373047
39769378_sec8,eukaryotic DNA transposons,Eukaryotic Dna Transposons,1.0
39769378_sec8,prokaryotic DNA transposons,Prokaryotic Dna Transposons,1.0
39769378_sec25,sunflower RTEs,Helianthus species,0.9541401267051697
39769378_sec25,Tekay clade,Clade,0.7036141157150269
39769378_sec25,non-canonical proteins,Non-Canonical Proteins,1.0
39769378_sec25,aORFs,Open Reading Frames,0.7425013184547424
39769378_sec25,epigenetic stress,study of epigenetics,0.772168755531311
39764114_sec0,ARID1A,"ARID1A protein, human",0.9412589073181152
39764114_sec0,AT-rich interactive domain-containing protein 1A,"ARID1A protein, human",0.9142612218856812
39764114_sec0,R1020S,R1020S,1.0
39764114_sec0,M1022K,M1022K,1.0
39764114_sec0,K1047Q,K1047Q,1.0
39764114_sec0,G1063V,G1063V,1.0
39764114_sec0,A1089T,A1089T,1.0
39764114_sec0,Cancer,Malignant Neoplasms,0.9914878010749817
39764114_sec0,chromatin remodeling,chromatin remodeling,0.9827107191085815
39764114_sec0,SWI/SNF complex,SWI/SNF complex,0.942030131816864
39764114_sec0,The Cancer Genome Atlas,The Cancer Genome Atlas,0.898628830909729
39764114_sec0,structural stability,Structure,0.7436513304710388
39764114_sec0,hybrid experimental and computational approach,Investigational,0.7769677042961121
39764114_sec0,thermal denaturation,Denaturation,0.980422854423523
39764114_sec0,chemical denaturation,Chemical Denaturation,1.0
39764114_sec1,ARID1A,"ARID1A protein, human",0.9412589073181152
39764114_sec1,SWI/SNF chromatin remodeler complex,Chromatin,0.7402439713478088
39764114_sec1,ARID domain,ARID Domain,0.9865319132804871
39764114_sec1,B120,"ARID1A protein, human",0.9948086738586426
39764114_sec1,BAF250,"ARID1A protein, human",0.962332010269165
39764114_sec1,BM029,ARID1A wt Allele,0.9929996132850647
39764114_sec1,CSS2,CAPNS2 gene,0.98868727684021
39764114_sec1,chromatin dynamics,Chromatin,0.9869920611381531
39764114_sec1,gene expression,Gene Expression,0.9608771204948425
39764114_sec1,DNA replication,DNA Replication,0.9601574540138245
39764114_sec1,DNA repair,DNA Repair,0.9857083559036255
39764114_sec1,therapeutic resistance,Therapeutic procedure,0.7018793821334839
39764114_sec1,genomic instability,Genomic Instability,0.9874287247657776
39764114_sec1,cancers,Malignant Neoplasms,0.99256831407547
39764114_sec1,malignancies,Malignant Neoplasms,0.9861024618148804
39764114_sec10,ARID1A,"ARID1A protein, human",0.9412589073181152
39764114_sec10,R1020S mutation,Mutation,0.964189887046814
39764114_sec10,missense mutations,Missense Mutation,0.981391429901123
39764114_sec10,stability,Stable status,0.9954718947410583
39764114_sec10,folding free energy,Free Energy,0.9871825575828552
39764114_sec11,R1020S mutation,Mutation,0.964189887046814
39764114_sec11,wild-type protein,Wild-Type Protein,1.0
39764114_sec11,melting temperature,Body Temperature,0.7637014985084534
39764114_sec11,average radius of gyration,Average,0.7198363542556763
39764114_sec11,specific heat,Estrus,0.9973243474960327
39764114_sec11,free energy landscape,Free Energy,0.9871825575828552
39764114_sec11,potential mean force,Potential,0.972382128238678
39764114_sec11,alpha-helix content,Feeling content,0.9897222518920898
39764114_sec11,cooperativity,Operation Activity,0.7130128741264343
39764114_sec11,structural dynamics,Structure,0.987086296081543
39764114_sec12,R1020S,R1020S,1.0
39764114_sec12,WT,Wild Type,0.9999962449073792
39764114_sec12,thermal denaturation,Denaturation,0.980422854423523
39764114_sec12,intrinsic fluorescence measurement,Intrinsic Fluorescence Measurement,1.0
39764114_sec12,red shift,Red Shift,1.0
39764114_sec12,blue shift,Blue Shift,1.0
39764114_sec12,fluorescence intensity,Fluorescence Intensity Unit,0.9890626072883606
39764114_sec12,two-state unfolding model,Two-State Unfolding Model,1.0
39764114_sec12,apparent melting temperature,apparent,0.968110978603363
39764114_sec13,GuHCl,Guhcl,1.0
39764114_sec13,intrinsic fluorescence,Fluorescence,0.7495282292366028
39764114_sec13,wavelength shift,Wavelength Shift,1.0
39764114_sec13,two-state model,Two-State Model,1.0
39764114_sec13,EQ:EQ115,Equal,0.9935249090194702
39764114_sec13,protein unfolding,Protein Unfolding,0.933826744556427
39764114_sec13,protein refolding,Protein Refolding,0.952350914478302
39764114_sec13,fluorescence intensity,Fluorescence Intensity Unit,0.9890626072883606
39764114_sec13,red shift,Red Shift,1.0
39764114_sec13,blue shift,Blue Shift,1.0
39764114_sec14,ARID1A,"ARID1A protein, human",0.9412589073181152
39764114_sec14,R1020S mutation,Mutation,0.964189887046814
39764114_sec14,M1022K mutation,potassium,1.0
39764114_sec14,Alpha Missense,Alpha Missense,1.0
39764114_sec14,personalized medicine,Precision Medicine,0.9704534411430359
39764114_sec14,protein stability,Protein Stability,0.9859595894813538
39764114_sec14,pathogenicity,Pathogenicity Aspects,0.9862467050552368
39764114_sec14,structural instability,Postural instability,0.7306397557258606
39764114_sec14,therapeutic strategies,Therapeutic procedure,0.7018793821334839
39764114_sec14,drug discovery,Drug Discovery,0.9833343625068665
39700257_sec0,directed evolution,Directed Evolution,1.0
39700257_sec0,machine learning,Machine Learning,0.9763252139091492
39700257_sec0,in vivo mutagenesis,Mutagenesis Process,0.9861599802970886
39700257_sec0,sorting-based directed evolution,directed evolution,0.7327207922935486
39700257_sec0,single-cell selection,Single-Cell Selection,1.0
39700257_sec0,fitness objectives,Fitness,0.9536999464035034
39700257_sec0,GB1,Gallbladder acupuncture point GB1,0.994159460067749
39700257_sec0,TrpB,Trpb,1.0
39700257_sec1,directed evolution,Directed Evolution,1.0
39700257_sec1,mutagenesis,Mutagenesis Process,0.9861599802970886
39700257_sec1,in vivo,In Vivo,0.9198533296585083
39700257_sec1,in vitro,In Vitro [Publication Type],0.9645571708679199
39700257_sec1,bacterial cell,bacterial cell,0.9872322082519531
39700257_sec1,autoimmune disorder,Autoimmune Diseases,0.9723511934280396
39700257_sec1,cancer,Malignant Neoplasms,0.9914878010749817
39700257_sec1,fitness evaluation,Fitness,0.9536999464035034
39700257_sec1,trait-of-interest,Trait-Of-Interest,1.0
39700257_sec1,output expression levels,system output,0.9882925748825073
39700257_sec1,selection methods,Genetic Selection,0.7306619882583618
39700257_sec1,computational methods,Computational Technique,0.7745267152786255
39700257_sec1,protein engineering,Protein Engineering,0.9557774066925049
39700257_sec1,biological systems,"Analyzers, Laboratory, Microbiology",0.8021824955940247
39700257_sec1,enzymes,Enzymes,0.977782666683197
39700257_sec4,population splitting,Population Splitting,1.0
39700257_sec4,principal components analysis,Primary,0.9644516110420227
39700257_sec4,Hamming distance,Distance,0.7292769551277161
39700257_sec4,sub-populations,geographic population,0.7624359726905823
39700257_sec4,genetic space,Genetic,0.752932071685791
39700257_sec6,GB1 immunoglobulin protein,Gallbladder acupuncture point GB1,0.994159460067749
39700257_sec6,IgG-Fc,Igg-Fc,1.0
39700257_sec6,tryptophan synthase,Tryptophan Synthase,0.9859330654144287
39700257_sec6,directed evolution,Directed Evolution,1.0
39700257_sec6,population splitting,Population Splitting,1.0
39700257_sec6,base chance,Chance,0.7722878456115723
39700257_sec6,local optimum,Optimum,0.7488925457000732
39700257_sec6,global optimum,Optimum,0.7195126414299011
39700257_sec7,Fluorescence Activated Cell Sorting,Fluorescence-Activated Cell Sorting,0.8895489573478699
39700257_sec7,microfluidic-based methods,Microfluidic-Based Methods,1.0
39700257_sec7,directed evolution,Directed Evolution,1.0
39700257_sec7,fitness landscape,Landscapes,0.957656979560852
39700257_sec7,selection function,Genetic Selection,0.78816157579422
39700257_sec7,population splitting,Population Splitting,1.0
39700257_sec7,empirical fitness landscapes,Empiric,0.9587721228599548
39700257_sec7,multi-dimensional selection,Multi-Dimensional Selection,1.0
39700257_sec7,fitness threshold,Threshold,0.9857099652290344
39700257_sec7,base chance,Chance,0.7722878456115723
39695007_sec0,Amp0279,Amp0279,1.0
39695007_sec0,Lysinibacillus sphaericus C3-41,Lysinibacillus,0.7243369221687317
39695007_sec0,R131E,R131E,1.0
39695007_sec0,R131H,R131H,1.0
39695007_sec0,R131A,R131A,1.0
39695007_sec0,E349D,E349D,1.0
39695007_sec0,Co2+-dependent leucine aminopeptidase,Leucine Aminopeptidase,0.980461835861206
39695007_sec0,molecular docking,Molecular Docking,0.9794326424598694
39695007_sec0,site-directed mutagenesis,"Mutagenesis, Site-Directed",0.9755966663360596
39695007_sec0,binding energies,Binding Energies,1.0
39695007_sec0,hydrolyse,Hydrolysis,0.7555791139602661
39695007_sec0,substrate,Substrate Device,0.9931399822235107
39695007_sec0,electrostatic potential,Electrostatics,0.9852411150932312
39695007_sec0,structural stability,Structure,0.7436513304710388
39695007_sec0,melting temperature,Body Temperature,0.7637014985084534
39695007_sec1,Aminopeptidases,Aminopeptidase,0.9853958487510681
39695007_sec1,Endopeptidases,Endopeptidases,0.9849575161933899
39695007_sec1,Exopeptidases,Exopeptidase,0.9728168845176697
39695007_sec1,Carboxypeptidases,Carboxypeptidase,0.9825125932693481
39695007_sec1,Aminoacyl peptidases,Aminopeptidase,0.7598866820335388
39695007_sec1,Dipeptidyl peptidases,Dipeptidyl Peptidases,0.9854439496994019
39695007_sec1,Tripeptidyl peptidases,Tripeptidyl-Peptidases,0.9854344129562378
39695007_sec1,Metalloaminopeptidases,Metalloproteases,0.807498037815094
39695007_sec1,L-Leucine-p-nitroanilide,L-Leucine-P-Nitroanilide,1.0
39695007_sec1,Protein maturation,protein maturation,0.9840726852416992
39695007_sec1,Protein degradation,"Protein Degradation, Metabolic",0.9549227952957153
39695007_sec1,Hormone regulation,hormonal regulation,0.9748690724372864
39695007_sec8,Amp0279,Amp0279,1.0
39695007_sec8,E. coli BL21,Escherichia coli,0.736798882484436
39695007_sec8,arginine 131,arginine,0.9862232804298401
39695007_sec8,R131E,R131E,1.0
39695007_sec8,R131H,R131H,1.0
39695007_sec8,R131A,R131A,1.0
39695007_sec8,E349D,E349D,1.0
39695007_sec8,Glutamate,Glutamates,0.9887587428092957
39695007_sec8,Aspartate,aspartate,0.9823847413063049
39695007_sec8,L-leucine-4-nitroanilide,1-leucine-4-nitroanilide,0.9723756313323975
39695007_sec8,− 8. Kcal/mol,− 8. Kcal/Mol,1.0
39695007_sec8,− 7. Kcal/mol,− 7. Kcal/Mol,1.0
39695007_sec8,Staphylococcus aureus,Staphylococcus aureus,0.9700018763542175
39695007_sec8,PCR,Polymerase Chain Reaction,0.9947255253791809
39695007_sec9,Amp0279,Amp0279,1.0
39695007_sec9,Amp0279-R131E,Amp0279-R131E,1.0
39695007_sec9,Amp0279-R131H,Amp0279-R131H,1.0
39695007_sec9,Amp0279-R131A,Amp0279-R131A,1.0
39695007_sec9,Amp0279-E349D,Amp0279-E349D,1.0
39695007_sec9,E. coli BL21,Escherichia coli,0.736798882484436
39695007_sec9,pH 8.5,Hydrogen-Ion Concentration,0.9775795936584473
39695007_sec9,pH 7.5,Hydrogen-Ion Concentration,0.9775795936584473
39695007_sec9,pH 8.0,Hydrogen-Ion Concentration,0.9775795936584473
39695007_sec9,45 °C,45 °C,1.0
39695007_sec9,35 °C,35 °C,1.0
39695007_sec9,40 °C,40 °C,1.0
39695007_sec9,K m,methionine,0.7071068286895752
39695007_sec9,2.70 moL/L,2.70 Mol/L,1.0
39695007_sec9,330.66 moL/L,330.66 Mol/L,1.0
39695007_sec9,20.86 moL/L,20.86 Mol/L,1.0
39695007_sec10,Amp0279,Amp0279,1.0
39695007_sec10,Amp0279-R131H,Amp0279-R131H,1.0
39695007_sec10,Amp0279-R131A,Amp0279-R131A,1.0
39695007_sec10,Amp0279-R131E,Amp0279-R131E,1.0
39695007_sec10,Amp0279-E349D,Amp0279-E349D,1.0
39695007_sec10,protease,Peptide Hydrolases,0.9730750918388367
39695007_sec10,thermal stability,Stable status,0.7466039061546326
39695007_sec10,pH stability,Stable status,0.9004381895065308
39695007_sec10,enzyme activity,enzyme activity,0.9805281758308411
39695007_sec11,Amp0279,Amp0279,1.0
39695007_sec11,Amp0279-R131E,Amp0279-R131E,1.0
39695007_sec11,Amp0279-R131H,Amp0279-R131H,1.0
39695007_sec11,Amp0279-R131A,Amp0279-R131A,1.0
39695007_sec11,Amp0279-E349D,Amp0279-E349D,1.0
39695007_sec11,structural stability,Structure,0.7436513304710388
39695007_sec11,intermolecular binding energy,Binding (Molecular Function),0.7583318948745728
39695007_sec11,protein substrate complex,Protein Substrate Complex,1.0
39695007_sec11,catalytic reaction,Catalytic fraction,0.7784867286682129
39695007_sec11,hydrolysis reaction,Hydrolysis,0.9916386008262634
39695007_sec12,Amp0279-R131E,Amp0279-R131E,1.0
39695007_sec12,Amp0279-R131H,Amp0279-R131H,1.0
39695007_sec12,Amp0279-R131A,Amp0279-R131A,1.0
39695007_sec12,Arginine 131,arginine,0.9862232804298401
39695007_sec12,Histidine,histidine,0.9863150715827942
39695007_sec12,Glutamic acid,glutamic acid,0.9920274615287781
39695007_sec12,Alanine,alanine,0.9915233254432678
39695007_sec12,Molecular docking,Molecular Docking,0.9794326424598694
39695007_sec12,Site-directed mutagenesis,"Mutagenesis, Site-Directed",0.9755966663360596
39695007_sec12,PyMOL,Pymol,1.0
39695007_sec12,Protein contact potential,Protein Contact Potential,1.0
39695007_sec12,Electrostatic forces,Electrostatic Forces,1.0
39695007_sec12,pI value,Isoelectric Point,0.9833689332008362
39695007_sec12,Optimal pH,Optimum,0.9846187829971313
39868219_sec0,pertactin,"Bordetella pertussis pertactin vaccine, inactivated",0.9734821915626526
39868219_sec0,P.69T,P.69T,1.0
39868219_sec0,PFS,Pfs,1.0
39868219_sec0,PFS*,Pfs*,1.0
39868219_sec0,C-terminal,Carboxy-Terminal Amino Acid,0.937165379524231
39868219_sec0,N-terminal,protein N-terminus binding,0.7845303416252136
39868219_sec0,double-jump denaturant challenge assay,Double-Jump Denaturant Challenge Assay,1.0
39868219_sec0,kinetically trapped,Kinetically Trapped,1.0
39868219_sec0,on-pathway intermediate,Biochemical Pathway,0.738897979259491
39868219_sec0,off-pathway misfolding,Biochemical Pathway,0.7045116424560547
39868219_sec0,energy landscape,Vitality,0.984068751335144
39868219_sec0,protein folding,protein folding,0.9649049043655396
39868219_sec0,translocation,Chromosomal translocation,0.9518947601318359
39868219_sec1,protein folding,protein folding,0.9649049043655396
39868219_sec1,misfolded proteins,misfolded protein binding,0.7748211622238159
39868219_sec1,polypeptide chain,Polypeptides,0.8183879256248474
39868219_sec1,multi-domain proteins,Protein Domain,0.7553530335426331
39868219_sec1,hydrophobic residues,Hydrophobicity,0.7418025135993958
39868219_sec1,co-translational folding,Co-Translational Protein Modification,0.8026002645492554
39868219_sec1,nascent chain,'de novo' protein folding,0.7244713306427002
39868219_sec1,intermediate states,Intermediate,0.8135371804237366
39868219_sec1,energy landscapes,Energy Landscapes,1.0
39868219_sec1,Im9,Im9,1.0
39868219_sec3,P.69T,P.69T,1.0
39868219_sec3,PFS,Pfs,1.0
39868219_sec3,PCt,Polychloroterphenyl Compounds,0.9514951109886169
39868219_sec3,PNt,Percutaneous Neuromodulation Therapy,0.9225871562957764
39868219_sec3,Ct,Connecticut,0.9904136657714844
39868219_sec3,β-sheet-rich structure,Β-Sheet-Rich Structure,1.0
39868219_sec3,far-UV circular dichroism spectroscopy,"Spectroscopy, Circular Dichroism",0.8216145038604736
39868219_sec3,melting temperature,Body Temperature,0.7637014985084534
39868219_sec3,disordered conformation,Disordered Conformation,1.0
39868219_sec3,two-state transition,Transition Mutation,0.9811904430389404
39868219_sec4,PCt,Polychloroterphenyl Compounds,0.9514951109886169
39868219_sec4,P.69T,P.69T,1.0
39868219_sec4,GdmCl,Gdmcl,1.0
39868219_sec4,tryptophan fluorescence emission spectroscopy,Fluorescence Spectroscopy,0.7456839084625244
39868219_sec4,PFS,Pfs,1.0
39868219_sec4,two-state equilibrium,Equilibrium,0.7202361226081848
39868219_sec4,unfolding transition,Transition Mutation,0.7118303775787354
39868219_sec4,P.69T-Ct,P.69T-Ct,1.0
39868219_sec4,m-values,M-Values,1.0
39868219_sec4,denaturant concentration,Denaturant,0.9926233887672424
39868219_sec4,unfolding kinetics,Kinetics,0.9779995083808899
39868219_sec5,P.69T,P.69T,1.0
39868219_sec5,PFS,Pfs,1.0
39868219_sec5,Nt,NT5E wt Allele,0.9340468645095825
39868219_sec5,Ct,Connecticut,0.9904136657714844
39868219_sec5,GdmCl,Gdmcl,1.0
39868219_sec5,tryptophan,tryptophan,0.9859749674797058
39868219_sec5,unfolding rate constant,Rate Constant,0.7422528266906738
39868219_sec5,denaturant,Denaturant,0.9926233887672424
39868219_sec5,single exponential model,Single Exponential Model,1.0
39868219_sec5,double exponential model,Double Exponential Model,1.0
39868219_sec5,fluorescence change,Fluorescence,0.8095830082893372
39868219_sec6,P.69T,P.69T,1.0
39868219_sec6,PFS,Pfs,1.0
39868219_sec6,PFS*,Pfs*,1.0
39868219_sec6,GdmCl,Gdmcl,1.0
39868219_sec6,denaturant challenge,Denaturant,0.9926233887672424
39868219_sec6,Nt segment,Anatomical segmentation,0.8448611497879028
39868219_sec6,Ct segment,Anatomical segmentation,0.845988392829895
39868219_sec7,PFS*,Pfs*,1.0
39868219_sec7,P.69T,P.69T,1.0
39868219_sec7,U,U,1.0
39868219_sec7,N,N,1.0
39868219_sec7,GdmCl,Gdmcl,1.0
39868219_sec7,PFS*→N,Pfs*→N,1.0
39868219_sec7,U→N,U→N,1.0
39868219_sec7,PFS→N,Pfs→N,1.0
39868219_sec7,L219E,L219E,1.0
39868219_sec7,5.3×10 −3 ± 4×10 −4 s −1,5.3×10 −3 ± 4×10 −4 S −1,1.0
39868219_sec7,5.8×10 −4 ± 3×10 −5 s −1,5.8×10 −4 ± 3×10 −5 S −1,1.0
39868219_sec7,10-fold,10-Fold,1.0
39868219_sec7,100-fold,100-Fold,1.0
39868219_sec8,P.69T,P.69T,1.0
39868219_sec8,Bordetella pertussis,Bordetella pertussis,0.9778342247009277
39868219_sec8,pertactin,"Bordetella pertussis pertactin vaccine, inactivated",0.9734821915626526
39868219_sec8,PFS*,Pfs*,1.0
39868219_sec8,PFS,Pfs,1.0
39868219_sec8,β-helical passenger domain,Β-Helical Passenger Domain,1.0
39868219_sec8,folding pathway,Biochemical Pathway,0.9801419377326965
39868219_sec8,kinetically trapped state,Kinetically Trapped State,1.0
39868219_sec8,C-terminus,Carboxy-Terminal Amino Acid,0.7490915060043335
39868219_sec8,N-terminus,protein N-terminus binding,0.7332187294960022
39670334_sec0,Galactose oxidase,Galactose Oxidase,0.9827733039855957
39670334_sec0,M-RQW mutant,Mutant,0.801344633102417
39670334_sec0,Pichia pastoris,Komagataella pastoris,0.9900959134101868
39670334_sec0,PROSS algorithm,algorithm,0.7721682190895081
39670334_sec0,directed evolution,Directed Evolution,1.0
39670334_sec0,thermostable,Micrococcal Nuclease,0.7653824090957642
39670334_sec0,secondary alcohols,secondary alcohols,0.9797329902648926
39670334_sec0,glucose,glucose,0.9921190142631531
39670334_sec0,ancestral sequence reconstruction,Ancestral Sequence Reconstruction,1.0
39670334_sec0,bioelectrochemical devices,Bioelectrochemical Devices,1.0
39670334_sec0,synthetic chemistry,Synthesis Chemistry,0.9892810583114624
39670334_sec0,fed-batch bioreactor,Bioreactors,0.9807953238487244
39670334_sec1,Galactose oxidase,Galactose Oxidase,0.9827733039855957
39670334_sec1,GOase,Goase,1.0
39670334_sec1,Escherichia coli,Escherichia coli,0.9835531711578369
39670334_sec1,M-RQW variant,Variant,0.825574517250061
39670334_sec1,d-galactose,galactose,0.9697660207748413
39670334_sec1,H2O2,hydrogen peroxide,0.9922770261764526
39670334_sec1,raffinose,raffinose,0.9823907613754272
39670334_sec1,lactose,lactose,0.9897290468215942
39670334_sec1,oligosaccharides,Oligosaccharides,0.9791823029518127
39670334_sec1,polysaccharides,Polysaccharides,0.978791356086731
39670334_sec1,primary alcohols,primary alcohols,0.9765223264694214
39670334_sec1,secondary alcohols,secondary alcohols,0.9797329902648926
39670334_sec1,directed evolution,Directed Evolution,1.0
39670334_sec1,protein engineering,Protein Engineering,0.9557774066925049
39670334_sec3,M-RQW,M-Rqw,1.0
39670334_sec3,L3F3,L3F3,1.0
39670334_sec3,GOase,Goase,1.0
39670334_sec3,H2O2,hydrogen peroxide,0.9922770261764526
39670334_sec3,ABTS,Abts,1.0
39670334_sec3,horseradish peroxidase,Horseradish Peroxidase,0.9821856617927551
39670334_sec3,PROSS,Pross,1.0
39670334_sec3,E. coli,Escherichia coli,0.9512033462524414
39670334_sec3,thermostability,thermostability,0.9919832944869995
39670334_sec3,galactose,galactose,0.9899855256080627
39670334_sec3,glucose,glucose,0.9921190142631531
39670334_sec3,TTI,Tti,1.0
39670334_sec3,mutagenesis,Mutagenesis Process,0.9861599802970886
39670334_sec3,colorimetric assay,Colorimetric Cell Viability Assay,0.7251592874526978
39670334_sec4,GOase,Goase,1.0
39670334_sec4,M-RQW,M-Rqw,1.0
39670334_sec4,E. coli,Escherichia coli,0.9512033462524414
39670334_sec4,galactose,galactose,0.9899855256080627
39670334_sec4,glucose,glucose,0.9921190142631531
39670334_sec4,node 45,Node 45,1.0
39670334_sec4,thermostability,thermostability,0.9919832944869995
39670334_sec4,151 ancestral mutations,151 Ancestral Mutations,1.0
39670334_sec4,5.6-fold improved thermostability,thermostability,0.9919832944869995
39670334_sec4,42-fold improvement in activity,Physical activity,0.9921815991401672
39670334_sec4,ancestral sequence reconstruction,Ancestral Sequence Reconstruction,1.0
39670334_sec4,functional heterologous expression,Heterologous,0.9809110164642334
39670334_sec5,GOase,Goase,1.0
39670334_sec5,M-RQW,M-Rqw,1.0
39670334_sec5,EvoPROSS,Evopross,1.0
39670334_sec5,S10P,S10P,1.0
39670334_sec5,W290F,W290F,1.0
39670334_sec5,R330K,R330K,1.0
39670334_sec5,Q406T,Q406T,1.0
39670334_sec5,V494A,V494A,1.0
39670334_sec5,N535D,N535D,1.0
39670334_sec5,SarLacc,Sarlacc,1.0
39670334_sec5,thermostability,thermostability,0.9919832944869995
39670334_sec5,directed evolution,Directed Evolution,1.0
39670334_sec5,computational mutagenesis,Computational Technique,0.7325001358985901
39670334_sec5,ancestral node 45,Ancestral Node 45,1.0
39670334_sec5,galactose,galactose,0.9899855256080627
39670334_sec6,M-RQW,M-Rqw,1.0
39670334_sec6,EvoPROSS,Evopross,1.0
39670334_sec6,ancestral node 45,Ancestral Node 45,1.0
39670334_sec6,SarLacc,Sarlacc,1.0
39670334_sec6,P. pastoris,P. Pastoris,1.0
39670334_sec6,E. coli,Escherichia coli,0.9512033462524414
39670334_sec6,GOase,Goase,1.0
39670334_sec6,IMAC,imidazole-4-acetic acid,0.9978915452957153
39670334_sec6,fermentation,Fermentation,0.9704979658126831
39670334_sec6,shaking flask production,Tremor,0.9520994424819946
39670334_sec6,recombinant GOases,Recombinants,0.9799229502677917
39670334_sec6,computational mutagenesis,Computational Technique,0.7325001358985901
39670334_sec6,glycosylation,glycosylation,0.968177318572998
39670334_sec6,10 L fed-batch bioreactor,leucine,1.0
39670334_sec6,0.8 g/L production,production,0.9784734845161438
39670334_sec7,GOase,Goase,1.0
39670334_sec7,SarLacc,Sarlacc,1.0
39670334_sec7,cupric ion,cupric ion binding,0.7806780934333801
39670334_sec7,Kelch-like structural motif,Kelch-Like Structural Motif,1.0
39670334_sec7,immunoglobulin-like module,Immunoglobulin Domains,0.7852190136909485
39670334_sec7,β-folded proteins,Proteins,0.7213323712348938
39670334_sec7,β-sandwich structure,Structure,0.9954383373260498
39670334_sec7,carbohydrate binding domain,carbohydrate binding,0.8409593105316162
39670334_sec7,β-propeller arrangement,With configuration,0.9740617871284485
39670334_sec7,domain I,Protein Domain,0.9068284034729004
39670334_sec7,domain II,Protein Domain,0.8482602834701538
39670334_sec7,domain III,Protein Domain,0.7997474670410156
39670334_sec8,M-RQW,M-Rqw,1.0
39670334_sec8,GOase,Goase,1.0
39670334_sec8,tyrosyl radical,Tyrosyl Radical,1.0
39670334_sec8,PROSS,Pross,1.0
39670334_sec8,ASR,CCKBR gene,0.7157642245292664
39670334_sec8,directed evolution,Directed Evolution,1.0
39670334_sec8,thermostable GOases,Micrococcal Nuclease,0.7653824090957642
39670334_sec8,mutant libraries,Libraries,0.7564703226089478
39670334_sec8,enzyme engineering,Engineering,0.7838051915168762
39670334_sec8,functional diversity,Diversity,0.9863764643669128
39319912_sec0,retinoblastoma,Retinoblastoma,0.9841664433479309
39319912_sec0,Ceara,Ceara,0.9914817810058594
39319912_sec0,Brazil,Brazil,0.9753753542900085
39319912_sec0,leukocoria,Leukocoria,0.9746655225753784
39319912_sec0,ocular hyperemia,Ocular hyperemia,0.9881038069725037
39319912_sec0,retinal detachment,Retinal Detachment,0.9583815336227417
39319912_sec0,vascularized lesions,Vascularized Lesions,1.0
39319912_sec0,vitreous seeds,Plant seeds,0.9805331230163574
39319912_sec0,enucleation,Enucleation procedure,0.9675757884979248
39319912_sec0,pediatric,Pediatric brand name,0.9820736646652222
39319912_sec0,fundoscopic examination,Physical Examination,0.9613155722618103
39319912_sec0,histopathologic examination,Histopathology,0.9780940413475037
39319912_sec1,Retinoblastoma,Retinoblastoma,0.9841664433479309
39319912_sec1,Rb1,Retinoblastoma,0.9965227246284485
39319912_sec1,chromosome 13q14.2,Chromosomes,0.762384831905365
39319912_sec1,autosomal dominant genetic inheritance,Autosome,0.984127402305603
39319912_sec1,sarcomas,Sarcoma,0.9928182363510132
39319912_sec1,melanomas,melanoma,0.9907978177070618
39319912_sec1,sporadic nonhereditary Rb,Sporadic (qualifier value),0.9785230755805969
39319912_sec1,indirect fundoscopy,Ophthalmoscopy,0.9944283366203308
39319912_sec8,Rb,Retinoblastoma,0.999083399772644
39319912_sec8,Leukocoria,Leukocoria,0.9746655225753784
39319912_sec8,bilateral disease,Bilateral Disease,0.980708658695221
39319912_sec8,computed tomography,X-Ray Computed Tomography,0.984857976436615
39319912_sec8,ocular hyperemia,Ocular hyperemia,0.9881038069725037
39319912_sec8,ocular pain,Eye pain,0.9816543459892273
39319912_sec8,retinal detachment,Retinal Detachment,0.9583815336227417
39319912_sec8,calcified lesions,Calcified (qualifier),0.9808046817779541
39319912_sec8,vitreous seeds,Plant seeds,0.9805331230163574
39319912_sec8,vascularized lesions,Vascularized Lesions,1.0
39319912_sec8,systemic chemotherapy,Systemic Chemotherapy,0.9889625906944275
39319912_sec8,enucleation,Enucleation procedure,0.9675757884979248
39319912_sec8,TTT,Thrombin Time Assay,0.8162972927093506
39319912_sec8,radiotherapy,radiotherapeutic,0.9886812567710876
39319912_sec9,Rb,Retinoblastoma,0.999083399772644
39319912_sec9,retinoblastoma,Retinoblastoma,0.9841664433479309
39319912_sec9,ocular cancer,Malignant tumor of eye,0.9866119027137756
39319912_sec9,Brazil,Brazil,0.9753753542900085
39319912_sec9,epidemiological analysis,Epidemiology,0.7816120386123657
39319912_sec9,incidence rates,Incidence Rate,0.9829596877098083
39319912_sec9,childhood disease,Dystonia Musculorum Deformans,0.8483583331108093
39319912_sec9,mortality rate,Mortality Vital Statistics,0.9903459548950195
39319912_sec9,diagnosis,Diagnosis,0.9801295399665833
39319912_sec9,neoplasia,Neoplasms,0.9894291758537292
39319912_sec9,fundoscopic,Endoscopy (procedure),0.7677557468414307
39319912_sec9,histopathologic,Histopathology,0.9918935298919678
39319912_sec9,low-income countries,Country,0.985320508480072
39319912_sec9,Africa,Africa,0.9684620499610901
39319912_sec9,Asia,Asia,0.9886137843132019
41189730_sec0,Breast cancer,Malignant neoplasm of breast,0.9908878207206726
41189730_sec0,triple-negative breast cancer,Triple Negative Breast Neoplasms,0.9658952951431274
41189730_sec0,programmed cell death protein 1,"PDCD1 protein, human",0.9718239903450012
41189730_sec0,PD-1,PDCD1 gene,0.9921272993087769
41189730_sec0,PD-L1,"CD274 protein, human",0.9960317611694336
41189730_sec0,transforming growth factor-β1,Transforming Growth Factors,0.8725268840789795
41189730_sec0,OX40,TNFRSF4 gene,0.9646195769309998
41189730_sec0,polymeric nanoparticle-based cancer vaccines,Polymers,0.9848509430885315
41189730_sec0,small interfering RNA,"RNA, Small Interfering",0.9724943041801453
41189730_sec0,Toll-like receptor ligands,Toll-like receptors,0.822331964969635
41189730_sec0,dendritic cells,Dendritic Cells,0.983504056930542
41189730_sec0,tumor-associated antigens,Tumor Antigens,0.920151948928833
41189730_sec0,luminal type of mammary cancer,Malignant neoplasm of breast,0.9791209697723389
41189730_sec1,Breast cancer,Malignant neoplasm of breast,0.9908878207206726
41189730_sec1,triple-negative breast cancer,Triple Negative Breast Neoplasms,0.9658952951431274
41189730_sec1,human epidermal growth factor receptor 2,ERBB2 gene,0.9821147322654724
41189730_sec1,immune checkpoint modulators,Immune Checkpoint Modulator,0.9142723083496094
41189730_sec1,tumor-infiltrating lymphocytes,"Lymphocytes, Tumor-Infiltrating",0.9713314175605774
41189730_sec1,genomic instability,Genomic Instability,0.9874287247657776
41189730_sec1,tumor mutational burden,Neoplasms,0.990729808807373
41189730_sec1,tumor neoantigens,Neoplasms,0.990729808807373
41189730_sec1,programmed cell death-1,Apoptosis,0.8861949443817139
41189730_sec1,PD-L1,"CD274 protein, human",0.9960317611694336
41189730_sec1,monoclonal antibodies,Monoclonal Antibodies,0.9807350039482117
41189730_sec1,T-cell priming,Priming,0.9737997055053711
41189730_sec1,dendritic cells,Dendritic Cells,0.983504056930542
41189730_sec1,OX40,TNFRSF4 gene,0.9646195769309998
41189730_sec8,breast cancer,Malignant neoplasm of breast,0.9908878207206726
41189730_sec8,triple-negative breast cancer (TNBC),Triple Negative Breast Neoplasms,0.9658952951431274
41189730_sec8,luminal B-like breast cancers,Luminal region,0.9721184968948364
41189730_sec8,OX40,TNFRSF4 gene,0.9646195769309998
41189730_sec8,TGF-β1,Transforming Growth Factor beta,0.7787440419197083
41189730_sec8,DC activation,Deoxycytidine,0.9998262524604797
41189730_sec8,BN-CV301,Bn-Cv301,1.0
41189730_sec8,MUC1,MUC1 gene,0.9657650589942932
41189730_sec8,carcinoembryonic antigen,Carcinoembryonic Antigen,0.9623283743858337
41189730_sec8,B7.1,CD80 gene,0.985072135925293
41189730_sec8,ICAM-1,Intercellular adhesion molecule 1,0.9712750315666199
41189730_sec8,LFA-3,"Antigens, CD58",0.9894716739654541
41189730_sec8,BinTrafusp Alfa,Bintrafusp alfa,0.9622147679328918
41189730_sec8,SX-682,CXCR1/2 Inhibitor SX-682,0.9903345108032227
41189730_sec8,CXCR1,CXCR1 gene,0.9967610836029053
41189730_sec8,CXCR2,CXCR2 gene,0.9970276355743408
39756372_sec0,lung adenocarcinoma,Adenocarcinoma of lung (disorder),0.9894272685050964
39756372_sec0,pleural metastasis,Secondary malignant neoplasm of pleura,0.8791230320930481
39756372_sec0,main tumor resection,Tumor Resection,0.9739996790885925
39756372_sec0,pleural biopsy,Biopsy of pleura (procedure),0.9735502004623413
39756372_sec0,tyrosine kinase inhibitors,Tyrosine Kinase Inhibitors [MoA],0.9789780378341675
39756372_sec0,overall survival,Overall Survival,0.9598481059074402
39756372_sec0,locoregional progression-free survival,Progression-Free Survival,0.9534711837768555
39756372_sec0,target gene mutation,Target,0.9916039705276489
39756372_sec0,hazard ratio,Hazard Ratio,0.9534465670585632
39756372_sec1,non-small cell lung cancer,Non-Small Cell Lung Carcinoma,0.9687209129333496
39756372_sec1,pleural metastasis,Secondary malignant neoplasm of pleura,0.8791230320930481
39756372_sec1,stage IV-M1a,Phase,0.9895567297935486
39756372_sec1,pleural biopsy,Biopsy of pleura (procedure),0.9735502004623413
39756372_sec1,primary tumor resection,Tumor Resection,0.7952674031257629
39756372_sec1,localized pleural seeding,Localized,0.9746999740600586
39756372_sec1,NSCLC,Non-Small Cell Lung Carcinoma,0.9843512773513794
39756372_sec1,lung adenocarcinoma,Adenocarcinoma of lung (disorder),0.9894272685050964
39756372_sec9,lung cancer,Malignant neoplasm of lung,0.977493166923523
39756372_sec9,pleural metastasis,Secondary malignant neoplasm of pleura,0.8791230320930481
39756372_sec9,lung adenocarcinoma,Adenocarcinoma of lung (disorder),0.9894272685050964
39756372_sec9,resection group,Groups,0.9969974756240845
39756372_sec9,O&C group,Groups,0.910129964351654
39756372_sec9,clinical T category,Clinical,0.977976381778717
39756372_sec9,clinical N state,Clinical,0.977976381778717
39756372_sec10,EGFR,Epidermal Growth Factor Receptor,0.9993658065795898
39756372_sec10,ALK,ALK gene,0.9780487418174744
39756372_sec10,platinum-based chemotherapy,Platinum Antineoplastic Compound,0.9659264087677002
39756372_sec10,sublobar resection,removal technique,0.7073980569839478
39756372_sec10,lobectomy,Lobectomy,0.9846470355987549
39756372_sec10,bilobectomy,Bilobectomy,0.9824328422546387
39756372_sec10,pneumonectomy,Pneumonectomy,0.9863100647926331
39756372_sec10,neoadjuvant chemotherapy,Neoadjuvant Chemotherapy,0.9624869227409363
39756372_sec10,postoperative chemotherapy,Postoperative Period,0.9935263395309448
39756372_sec10,immunotherapy,Immunotherapy,0.9915978312492371
39756372_sec10,R0/R1 resection,removal technique,0.972225546836853
39756372_sec10,O&C group,Groups,0.910129964351654
39756372_sec10,resection group,Groups,0.9969974756240845
39756372_sec10,first-line treatment,First line treatment,0.9608235955238342
39756372_sec10,salvage treatment,Recovery - action,0.9808239340782166
39756372_sec11,EGFR,Epidermal Growth Factor Receptor,0.9993658065795898
39756372_sec11,ALK,ALK gene,0.9780487418174744
39756372_sec11,TKI,Tki,1.0
39756372_sec11,O&C group,Groups,0.910129964351654
39756372_sec11,resection group,Groups,0.9969974756240845
39756372_sec11,overall survival (OS),Oral region,0.9992519617080688
39756372_sec11,locoregional progression-free survival (PFS),Progression-Free Survival,0.9534711837768555
39756372_sec11,10-year survival,Continuance of life,0.9464038014411926
39756372_sec11,median survival,Continuance of life,0.7154140472412109
39756372_sec11,first-line therapy,First line treatment,0.838591456413269
39756372_sec11,salvage treatment,Recovery - action,0.9808239340782166
39756372_sec11,positive gene mutation,Positive,0.996591329574585
39756372_sec12,age,Age,0.9952089190483093
39756372_sec12,pleural biopsy,Biopsy of pleura (procedure),0.9735502004623413
39756372_sec12,overall survival,Overall Survival,0.9598481059074402
39756372_sec12,HR,High risk of,0.9999390244483948
39756372_sec12,95% CI,Curie,0.9871394038200378
39756372_sec13,lung adenocarcinoma,Adenocarcinoma of lung (disorder),0.9894272685050964
39756372_sec13,pleural metastasis,Secondary malignant neoplasm of pleura,0.8791230320930481
39756372_sec13,NSCLC,Non-Small Cell Lung Carcinoma,0.9843512773513794
39756372_sec13,International Association for the Study of Lung Cancer,Malignant neoplasm of lung,0.977493166923523
39756372_sec13,National Comprehensive Cancer Network,National Comprehensive Cancer Network,0.7789619565010071
39756372_sec13,surgical resection,removal technique,0.9801855087280273
39756372_sec13,exploratory thoracotomy,Exploratory thoracotomy,0.9765381813049316
39756372_sec13,cytoreductive effect,Cytoreduction Treatment,0.9836915135383606
39756372_sec13,malignant pleural effusion,"Pleural Effusion, Malignant",0.9682525992393494
39756372_sec13,primary tumor resection,Tumor Resection,0.7952674031257629
39756372_sec13,pleural biopsy,Biopsy of pleura (procedure),0.9735502004623413
39756372_sec13,Deng et al.,Deng Et Al.,1.0
39756372_sec13,Li et al.,Congenital Nonbullous Ichthyosiform Erythroderma,0.9838090538978577
41262671_sec0,Isoliquiritigenin,isoliquiritigenin,0.9808250665664673
41262671_sec0,breast cancer,Malignant neoplasm of breast,0.9908878207206726
41262671_sec0,4T1,4T1,1.0
41262671_sec0,PI3K,1-Phosphatidylinositol 3-Kinase,0.9749442934989929
41262671_sec0,Akt,Proto-Oncogene Proteins c-akt,0.9955512285232544
41262671_sec0,p-Akt,P-Akt,1.0
41262671_sec0,mTOR,"FRAP1 protein, human",0.9326973557472229
41262671_sec0,p-mTOR,P-Mtor,1.0
41262671_sec0,matrix metalloproteinase-2,Matrix Pharmaceutical Inc.,0.9788348078727722
41262671_sec0,MMP-9,Matrix Metalloproteinase 9,0.9947200417518616
41262671_sec0,N-cadherin,N-Cadherins,0.9646763205528259
41262671_sec0,Western blot,Western Blotting,0.9722473621368408
41262671_sec0,MTT assay,Colorimetric Cell Viability Assay,0.960574746131897
41262671_sec0,clonogenic assay,Colony-Forming Units Assay,0.8975971341133118
41262671_sec0,bioluminescence assay,Bioluminescence,0.8541772961616516
41262671_sec1,breast cancer,Malignant neoplasm of breast,0.9908878207206726
41262671_sec1,triple-negative breast cancer,Triple Negative Breast Neoplasms,0.9658952951431274
41262671_sec1,epidermal growth factor receptor,Epidermal Growth Factor Receptor,0.9792086482048035
41262671_sec1,BRCA gene,brca gene,0.9482733011245728
41262671_sec1,matrix metalloproteinases,Matrix Metalloproteinases,0.9769747853279114
41262671_sec1,MMP-2,Matrix Metalloproteinase 2,0.9915980696678162
41262671_sec1,MMP-9,Matrix Metalloproteinase 9,0.9947200417518616
41262671_sec1,epigallocatechin-3-gallate,epigallocatechin gallate,0.9778810143470764
41262671_sec1,ellagic acid,ellagic acid,0.9844297766685486
41262671_sec1,resveratrol,resveratrol,0.9630182981491089
41262671_sec1,formononetin,formononetin,0.9856579899787903
41262671_sec1,isoliquiritigenin,isoliquiritigenin,0.9808250665664673
41262671_sec1,anti-cancer activity,Anti-Cancer Activity,1.0
41262671_sec1,licorice roots,licorice root extract,0.9783691167831421
41262671_sec13,ISL,Icelandic language,0.9793518781661987
41262671_sec13,DOX,doxorubicin,0.9859865307807922
41262671_sec13,MDA-MB-231,MDA-MB-231 Cells,0.9391638040542603
41262671_sec13,4T1-luc,4T1-Luc,1.0
41262671_sec13,anti-breast cancer activity,Physical activity,0.9921815991401672
41262671_sec13,cytotoxicity,cytotoxicity,0.993109941482544
41262671_sec13,colony formation assay,Colony Formation Assay,1.0
41262671_sec13,MTT assay,Colorimetric Cell Viability Assay,0.960574746131897
41262671_sec13,BC cell lines,BC Original Formula,0.9994844198226929
41262671_sec13,20 μM,20 Μm,1.0
41262671_sec13,40 μM,40 Μm,1.0
41262671_sec13,5 μM,5 Μm,1.0
41262671_sec13,10 μM,10 Μm,1.0
41262671_sec14,ISL,Icelandic language,0.9793518781661987
41262671_sec14,ISL-L,Isl-L,1.0
41262671_sec14,ISL-H,Isl-H,1.0
41262671_sec14,DOX,doxorubicin,0.9859865307807922
41262671_sec14,MDA-MB-231,MDA-MB-231 Cells,0.9391638040542603
41262671_sec14,4T1,4T1,1.0
41262671_sec14,Transwell Matrigel invasion assays,Matrigel Invasion Assay,0.8981855511665344
41262671_sec14,wound healing assays,Wound Healing,0.9753589630126953
41262671_sec14,invasion,Tumor Cell Invasion,0.9435476660728455
41262671_sec14,migration,Migration,0.9396822452545166
41262671_sec14,breast cancer,Malignant neoplasm of breast,0.9908878207206726
41262671_sec15,ISL,Icelandic language,0.9793518781661987
41262671_sec15,MMP-2,Matrix Metalloproteinase 2,0.9915980696678162
41262671_sec15,MMP-9,Matrix Metalloproteinase 9,0.9947200417518616
41262671_sec15,N-cadherin,N-Cadherins,0.9646763205528259
41262671_sec15,DOX,doxorubicin,0.9859865307807922
41262671_sec15,BC cell lines,BC Original Formula,0.9994844198226929
41262671_sec15,Western blotting,Western Blotting,0.9647296667098999
41262671_sec15,anti-metastatic properties,Anti-Metastatic Properties,1.0
41262671_sec16,ISL,Icelandic language,0.9793518781661987
41262671_sec16,PI3K,1-Phosphatidylinositol 3-Kinase,0.9749442934989929
41262671_sec16,AKT,Proto-Oncogene Proteins c-akt,0.9955512285232544
41262671_sec16,mTOR,"FRAP1 protein, human",0.9326973557472229
41262671_sec16,DOX,doxorubicin,0.9859865307807922
41262671_sec16,MMP-2,Matrix Metalloproteinase 2,0.9915980696678162
41262671_sec16,MMP-9,Matrix Metalloproteinase 9,0.9947200417518616
41262671_sec16,breast cancer,Malignant neoplasm of breast,0.9908878207206726
41262671_sec16,PI3K/AKT/mTOR signaling pathway,Signal Pathways,0.9742857217788696
41262671_sec16,Western blot,Western Blotting,0.9722473621368408
41262671_sec17,ISL,Icelandic language,0.9793518781661987
41262671_sec17,DOX,doxorubicin,0.9859865307807922
41262671_sec17,4T1-luc,4T1-Luc,1.0
41262671_sec17,lung metastases,Secondary malignant neoplasm of lung,0.9804296493530273
41262671_sec17,tumor size,Tumor size,0.9738742709159851
41262671_sec17,body weight,Body Weight,0.9771904945373535
41262671_sec17,H&E staining,Staining method,0.8868618607521057
41262671_sec17,metastatic lung nodules,Metastatic to,0.9876145124435425
41262671_sec17,dose-dependent,Dose-dependent,0.9685633182525635
41262671_sec17,4T1 xenograft mice,Xenograft procedure,0.7401552796363831
41262671_sec18,ISL,Icelandic language,0.9793518781661987
41262671_sec18,MMP-2,Matrix Metalloproteinase 2,0.9915980696678162
41262671_sec18,MMP-9,Matrix Metalloproteinase 9,0.9947200417518616
41262671_sec18,N-cadherin,N-Cadherins,0.9646763205528259
41262671_sec18,DOX,doxorubicin,0.9859865307807922
41262671_sec18,4T1-luc,4T1-Luc,1.0
41262671_sec18,metastatic lung tissues,Metastatic to,0.9876145124435425
41262671_sec18,breast cancer,Malignant neoplasm of breast,0.9908878207206726
41262671_sec18,Western blotting,Western Blotting,0.9647296667098999
41262671_sec19,ISL,Icelandic language,0.9793518781661987
41262671_sec19,PI3K,1-Phosphatidylinositol 3-Kinase,0.9749442934989929
41262671_sec19,Akt,Proto-Oncogene Proteins c-akt,0.9955512285232544
41262671_sec19,p-Akt,P-Akt,1.0
41262671_sec19,mTOR,"FRAP1 protein, human",0.9326973557472229
41262671_sec19,p-mTOR,P-Mtor,1.0
41262671_sec19,MMP-2,Matrix Metalloproteinase 2,0.9915980696678162
41262671_sec19,MMP-9,Matrix Metalloproteinase 9,0.9947200417518616
41262671_sec19,4T1-luc,4T1-Luc,1.0
41262671_sec19,metastatic lung tissues,Metastatic to,0.9876145124435425
41262671_sec19,breast cancer,Malignant neoplasm of breast,0.9908878207206726
41262671_sec20,ISL,Icelandic language,0.9793518781661987
41262671_sec20,DOX,doxorubicin,0.9859865307807922
41262671_sec20,breast cancer,Malignant neoplasm of breast,0.9908878207206726
41262671_sec20,H&E staining,Staining method,0.8868618607521057
41262671_sec20,mice,House mice,0.999273419380188
41262671_sec20,organ toxicity,Organ,0.994949996471405
41262671_sec20,heart,Heart,0.9954424500465393
41262671_sec20,liver,Liver,0.9800863265991211
41262671_sec20,kidney,Kidney,0.9973283410072327
41262671_sec21,Breast Cancer,Malignant neoplasm of breast,0.9908878207206726
41262671_sec21,MDA-MB-231,MDA-MB-231 Cells,0.9391638040542603
41262671_sec21,4T1,4T1,1.0
41262671_sec21,ISL,Icelandic language,0.9793518781661987
41262671_sec21,PI3K/AKT/mTOR signaling pathway,Signal Pathways,0.9742857217788696
41262671_sec21,lung metastasis,Secondary malignant neoplasm of lung,0.9815238118171692
41262671_sec21,anti-tumorigenic effects,Anti-Tumorigenic Effects,1.0
41262671_sec21,cell cycle arrest,Cell Cycle Arrest,0.9881922006607056
41262671_sec21,apoptosis,Apoptosis,0.9858441352844238
41262671_sec21,cell proliferation inhibition,Cell Proliferation,0.9759398102760315
41262671_sec22,ISL,Icelandic language,0.9793518781661987
41262671_sec22,breast cancer,Malignant neoplasm of breast,0.9908878207206726
41262671_sec22,drug resistance,Drug resistance,0.9841829538345337
41262671_sec22,mouse model,Mouse Model,0.9892035722732544
41262671_sec22,therapeutic regimen,Therapeutic regimen,0.969139039516449
41262671_sec23,ISL,Icelandic language,0.9793518781661987
41262671_sec23,MMP-2,Matrix Metalloproteinase 2,0.9915980696678162
41262671_sec23,MMP-9,Matrix Metalloproteinase 9,0.9947200417518616
41262671_sec23,MDA-MB-231,MDA-MB-231 Cells,0.9391638040542603
41262671_sec23,4T1,4T1,1.0
41262671_sec23,PI3K/Akt pathway,Pi3K/Akt Pathway,1.0
41262671_sec23,breast cancer,Malignant neoplasm of breast,0.9908878207206726
41262671_sec23,anti-invasive agent,Anti-Invasive Agent,1.0
41262671_sec23,metastasis,Neoplasm Metastasis,0.9855697154998779
41255893_sec0,Endotracheal metastases,Endotracheal Metastases,1.0
41255893_sec0,Endobronchial metastases,Endobronchial Metastases,1.0
41255893_sec0,Pulmonary metastases,Secondary malignant neoplasm of lung,0.9842127561569214
41255893_sec0,Nonpulmonary metastases,Secondary malignant neoplasm of lung,0.8707817196846008
41255893_sec0,Tracheal metastasis,Secondary malignant neoplasm of trachea,0.8714500665664673
41255893_sec0,Lung cancer,Malignant neoplasm of lung,0.977493166923523
41255893_sec0,Bronchoscopic evaluation,bronchoscopic,0.9938100576400757
41255893_sec1,Endobronchial metastases,Endobronchial Metastases,1.0
41255893_sec1,endotracheal metastases,Endotracheal Metastases,1.0
41255893_sec1,pulmonary malignancies,Malignant Neoplasms,0.7454233765602112
41255893_sec1,breast cancer,Malignant neoplasm of breast,0.9908878207206726
41255893_sec1,colon cancer,Malignant tumor of colon,0.986194908618927
41255893_sec1,kidney cancer,Malignant neoplasm of kidney,0.9704528450965881
41255893_sec1,primary lung cancer,Primary malignant neoplasm,0.8627545833587646
41255893_sec1,EEMs,"Ectodermal dysplasia, ectrodactyly, and macular dystrophy",0.9871789813041687
41255893_sec3,tracheal tumors,Tracheal Neoplasms,0.8897653818130493
41255893_sec3,pulmonary metastases,Secondary malignant neoplasm of lung,0.9842127561569214
41255893_sec3,nonpulmonary metastases,Secondary malignant neoplasm of lung,0.8707817196846008
41255893_sec3,lung cancer,Malignant neoplasm of lung,0.977493166923523
41255893_sec3,breast cancer,Malignant neoplasm of breast,0.9908878207206726
41255893_sec3,colon cancer,Malignant tumor of colon,0.986194908618927
41255893_sec3,kidney cancer,Malignant neoplasm of kidney,0.9704528450965881
41255893_sec3,EEM,Eem,1.0
41255893_sec3,bronchoscopy,Bronchoscopy,0.9959232807159424
41255893_sec3,Kirsten Rat Sarcoma Viral Oncogene Homolog,Rat Sarcoma,0.9907432198524475
41255893_sec3,Epidermal Growth Factor Receptor,Epidermal Growth Factor Receptor,0.9792086482048035
41255893_sec3,genetic sequencing,Nucleic acid sequencing,0.8417417407035828
41255893_sec3,chest X-rays,Mass Chest X-Ray,0.8884096145629883
41255893_sec3,chest CT scans,Chest CT,0.992905855178833
41255893_sec3,mucoid pseudotumor,Molluscoid pseudotumors,0.7493281364440918
41255893_sec4,lung cancer,Malignant neoplasm of lung,0.977493166923523
41255893_sec4,tracheal metastases,Neoplasm Metastasis,0.7621026635169983
41255893_sec4,bronchoscopy,Bronchoscopy,0.9959232807159424
41255893_sec4,EEMs,"Ectodermal dysplasia, ectrodactyly, and macular dystrophy",0.9871789813041687
41255902_sec0,Squamous cell carcinoma,Squamous cell carcinoma,0.9735848307609558
41255902_sec0,cervical cancer,Malignant tumor of cervix,0.9855507016181946
41255902_sec0,gastric perforation,Perforation of stomach,0.9674827456474304
41255902_sec0,subtotal gastrectomy,Subtotal gastrectomy,0.9534773826599121
41255902_sec0,high-grade malignancy,High Grade Cervical Squamous Intraepithelial Neoplasia,0.892745852470398
41255902_sec0,metastatic uterine cervical SqCC,Metastatic Carcinoma to the Uterine Cervix,0.782107412815094
41255902_sec0,emergency laparotomy,Emergency Laparotomy,1.0
41255902_sec0,postoperative therapy,Surgical aspects,0.8390858769416809
41255902_sec1,Squamous cell carcinoma,Squamous cell carcinoma,0.9735848307609558
41255902_sec1,cervical carcinoma,Cervix carcinoma,0.985162615776062
41255902_sec1,cervical cancer,Malignant tumor of cervix,0.9855507016181946
41255902_sec1,grade IB,Immunoblotting,0.9983566999435425
41255902_sec1,grade IIB,Clavien-Dindo Grade IIIb,0.9072523713111877
41255902_sec1,magnetic resonance imaging,Magnetic Resonance Imaging,0.9820992350578308
41255902_sec1,computed tomography,X-Ray Computed Tomography,0.984857976436615
41255902_sec1,positron emission tomography,Positron-Emission Tomography,0.9793938398361206
41255902_sec1,lymphonodal invasion,Lymphonodal Invasion,1.0
41255902_sec1,hematogenous metastases,Hematogenous Metastases,1.0
41255902_sec1,lungs,Lung,0.9962925314903259
41255902_sec1,bones,Skeletal bone,0.9903292655944824
41255902_sec1,gastric lesions,Stomach,0.7007652521133423
41255902_sec3,gastric metastasis,Gastroparesis,0.857528805732727
41255902_sec3,squamous cell carcinoma,Squamous cell carcinoma,0.9735848307609558
41255902_sec3,lung adenocarcinoma,Adenocarcinoma of lung (disorder),0.9894272685050964
41255902_sec3,melanomas,melanoma,0.9907978177070618
41255902_sec3,cervical cancer,Malignant tumor of cervix,0.9855507016181946
41255902_sec3,subtotal gastrectomy,Subtotal gastrectomy,0.9534773826599121
41255902_sec3,D2 lymphadenectomy,Lymph node excision,0.926411509513855
41255902_sec3,radiotherapy,radiotherapeutic,0.9886812567710876
41255902_sec3,Paclitaxel,paclitaxel,0.9746240973472595
41255902_sec3,Carboplatin,carboplatin,0.9618807435035706
41255902_sec4,cervical SqCC,Neck,0.7984699010848999
41255902_sec4,gastric perforation,Perforation of stomach,0.9674827456474304
41255902_sec4,metastatic disease,Neoplasm Metastasis,0.9865754246711731
41255902_sec4,gastric metastasis,Gastroparesis,0.857528805732727
41255902_sec4,radical treatment,Therapeutic radiology procedure,0.7429907321929932
41255902_sec4,post-operative oncological care,Postoperative Period,0.9379377365112305
39633221_sec0,Persistent pulmonary hypertension of the newborn,Persistent,0.981314480304718
39633221_sec0,lncRNA H19,Long Intergenic Non-Protein Coding RNA,0.7861892580986023
39633221_sec0,mouse pulmonary artery endothelial cells,House mice,0.9897943139076233
39633221_sec0,hypoxia,Hypoxia,0.9775631427764893
39633221_sec0,adenoviruses,Adenoviruses,0.9880386590957642
39633221_sec0,HIF-1α,Hypoxia-Inducible Factor 1,0.9195632934570312
39633221_sec0,vascular endothelial growth factor,Vascular Endothelial Growth Factor A,0.979387640953064
39633221_sec0,miRNA-20a-5p,Mirna-20A-5P,1.0
39633221_sec1,Persistent pulmonary hypertension of the newborn,Persistent,0.981314480304718
39633221_sec1,PPHN,Pphn,1.0
39633221_sec1,hypoxemia,Hypoxemia,0.9602444171905518
39633221_sec1,chronic hypoxia,chronic,0.70140540599823
39633221_sec1,hypoxia-inducible factor-1α,Hypoxia-Inducible Factor 1,0.9513174295425415
39633221_sec1,HIF-1α,Hypoxia-Inducible Factor 1,0.9195632934570312
39633221_sec1,vascular endothelial growth factor,Vascular Endothelial Growth Factor A,0.979387640953064
39633221_sec1,VEGF,Vascular Endothelial Growth Factor A,0.9747825264930725
39633221_sec1,pulmonary vasculature,Vasculature of lung,0.9865187406539917
39633221_sec1,endothelial cell differentiation,Endothelial Cells,0.9836161136627197
39633221_sec1,angiogenesis,Angiogenic Process,0.9810025095939636
39633221_sec1,vascular maintenance,Blood Vessel,0.9888632297515869
39633221_sec12,MPAECs,Mpaecs,1.0
39633221_sec12,HIF-1α,Hypoxia-Inducible Factor 1,0.9195632934570312
39633221_sec12,VEGF,Vascular Endothelial Growth Factor A,0.9747825264930725
39633221_sec12,lncRNA H19,Long Intergenic Non-Protein Coding RNA,0.7861892580986023
39633221_sec12,pulmonary hypertension,Pulmonary Hypertension,0.982732892036438
39633221_sec12,hypoxia,Hypoxia,0.9775631427764893
39633221_sec12,angiogenesis,Angiogenic Process,0.9810025095939636
39633221_sec13,lncRNA H19,Long Intergenic Non-Protein Coding RNA,0.7861892580986023
39633221_sec13,HIF-1α,Hypoxia-Inducible Factor 1,0.9195632934570312
39633221_sec13,VEGF,Vascular Endothelial Growth Factor A,0.9747825264930725
39633221_sec13,hypoxia-induced pulmonary hypertension,Pulmonary Hypertension,0.7843596339225769
39633221_sec13,HIF-1α/VEGF signaling pathway,Signal Transduction,0.7955009341239929
39633221_sec14,lncRNA H19,Long Intergenic Non-Protein Coding RNA,0.7861892580986023
39633221_sec14,MPAECs,Mpaecs,1.0
39633221_sec14,transwell assay,Transwell Assay,1.0
39633221_sec14,CCK8 assay,Biological Assay,0.9868606328964233
39633221_sec15,lncRNA H19,Long Intergenic Non-Protein Coding RNA,0.7861892580986023
39633221_sec15,MPAECs,Mpaecs,1.0
39633221_sec15,shRNA,Short Hairpin RNA,0.9455734491348267
39633221_sec15,apoptosis,Apoptosis,0.9858441352844238
39633221_sec15,cell cycle,Cell Cycle,0.9905704259872437
39633221_sec15,G1 phase,G1 Phase,0.9463846683502197
39633221_sec15,S phase,S Phase,0.9712175726890564
39633221_sec15,G2 phase,G2 Phase,0.9386500120162964
39633221_sec15,M phase,Phase,0.979221761226654
39633221_sec15,endothelial cells,Endothelial Cells,0.9809454679489136
39633221_sec15,(G2 + S)/(G1 + G2 + S) ratio,Moderately differentiated (qualifier value),0.9998846054077148
39633221_sec16,lncRNA H19,Long Intergenic Non-Protein Coding RNA,0.7861892580986023
39633221_sec16,miR-20a-5p,Mir-20A-5P,1.0
39633221_sec16,MPAECs,Mpaecs,1.0
39633221_sec16,HIF-1α,Hypoxia-Inducible Factor 1,0.9195632934570312
39633221_sec16,siRNA,"RNA, Small Interfering",0.9669419527053833
39633221_sec17,miR-20a-5p,Mir-20A-5P,1.0
39633221_sec17,lncRNA H19,Long Intergenic Non-Protein Coding RNA,0.7861892580986023
39633221_sec17,shRNA-LncRNA H19,Shrna-Lncrna H19,1.0
39633221_sec17,siRNA-miR-20a-5p,Sirna-Mir-20A-5P,1.0
39633221_sec17,MPAECs,Mpaecs,1.0
39633221_sec18,PPHN,Pphn,1.0
39633221_sec18,pulmonary hypertension,Pulmonary Hypertension,0.982732892036438
39633221_sec18,inhaled NO,nitric oxide,0.9941419959068298
39633221_sec18,vasodilators,Vasodilator Agents,0.9895860552787781
39633221_sec18,hypoxia,Hypoxia,0.9775631427764893
39633221_sec18,lung endothelial cell dysfunction,Lung Endothelial Cell Dysfunction,1.0
39633221_sec18,3% O2,oxygen,0.997958779335022
39633221_sec18,endothelial cells,Endothelial Cells,0.9809454679489136
39633221_sec18,vascular remodeling,Vascular Remodeling,0.9844430685043335
41169943_sec0,Tubiechong gel plaster,Tubiechong Gel Plaster,1.0
41169943_sec0,rat skin,Rattus norvegicus,0.9982803463935852
41169943_sec0,human umbilical vein endothelial cells,Human Umbilical Vein Endothelial Cells,0.9714614748954773
41169943_sec0,Franz diffusion cell method,Franz Diffusion Cell Method,1.0
41169943_sec0,modified Einhorn method,Modified Einhorn Method,1.0
41169943_sec0,rat tibia fractures,Rattus norvegicus,0.9982803463935852
41169943_sec0,radiography,roentgenographic,0.9943551421165466
41169943_sec0,Safranin O Fast Green staining,Safranin O Fast Green Staining,1.0
41169943_sec0,CD31 immunohistochemistry,Immunohistochemistry,0.9038395285606384
41169943_sec0,serum bone metabolites,Metabolite,0.7326449751853943
41169943_sec0,VEGF,Vascular Endothelial Growth Factor A,0.9747825264930725
41169943_sec0,ELISA,Enzyme-Linked Immunosorbent Assay,0.994801938533783
41169943_sec0,azone,Azone,0.962721049785614
41169943_sec0,angiogenesis,Angiogenic Process,0.9810025095939636
41169943_sec0,bone growth,Bone Growth,0.9704302549362183
41169943_sec2,transdermal drug delivery systems,Transdermal Route of Drug Administration,0.951257586479187
41169943_sec2,scopolamine transdermal patch,scopolamine,0.9880632162094116
41169943_sec2,traditional Chinese medicine,chinese medicine,0.9874186515808105
41169943_sec2,Tubiechong,Tubiechong,1.0
41169943_sec2,Steleophaga plancyior,Steleophaga Plancyior,1.0
41169943_sec2,Eupolyphaga sinensis,Eupolyphaga sinensis,0.9786384701728821
41169943_sec2,Shen Nong Ben Cao Jing,Shen Nong Ben Cao Jing,1.0
41169943_sec2,Chinese Pharmacopoeia,Pharmacopoeias,0.7743566632270813
41169943_sec2,trauma,Wounds and Injuries,0.9664932489395142
41169943_sec2,dermatology,Dermatology field,0.9936166405677795
41169943_sec2,gynecology,Gynecology,0.9833754301071167
41169943_sec2,pediatrics,Pediatrics,0.9775873422622681
41169943_sec2,visceral diseases,Virus Diseases,0.7261275053024292
41169943_sec27,azone,Azone,0.962721049785614
41169943_sec27,HUVECs,Huvecs,1.0
41169943_sec27,Franz diffusion cell method,Franz Diffusion Cell Method,1.0
41169943_sec27,TGP,TGM4 gene,0.9928550124168396
41169943_sec27,Ritger-Peppas equation,Ritger-Peppas Equation,1.0
41169943_sec27,rat abdominal skin,Rattus norvegicus,0.9982803463935852
41169943_sec27,2% azone,Azone,0.962721049785614
41169943_sec27,5% azone,Azone,0.962721049785614
41169943_sec27,cell proliferation promotion rate,Cell Proliferation,0.9759398102760315
41169943_sec27,4.75 times,4.75 Times,1.0
41169943_sec27,0.89,0.89,1.0
41169943_sec30,TGP,TGM4 gene,0.9928550124168396
41169943_sec30,TH group,thallium,0.9999848008155823
41169943_sec30,PC group,CP protocol,0.9988806843757629
41169943_sec30,TL group,testolactone,0.9998262524604797
41169943_sec30,TM group,"Female-to-Male Transsexual, Self-Report",0.9976832270622253
41169943_sec30,NC group,Groups,0.9969974756240845
41169943_sec30,callus formation,Callus formation,0.9803504347801208
41169943_sec30,fracture healing,Fracture Healing,0.989888608455658
41169943_sec30,bone cortex,Compact bone,0.9725683331489563
41169943_sec30,diaphysis,Diaphyses,0.9838245511054993
41169943_sec30,medullary cavity,Medullary cavity of bone,0.9822931289672852
41169943_sec30,callus fillings,Callus Fillings,1.0
41169943_sec30,fracture recovery effect,Fracture,0.9908431768417358
41169943_sec30,callus at the fracture site,Site of fracture,0.9910350441932678
41169943_sec31,BALP,"Alkaline phosphatase isoenzyme, bone fraction",0.9770649671554565
41169943_sec31,CTX-I,"C-Terminal Telopeptide Type 1 Collagen, human",0.986458957195282
41169943_sec31,CTX,cyclophosphamide,0.9866741895675659
41169943_sec31,OC,BGLAP gene,0.9892756342887878
41169943_sec31,Tubiechong,Tubiechong,1.0
41169943_sec31,TGP,TGM4 gene,0.9928550124168396
41169943_sec31,fracture healing,Fracture Healing,0.989888608455658
41169943_sec31,osteogenic differentiation,Cell Differentiation process,0.7469564080238342
41169943_sec31,bone resorption,Bone Resorption,0.9499541521072388
41169943_sec31,osteoblasts,Osteoblasts,0.981478214263916
41169943_sec31,bone metabolism,bone metabolism,0.9864481091499329
41169943_sec31,model group,Groups,0.9969974756240845
41169943_sec31,unfractured group,Groups,0.9969974756240845
41169943_sec31,positive group,Positive,0.7817904949188232
41169943_sec31,BC group,BC Original Formula,0.9994844198226929
41169943_sec32,TGP,TGM4 gene,0.9928550124168396
41169943_sec32,Tubiechong,Tubiechong,1.0
41169943_sec32,chondrocytes,Chondrocyte,0.9886374473571777
41169943_sec32,fibrous callus,Fibrous Callus,1.0
41169943_sec32,cartilaginous callus,Cartilage,0.8136721253395081
41169943_sec32,trabecular bone,Cancellous Bone,0.9724273085594177
41169943_sec32,endochondral ossification,Endochondral Ossification,0.9743571877479553
41169943_sec32,woven bone,Immature Bone,0.9240719676017761
41169943_sec32,lamellar bone,Lamellar bone,0.9883346557617188
41169943_sec32,Image J software,Imaging Software Name,0.8396623730659485
41169943_sec32,p < 0.01,P < 0.01,1.0
41169943_sec33,CD31,CD31 Antigens,0.9847790002822876
41169943_sec33,H-type blood vessels,Blood Vessel,0.812974214553833
41169943_sec33,Tubiechong,Tubiechong,1.0
41169943_sec33,TGP,TGM4 gene,0.9928550124168396
41169943_sec33,tibia fractures,Tibial Fractures,0.9081010818481445
41169943_sec33,angiogenesis,Angiogenic Process,0.9810025095939636
41169943_sec33,osteogenesis,Osteogenesis,0.9697912931442261
41169943_sec33,macrovascular fusion,Macrovascular Fusion,1.0
41169943_sec33,immunohistochemical staining,Immunohistochemistry,0.7749336957931519
41169943_sec33,postoperative treatment,Postoperative Period,0.9935263395309448
41169943_sec33,rats,Rattus norvegicus,0.9638030529022217
41169943_sec34,Tubiechong gel plaster,Tubiechong Gel Plaster,1.0
41169943_sec34,azone,Azone,0.962721049785614
41169943_sec34,HUVECs,Huvecs,1.0
41169943_sec34,levamisole hydrochloride,levamisole,0.9596551656723022
41169943_sec34,ketoprofen,ketoprofen,0.9767546057701111
41169943_sec34,dimethyl fumarate,dimethyl fumarate,0.9793450236320496
41169943_sec34,5-fluorouracil,fluorouracil,0.9853107333183289
41169943_sec34,tartaric acid,tartaric acid,0.9895467162132263
41169943_sec34,aluminum glycinate,Aluminum glycinate,0.9841892719268799
41169943_sec34,kaolin,kaolin,0.9280497431755066
41169943_sec34,glycerin,glycerin,0.9812450408935547
41169943_sec34,NP-700,Np-700,1.0
41103331_sec0,precision oncology,Neoplasms,0.9954135417938232
41103331_sec0,Delphi method,Delphi Technique,0.9708165526390076
41103331_sec0,discrete choice experiment,Discrete Choice Study,0.9673706293106079
41103331_sec0,treatment access,therapeutic aspects,0.9703524708747864
41103331_sec0,out-of-pocket expenditures,"Expenditures, Out-of-Pocket",0.9542381167411804
41103331_sec0,life expectancy,Life Expectancy,0.9748725891113281
41103331_sec0,quality of life,Quality of life,0.9732733964920044
41103331_sec0,patient preferences,Patients,0.9829968214035034
41103331_sec0,Iranian experts,Iranian (ethnic group),0.9887439608573914
41103331_sec1,cancer,Malignant Neoplasms,0.9914878010749817
41103331_sec1,human epidermal growth factor receptor 2-positive breast cancer,EGFR Positive,0.7952070236206055
41103331_sec1,trastuzumab,trastuzumab,0.9565524458885193
41103331_sec1,precision medicine,Precision Medicine,0.9837225079536438
41103331_sec1,oncology,Neoplasms,0.9954135417938232
41103331_sec10,precision oncology,Neoplasms,0.9954135417938232
41103331_sec10,DCE instrument,Instrument - device,0.9734677076339722
41103331_sec10,WTP estimates,Estimated,0.9890454411506653
41103331_sec10,cancer,Malignant Neoplasms,0.9914878010749817
41103331_sec10,healthcare services,Healthcare services,0.9644179344177246
41103331_sec10,QoL,Perceived quality of life,0.9461483359336853
41103331_sec10,life expectations,Life,0.9778754115104675
41103331_sec10,Iran,Iran,0.9836713075637817
41103331_sec11,precision oncology,Neoplasms,0.9954135417938232
41103331_sec11,chronic diseases,Chronic disease,0.9873941540718079
41103331_sec11,DCE method,Methods,0.9844424724578857
41103331_sec11,patient preferences,Patients,0.9829968214035034
41103331_sec11,access to treatment,therapeutic aspects,0.9703524708747864
41103331_sec11,OOP payments,payment,0.7936950922012329
41103331_sec11,QoL,Perceived quality of life,0.9461483359336853
41103331_sec11,LE,Lewis Blood-Group System,0.9998627305030823
35156633_sec0,ankylosing spondylitis,Ankylosing spondylitis,0.9541828036308289
35156633_sec0,infliximab,infliximab,0.9700607657432556
35156633_sec0,myeloid neoplasm,Myeloid neoplasm,0.9854893088340759
35156633_sec0,Platelet-Derived Growth Factor Receptor Beta,Platelet-Derived Growth Factor beta Receptor,0.9694303870201111
35156633_sec0,tyrosine kinase inhibitor,Protein-tyrosine kinase inhibitor,0.9771058559417725
35156633_sec0,imatinib,imatinib,0.975290060043335
35156633_sec0,bDMARDs,"Antirheumatic Drugs, Disease-Modifying",0.7351848483085632
35156633_sec0,hematologic malignancy,Hematology (discipline),0.9901372790336609
35156633_sec1,bDMARDs,"Antirheumatic Drugs, Disease-Modifying",0.7351848483085632
35156633_sec1,tumor necrosis factor inhibitors,Tumor Necrosis Factor Inhibitors,0.981056809425354
35156633_sec1,hematological malignancy,Hematologic Neoplasms,0.9845833778381348
35156633_sec1,ankylosing spondylitis,Ankylosing spondylitis,0.9541828036308289
35156633_sec1,infliximab,infliximab,0.9700607657432556
35156633_sec1,myeloid neoplasm,Myeloid neoplasm,0.9854893088340759
35156633_sec1,Platelet-Derived Growth Factor Receptor Beta,Platelet-Derived Growth Factor beta Receptor,0.9694303870201111
35156633_sec1,imatinib,imatinib,0.975290060043335
35156633_sec3,hematologic malignancy,Hematology (discipline),0.9901372790336609
35156633_sec3,autoimmune diseases,Autoimmune Diseases,0.9742373824119568
35156633_sec3,rheumatoid arthritis,Rheumatoid Arthritis,0.9790905117988586
35156633_sec3,lymphoma,Lymphoma,0.9951958656311035
35156633_sec3,ankylosing spondylitis,Ankylosing spondylitis,0.9541828036308289
35156633_sec3,solid cancers,Malignant Neoplasms,0.758086621761322
35156633_sec3,chronic myeloid leukemia,"Myeloid Leukemia, Chronic",0.9767453670501709
35156633_sec3,leukemic stem cells,Leukemic Hematopoietic Stem Cell,0.8851479291915894
35156633_sec3,TKI therapy,therapeutic aspects,0.8232632875442505
35156633_sec3,TNF-alpha,TNF gene,0.9689271450042725
35156633_sec3,cytokines,cytokine,0.9684038758277893
35156633_sec3,bDMARD,Bdmard,1.0
35156633_sec3,myeloid neoplasm,Myeloid neoplasm,0.9854893088340759
39375945_sec0,anlotinib,anlotinib,0.950687825679779
39375945_sec0,osimertinib,osimertinib,0.9842056632041931
39375945_sec0,non-small cell lung cancer,Non-Small Cell Lung Carcinoma,0.9687209129333496
39375945_sec0,epithelial-mesenchymal transition,Transition Mutation,0.9811904430389404
39375945_sec0,angiogenesis,Angiogenic Process,0.9810025095939636
39375945_sec0,VEGFA,VEGFA gene,0.9720672369003296
39375945_sec0,E-cadherin,E-Cadherin,0.9557512402534485
39375945_sec0,vimentin,Vimentin,0.9334884881973267
39375945_sec0,Osi-R cells,Osi-R Cells,1.0
39375945_sec0,immunohistochemical analyses,Immunohistochemistry,0.7587431073188782
39375945_sec0,combination therapy,Combined Modality Therapy,0.9695903658866882
39375945_sec0,nude mice,"Mice, Nude",0.9616715312004089
39375945_sec1,Non-small cell lung cancer,Non-Small Cell Lung Carcinoma,0.9687209129333496
39375945_sec1,EGFR mutations,Epidermal Growth Factor Receptor,0.9993658065795898
39375945_sec1,ALK fusions,Fusion procedure,0.8230571746826172
39375945_sec1,KRAS mutations,Mutation,0.9732257723808289
39375945_sec1,MET amplification,c-MET Gene Amplification,0.9746251702308655
39375945_sec1,ROS1 fusions,ROS1 gene,0.9658681154251099
39375945_sec1,NTRK translocations,Chromosomal translocation,0.9616804718971252
39375945_sec1,RET mutations,"RET protein, human",0.9841868877410889
39375945_sec1,osimertinib,osimertinib,0.9842056632041931
39375945_sec1,C797X mutation,C797X Mutation,1.0
39375945_sec1,epithelial-mesenchymal transition,Transition Mutation,0.9811904430389404
39375945_sec1,EGFR tyrosine kinase inhibitor,Epidermal growth factor receptor inhibitor,0.9655181765556335
39375945_sec1,drug resistance,Drug resistance,0.9841829538345337
39375945_sec1,tumor progression,Tumor Progression,0.9755368828773499
39375945_sec1,combination therapies,Combined Modality Therapy,0.963083803653717
39375945_sec19,osimertinib,osimertinib,0.9842056632041931
39375945_sec19,gefitinib,gefitinib,0.9613086581230164
39375945_sec19,EGFR -19del mutation,Epidermal Growth Factor Receptor,0.9993658065795898
39375945_sec19,EGFR T790M mutation,EGFR NP_005219.2:p.T790M,0.9888820052146912
39375945_sec19,anlotinib,anlotinib,0.950687825679779
39375945_sec19,lung cancer,Malignant neoplasm of lung,0.977493166923523
39375945_sec19,E-cadherin,E-Cadherin,0.9557512402534485
39375945_sec19,vimentin,Vimentin,0.9334884881973267
39375945_sec19,VEGFA,VEGFA gene,0.9720672369003296
39375945_sec19,computed tomography,X-Ray Computed Tomography,0.984857976436615
39375945_sec19,EMT,Emergency Medical Technicians,0.9849562048912048
39375945_sec20,osimertinib,osimertinib,0.9842056632041931
39375945_sec20,PC9,Pericardium acupuncture point PC9,0.9901096820831299
39375945_sec20,HCC827,Hcc827,1.0
39375945_sec20,PC9-OR,Pc9-Or,1.0
39375945_sec20,HCC827-OR,Hcc827-Or,1.0
39375945_sec20,IC50,Inhibitory Concentration 50,0.9730384945869446
39375945_sec20,200 nmol/L,200 Nmol/L,1.0
39375945_sec20,48-h MTT assay,Colorimetric Cell Viability Assay,0.960574746131897
39375945_sec20,EMT phenotypes,Phenotype,0.9861142635345459
39375945_sec20,filopodia,Filopodia,0.9863737225532532
39375945_sec20,mesenchymalization,Mesenchymalization,1.0
39375945_sec20,colony formation,Anabolism,0.9776552319526672
39375945_sec21,EGFR,Epidermal Growth Factor Receptor,0.9993658065795898
39375945_sec21,Osi-R,Osi-R,1.0
39375945_sec21,PC9-OR,Pc9-Or,1.0
39375945_sec21,HCC827-OR,Hcc827-Or,1.0
39375945_sec21,E-cadherin,E-Cadherin,0.9557512402534485
39375945_sec21,vimentin,Vimentin,0.9334884881973267
39375945_sec21,N-cadherin,N-Cadherins,0.9646763205528259
39375945_sec21,Western blotting,Western Blotting,0.9647296667098999
39375945_sec21,EMT,Emergency Medical Technicians,0.9849562048912048
39375945_sec21,osimertinib,osimertinib,0.9842056632041931
39375945_sec22,anlotinib,anlotinib,0.950687825679779
39375945_sec22,osimertinib,osimertinib,0.9842056632041931
39375945_sec22,PC9-OR,Pc9-Or,1.0
39375945_sec22,HCC827-OR,Hcc827-Or,1.0
39375945_sec22,IC 50,Ic 50,1.0
39375945_sec22,Osi-R,Osi-R,1.0
39375945_sec22,MTT assay,Colorimetric Cell Viability Assay,0.960574746131897
39375945_sec22,colony formation,Anabolism,0.9776552319526672
39375945_sec22,Combenefit,Benefit,0.7196716070175171
39375945_sec23,osimertinib,osimertinib,0.9842056632041931
39375945_sec23,anlotinib,anlotinib,0.950687825679779
39375945_sec23,PC9-OR,Pc9-Or,1.0
39375945_sec23,HCC827-OR,Hcc827-Or,1.0
39375945_sec23,E-cadherin,E-Cadherin,0.9557512402534485
39375945_sec23,vimentin,Vimentin,0.9334884881973267
39375945_sec23,N-cadherin,N-Cadherins,0.9646763205528259
39375945_sec23,VEGFA,VEGFA gene,0.9720672369003296
39375945_sec23,non-small cell lung cancer,Non-Small Cell Lung Carcinoma,0.9687209129333496
39375945_sec23,anti-angiogenesis,antiangiogenesis therapy,0.9591882228851318
39375945_sec23,wound-healing assay,Wound-Healing Assay,1.0
39375945_sec23,Transwell assay,Transwell Assay,1.0
39375945_sec23,Western blotting,Western Blotting,0.9647296667098999
39375945_sec23,ELISA,Enzyme-Linked Immunosorbent Assay,0.994801938533783
39375945_sec23,qRT-PCR,Reverse Transcriptase Polymerase Chain Reaction,0.8326590657234192
39375945_sec24,osimertinib,osimertinib,0.9842056632041931
39375945_sec24,anlotinib,anlotinib,0.950687825679779
39375945_sec24,NSCLC,Non-Small Cell Lung Carcinoma,0.9843512773513794
39375945_sec24,Osi-R,Osi-R,1.0
39375945_sec24,E-cadherin,E-Cadherin,0.9557512402534485
39375945_sec24,N-cadherin,N-Cadherins,0.9646763205528259
39375945_sec24,vimentin,Vimentin,0.9334884881973267
39375945_sec24,VEGFA,VEGFA gene,0.9720672369003296
39375945_sec24,tumor apoptosis,Neoplasms,0.990729808807373
39375945_sec24,xenograft,Xenograft procedure,0.9868737459182739
39375945_sec24,EMT,Emergency Medical Technicians,0.9849562048912048
39375945_sec24,angiogenesis,Angiogenic Process,0.9810025095939636
39375945_sec25,EGFR,Epidermal Growth Factor Receptor,0.9993658065795898
39375945_sec25,NSCLC,Non-Small Cell Lung Carcinoma,0.9843512773513794
39375945_sec25,PI3K/AKT,Pi3K/Akt,1.0
39375945_sec25,MAPK/ERK,MAP2K1 gene,0.8728581666946411
39375945_sec25,gefitinib,gefitinib,0.9613086581230164
39375945_sec25,erlotinib,erlotinib,0.9764536023139954
39375945_sec25,T790M mutation,EGFR NP_005219.2:p.T790M,0.9938950538635254
39375945_sec25,osimertinib,osimertinib,0.9842056632041931
39375945_sec25,mOS,Primary Myelofibrosis,0.9918264150619507
39375945_sec25,mPFS,Mpfs,1.0
39375945_sec25,FLAURA study,Clinical Research,0.9773595929145813
39375945_sec25,EGFR-TKIs,Egfr-Tkis,1.0
39375945_sec25,ADAURA clinical study,Clinical Research,0.9645563364028931
39375945_sec25,EGFR mutations,Epidermal Growth Factor Receptor,0.9993658065795898
39390833_sec0,hepatocellular carcinoma,Liver carcinoma,0.9887154698371887
39390833_sec0,squamous carcinoma of the tongue,Tongue,0.9851449728012085
39390833_sec0,α-FP,Α-Fp,1.0
39390833_sec0,sorafenib,sorafenib,0.9775627255439758
39390833_sec0,adrenal metastasis,Secondary malignant neoplasm of kidney,0.8858410716056824
39390833_sec0,alcoholic cirrhosis,"Liver Cirrhosis, Alcoholic",0.977724552154541
39390833_sec0,laparotomic left adrenalectomy,Laparotomic Left Adrenalectomy,1.0
39390833_sec0,poorly differentiated G3 HCC,altretamine/cisplatin/cyclophosphamide protocol,0.9858471751213074
39390833_sec0,locoregional inter-aortocaval lymphadenopathy,regional,0.7091540098190308
39390833_sec0,HBV,Hepatitis B,0.9925458431243896
39390833_sec0,HCV,Hepatitis C,0.9888982772827148
39390833_sec2,adrenal carcinoma,Adrenocortical carcinoma,0.9795802235603333
39390833_sec2,lung cancer,Malignant neoplasm of lung,0.977493166923523
39390833_sec2,kidney cancer,Malignant neoplasm of kidney,0.9704528450965881
39390833_sec2,hepatocellular carcinoma,Liver carcinoma,0.9887154698371887
39390833_sec2,melanoma,melanoma,0.9899237751960754
39390833_sec2,adrenalectomy,Adrenalectomy,0.9879361391067505
39390833_sec2,adrenocortical carcinoma,Adrenocortical carcinoma,0.9820172786712646
39390833_sec2,squamous carcinoma of the tongue,Tongue,0.9851449728012085
39390833_sec3,Hepatocellular carcinoma,Liver carcinoma,0.9887154698371887
39390833_sec3,adrenal metastatic lesion,Metastatic to,0.7574658393859863
39390833_sec3,squamous carcinoma of the tongue,Tongue,0.9851449728012085
39390833_sec5,Hepatocellular carcinoma,Liver carcinoma,0.9887154698371887
39390833_sec5,HCC,altretamine/cisplatin/cyclophosphamide protocol,0.9858471751213074
39390833_sec5,adrenal metastasis,Secondary malignant neoplasm of kidney,0.8858410716056824
39390833_sec5,hematogenic spread,Spreading (qualifier value),0.9627701044082642
39390833_sec5,liver transplantation,Transplantation of liver,0.9772590398788452
39390833_sec5,surgery,Surgery specialty,0.9868206977844238
39390833_sec5,minimally invasive procedures,Minimally Invasive Surgical Procedures,0.8981848359107971
39390833_sec5,embolization techniques,"Embolization, Therapeutic",0.7063051462173462
39390833_sec5,ablative techniques,Ablation Techniques,0.8642598986625671
39390833_sec5,advanced HCC stages,altretamine/cisplatin/cyclophosphamide protocol,0.9858471751213074
39390833_sec6,adrenocortical carcinoma (ACC),Adrenocortical carcinoma,0.9820172786712646
39390833_sec6,hepatocellular carcinoma (HCC),Liver carcinoma,0.9887154698371887
39390833_sec6,serum alpha-fetoprotein (αFP),alpha-Fetoproteins,0.7981909513473511
39390833_sec6,malignant neoplasm,Malignant Neoplasms,0.9891202449798584
39390833_sec6,adrenal mass,Adrenal mass,0.9759930372238159
39390833_sec6,metastatic lesion,Metastatic Lesion,0.983140766620636
39390833_sec6,synchronous occult cancer,Synchronous Occult Cancer,1.0
38570403_sec0,colorectal cancer,Colorectal Carcinoma,0.9869279861450195
38570403_sec0,breast cancer,Malignant neoplasm of breast,0.9908878207206726
38570403_sec0,prostate cancer,Malignant neoplasm of prostate,0.9910537004470825
38570403_sec0,haematological cancers,Hematological Disease,0.7388768792152405
38570403_sec0,exercise trials,Exercise,0.9731677770614624
38570403_sec0,retention strategies,Retention (Psychology),0.972139835357666
38570403_sec0,wait-list control groups,Control Groups,0.972044825553894
38570403_sec0,regular check-ins,Regular Check-Ins,1.0
38570403_sec0,free exercise equipment,Exercise,0.7945882081985474
38570403_sec0,systematic review,Systematic Review,0.9716696739196777
38570403_sec0,CINAHL,Cinahl,1.0
38570403_sec0,MEDLINE OVID,MEDLINE,0.7346938848495483
38570403_sec0,EMBASE RCTs,Embase Rcts,1.0
38570403_sec0,Web of Science,Science,0.7569769620895386
38570403_sec0,Cochrane Central Register of Controlled Trials,Cochrane Central Register Of Controlled Trials,1.0
38570403_sec1,exercise prescription,Exercise,0.9731677770614624
38570403_sec1,aerobic exercise,Aerobic,0.981050968170166
38570403_sec1,resistance exercise training,Resistance (Psychotherapeutic),0.995758056640625
38570403_sec1,anxiety,Anxiety,0.9637579321861267
38570403_sec1,depression,Mental Depression,0.9696047902107239
38570403_sec1,cancer-related fatigue,Cancer-related fatigue,0.964266836643219
38570403_sec1,quality-of-life,Perceived quality of life,0.9530295729637146
38570403_sec1,tumour microenvironment,Neoplasms,0.9993005394935608
38570403_sec1,exercise oncology,Neoplasms,0.9954135417938232
38570403_sec1,clinical trials,Clinical Trials,0.9763595461845398
38570403_sec7,Breast cancer,Malignant neoplasm of breast,0.9908878207206726
38570403_sec7,Prostate cancer,Malignant neoplasm of prostate,0.9910537004470825
38570403_sec7,Colorectal cancer,Colorectal Carcinoma,0.9869279861450195
38570403_sec7,Haematological cancer,Hematologic Neoplasms,0.7586022019386292
38570403_sec7,Colon cancer,Malignant tumor of colon,0.986194908618927
38570403_sec7,Endometrial cancer,Malignant neoplasm of endometrium,0.9905624985694885
38570403_sec7,Glioma,Glioma,0.9843782782554626
38570403_sec7,Head and neck cancer,Malignant Head and Neck Neoplasm,0.9787036776542664
38570403_sec7,Lung cancer,Malignant neoplasm of lung,0.977493166923523
38570403_sec7,Oesophageal cancer,Malignant neoplasm of esophagus,0.9691604971885681
38570403_sec7,Oesophagogastric cancer,Esophagogastric Junction,0.7012238502502441
38570403_sec7,Ovarian cancer,ovarian neoplasm,0.9846251010894775
38570403_sec7,North America,North America,0.9892512559890747
38570403_sec7,Europe,Europe,0.9947829246520996
38570403_sec7,Australia and New Zealand,Australia,0.9795463681221008
38570403_sec9,colorectal cancer,Colorectal Carcinoma,0.9869279861450195
38570403_sec9,breast cancer,Malignant neoplasm of breast,0.9908878207206726
38570403_sec9,prostate cancer,Malignant neoplasm of prostate,0.9910537004470825
38570403_sec9,haematological cancer,Hematologic Neoplasms,0.7586022019386292
38570403_sec9,retention rate,Retention (Psychology),0.8088691830635071
38570403_sec11,COVID-19,COVID19 (disease),0.9786117672920227
38570403_sec11,cancer survivors,Malignant Neoplasms,0.9914878010749817
38570403_sec11,malignancy,Malignant Neoplasms,0.9908150434494019
38570403_sec11,psychological distress,Psychological Distress,0.9797899723052979
38570403_sec11,disease recurrence,disease recurrence,0.9804367423057556
38570403_sec11,exercise intervention,Interventional procedure,0.9734480977058411
38570403_sec11,health problems,Health Problems in Pregnancy,0.7699674963951111
38570403_sec11,injuries,trauma qualifier,0.9754658341407776
38570403_sec11,accidents,Accidents,0.9826004505157471
38570403_sec11,personal reasons,Personal Attribute,0.7644474506378174
38570403_sec13,exercise oncology,Neoplasms,0.9954135417938232
38570403_sec13,haematopoietic stem cell transplantation,Hemopoietic stem cell transplant,0.9053183197975159
38570403_sec13,multimorbidity,Multimorbidity,0.9910706877708435
38570403_sec13,non-metastatic disease,Neoplasm Metastasis,0.846768856048584
38570403_sec13,advanced cancer,Advanced Malignant Neoplasm,0.9684855937957764
38570403_sec13,breast cancer,Malignant neoplasm of breast,0.9908878207206726
38570403_sec13,prostate cancer,Malignant neoplasm of prostate,0.9910537004470825
38570403_sec13,colorectal cancer,Colorectal Carcinoma,0.9869279861450195
38570403_sec13,oesophagogastric cancer,Esophagogastric Junction,0.7012238502502441
38570403_sec13,glioma,Glioma,0.9843782782554626
38570403_sec13,oesophageal cancer,Malignant neoplasm of esophagus,0.9691604971885681
41035572_sec0,co-occurring mutation-pair signatures,Co-Occurring Mutation-Pair Signatures,1.0
41035572_sec0,metastatic tumors,Neoplasm Metastasis,0.982520580291748
41035572_sec0,driver mutations,Deleterious Mutation,0.88674396276474
41035572_sec0,oncogene-induced senescence,oncogene-induced senescence,0.9791154861450195
41035572_sec0,pan-cancer mutation profiles,Pan-Cancer Mutation Profiles,1.0
41035572_sec0,TCGA,Tcga,1.0
41035572_sec0,AACR GENIE,Genomics Evidence Neoplasia Information Exchange,0.710887610912323
41035572_sec0,metastatic breast-cancer markers,Secondary malignant neoplasm of breast,0.8069959282875061
41035572_sec0,proliferative functions,Proliferation,0.7037352919578552
41035572_sec0,metastasis-targeting resource,bone metastasis-targeting peptidomimetic-11,0.7257876992225647
41035572_sec1,tumorigenesis,Neoplastic Cell Transformation,0.9914743900299072
41035572_sec1,mutations,Mutation,0.9732257723808289
41035572_sec1,cancer evolution,Malignant Neoplasms,0.9914878010749817
41035572_sec1,mutual exclusivity,Mutual,0.9622789025306702
41035572_sec1,co-occurrence,Act Relationship Type - occurrence,0.7743169665336609
41035572_sec1,pathways,Biochemical Pathway,0.9816257953643799
41035572_sec1,synthetic lethality,Synthetic Lethality,0.9925682544708252
41035572_sec1,oncogene-induced senescence,oncogene-induced senescence,0.9791154861450195
41035572_sec1,signaling strength,Signal Transduction,0.7122476100921631
41035572_sec12,metastasis,Neoplasm Metastasis,0.9855697154998779
41035572_sec12,primary tumors,Primary Neoplasm,0.990533173084259
41035572_sec12,metastatic tumors,Neoplasm Metastasis,0.982520580291748
41035572_sec12,pan-cancer data,Pan-Cancer Data,1.0
41035572_sec12,TCGA,Tcga,1.0
41035572_sec12,GENIE Pan-Cancer datasets,Genie (Methylmethacrylates),0.9537558555603027
41035572_sec12,double mutations,Mutation,0.7538574934005737
41035572_sec12,non-synonymous mutations,Missense Mutation,0.9088181853294373
41035572_sec12,frameshift mutations,Frameshift Mutation function,0.9645490646362305
41035572_sec12,nonsense mutations,Nonsense mutation,0.9843549728393555
41035572_sec12,missense mutations,Missense Mutation,0.981391429901123
41035572_sec12,nonstop mutations,Nonstop Mutation,0.9070168137550354
41035572_sec12,skin cancer,Malignant neoplasm of skin,0.9801715612411499
41035572_sec12,breast cancer,Malignant neoplasm of breast,0.9908878207206726
41035572_sec12,lung cancer,Malignant neoplasm of lung,0.977493166923523
41035572_sec13,adagrasib,adagrasib,0.982835054397583
41035572_sec13,oncogenes,Oncogenes,0.9807104468345642
41035572_sec13,tumor suppressor gene,Tumor Suppressor Genes,0.9857006072998047
41035572_sec13,gene pairs,Gene Pairs,1.0
41035572_sec13,gene doublets,Gene Doublets,1.0
41035572_sec13,mutations,Mutation,0.9732257723808289
41035572_sec13,cancer subtypes,Malignant Neoplasms,0.9914878010749817
41035572_sec13,chromatin organization,chromatin organization,0.9637101888656616
41035572_sec13,dedifferentiation,Anaplasia,0.964674174785614
41035572_sec13,proteomes,Proteome,0.9577017426490784
41035572_sec13,driver mutations,Deleterious Mutation,0.88674396276474
41035572_sec13,tissue enrichment,Body tissue,0.997115433216095
41035572_sec14,KRAS G12D,K-ras Oncogene,0.9688149094581604
41035572_sec14,TP53,TP53 gene,0.9957563877105713
41035572_sec14,PAAD,Paad,1.0
41035572_sec14,Zinc ion,zinc ion binding,0.7588010430335999
41035572_sec14,differentially expressed genes,Gene Expression,0.7787180542945862
41035572_sec14,SP1,"Sp1 protein, human",0.921699583530426
41035572_sec14,SP3,SP3 gene,0.9133784770965576
41035572_sec14,NFKD1,Nfkd1,1.0
41035572_sec14,JUN,JUN gene,0.9947749376296997
41035572_sec14,transcriptional regulation,Transcriptional Regulation,0.964323878288269
41035572_sec14,transcription factor,TRANSCRIPTION FACTOR,0.9736707210540771
41035572_sec14,double mutations,Mutation,0.7538574934005737
41035572_sec14,immune response,Immune response,0.9820008277893066
41035572_sec14,cell proliferation,Cell Proliferation,0.9759398102760315
41035572_sec14,cell-cell signaling,Intercellular Communication Process,0.9717398285865784
41035572_sec15,KRAS G12D,K-ras Oncogene,0.9688149094581604
41035572_sec15,CDKN2A,CDKN2A gene,0.9871708750724792
41035572_sec15,SMAD4,"SMAD4 protein, human",0.978706955909729
41035572_sec15,U2AF1,U2AF1 gene,0.9932253956794739
41035572_sec15,GNAS,GNAS gene,0.9733316898345947
41035572_sec15,MYC,MYC gene,0.9562133550643921
41035572_sec15,TP53,TP53 gene,0.9957563877105713
41035572_sec15,pancreatic cancer,Pancreatic carcinoma,0.9861518740653992
41035572_sec15,proliferation phenotype,Phenotype,0.9929672479629517
41035572_sec15,retinoblastoma protein,Retinoblastoma Protein,0.9777135848999023
41035572_sec15,cyclin D,Cyclin D,0.9726687073707581
41035572_sec15,SMAD3,"SMAD3 protein, human",0.980929970741272
41035572_sec15,CDK6,CDK6 gene,0.9761207699775696
41035572_sec15,oncogene-induced senescence,oncogene-induced senescence,0.9791154861450195
41035572_sec16,TP53,TP53 gene,0.9957563877105713
41035572_sec16,RB1,Retinoblastoma,0.9965227246284485
41035572_sec16,APC,Antigen-Presenting Cells,0.9677436351776123
41035572_sec16,CTNNB1,CTNNB1 gene,0.9863520860671997
41035572_sec16,MYC,MYC gene,0.9562133550643921
41035572_sec16,PI3K-Akt,Pi3K-Akt,1.0
41035572_sec16,MAPK,Mitogen-Activated Protein Kinases,0.9641456007957458
41035572_sec16,FoxO,FOXO Family,0.9561952352523804
41035572_sec16,Neurotrophin,Nerve Growth Factors,0.9880451560020447
41035572_sec16,mTOR,"FRAP1 protein, human",0.9326973557472229
41035572_sec16,breast cancer,Malignant neoplasm of breast,0.9908878207206726
41035572_sec16,pancreatic cancer,Pancreatic carcinoma,0.9861518740653992
41035572_sec16,OmniPath,Omnipath,1.0
41035572_sec16,double mutant tumors,Double Mutant Tumors,1.0
41035572_sec16,signaling pathways,Signal Pathways,0.973293662071228
41035572_sec17,TP53,TP53 gene,0.9957563877105713
41035572_sec17,MYC,MYC gene,0.9562133550643921
41035572_sec17,CDKN2A,CDKN2A gene,0.9871708750724792
41035572_sec17,Metastatic Breast Cohort,Metastatic to,0.8122633695602417
41035572_sec17,IDC,"Cardiomyopathy, Familial Idiopathic",0.9625647068023682
41035572_sec17,BRCA,brca gene,0.8386589288711548
41035572_sec17,ILC,CCL27 gene,0.9829748868942261
41035572_sec17,BRCNOS,Brcnos,1.0
41035572_sec17,AACR GENIE,Genomics Evidence Neoplasia Information Exchange,0.710887610912323
41035572_sec17,double mutations,Mutation,0.7538574934005737
41035572_sec17,metastatic tumors,Neoplasm Metastasis,0.982520580291748
41035572_sec17,FPgrowth tree,Trees (plant),0.988590657711029
41035572_sec17,mutations,Mutation,0.9732257723808289
41035572_sec17,metastatic disease,Neoplasm Metastasis,0.9865754246711731
41035572_sec17,cancer types,Malignant Neoplasms,0.7322621941566467
41035572_sec18,PI3K signaling,phosphatidylinositol 3-kinase signaling,0.9239186644554138
41035572_sec18,PI3K inhibitors,Phosphatidylinositide 3-Kinase Inhibitor,0.8647426962852478
41035572_sec18,EGFR L858/T790,Epidermal Growth Factor Receptor,0.9993658065795898
41035572_sec18,EGFR L858,EGFR NP_005219.2:p.L858Q,0.8372258543968201
41035572_sec18,double-mutant breast cancers,Malignant neoplasm of breast,0.9924815893173218
41035572_sec18,double mutations,Mutation,0.7538574934005737
41035572_sec18,FOXA1,FOXA1 gene,0.9590287208557129
41035572_sec18,linker histone H1,H1-0 gene,0.746300995349884
41035572_sec18,enhancer nucleosomes,Nucleosomes,0.9887397885322571
41035572_sec18,OIS,Opportunistic Infections,0.9661446809768677
41035572_sec18,driver mutations,Deleterious Mutation,0.88674396276474
41035572_sec18,cancer-type specificity,Cancer-Type Specificity,1.0
41035572_sec18,FP-growth tree method,Fp-Growth Tree Method,1.0
41035572_sec18,oncogenic activity,Physical activity,0.9921815991401672
41035572_sec18,xenografts,Xenografts,1.0
39816803_sec0,TGFβ signaling pathway,Signal Transduction,0.9185653328895569
39816803_sec0,HYL001,Hyl001,1.0
39816803_sec0,TGFβ receptor 1,receptor,0.8437474370002747
39816803_sec0,galunisertib,Galunisertib,0.9922773838043213
39816803_sec0,advanced colorectal cancer,Colorectal Carcinoma,0.8404944539070129
39816803_sec0,immune checkpoint inhibition,Immune Checkpoint Blockade,0.9509872198104858
39816803_sec0,liver metastases,Secondary malignant neoplasm of liver,0.9827287197113037
39816803_sec0,microsatellite stable,Stable status,0.996412992477417
39816803_sec0,colorectal cancer tumors,Colorectal Carcinoma,0.8416550755500793
39816803_sec0,potent inhibitor,Inhibitor,0.9756637811660767
39816803_sec2,ALK5 inhibitors,Angiotensin-Converting Enzyme Inhibitors,0.7689595222473145
39816803_sec2,galunisertib,Galunisertib,0.9922773838043213
39816803_sec2,HYL001,Hyl001,1.0
39816803_sec2,6-bromo compound,Compound (substance),0.7141159772872925
39816803_sec2,6-methoxy-4-methylquinoline,6-Methoxy-4-Methylquinoline,1.0
39816803_sec2,6-substituted-4-methylquinolines,6-Substituted-4-Methylquinolines,1.0
39816803_sec2,Doebner–Miller reaction,Reaction,0.7271050214767456
39816803_sec2,hydroxyl group,hydroxyl group,0.9922019839286804
39816803_sec2,IC 50,Ic 50,1.0
39816803_sec2,quinoline,quinoline,0.9810852408409119
39816803_sec3,HYL001,Hyl001,1.0
39816803_sec3,ALK4,ACVR1B gene,0.9506748914718628
39816803_sec3,ALK5,TGFBR1 gene,0.942115306854248
39816803_sec3,galunisertib,Galunisertib,0.9922773838043213
39816803_sec3,vactosertib,vactosertib,0.9861445426940918
39816803_sec3,p38α,MAPK14 gene,0.8754814863204956
39816803_sec3,K d,potassium,1.0
39816803_sec3,selectivity score,selectin activity,0.7453710436820984
39816803_sec3,S(>65 10),S(>65 10),1.0
39816803_sec3,S(>90 10),S(>90 10),1.0
39816803_sec3,competitive binding assay,competition,0.9775552749633789
39816803_sec3,kinases,Phosphotransferases,0.9832074642181396
39816803_sec3,wild-type,MET Gene Mutation Negative,0.9186307191848755
39816803_sec3,disease-relevant mutant kinases,Disease-Relevant Mutant Kinases,1.0
39816803_sec4,HYL001,Hyl001,1.0
39816803_sec4,galunisertib,Galunisertib,0.9922773838043213
39816803_sec4,vactosertib,vactosertib,0.9861445426940918
39816803_sec4,p38α,MAPK14 gene,0.8754814863204956
39816803_sec4,HEK293T,HEK293 Cells,0.7063456773757935
39816803_sec4,TGFβ,"TGFA protein, human",0.7791724801063538
39816803_sec4,TGFBR1,"Receptor, Transforming Growth Factor-beta Type I",0.9960019588470459
39816803_sec4,SMAD2,SMAD2 gene,0.9822987914085388
39816803_sec4,SMAD3,"SMAD3 protein, human",0.980929970741272
39816803_sec4,SMAD4,"SMAD4 protein, human",0.978706955909729
39816803_sec4,Firefly luciferase reporter,"Luciferases, Firefly",0.803002119064331
39816803_sec4,kinase activity assay,kinase activity,0.9895597100257874
39816803_sec4,luciferase-based reporter assay,Luciferase-Based Reporter Assay,1.0
39816803_sec4,kinase inhibition activity,inhibition of kinase activity,0.954651415348053
39816803_sec5,HYL001,Hyl001,1.0
39816803_sec5,galunisertib,Galunisertib,0.9922773838043213
39816803_sec5,vactosertib,vactosertib,0.9861445426940918
39816803_sec5,BALB/c mice,Balb/C Mice,1.0
39816803_sec5,Sprague–Dawley Rats,Rattus norvegicus,0.9638030529022217
39816803_sec5,liquid chromatography–tandem mass spectrometry,Liquid Chromatography,0.9903743863105774
39816803_sec5,maximum plasma concentration,Plasma,0.9949913620948792
39816803_sec5,plasma protein binding,Protein Binding,0.8270341157913208
39816803_sec5,metabolic stability,Stable status,0.9954718947410583
39816803_sec5,incubation,oral incubation,0.8505949974060059
39816803_sec5,terminal half-life,End-stage,0.9734292030334473
39816803_sec5,plasma concentration–time profile,Plasma,0.9949913620948792
39816803_sec6,HYL001,Hyl001,1.0
39816803_sec6,human Ether-à-go-go-Related Gene,Homo sapiens,0.9989930391311646
39816803_sec6,hERG,KCNH2 gene,0.975197434425354
39816803_sec6,TGFβ inhibitors,Angiotensin-Converting Enzyme Inhibitors,0.8305711150169373
39816803_sec6,E-4031,E 4031,0.9973128437995911
39816803_sec6,vactosertib,vactosertib,0.9861445426940918
39816803_sec6,IC50,Inhibitory Concentration 50,0.9730384945869446
39816803_sec6,potassium channel,Potassium Channel,0.9841526746749878
39816803_sec6,cardiotoxicity,Cardiotoxicity,0.9876623749732971
39816803_sec6,binding inhibition,inhibin binding,0.7709252834320068
39816803_sec6,enzymatic inhibition,Biochemical Reaction,0.7844842076301575
39816803_sec6,patch-clamp assay,Patch-Clamp Assay,1.0
39816803_sec7,HYL001,Hyl001,1.0
39816803_sec7,Ames test,Laboratory Procedures,0.7066922783851624
39816803_sec7,Salmonella typhimurium,Salmonella typhimurium,0.9806080460548401
39816803_sec7,liver S9 fractions,Fraction of,0.9791691303253174
39816803_sec7,reverse mutations,Mutation,0.7299192547798157
39816803_sec7,histidine operon,histidine,0.7639963030815125
39816803_sec7,substitution mutations,Missense Mutation,0.929776668548584
39816803_sec7,frameshift mutations,Frameshift Mutation function,0.9645490646362305
39816803_sec8,HYL001,Hyl001,1.0
39816803_sec8,vactosertib,vactosertib,0.9861445426940918
39816803_sec8,rats,Rattus norvegicus,0.9638030529022217
39816803_sec8,mice,House mice,0.999273419380188
39816803_sec9,HYL001,Hyl001,1.0
39816803_sec9,vactosertib,vactosertib,0.9861445426940918
39816803_sec9,lethargy,Lethargy,0.9868770837783813
39816803_sec9,tachycardia,Tachycardia,0.9752619862556458
39816803_sec9,sternum protrusion,Sternum Protrusion,1.0
39816803_sec9,locomotor activity,Locomotion,0.9898715019226074
39816803_sec9,rough hair coat,Rough Hair Coat,1.0
39816803_sec9,piloerection,Piloerection,0.9470965266227722
39816803_sec9,TGFβ inhibitors,Angiotensin-Converting Enzyme Inhibitors,0.8305711150169373
39816803_sec9,Mus musculus,House mice,0.9758892059326172
39816803_sec10,vactosertib,vactosertib,0.9861445426940918
39816803_sec10,HYL001,Hyl001,1.0
39816803_sec10,ALK5 inhibitors,Angiotensin-Converting Enzyme Inhibitors,0.7689595222473145
39816803_sec10,galunisertib,Galunisertib,0.9922773838043213
39816803_sec10,femur,Femur,1.0
39816803_sec10,tibia,Bone structure of tibia,0.9814543128013611
39816803_sec10,sternum,Sternum,0.9604005217552185
39816803_sec10,curved sternum,Sternum,0.7047412395477295
39816803_sec10,hypertrophied cartilage physis,Hypertrophy,0.9771313071250916
39816803_sec10,bone formation,Osteogenesis,0.9808281064033508
39816803_sec10,female rats,Woman,0.9905164241790771
39816803_sec11,ALK5 inhibitors,Angiotensin-Converting Enzyme Inhibitors,0.7689595222473145
39816803_sec11,HYL001,Hyl001,1.0
39816803_sec11,vactosertib,vactosertib,0.9861445426940918
39816803_sec11,galunisertib,Galunisertib,0.9922773838043213
39816803_sec11,myocardial degeneration,Myocardial degeneration,0.9582287669181824
39816803_sec11,valvulopathies,Heart valve disease,0.7730392217636108
39816803_sec11,myxomatous expansion,Cell Growth,0.8215471506118774
39816803_sec11,inflammation of the aortic valve,Aortic valve structure,0.9764732122421265
39816803_sec11,periarteritis,Periarteritis,0.9814578294754028
39816803_sec11,chronic inflammation of the myocardium,Myocardium,0.9771583676338196
39816803_sec11,absolute weight of the heart,Heart,0.9954424500465393
39816803_sec11,relative weight of the heart,Heart,0.9954424500465393
39816803_sec11,female HYL001-treated rats,Woman,0.9905164241790771
39816803_sec11,rats,Rattus norvegicus,0.9638030529022217
39816803_sec12,vactosertib,vactosertib,0.9861445426940918
39816803_sec12,hyperplasia,Hyperplasia,0.9830116629600525
39816803_sec12,nonglandular stomach,Nonglandular Stomach,0.9848899841308594
39816803_sec12,chronic inflammation,Chronic inflammation,0.9702118635177612
39816803_sec12,female rat,Rattus norvegicus,0.9982803463935852
39816803_sec13,TGFβ receptor-1,67 kDa Laminin Receptor,0.7396156787872314
39816803_sec13,HYL001,Hyl001,1.0
39816803_sec13,vactosertib,vactosertib,0.9861445426940918
39816803_sec13,mice,House mice,0.999273419380188
39816803_sec13,neutrophil count,Neutrophil count (procedure),0.9837308526039124
39816803_sec13,histopathology,Histopathological aspects,0.996288537979126
39816803_sec13,bones,Skeletal bone,0.9903292655944824
39816803_sec13,toxicity,Toxicity aspects,0.9865080118179321
39816803_sec13,morbidity,Morbidity - disease rate,0.9882444739341736
39816803_sec14,fibro-osseous tissue,Fibrous tissue,0.7434816360473633
39816803_sec14,metaphysis,Metaphysis,0.9832668304443359
39816803_sec14,mice,House mice,0.999273419380188
39816803_sec14,femur,Femur,1.0
39816803_sec14,tibia,Bone structure of tibia,0.9814543128013611
39816803_sec14,sternum,Sternum,0.9604005217552185
39816803_sec15,myxoid degeneration,biologic degeneration,0.7761629223823547
39816803_sec15,heart valves,Heart Valve Prosthesis,0.9867156744003296
39816803_sec15,mononuclear immune cells,Mononuclear,0.993528425693512
39816803_sec15,focal mononuclear perivasculitis,Focal Mononuclear Perivasculitis,1.0
39816803_sec15,vasculitis,Vasculitis,0.9890820384025574
39816803_sec15,osseo-cartilaginous metaplasia,Adenocarcinoma with cartilaginous and osseous metaplasia,0.7476963996887207
39816803_sec15,aorta,Aorta,0.9856752753257751
39816803_sec15,coronary vessels,Coronary Vessels,0.9883003830909729
39816803_sec15,vactosertib,vactosertib,0.9861445426940918
39816803_sec16,HYL001,Hyl001,1.0
39816803_sec16,vactosertib,vactosertib,0.9861445426940918
39816803_sec16,SD rats,South Dakota,0.9978004693984985
39816803_sec16,female livers,Woman,0.9905164241790771
39816803_sec16,mononuclear cells,Mononuclear cells,0.9908251166343689
39816803_sec17,HYL001,Hyl001,1.0
39816803_sec17,pMMR/MSS CRC,Colorectal Carcinoma,0.9660313129425049
39816803_sec17,P53,TP53 gene,0.9967973828315735
39816803_sec17,MAPK,Mitogen-Activated Protein Kinases,0.9641456007957458
39816803_sec17,TGFβ,"TGFA protein, human",0.7791724801063538
39816803_sec17,CMS4-like CRC,Colorectal Carcinoma,0.9660313129425049
39816803_sec17,MTOs,Mtos,1.0
39816803_sec17,galunisertib,Galunisertib,0.9922773838043213
39816803_sec17,liver metastases,Secondary malignant neoplasm of liver,0.9827287197113037
39816803_sec17,intestinal tumors,Intestinal Neoplasms,0.9790987968444824
39816803_sec17,hepatic sinusoids,Sinusoid,0.7327582240104675
39816803_sec18,HYL001,Hyl001,1.0
39816803_sec18,TGFBR1,"Receptor, Transforming Growth Factor-beta Type I",0.9960019588470459
39816803_sec18,ALK5,TGFBR1 gene,0.942115306854248
39816803_sec18,galunisertib,Galunisertib,0.9922773838043213
39816803_sec18,vactosertib,vactosertib,0.9861445426940918
39816803_sec18,CRC liver metastasis,Secondary malignant neoplasm of liver,0.9839434027671814
39816803_sec18,triple-negative breast cancer,Triple Negative Breast Neoplasms,0.9658952951431274
39816803_sec18,lung cancer,Malignant neoplasm of lung,0.977493166923523
39816803_sec18,TGFβ signaling,Signal Transduction,0.885439932346344
39816803_sec18,PPB,Polybrominated Biphenyls,0.9938546419143677
39816803_sec18,hepatic stability,Stable status,0.7466039061546326
39816803_sec18,PK,Drug Kinetics,0.9990233182907104
41000584_sec2,neoadjuvant chemotherapy,Neoadjuvant Chemotherapy,0.9624869227409363
41000584_sec2,P <.05,P <.05,1.0
41000584_sec2,P =.02,P =.02,1.0
41000584_sec2,200 miles,Miles,0.9877194762229919
41000584_sec2,96 patients,Patients,0.9821396470069885
41000584_sec2,21.9%,21.9%,1.0
41000584_sec2,42.2%,42.2%,1.0
41000584_sec2,81.2%,81.2%,1.0
41000584_sec2,53.1%,53.1%,1.0
41000584_sec3,neoadjuvant chemotherapy,Neoadjuvant Chemotherapy,0.9624869227409363
41000584_sec3,behavioral intervention trial,Behavior,0.9651021361351013
41000584_sec3,socioeconomic status,Socioeconomic Status,0.9641851186752319
41000584_sec3,decentralized clinical trials,Clinical Trials,0.9763595461845398
41000584_sec3,American Cancer Society Cancer Action Network,American Cancer Society,0.8559331297874451
41000584_sec3,cancer survivors,Malignant Neoplasms,0.9914878010749817
41000584_sec3,therapeutic intervention trials,Therapeutic procedure,0.9697856903076172
41000584_sec3,rurality,Rurality,1.0
41000584_sec3,wearable technologies,Wearable Electronic Devices,0.9777811765670776
41000584_sec3,remote monitoring,Preventive monitoring,0.9931970238685608
39602041_sec0,ccRCC,Conventional (Clear Cell) Renal Cell Carcinoma,0.9897773861885071
39602041_sec0,H3K4me1,Histone H3 Methyl Lys4,0.989034116268158
39602041_sec0,SETD7,SETD7 gene,0.9500406384468079
39602041_sec0,IMPHY002979,Imphy002979,1.0
39602041_sec0,R-PFI-2,R-Pfi-2,1.0
39602041_sec0,cyproheptadine,cyproheptadine,0.9610658288002014
39602041_sec0,SET domain,Set (Psychology),0.9870162010192871
39602041_sec0,ADME,ADME,0.9594053030014038
39602041_sec0,molecular interaction,Binding (Molecular Function),0.9779850840568542
39602041_sec0,virtual screening,Viral screening,0.7843745946884155
39602041_sec0,MD simulation,Menkes Kinky Hair Syndrome,0.9968141913414001
39602041_sec0,immunotherapy,Immunotherapy,0.9915978312492371
39602041_sec0,phytochemical,Phytochemicals,0.9800750613212585
39602041_sec1,Renal cancer,Malignant neoplasm of kidney,0.9834649562835693
39602041_sec1,clear cell RCC,Cell of Claudius,0.9967207908630371
39602041_sec1,VEGFR,Vascular Endothelial Growth Factor Receptor,0.9818904995918274
39602041_sec1,mTOR pathway,Biochemical Pathway,0.7818827629089355
39602041_sec1,immunotherapy,Immunotherapy,0.9915978312492371
39602041_sec1,epigenetic modifications,Organism Modification,0.8060721158981323
39602041_sec1,histone,Histones,0.986578643321991
39602041_sec1,DNA methylation,DNA Methylation,0.9671076536178589
39602041_sec1,HDAC inhibitor,Histone deacetylase inhibitor,0.9590058922767639
39602041_sec1,IL-2,Interleukin-2,0.9944750666618347
39602041_sec1,CD25,"Antigens, CD25",0.9844401478767395
39602041_sec1,CD4-positive T cells,percent positive cells,0.7872306108474731
39602041_sec1,FoxP3,FOXP3 gene,0.9625178575515747
39602041_sec1,lung metastases,Secondary malignant neoplasm of lung,0.9804296493530273
39602041_sec1,entinostat,entinostat,0.9953598976135254
39602041_sec1,anti-PD-1,Anti-Pd-1,1.0
39602041_sec9,SETD7,SETD7 gene,0.9500406384468079
39602041_sec9,R-PFI-2,R-Pfi-2,1.0
39602041_sec9,SAM,S-adenosylmethionine,0.990989625453949
39602041_sec9,H3 peptide,Peptides,0.86927330493927
39602041_sec9,IMPPAT database,Databases,0.9820867776870728
39602041_sec9,HTVS mode,Mode,0.9879636168479919
39602041_sec9,GlideSP,Glidesp,1.0
39602041_sec9,GlideXP,Glidexp,1.0
39602041_sec9,PDB ID: 4JLG,Id Personality Component,0.9988806843757629
39602041_sec9,− 6 kcal/mol,− 6 Kcal/Mol,1.0
39602041_sec9,2182 conformers,Ophthalmic conformer,0.847317099571228
39602041_sec9,1093 conformers,Ophthalmic conformer,0.847317099571228
39602041_sec9,707 conformers,Ophthalmic conformer,0.847317099571228
39602041_sec10,SETD7,SETD7 gene,0.9500406384468079
39602041_sec10,R-PFI-2,R-Pfi-2,1.0
39602041_sec10,cyproheptadine,cyproheptadine,0.9610658288002014
39602041_sec10,IMPHY008285,Imphy008285,1.0
39602041_sec10,IMPHY002979,Imphy002979,1.0
39602041_sec10,Gly336,Gly336,1.0
39602041_sec10,Ser268,Ser268,1.0
39602041_sec10,MMGBSA,Mmgbsa,1.0
39602041_sec10,Glide docking score,Glide Docking Score,1.0
39602041_sec10,− 42 kcal/mol,− 42 Kcal/Mol,1.0
39602041_sec10,− 87 kcal/mol,− 87 Kcal/Mol,1.0
39602041_sec10,− 81.9063 kcal/mol,− 81.9063 Kcal/Mol,1.0
39602041_sec10,− 80.2811 kcal/mol,− 80.2811 Kcal/Mol,1.0
39602041_sec11,SETD7,SETD7 gene,0.9500406384468079
39602041_sec11,histone H3,Histone H3,0.9553182125091553
39602041_sec11,S-adenosyl-l-methionine,S-adenosylmethionine,0.9627708792686462
39602041_sec11,R-PFI-2,R-Pfi-2,1.0
39602041_sec11,cyproheptadine,cyproheptadine,0.9610658288002014
39602041_sec11,IMPHY002979,Imphy002979,1.0
39602041_sec11,Tyr317,Tyr317,1.0
39602041_sec11,Pro350,Pro350,1.0
39602041_sec11,Trp352,Trp352,1.0
39602041_sec11,Tyr353,Tyr353,1.0
39602041_sec11,binding free energy,Free Energy,0.7571345567703247
39602041_sec11,docking score,Docking Score,1.0
39602041_sec12,IMPHY002979,Imphy002979,1.0
39602041_sec12,R-PFI-2,R-Pfi-2,1.0
39602041_sec12,cyproheptadine,cyproheptadine,0.9610658288002014
39602041_sec12,HERG K + channel,Channel,0.7280544638633728
39602041_sec12,QikProp,Qikprop,1.0
39602041_sec12,CNS activity,Physical activity,0.9921815991401672
39602041_sec12,human oral absorption,Homo sapiens,0.9989930391311646
39602041_sec12,Lipinski's rule of five,Lipinski'S Rule Of Five,1.0
39602041_sec12,drug-like properties,Property (attribute),0.7136309146881104
39602041_sec12,molecular weight,Molecular Weight,0.9799522161483765
39602041_sec12,skin permeability,Permeability,0.839607298374176
39602041_sec12,gut-blood barrier,Gut-Blood Barrier,1.0
39602041_sec12,blood–brain barrier,Blood,0.9994040131568909
39602041_sec13,clear cell renal cell carcinoma,Conventional (Clear Cell) Renal Cell Carcinoma,0.9914380311965942
39602041_sec13,SET domain containing 7,Set (Psychology),0.9870162010192871
39602041_sec13,H3K4me1,Histone H3 Methyl Lys4,0.989034116268158
39602041_sec13,SETD7,SETD7 gene,0.9500406384468079
39602041_sec13,R-PFI-2,R-Pfi-2,1.0
39602041_sec13,cyproheptadine,cyproheptadine,0.9610658288002014
39602041_sec13,IMPHY002979,Imphy002979,1.0
39602041_sec13,Broussonetia papyrifera,Broussonetia papyrifera,0.9828751087188721
39602041_sec13,Flavonoids,Flavonoids,0.9878752827644348
39602041_sec13,Chalcones,Chalcones,0.9830843806266785
39602041_sec13,dihydrochalcones,Dihydrochalcones,1.0
39602041_sec13,antioxidant,Antioxidants,0.9671083092689514
39602041_sec13,antibacterial,Anti-Bacterial Agents,0.9775416254997253
39602041_sec13,anti-inflammatory,Anti-Inflammatory Agents,0.9712209701538086
39602041_sec13,antitumor,Antitumor,0.9847955107688904
37338497_sec0,gut microbiota,Intestinal Microbiome,0.9776897430419922
37338497_sec0,cancer immunotherapy,Immunotherapy for cancer,0.9873741269111633
37338497_sec0,immune checkpoint inhibitors,Immune Checkpoint Inhibitors,0.9651358723640442
37338497_sec0,faecal microbiota transfer,Feces,0.931458055973053
37338497_sec0,dietary modification,Diet,0.9814508557319641
37338497_sec0,East Asian microbiome,Asian Americans,0.9975364804267883
37338497_sec1,microbiome,Microbiome,0.990243673324585
37338497_sec1,inflammatory bowel disorders,Inflammatory disorder,0.886222779750824
37338497_sec1,depression,Mental Depression,0.9696047902107239
37338497_sec1,cancer,Malignant Neoplasms,0.9914878010749817
37338497_sec1,gut microbiota,Intestinal Microbiome,0.9776897430419922
37338497_sec1,cancer molecular pathways,Cancer Molecular Pathways,1.0
37338497_sec1,genetic stability,Stable status,0.7466039061546326
37338497_sec1,immune response,Immune response,0.9820008277893066
37338497_sec1,faecal microbiota transplant,Fecal Microbiota Transplantation,0.8972142934799194
37338497_sec1,immunotherapy,Immunotherapy,0.9915978312492371
37338497_sec1,antitumour activity,Antitumour Activity,1.0
37338497_sec1,personalised medicine,Pharmaceutical Preparations,0.9918996691703796
37338497_sec2,Firmicutes,Firmicutes,0.9814615249633789
37338497_sec2,Clostridia,Clostridium,0.9931549429893494
37338497_sec2,Ruminococcaceae,Family Oscillospiraceae,0.983524739742279
37338497_sec2,Lachnospiraceae,Lachnospiraceae,0.9842864274978638
37338497_sec2,butyrate,Butyrates,0.9766926169395447
37338497_sec2,colorectal cancer,Colorectal Carcinoma,0.9869279861450195
37338497_sec2,Proteobacteria,Proteobacteria,0.9693228006362915
37338497_sec2,Bacteroidetes,Bacteroidetes,0.9797968864440918
37338497_sec2,pancreatic cancer,Pancreatic carcinoma,0.9861518740653992
37338497_sec2,toll-like receptors,Toll-like receptors,0.981586754322052
37338497_sec2,short-chain fatty acids,"Fatty Acids, Volatile",0.9732116460800171
37338497_sec2,probiotics,Probiotics,0.9647108316421509
37338497_sec2,prebiotics,Prebiotics,0.9666236639022827
37338497_sec2,microbiome,Microbiome,0.990243673324585
37338497_sec3,gut microbiome,Intestinal Microbiome,0.9766444563865662
37338497_sec3,immunotherapy,Immunotherapy,0.9915978312492371
37338497_sec3,microbial metabolic pathways,Microorganism,0.982448399066925
37338497_sec3,biomarkers,Biological Markers,0.9749284386634827
37338497_sec3,precision medicine,Precision Medicine,0.9837225079536438
37338497_sec3,gut dysbiosis,Dysbiosis,0.8030775785446167
37338497_sec3,severe acute respiratory syndrome coronavirus 2,Severe (severity modifier),0.9811561107635498
37338497_sec3,coronavirus disease 2019,COVID19 (disease),0.8840354084968567
37338497_sec3,Faecalibacterium prausnitzii,Faecalibacterium prausnitzii,0.9415299892425537
37338497_sec3,Eubacterium rectale,Agathobacter rectalis,0.9563296437263489
37338497_sec3,Bifidobacteria,Bifidobacterium,0.8204110860824585
37338497_sec3,COVID-19 severity,Severities,0.9798772931098938
37338497_sec4,Immunotherapy,Immunotherapy,0.9915978312492371
37338497_sec4,immune checkpoint inhibitors,Immune Checkpoint Inhibitors,0.9651358723640442
37338497_sec4,programmed cell death protein 1,"PDCD1 protein, human",0.9718239903450012
37338497_sec4,PD-1,PDCD1 gene,0.9921272993087769
37338497_sec4,cytotoxic T-lymphocyte-associated protein 4,"CTLA4 protein, human",0.9728168249130249
37338497_sec4,B. fragilis,Bacteroides fragilis,0.731345534324646
37338497_sec4,Burkholderia cepacia,Burkholderia cepacia,0.9713259935379028
37338497_sec4,anti-CTLA-4 antibodies,"Antibodies, Anti-Idiotypic",0.7684829235076904
37338497_sec4,sarcoma,Sarcoma,0.9907413125038147
37338497_sec4,anti-PD-L1 antibodies,"Antibodies, Anti-Idiotypic",0.7831218838691711
37338497_sec4,melanoma,melanoma,0.9899237751960754
37338497_sec4,Bifidobacterium spp.,Bifidobacterium,0.8488594889640808
37338497_sec4,Akkermansia muciniphila,Akkermansia muciniphila,0.9579719305038452
37338497_sec4,Faecalibacterium spp.,Faecalibacterium,0.8668271899223328
37338497_sec5,probiotics,Probiotics,0.9647108316421509
37338497_sec5,Lactobacillus spp.,Lactobacillus,0.8623247146606445
37338497_sec5,colorectal cancer,Colorectal Carcinoma,0.9869279861450195
37338497_sec5,chemotherapy-related diarrhoea,Chemotherapy-Related Diarrhoea,1.0
37338497_sec5,Multinational Association of Supportive Care in Cancer,Malignant Neoplasms,0.9914878010749817
37338497_sec5,International Society of Oral Oncology,International Society of Preventive Oncology,0.7921900749206543
37338497_sec5,European Society for Medical Oncology,European Society For Medical Oncology,1.0
37338497_sec6,Antibiotics,Antibiotics,0.9689206480979919
37338497_sec6,Proton pump inhibitors,Proton Pump Inhibitors,0.965369701385498
37338497_sec6,Renal cell carcinoma,Renal Cell Carcinoma,0.9872101545333862
37338497_sec6,Nivolumab,nivolumab,0.9816807508468628
37338497_sec6,Non-small cell lung cancer,Non-Small Cell Lung Carcinoma,0.9687209129333496
37338497_sec6,Onco-microbiome,Microbiome,0.7349103093147278
37338497_sec6,Microbial multi-omics analysis,Microorganism,0.982448399066925
37338497_sec6,Microbial metabolomic readouts,Metabolomics,0.9849439859390259
37338497_sec7,gut microbiome,Intestinal Microbiome,0.9766444563865662
37338497_sec7,Caucasians,Caucasian,0.9831169843673706
37338497_sec7,East Asia,"Asia, Eastern",0.987483561038971
37338497_sec7,South Asia,"Asia, Southern",0.9827690124511719
37338497_sec7,North America,North America,0.9892512559890747
37338497_sec7,Europe,Europe,0.9947829246520996
37338497_sec7,Southeast Asia,"Asia, Southeastern",0.9832113981246948
37338497_sec7,Abdill et al.,Abdill Et Al.,1.0
37338497_sec7,microbial DNA sequences,DNA Sequence,0.9837461113929749
37338497_sec7,clinical trials,Clinical Trials,0.9763595461845398
37338497_sec8,gut microbiome,Intestinal Microbiome,0.9766444563865662
37338497_sec8,cancer,Malignant Neoplasms,0.9914878010749817
37338497_sec8,cancer pathogenesis,Malignant Neoplasms,0.9914878010749817
37338497_sec8,treatment outcomes,therapeutic aspects,0.9703524708747864
37338497_sec8,Asian populations,Asian Americans,0.9975364804267883
37338497_sec8,diagnostics,Diagnostic tests,0.8703516125679016
37338497_sec8,therapeutics,Therapeutic procedure,0.973091721534729
39602893_sec0,Onkopti®,Onkopti®,1.0
39602893_sec0,WordPress,Wordpress,1.0
39602893_sec0,relational SQL database,Relational Sql Database,1.0
39602893_sec0,XML format,Format (qualifier value),0.8154650330543518
39602893_sec0,oncological therapy,Biological Response Modifier Therapy,0.7891693115234375
39602893_sec0,parenteral therapies,Parenteral Nutrition,0.7403464317321777
39602893_sec0,oral therapies,Therapeutic procedure,0.8068618178367615
39602893_sec0,standardized protocols,Standardized Protocols,1.0
39602893_sec0,digitalization,Administration of Digitalis,0.9550670385360718
39602893_sec0,protocol selection,Protocols documentation,0.9810090661048889
39602893_sec0,prescription,Prescription procedure,0.9664731621742249
39602893_sec0,pharmacy preparation,Pharmaceutical Services,0.9873237609863281
39602893_sec0,hospital information system,Hospital Information Systems,0.9720568060874939
39602893_sec0,practice information system,Information Systems,0.7975707054138184
39602893_sec0,billing,Billing,0.988090991973877
39602893_sec1,atezolizumab,atezolizumab,0.9631785154342651
39602893_sec1,bevacizumab,bevacizumab,0.9706274271011353
39602893_sec1,paclitaxel,paclitaxel,0.9746240973472595
39602893_sec1,carboplatin,Carboplatin,1.0
39602893_sec1,non-small cell lung cancer,Non-Small Cell Lung Carcinoma,0.9687209129333496
39602893_sec1,Pola-R-CHP,Pola-R-Chp,1.0
39602893_sec1,diffuse large cell non-Hodgkin lymphoma,Diffuse Large Cell Non-Hodgkin Lymphoma,1.0
39602893_sec1,European Society for Medical Oncology,European Society For Medical Oncology,1.0
39602893_sec1,American Society of Clinical Oncology,American Society of Clinical Oncology,0.9785623550415039
39602893_sec1,German Cancer Society,American Cancer Society,0.7230516672134399
39602893_sec1,National Comprehensive Cancer Network,National Comprehensive Cancer Network,0.7789619565010071
39602893_sec2,Onkopti,Onkopti,1.0
39602893_sec2,Fraunhofer Institute for Experimental Software Engineering,Fraunhofer Institute For Experimental Software Engineering,1.0
39602893_sec2,German Cancer Society,American Cancer Society,0.7230516672134399
39602893_sec2,Onkopedia,Onkopedia,1.0
39602893_sec2,ESMO,Esmo,1.0
39602893_sec2,NCCN,Nccn,1.0
39602893_sec2,ASCO,Asco,1.0
39602893_sec2,European Medicines Agency,European (ethnic group),0.9869220852851868
39602893_sec2,antineoplastic therapy,Antineoplastons Therapy,0.808090329170227
39602893_sec2,supportive therapy,Supportive care,0.9835165143013
39602893_sec4,Onkopti,Onkopti,1.0
39602893_sec4,Fraunhofer IESE,Fraunhofer Iese,1.0
39602893_sec4,SubstanceID,Substance,0.805490255355835
39602893_sec4,SubstanceName,Substance,0.740943193435669
39602893_sec4,Acronym,Acronyms,0.9546177983283997
39602893_sec4,SubstanceGroupID,Substancegroupid,1.0
39602893_sec4,SubstanceGroup,Substance,0.7139908671379089
39602893_sec4,therapy protocols,therapeutic aspects,0.9839879274368286
39602893_sec4,relational SQL database,Relational Sql Database,1.0
39602893_sec4,Unified Modeling Language,Unified Modeling Language,0.8184365630149841
39602893_sec5,ICD-10,"International Statistical Classification of Diseases and Related Health Problems, Tenth Revision (ICD-10)",0.9752280712127686
39602893_sec5,MeSH,Mesh surgical material,0.973968505859375
39602893_sec5,Anatomical Therapeutic Chemical classification,Anatomical Therapeutic Chemical (ATC)-classification system,0.9171778559684753
39602893_sec5,febrile neutropenia,Leukopenia,0.9842519760131836
39602893_sec5,anemia,Anemia,0.9743537902832031
39602893_sec5,thrombocytopenia,Thrombocytopenia,0.9797500371932983
39602893_sec5,diffuse large B-cell lymphoma,Diffuse Large B-Cell Lymphoma,0.9768442511558533
39602893_sec5,antiemesis,Antiemesis,1.0
39602893_sec5,supportive therapy,Supportive care,0.9835165143013
39602893_sec9,BD Cato™,Behcet Syndrome,0.999112606048584
39602893_sec9,Onkopti®,Onkopti®,1.0
39602893_sec9,cytotoxic drugs,Cytotoxic agent (product),0.9835209846496582
39602893_sec9,therapy protocols,therapeutic aspects,0.9839879274368286
39602893_sec9,prescription planning,Prescription procedure,0.9664731621742249
39602893_sec9,administration,Administration occupational activities,0.9601404070854187
39602893_sec9,pharmacists,Pharmacist,0.9870408773422241
39602893_sec9,nursing staff,Nursing Staff,0.9644396305084229
39602893_sec9,software solution,Solutions,0.7401166558265686
39602893_sec9,hospital networks,Hospital Networks,1.0
39602893_sec9,compounding centers,Compounding Centers,1.0
39602893_sec12,Onkopti,Onkopti,1.0
39602893_sec12,antineoplastic therapy,Antineoplastons Therapy,0.808090329170227
39602893_sec12,electronic prescription systems,Computerized Physician Order Entry System,0.796921968460083
39602893_sec12,chemotherapy,Pharmacotherapy,0.9887933135032654
39602893_sec12,NCCN,Nccn,1.0
39602041_sec0,histone methyltransferase,histone methyltransferase,0.9827496409416199
39602041_sec0,immunosuppressive TME,Immunosuppressive Agents,0.9919523000717163
39602041_sec1,renal cancer,Malignant neoplasm of kidney,0.9834649562835693
39602041_sec9,HTVS,Htvs,1.0
39602041_sec9,8125 conformers,Ophthalmic conformer,0.847317099571228
39602041_sec9,c-terminal domain,Carboxy-Terminal Amino Acid,0.7408942580223083
39602041_sec10,IMPPAT database,Databases,0.9820867776870728
39602041_sec11,hydrophobic interaction,Social Interaction,0.9899216890335083
39602041_sec11,methyl group transfer,chloromethyl methyl ether,0.7885842323303223
40662150_sec0,Cryptococcus neoformans,Infection by Cryptococcus neoformans,0.9760815501213074
40662150_sec0,Ck2 complex,Casein Kinase II,0.9971604943275452
40662150_sec0,RNA-sequencing,RNA Sequence,0.8225188255310059
40662150_sec0,Q5KFT2_CRYNJ,Q5Kft2_Crynj,1.0
40662150_sec0,ARO1_CRYNJ,Aro1_Crynj,1.0
40662150_sec0,Q5KL19_CRYNJ,Q5Kl19_Crynj,1.0
40662150_sec0,Q5KC42_CRYNJ,Q5Kc42_Crynj,1.0
40662150_sec0,Q5KNI6_CRYNJ,Q5Kni6_Crynj,1.0
40662150_sec0,Q5KCS1_CRYNJ,Q5Kcs1_Crynj,1.0
40662150_sec0,Q5KNH2_CRYNJ,Q5Knh2_Crynj,1.0
40662150_sec0,Q5KA46_CRYNJ,Q5Ka46_Crynj,1.0
40662150_sec0,Q5KEV1_CRYNJ,Q5Kev1_Crynj,1.0
40662150_sec0,GNINA,Gnina,1.0
40662150_sec0,FDA-approved drugs,Pharmaceutical Preparations,0.9851945638656616
40662150_sec0,fungal meningitis,"Meningitis, Fungal",0.9717822670936584
40662150_sec1,Cryptococcus neoformans,Infection by Cryptococcus neoformans,0.9760815501213074
40662150_sec1,fungal meningitis,"Meningitis, Fungal",0.9717822670936584
40662150_sec1,HIV/AIDS,Acquired Immunodeficiency Syndrome,0.9583784341812134
40662150_sec1,cancer,Malignant Neoplasms,0.9914878010749817
40662150_sec1,cryptococcal disease,Cryptococcus,0.7762130498886108
40662150_sec1,Sub-Saharan Africa,Africa South of the Sahara,0.9477239847183228
40662150_sec1,AIDS,Acquired Immunodeficiency Syndrome,0.9978005886077881
40662150_sec1,diabetes,Diabetes,0.9754753708839417
40662150_sec1,autoimmune diseases,Autoimmune Diseases,0.9742373824119568
40662150_sec1,lymphoproliferative malignancy,Gammaherpesvirinae,0.7238534092903137
40662150_sec1,liver cirrhosis,Liver Cirrhosis,0.9737332463264465
40662150_sec1,blood-brain barrier,Blood - brain barrier anatomy,0.9633370041847229
40662150_sec1,central nervous system disorders,CNS disorder,0.9802107214927673
40662150_sec1,antifungal drugs,Antifungal Agents,0.960821807384491
40662150_sec9,cka1Δ,CSNK2A1 gene,0.9108729362487793
40662150_sec9,wild-type strain,Wild-type strain,0.9574934244155884
40662150_sec9,upregulated genes,Gene Expression Regulation,0.7016075253486633
40662150_sec9,downregulated genes,Downregulated Genes,1.0
40662150_sec9,triple,Triplicate,0.9822531938552856
40662150_sec9,Supplementary Document 1,Supplementary Monitoring Activity Document,0.7485772967338562
40662150_sec9,Figure S1,Figure S1,1.0
40662150_sec10,cka1Δ,CSNK2A1 gene,0.9108729362487793
40662150_sec10,L-methionine,methionine,0.9594888091087341
40662150_sec10,lysophospholipase,Lysophospholipase,0.986711859703064
40662150_sec10,phospholipase A2,Phospholipases A2,0.9755114912986755
40662150_sec10,DNA binding,DNA Binding,0.976075291633606
40662150_sec10,four-way junction helicase,four-way junction helicase activity,0.878215491771698
40662150_sec10,single-stranded DNA dependent ATP-dependent DNA helicase,ATP-Dependent DNA Helicases,0.9634097814559937
40662150_sec10,phosphatidylcholine,Phosphatidylcholines,0.974031925201416
40662150_sec10,mRNA cleavage,mRNA cleavage,0.972510576248169
40662150_sec10,ERMES complex,Complex,0.9903109669685364
40662150_sec10,phagophore,Phagophores,0.9749373197555542
40662150_sec10,U6 snRNP,RNU6-1 gene,0.9999999403953552
40662150_sec10,alpha DNA polymerase primase complex,alpha DNA polymerase:primase complex,0.8792491555213928
40662150_sec10,nuclear nucleosome,Nuclear nucleosome,0.9951109886169434
40662150_sec11,cka1Δ,CSNK2A1 gene,0.9108729362487793
40662150_sec11,glycerophospholipid metabolism,Glycerophospholipid metabolic process,0.9920490980148315
40662150_sec11,DNA replication,DNA Replication,0.9601574540138245
40662150_sec11,cysteine-methionine metabolism,methionine metabolism,0.8122771978378296
40662150_sec11,mitophagy,Mitophagy,0.9684501886367798
40662150_sec11,homologous recombination,Homologous Recombination,0.9740785360336304
40662150_sec11,glycosylphosphatidylinositol-anchor biosynthesis,GPI anchor biosynthetic process,0.8929070830345154
40662150_sec11,nuclear nucleosomes,Nucleosomes,0.8786004185676575
40662150_sec11,chromatin,Chromatin,0.9869920611381531
40662150_sec12,Q5KKN1_CRYNJ,Q5Kkn1_Crynj,1.0
40662150_sec12,Q5KA63_CRYNJ,Q5Ka63_Crynj,1.0
40662150_sec12,Q5KFT2_CRYNJ,Q5Kft2_Crynj,1.0
40662150_sec12,Q5K997_CRYNJ,Q5K997_Crynj,1.0
40662150_sec12,ARO1_CRYNJ,Aro1_Crynj,1.0
40662150_sec12,Q5KD10_CRYNJ,Q5Kd10_Crynj,1.0
40662150_sec12,Q5KL19_CRYNJ,Q5Kl19_Crynj,1.0
40662150_sec12,Q5KJU6_CRYNJ,Q5Kju6_Crynj,1.0
40662150_sec12,Q5KG11_CRYNJ,Q5Kg11_Crynj,1.0
40662150_sec12,Q5KC42_CRYNJ,Q5Kc42_Crynj,1.0
40662150_sec12,Q5KP63_CRYNJ,Q5Kp63_Crynj,1.0
40662150_sec12,Q5KEV1_CRYNJ,Q5Kev1_Crynj,1.0
40662150_sec12,Q5KNH2_CRYNJ,Q5Knh2_Crynj,1.0
40662150_sec12,Q5KFT0_CRYNJ,Q5Kft0_Crynj,1.0
40662150_sec12,Q5KA46_CRYNJ,Q5Ka46_Crynj,1.0
40662150_sec13,Q5KHQ2_CRYNJ,Q5Khq2_Crynj,1.0
40662150_sec13,Q5KN73_CRYNJ,Q5Kn73_Crynj,1.0
40662150_sec13,Q5KFT0_CRYNJ,Q5Kft0_Crynj,1.0
40662150_sec13,Q5KA46_CRYNJ,Q5Ka46_Crynj,1.0
40662150_sec13,cka1,CSNK2A1 gene,0.991327702999115
40662150_sec13,ckb1,CCL14 gene,0.9927175045013428
40662150_sec13,ckb2,CSNK2B gene,0.9937213659286499
40662150_sec13,ARO1_CRYNJ,Aro1_Crynj,1.0
40662150_sec13,CHEMBL267345,Chembl267345,1.0
40662150_sec13,CHEMBL1117,Chembl1117,1.0
40662150_sec13,CHEMBL1200647,Chembl1200647,1.0
40662150_sec13,AMPHOTERICIN B,amphotericin B,0.9753387570381165
40662150_sec13,ergosterol,Ergosterol,0.9665799736976624
40662150_sec13,IDARUBICIN,idarubicin,0.9734751582145691
40662150_sec13,CANDICIDIN,Candicidin,0.9913278818130493
40662150_sec13,Tc24 protein,Proteins,0.793930172920227
40662150_sec14,cka1,CSNK2A1 gene,0.991327702999115
40662150_sec14,Q5KFT2_CRYNJ,Q5Kft2_Crynj,1.0
40662150_sec14,IDARUBICIN,idarubicin,0.9734751582145691
40662150_sec14,Glycine cleavage system P-protein,Glycine dehydrogenase (decarboxylating),0.9608463048934937
40662150_sec14,Glycine dehydrogenase,Glycine Dehydrogenase,0.9792383313179016
40662150_sec14,Small ribosomal subunit protein uS17,"Ribosome Subunits, Small",0.8613560199737549
40662150_sec14,Q5KL19_CRYNJ,Q5Kl19_Crynj,1.0
40662150_sec14,Q5KNH2_CRYNJ,Q5Knh2_Crynj,1.0
40662150_sec14,CANDICIDIN,Candicidin,0.9913278818130493
40662150_sec14,Q5KA46_CRYNJ,Q5Ka46_Crynj,1.0
40662150_sec14,Q5KAB9_CRYNJ,Q5Kab9_Crynj,1.0
40662150_sec14,Large ribosomal subunit protein eL14,Ribosome Subunits,0.8171878457069397
40662150_sec15,Cryptococcal meningitis,"Meningitis, Cryptococcal",0.9729833006858826
40662150_sec15,C. neoformans,Cryptococcus neoformans,0.95836341381073
40662150_sec15,Ck2 complex,Casein Kinase II,0.9971604943275452
40662150_sec15,cka1,CSNK2A1 gene,0.991327702999115
40662150_sec15,ckb1,CCL14 gene,0.9927175045013428
40662150_sec15,ckb2,CSNK2B gene,0.9937213659286499
40662150_sec15,RNA-sequenced cell cultures,Rna-Sequenced Cell Cultures,1.0
40662150_sec15,Glycerophospholipid metabolism,Glycerophospholipid metabolic process,0.9920490980148315
40662150_sec15,Glycosylphosphatidylinositol-anchor biosynthesis,bioformation,0.9844212532043457
40662150_sec15,phosphatidylcholine,Phosphatidylcholines,0.974031925201416
40662150_sec15,phosphatidylethanolamine,phosphatidylethanolamines,0.9835300445556641
40662150_sec15,phosphoinositide,phosphatidylinositols,0.9883008003234863
40662150_sec15,phosphatidic acids,Phosphatidic Acids,0.9806033968925476
40662150_sec15,extracellular phospholipases,Phospholipase,0.9876777529716492
40662150_sec16,Ck2 complex,Casein Kinase II,0.9971604943275452
40662150_sec16,C. neoformans,Cryptococcus neoformans,0.95836341381073
40662150_sec16,amphotericin B,amphotericin B,0.9753387570381165
40662150_sec16,idarubicin,idarubicin,0.9734751582145691
40662150_sec16,candicidin,Candicidin,0.9913278818130493
40662150_sec16,pathogenesis,Pathogenesis,0.9826036691665649
40662150_sec16,proliferation,Proliferation (morphologic abnormality),0.9703319072723389
40662150_sec16,signaling pathways,Signal Pathways,0.973293662071228
40662150_sec16,angiogenesis,Angiogenic Process,0.9810025095939636
40662150_sec16,apoptosis,Apoptosis,0.9858441352844238
40662150_sec16,virulence,Virulence,0.9862511157989502
40420790_sec0,pyrimidinone,Pyrimidinones,0.9858232140541077
40420790_sec0,dihydropyrimidinone,Dihydropyridines,0.7735030651092529
40420790_sec0,"2,4-diaryl-substituted pyrimidines",Pyrimidines,0.9850630164146423
40420790_sec0,PIK3γ,"PIK3CG wt Allele, Human",0.8178238272666931
40420790_sec0,phosphoinositide 3-kinases,Phosphatidylinositol 3-Kinases,0.87764972448349
40420790_sec0,molecular docking,Molecular Docking,0.9794326424598694
40420790_sec0,cancer treatment,Malignant Neoplasms,0.9914878010749817
40420790_sec1,amidines,Amidines,0.9904294013977051
40420790_sec1,pyrimidines,Pyrimidines,0.9850630164146423
40420790_sec1,4-pyrimidinols,4-Pyrimidinols,1.0
40420790_sec1,ethyl-β-ketoesters,Ethyl-Β-Ketoesters,1.0
40420790_sec1,Cu-catalyzed,Cu-Catalyzed,1.0
40420790_sec1,4-HO-TEMPO,4-Ho-Tempo,1.0
40420790_sec1,oxidative dehydrogenation,Oxidative Dehydrogenation,1.0
40420790_sec1,annulation,Removal of tracheostomy tube,0.7172895669937134
40420790_sec1,β-C−H-functionalization,Rationalization,0.7227680087089539
40420790_sec1,imidazole,imidazole,0.9835447072982788
40420790_sec1,tetrahydroquinazolines,Tetrahydroisoquinolines,0.702244222164154
40420790_sec1,bisbenzylidene cyclohexanones,Cyclohexanones,0.982170045375824
40420790_sec1,Fe-complex,Complex,0.7460225224494934
40420790_sec1,TEMPO,"2,2,6,6-tetramethyl-4-piperidine-N-oxide",0.979330837726593
40420790_sec9,α-aminoamidine 1a,Α-Aminoamidine 1A,1.0
40420790_sec9,ethyl acetoacetate 2,ethyl acetoacetate,0.9590387344360352
40420790_sec9,tert-butyl(2-propan-2-yl)carbamate 3,Tert-Butyl(2-Propan-2-Yl)Carbamate 3,1.0
40420790_sec9,α-aminoamidine 1b,Α-Aminoamidine 1B,1.0
40420790_sec9,α-aminoamidine 1c,Α-Aminoamidine 1C,1.0
40420790_sec9,methyl acrylate 4,methylmethacrylate,0.826108992099762
40420790_sec9,N-(2-propan-2-yl)methanesulfonamide 5,N-(2-Propan-2-Yl)Methanesulfonamide 5,1.0
40420790_sec9,tert-butyl(2-butan-2-yl)carbamate 6,Tert-Butyl(2-Butan-2-Yl)Carbamate 6,1.0
40420790_sec9,aminoacrylic acid 7,Amino Acids,0.717851996421814
40420790_sec9,"tert-Butyl(tert-butoxycarbonyl)(2-(2-(amino)propan-2-yl)-4-oxo-5,6-dihydropyrimidin-5-yl)carbamate 8","Tert-Butyl(Tert-Butoxycarbonyl)(2-(2-(Amino)Propan-2-Yl)-4-Oxo-5,6-Dihydropyrimidin-5-Yl)Carbamate 8",1.0
40420790_sec9,"2-methylamino-4,6-diaryl-substituted pyrimidines",Pyrimidines,0.9850630164146423
40420790_sec9,chalcones 9a-e,Chalcones,0.8179757595062256
40420790_sec9,2-propan-2-amine 10a-i,2-Propan-2-Amine 10A-I,1.0
40420790_sec9,unprotected pyrimidinone 11,Pyrimidinones,0.9858232140541077
40420790_sec9,pyrimidine 10k,Pyrimidines,0.8609120845794678
40420790_sec10,"4,6-Diaryl-substituted pyrimidines",Pyrimidines,0.9850630164146423
40420790_sec10,PI3Ks,Pi3Ks,1.0
40420790_sec10,pyrimidinone derivatives,Pyrimidinones,0.7120749950408936
40420790_sec10,α-aminoamidines,Α-Aminoamidines,1.0
40420790_sec10,saturated carbonyl derivatives,Saturated Carbonyl Derivatives,1.0
40420790_sec10,PIK3γ,"PIK3CG wt Allele, Human",0.8178238272666931
40420790_sec10,anticancer agents,Antineoplastic Agents,0.984878659248352
39715975_sec0,Signal Transducer and Activator of Transcription 3,Activator,0.9850021600723267
39715975_sec0,non-small cell lung cancer,Non-Small Cell Lung Carcinoma,0.9687209129333496
39715975_sec0,STAT3 inhibitors,inhibitors,0.9835798144340515
39715975_sec0,HG110,APLNR wt Allele,0.7224212884902954
39715975_sec0,HG106,Hg106,1.0
39715975_sec0,IL6-stimulated H441 cells,Stimulation (motivation),0.7575815916061401
39715975_sec0,STAT3 phosphorylation,Phosphorylation,0.9787772297859192
39715975_sec0,Tyr705,Tyr705,1.0
39715975_sec0,molecular docking,Molecular Docking,0.9794326424598694
39715975_sec0,molecular dynamics simulations,Molecular Dynamics Simulation,0.9699246287345886
39715975_sec0,transfer learning,Psychological Transfer,0.9753956198692322
39715975_sec0,virtual screening,Viral screening,0.7843745946884155
39715975_sec1,Non-small cell lung cancer,Non-Small Cell Lung Carcinoma,0.9687209129333496
39715975_sec1,EGFR,Epidermal Growth Factor Receptor,0.9993658065795898
39715975_sec1,ALK,ALK gene,0.9780487418174744
39715975_sec1,ROS1,ROS1 gene,0.9658681154251099
39715975_sec1,Gefitinib,gefitinib,0.9613086581230164
39715975_sec1,Crizotinib,crizotinib,0.9793730974197388
39715975_sec1,MET,methionine,0.9878376126289368
39715975_sec1,RET,"RET protein, human",0.9841868877410889
39715975_sec1,KRAS,K-ras Oncogene,0.9688149094581604
39715975_sec1,PD-1,PDCD1 gene,0.9921272993087769
39715975_sec1,PD-L1,"CD274 protein, human",0.9960317611694336
39715975_sec1,Signal transducer and activator of transcription 3,Activator,0.9850021600723267
39715975_sec1,STAT3,Stat3 protein,0.9358230233192444
39715975_sec37,STAT3,Stat3 protein,0.9358230233192444
39715975_sec37,STAT3 inhibitors,inhibitors,0.9835798144340515
39715975_sec37,IC 50,Ic 50,1.0
39715975_sec37,AlogP,Alogp,1.0
39715975_sec37,ZINC database,Databases,0.8018705248832703
39715975_sec37,Uniform Manifold Approximation and Projection,Projections and Predictions,0.9074811935424805
39715975_sec37,dimensionality reduction,Dimensionality,0.9877852201461792
39715975_sec37,pharmacophoric fragments,Pharmacophoric Fragments,1.0
39715975_sec37,chemical space,Chemicals,0.7691411375999451
39715975_sec37,molecular structures,Molecular Structure,0.9905129075050354
39715975_sec38,STAT3,Stat3 protein,0.9358230233192444
39715975_sec38,benzotriazole,benzotriazole,0.9790526628494263
39715975_sec38,inhibitors,inhibitors,0.9835798144340515
39715975_sec38,molecular properties,Molecular Properties,1.0
39715975_sec38,docking scores,Docking -molecular interaction,0.7107722759246826
39715975_sec38,chemical space,Chemicals,0.7691411375999451
39715975_sec38,biological screening,Neurological screening,0.7651171684265137
39715975_sec38,anticancer activity,Anticancer Activity,1.0
39715975_sec39,HG106,Hg106,1.0
39715975_sec39,HG110,APLNR wt Allele,0.7224212884902954
39715975_sec39,NSCLC,Non-Small Cell Lung Carcinoma,0.9843512773513794
39715975_sec39,NCI-H441,Nci-H441,1.0
39715975_sec39,NCI-H1299,Nci-H1299,1.0
39715975_sec39,A549,A549,1.0
39715975_sec39,NCI-H522,NCI-H522,0.982616126537323
39715975_sec39,MRC-5,Mrc-5,1.0
39715975_sec39,GES-1,Ges-1,1.0
39715975_sec39,IC50,Inhibitory Concentration 50,0.9730384945869446
39715975_sec39,SRB assay,CCT4 gene,0.9914087653160095
39715975_sec40,HG106,Hg106,1.0
39715975_sec40,HG110,APLNR wt Allele,0.7224212884902954
39715975_sec40,NCI-H441,Nci-H441,1.0
39715975_sec40,NCI-H1299,Nci-H1299,1.0
39715975_sec40,NCI-H522,NCI-H522,0.982616126537323
39715975_sec40,A549,A549,1.0
39715975_sec40,non-small cell lung cancer,Non-Small Cell Lung Carcinoma,0.9687209129333496
39715975_sec40,colony formation assay,Colony Formation Assay,1.0
39715975_sec40,soft agar colony formation assay,Soft Agar Assay,0.7848849892616272
39715975_sec40,1 μM,1 Μm,1.0
39715975_sec40,0.5 μM,0.5 Μm,1.0
39715975_sec41,HG106,Hg106,1.0
39715975_sec41,HG110,APLNR wt Allele,0.7224212884902954
39715975_sec41,H441,H441,1.0
39715975_sec41,Bax,BAX gene,0.9446444511413574
39715975_sec41,caspase-3,caspase-3,0.9778422117233276
39715975_sec41,Bcl-2,BCL2 gene,0.9942481517791748
39715975_sec41,apoptosis,Apoptosis,0.9858441352844238
39715975_sec41,pro-apoptotic,Apoptotic,0.733085036277771
39715975_sec41,anti-apoptotic,"BCL2L10 protein, human",0.7340196967124939
39715975_sec42,HG106,Hg106,1.0
39715975_sec42,HG110,APLNR wt Allele,0.7224212884902954
39715975_sec42,STAT3,Stat3 protein,0.9358230233192444
39715975_sec42,H441,H441,1.0
39715975_sec42,H1299,H1299,1.0
39715975_sec42,phosphorylation,Phosphorylation,0.9787772297859192
39715975_sec42,immunofluorescence staining,Immunofluorescent stain method,0.8291665315628052
39715975_sec42,nuclear translocation,Nuclear Translocation,0.9673550128936768
39715975_sec43,HG106,Hg106,1.0
39715975_sec43,HG110,APLNR wt Allele,0.7224212884902954
39715975_sec43,STAT3,Stat3 protein,0.9358230233192444
39715975_sec43,Trp623,Trp623,1.0
39715975_sec43,Gln635,Gln635,1.0
39715975_sec43,Ser636,Ser636,1.0
39715975_sec43,Val637,Val637,1.0
39715975_sec43,Tyr640,Tyr640,1.0
39715975_sec43,Tyr657,Tyr657,1.0
39715975_sec43,Ile659,Ile659,1.0
39715975_sec43,Glu638,Glu638,1.0
39715975_sec43,triazole,Triazoles,0.982865035533905
39715975_sec43,Gln644,Gln644,1.0
39715975_sec43,methoxyl,methoxyamine,0.7047255635261536
39715975_sec43,molecular docking,Molecular Docking,0.9794326424598694
39715975_sec44,STAT3,Stat3 protein,0.9358230233192444
39715975_sec44,HG106,Hg106,1.0
39715975_sec44,HG110,APLNR wt Allele,0.7224212884902954
39715975_sec44,benzotriazole,benzotriazole,0.9790526628494263
39715975_sec44,NSCLC,Non-Small Cell Lung Carcinoma,0.9843512773513794
39715975_sec44,IL6,interleukin-6,0.977380633354187
39715975_sec44,gp130,interleukin-11 receptor activity,0.9936773180961609
39715975_sec44,JAK1,Janus kinase 1,0.9897279143333435
39715975_sec44,JAK2,Janus kinase 2,0.9896878004074097
39715975_sec44,phosphorylation,Phosphorylation,0.9787772297859192
39715975_sec44,Tyr705,Tyr705,1.0
39715975_sec44,apoptosis,Apoptosis,0.9858441352844238
39715975_sec44,tumor-associated pathways,Cancer Pain,0.7755081057548523
39715975_sec44,cancer cell proliferation,"Tumor cells, malignant",0.9926831722259521
39715975_sec44,immune evasion,Immune Evasion,0.9680518507957458
39715975_sec45,HG110,APLNR wt Allele,0.7224212884902954
39715975_sec45,NSCLC,Non-Small Cell Lung Carcinoma,0.9843512773513794
39715975_sec45,STAT3,Stat3 protein,0.9358230233192444
39715975_sec45,STAT3 phosphorylation,Phosphorylation,0.9787772297859192
39715975_sec45,oncogenic signaling pathways,Oncogenic,0.9810448288917542
39715975_sec45,tumor progression,Tumor Progression,0.9755368828773499
39715975_sec45,tumor growth,tumor growth,0.9832547903060913
39715975_sec45,NSCLC xenograft models,Non-Small Cell Lung Carcinoma,0.9843512773513794
39715975_sec45,antitumor agent,Antineoplastic Agents,0.9825041890144348
39715975_sec45,pharmacokinetic properties,Drug Kinetics,0.8467845916748047
39715975_sec45,pharmacodynamic properties,Pharmacodynamics,0.9763796925544739
39715975_sec45,targeted therapies,Molecular Targeted Therapy,0.8067745566368103
39715975_sec45,immune checkpoint inhibitors,Immune Checkpoint Inhibitors,0.9651358723640442
38437501_sec0,methicillin-resistant Staphylococcus aureus,MRSA - Methicillin resistant Staphylococcus aureus infection,0.975837767124176
38437501_sec0,methicillin-susceptible Staphylococcus aureus,Methicillin susceptible Staphylococcus aureus,0.9741847515106201
38437501_sec0,machine learning,Machine Learning,0.9763252139091492
38437501_sec0,antibacterial activity,antibacterial peptide activity,0.8299573063850403
38437501_sec0,minimal inhibitory concentrations,Minimal,0.9675830006599426
38437501_sec0,American Type Culture Collection,American Type Culture Collection,0.9780635237693787
38437501_sec0,CADD techniques,Methods aspects,0.9805371165275574
38437501_sec0,antimicrobial agents,Microbicides,0.9802045226097107
38437501_sec0,MRSA,MRSA - Methicillin resistant Staphylococcus aureus infection,0.9739977717399597
38437501_sec0,MSSA,Methicillin susceptible Staphylococcus aureus,0.970862865447998
38437501_sec1,Escherichia coli,Escherichia coli,0.9835531711578369
38437501_sec1,methicillin-resistant Staphylococcus aureus,MRSA - Methicillin resistant Staphylococcus aureus infection,0.975837767124176
38437501_sec1,PBP2a,Pbp2A,1.0
38437501_sec1,β-lactams,Lactams,0.8002057075500488
38437501_sec1,TEM-1 β-lactamase,Tem-1 Β-Lactamase,1.0
38437501_sec1,β-lactamase producing Enterobacteriaceae,Enterobacteriaceae,0.9754343032836914
38437501_sec1,antimicrobial resistance,Antimicrobial Resistance,0.985088586807251
38437501_sec1,MRSA,MRSA - Methicillin resistant Staphylococcus aureus infection,0.9739977717399597
38437501_sec1,World Health Organization,World Health Organization,0.9520317912101746
38437501_sec1,Centers for Disease Control and Prevention,Centers for Disease Control and Prevention (U.S.),0.9803240895271301
38437501_sec1,HIV/AIDS,Acquired Immunodeficiency Syndrome,0.9583784341812134
38437501_sec1,tuberculosis,Tuberculosis,0.9882162809371948
38437501_sec14,S. aureus,Staphylococcus aureus,0.9574331045150757
38437501_sec14,MRSA,MRSA - Methicillin resistant Staphylococcus aureus infection,0.9739977717399597
38437501_sec14,MSSA,Methicillin susceptible Staphylococcus aureus,0.970862865447998
38437501_sec14,S. aureus ATCC 25923,S. Aureus Atcc 25923,1.0
38437501_sec16,MSSA,Methicillin susceptible Staphylococcus aureus,0.970862865447998
38437501_sec16,MRSA,MRSA - Methicillin resistant Staphylococcus aureus infection,0.9739977717399597
38437501_sec16,SRI,SRI gene,0.9793401956558228
38437501_sec16,QSAR models,Study models,0.9922584891319275
38437501_sec16,compound 1,Compound (substance),0.9219197034835815
38437501_sec16,compound 2,Compound (substance),0.9219197034835815
38437501_sec16,BraCoLi,Acoli Language,0.7025420069694519
38437501_sec16,NuBBE,Nubbe,1.0
38437501_sec16,experimental validation,Validation,0.9677885174751282
38437501_sec16,applicability domain,Applicability Domain,1.0
38437501_sec16,virtual screening,Viral screening,0.7843745946884155
38437501_sec16,negative control,Negative,0.9770849347114563
38437501_sec16,positive prediction,Positive,0.996591329574585
38437501_sec16,inactive predictions,Prediction,0.9753484129905701
38437501_sec17,MSSA,Methicillin susceptible Staphylococcus aureus,0.970862865447998
38437501_sec17,MRSA,MRSA - Methicillin resistant Staphylococcus aureus infection,0.9739977717399597
38437501_sec17,E. coli,Escherichia coli,0.9512033462524414
38437501_sec17,"2-[1-(2,3,4-tri-O-acetyl-6-deoxy-β-l-galactopyranosyl)-1,2,3-triazol-4-oxy]-1,4-naphtoquinone","2-[1-(2,3,4-Tri-O-Acetyl-6-Deoxy-Β-L-Galactopyranosyl)-1,2,3-Triazol-4-Oxy]-1,4-Naphtoquinone",1.0
38437501_sec17,"2-[1-(6-deoxy-β-l-galactopyranosyl)-1,2,3-triazol-4-oxy]-3--1,4-naphtoquinone","2-[1-(6-Deoxy-Β-L-Galactopyranosyl)-1,2,3-Triazol-4-Oxy]-3--1,4-Naphtoquinone",1.0
38437501_sec17,"1,3-bis­propano-2-aminium chloride","1,3-Bis­Propano-2-Aminium Chloride",1.0
38437501_sec17,caseargrewiin F,caseargrewiin F,0.9527029395103455
38437501_sec17,"N, N′-(oxybis­)-bis­(5-furan-2-carboxamide)","N, N′-(Oxybis­)-Bis­(5-Furan-2-Carboxamide)",1.0
38437501_sec17,MIC determination,methyl isocyanate,0.9922851324081421
38437501_sec17,UPLC,Uplc,1.0
38437501_sec17,HPLC,High pressure liquid chromatography procedure,0.9933162927627563
38437501_sec17,broth microdilution assay,Broth Microdilution Assay,1.0
38437501_sec18,S. aureus,Staphylococcus aureus,0.9574331045150757
38437501_sec18,MRSA,MRSA - Methicillin resistant Staphylococcus aureus infection,0.9739977717399597
38437501_sec18,MSSA,Methicillin susceptible Staphylococcus aureus,0.970862865447998
38437501_sec18,glycopeptide–intermediate S. aureus,Glycopeptides,0.9904044270515442
38437501_sec18,antibacterial compounds,Anti-Bacterial Agents,0.8561054468154907
38437501_sec18,Fisher’s Weight,Body Weight,0.720352828502655
38437501_sec18,MDR bacteria,Bacteria,0.8462765216827393
38437501_sec18,therapeutic agents,Therapeutic agent,0.9732093214988708
38437501_sec18,biological activity,biology (field),0.7264844179153442
39740163_sec0,Pulmonary fibrosis,Pulmonary Fibrosis,0.9863298535346985
39740163_sec0,Transforming growth factor-beta,Transforming Growth Factor beta,0.9649337530136108
39740163_sec0,TGF-β,Transforming Growth Factor beta,0.7787440419197083
39740163_sec0,Cyclin-dependent kinase 8,"CDK8 protein, human",0.9756380915641785
39740163_sec0,CDK8,"CDK8 protein, human",0.978542149066925
39740163_sec0,CDK8 inhibitor,"CDK8 protein, human",0.978542149066925
39740163_sec0,P,P,1.0
39740163_sec0,A549,A549,1.0
39740163_sec0,human alveolar epithelial cell lines,Homo sapiens,0.9989930391311646
39740163_sec0,Smad,"SMAD3 protein, human",0.895819902420044
39740163_sec0,TGF-β/Smad signaling pathway,Signal Transduction,0.8126105666160583
39740163_sec0,epithelial-to-mesenchymal transition,epithelial to mesenchymal transition,0.966229259967804
39740163_sec0,cell migration,"Migration, Cell",0.9562771916389465
39740163_sec0,protein expression,protein expression,0.9588513374328613
39740163_sec0,structure-based virtual screening,Structure-Based Virtual Screening,1.0
39740163_sec1,pulmonary fibrosis,Pulmonary Fibrosis,0.9863298535346985
39740163_sec1,pirfenidone,pirfenidone,0.9627233743667603
39740163_sec1,nintedanib,nintedanib,0.9745090007781982
39740163_sec1,transforming growth factor-beta (TGF-β),Transforming Growth Factor beta,0.9487152695655823
39740163_sec1,mothers against decapentaplegic homologues,Mother (person),0.9920557141304016
39740163_sec1,TGF-β/Smad complex,Tgf-Β/Smad Complex,1.0
39740163_sec1,noninflammatory lung fibrogenesis,Noninflammatory,0.9890923500061035
39740163_sec1,Cyclin-dependent kinase 8 (CDK8),"CDK8 protein, human",0.978542149066925
39740163_sec1,pro-inflammatory cytokines,Pro-Inflammatory Cytokines,1.0
39740163_sec1,epithelial-to-mesenchymal transition (EMT),Emergency Medical Technicians,0.9849562048912048
39740163_sec15,CDK8,"CDK8 protein, human",0.978542149066925
39740163_sec15,CDK8 inhibitors,Angiotensin-Converting Enzyme Inhibitors,0.7689595222473145
39740163_sec15,ChemDiv,Chemdiv,1.0
39740163_sec15,4F6U,4F6U,1.0
39740163_sec15,4F6W,4F6W,1.0
39740163_sec15,DMG loop,Dmg Loop,1.0
39740163_sec15,cocrystal ligands,methamphetamine,0.728352963924408
39740163_sec15,Available Chemical Directory,Availability of,0.9738455414772034
39740163_sec15,D98,D98,1.0
39740163_sec15,Y99,Y99,1.0
39740163_sec15,A100,A100,1.0
39740163_sec15,docking performance,Docking Performance,1.0
39740163_sec15,docking scores,Docking -molecular interaction,0.7107722759246826
39740163_sec15,enzyme-based validation,Enzyme-Based Validation,1.0
39740163_sec16,CDK8,"CDK8 protein, human",0.978542149066925
39740163_sec16,compound P,Compound (substance),0.9219197034835815
39740163_sec16,quinoline,quinoline,0.9810852408409119
39740163_sec16,"1,3,4-oxadiazole","1,3,4-oxadiazole",0.9826450347900391
39740163_sec16,A100,A100,1.0
39740163_sec16,D173,D173,1.0
39740163_sec16,E66,E66,1.0
39740163_sec16,A50,A50,1.0
39740163_sec16,K52,K52,1.0
39740163_sec16,Y99,Y99,1.0
39740163_sec16,F97,F97,1.0
39740163_sec16,IC50,Inhibitory Concentration 50,0.9730384945869446
39740163_sec16,50.4 nM,50.4 Nm,1.0
39740163_sec17,CDK8,"CDK8 protein, human",0.978542149066925
39740163_sec17,PDB ID: 4F6U,Id Personality Component,0.9988806843757629
39740163_sec17,Type II CDK8 inhibitors,Type Ii Cdk8 Inhibitors,1.0
39740163_sec17,NZ8,Nz8,1.0
39740163_sec17,OSR,Osr,1.0
39740163_sec17,D173,D173,1.0
39740163_sec17,E66,E66,1.0
39740163_sec17,K52,K52,1.0
39740163_sec17,hydrophobic back pocket,Hydrophobic Back Pocket,1.0
39740163_sec17,adenine pocket,adenine,0.7243584394454956
39740163_sec17,gate area,Geographic Locations,0.7038849592208862
39740163_sec17,SBVS,Sbvs,1.0
39740163_sec18,CDK8,"CDK8 protein, human",0.978542149066925
39740163_sec18,CDK9,"CDK9 protein, human",0.9759927988052368
39740163_sec18,P,P,1.0
39740163_sec18,kinase inhibitors,Kinase Inhibitors [MoA],0.9797645211219788
39740163_sec18,inhibitory activity,nitric-oxide synthase inhibitor activity,0.8382447361946106
39740163_sec18,ATP binding site,Binding Sites,0.9879111647605896
39740163_sec19,CDK8,"CDK8 protein, human",0.978542149066925
39740163_sec19,CHEMBL5187943,Chembl5187943,1.0
39740163_sec19,CHEMBL1983980,Chembl1983980,1.0
39740163_sec19,Tanimoto score,Tanimoto Score,1.0
39740163_sec19,t-distributed stochastic neighbor embedding,T-Distributed Stochastic Neighbor Embedding,1.0
39740163_sec19,molecular fingerprints,Molecular Signature,0.921500563621521
39740163_sec20,A549,A549,1.0
39740163_sec20,CDK8,"CDK8 protein, human",0.978542149066925
39740163_sec20,TGF-β1,Transforming Growth Factor beta,0.7787440419197083
39740163_sec20,senexin A,senexin A,0.9631069302558899
39740163_sec20,pirfenidone,pirfenidone,0.9627233743667603
39740163_sec20,MTT assay,Colorimetric Cell Viability Assay,0.960574746131897
39740163_sec20,cell viability,Cell Survival,0.9879168272018433
39740163_sec20,IC 50,Ic 50,1.0
39740163_sec20,cell migration,"Migration, Cell",0.9562771916389465
39740163_sec20,cytotoxicity,cytotoxicity,0.993109941482544
39740163_sec20,concentration-dependent inhibition,Psychological inhibition,0.9534496068954468
39740163_sec21,TGF-β1,Transforming Growth Factor beta,0.7787440419197083
39740163_sec21,A549,A549,1.0
39740163_sec21,collagen I,collagen type I,0.9794849157333374
39740163_sec21,α-smooth muscle actin,"ACTN1 protein, human",0.819875955581665
39740163_sec21,E-cadherin,E-Cadherin,0.9557512402534485
39740163_sec21,N-Cadherin,N-Cadherins,0.9646763205528259
39740163_sec21,Senexin A,senexin A,0.9631069302558899
39740163_sec21,pirfenidone,pirfenidone,0.9627233743667603
39740163_sec21,EMT,Emergency Medical Technicians,0.9849562048912048
39740163_sec21,myofibroblast markers,Markers (device),0.9845821261405945
39740163_sec21,EMT protein expression,Gene Expression,0.9563115835189819
39740163_sec21,fibrosis,Fibrosis,0.9862003922462463
39740163_sec21,concentration-dependent manner,Mental concentration,0.7098459005355835
39740163_sec21,immunofluorescence analysis,Fluorescent Antibody Technique,0.8214269280433655
39740163_sec22,CDK8,"CDK8 protein, human",0.978542149066925
39740163_sec22,Smad3,"SMAD3 protein, human",0.980929970741272
39740163_sec22,TGF-β1,Transforming Growth Factor beta,0.7787440419197083
39740163_sec22,p-Smad3 T179,P-Smad3 T179,1.0
39740163_sec22,RNA polymerase II,RNA Polymerase II,0.9885529279708862
39740163_sec22,A549 cells,A549 Cells,0.9520017504692078
39740163_sec22,senexin A,senexin A,0.9631069302558899
39740163_sec22,pirfenidone,pirfenidone,0.9627233743667603
39740163_sec22,pSer2/5,Pser2/5,1.0
39740163_sec22,phosphorylation,Phosphorylation,0.9787772297859192
39740163_sec23,CDK8,"CDK8 protein, human",0.978542149066925
39740163_sec23,senexin A,senexin A,0.9631069302558899
39740163_sec23,cortistatin A,cortistatin,0.9897738695144653
39740163_sec23,CCT251921,Cct251921,1.0
39740163_sec23,P,P,1.0
39740163_sec23,A100,A100,1.0
39740163_sec23,K52,K52,1.0
39740163_sec23,E66,E66,1.0
39740163_sec23,DMG loop,Dmg Loop,1.0
39740163_sec23,Type II kinase inhibitors,Angiotensin-Converting Enzyme Inhibitors,0.8542893528938293
39740163_sec23,human kinome,Homo sapiens,0.9989930391311646
39740163_sec23,hydrophobic back pocket,Hydrophobic Back Pocket,1.0
39850657_sec0,EquiRank,Equirank,1.0
39850657_sec0,protein-protein docking,Proteins,0.8110776543617249
39850657_sec0,symmetry-aware deep learning,Deep Learning,0.9649851322174072
39850657_sec0,protein complex,Protein complex,0.9802613854408264
39850657_sec0,protein-protein interface,Protein-Protein Interaction,0.827181339263916
39850657_sec0,ESM-2,Esm-2,1.0
39850657_sec0,EGNN,Egnn,1.0
39850657_sec0,CASP15,Casp15,1.0
39850657_sec0,VoroIF_GNN,Voroif_Gnn,1.0
39850657_sec0,AlphaFold-Multimer,Alphafold-Multimer,1.0
39850657_sec1,AlphaFold 2,Alphafold 2,1.0
39850657_sec1,TRScore,Trscore,1.0
39850657_sec1,ResNet,Resnet,1.0
39850657_sec1,VGG network,Social Networks,0.9847361445426941
39850657_sec1,DOVE,Columbidae,0.9720215201377869
39850657_sec1,Convolutional Neural Network,Neural Network Simulation,0.7165082693099976
39850657_sec1,PIsTon,Ossicular piston prosthesis,0.9770927429199219
39850657_sec1,Graph Neural Network,Graph - visual representation,0.9898778796195984
39850657_sec1,protein-protein interactions,Protein-Protein Interaction,0.9761921763420105
39850657_sec1,protein complexes,Chlorophyll Binding Proteins,0.7304129600524902
39850657_sec1,protein binding Interfaces,Protein Binding,0.754975438117981
39850657_sec1,3D voxelized representation,3 Days,0.9996993541717529
39850657_sec1,conformational sampling,Conformational Sampling,1.0
39850657_sec12,EquiRank,Equirank,1.0
39850657_sec12,Spearman correlation,Spearman Correlation Test,0.9637141823768616
39850657_sec12,VoroIF_GNN_test,Voroif_Gnn_Test,1.0
39850657_sec12,Dockground v1,Dockground V1,1.0
39850657_sec12,AlphaFold_Multimer,Alphafold_Multimer,1.0
39850657_sec12,DProQA,Dproqa,1.0
39850657_sec12,GNN-DOVE,Gnn-Dove,1.0
39850657_sec12,DeepRank,Deeprank,1.0
39850657_sec12,PIQLE,Piqle,1.0
39850657_sec13,EquiRank,Equirank,1.0
39850657_sec13,VoroIF_GNN,Voroif_Gnn,1.0
39850657_sec13,GNN-DOVE,Gnn-Dove,1.0
39850657_sec13,DProQA,Dproqa,1.0
39850657_sec13,DeepRank-GNN-esm,Deeprank-Gnn-Esm,1.0
39850657_sec13,GDockScore,Gdockscore,1.0
39850657_sec13,EuDockScore,Eudockscore,1.0
39850657_sec13,CASP15,Casp15,1.0
39850657_sec13,Dockground v1,Dockground V1,1.0
39850657_sec13,AUC,Area Under Curve,0.97550368309021
39850657_sec13,Protein Language Models,Study models,0.9922584891319275
39850657_sec13,ESM-2,Esm-2,1.0
39850657_sec14,EGNN,Egnn,1.0
39850657_sec14,VoroIF_GNN_validation,Voroif_Gnn_Validation,1.0
39850657_sec14,Spearman correlation,Spearman Correlation Test,0.9637141823768616
39850657_sec14,Protein Language Model,Protein Language Model,1.0
39850657_sec14,ESM-2,Esm-2,1.0
39850657_sec14,Multiple Sequence Alignment,Sequence Alignment,0.7883242964744568
39850657_sec14,AlphaFold2,Alphafold2,1.0
39850657_sec14,t-test,t-Test,0.967781126499176
39850657_sec14,PIQLE,Piqle,1.0
39850657_sec14,multimeric geometry,Multimeric Geometry,1.0
39850657_sec15,EquiRank,Equirank,1.0
39850657_sec15,PIQLE,Piqle,1.0
39850657_sec15,Equivariant Graph Neural Network,Biological Neural Networks,0.9620298147201538
39850657_sec15,Protein Language Model,Protein Language Model,1.0
39850657_sec15,ESM-2,Esm-2,1.0
39850657_sec15,heterodimeric biological assemblies,Heterodimeric Interleukin-15,0.7189860343933105
39850657_sec15,X-ray unbound benchmark set,X-Ray Unbound Benchmark Set,1.0
39850657_sec15,CASP15,Casp15,1.0
39850657_sec15,protein complex quality estimation,Quality,0.9978040456771851
39850657_sec15,equivariance properties,Property (attribute),0.9836723208427429
39850657_sec15,sequence-based representation,Sequence-Based Representation,1.0
39850657_sec15,protein language model-based embeddings,Languages,0.7156102657318115
39811675_sec0,3-Hydroxy-3-methylglutaryl-coenzyme A reductase,Oxidoreductase,0.9876676797866821
39811675_sec0,HMGCR,HMGCR gene,0.9911277294158936
39811675_sec0,hyperlipidemia,Hyperlipidemia,0.9746602773666382
39811675_sec0,Hep-G2,Hep-G2,1.0
39811675_sec0,cholesterol,cholesterol,0.9910957217216492
39811675_sec0,triglyceride,Triglycerides,0.9750672578811646
39811675_sec0,marine bioactive peptides,Marines,0.9890404343605042
39811675_sec0,in vitro,In Vitro [Publication Type],0.9645571708679199
39811675_sec0,peptide fragments,Peptide Fragments,0.9780486822128296
39811675_sec0,protease,Peptide Hydrolases,0.9730750918388367
39811675_sec0,cholesterol synthesis pathway,cholesterol biosynthesis,0.8521003723144531
39811675_sec0,HMGCR inhibitory peptides,HMGCR gene,0.9911277294158936
39811675_sec0,virtual screening,Viral screening,0.7843745946884155
39811675_sec1,Hyperlipidemia,Hyperlipidemia,0.9746602773666382
39811675_sec1,HMG-CoA reductase,Hydroxymethylglutaryl-CoA reductase,0.9600673913955688
39811675_sec1,HMGCR,HMGCR gene,0.9911277294158936
39811675_sec1,Atorvastatin,atorvastatin,0.9552493691444397
39811675_sec1,Cholesterol synthesis pathway,cholesterol biosynthesis,0.8521003723144531
39811675_sec1,Lipid metabolism,Lipid Metabolism,0.987626850605011
39811675_sec1,Cardiovascular diseases,Cardiovascular Diseases,0.9820212125778198
39811675_sec1,Cholesterol absorption,cholesterol absorption,0.9597522020339966
39811675_sec1,Cholesterol metabolism,cholesterol metabolism,0.989743173122406
39811675_sec1,Lipoprotein lipase,LIPOPROTEIN LIPASE,0.9740437865257263
39811675_sec15,Pepsin,pepsin A,0.9701710343360901
39811675_sec15,HMGCR,HMGCR gene,0.9911277294158936
39811675_sec15,Alkaline protease,Alkaline Protease,1.0
39811675_sec15,Atorvastatin,atorvastatin,0.9552493691444397
39811675_sec15,Peptide yield,Peptides,0.9856632351875305
39811675_sec15,HMGCR inhibition rate,HMGCR gene,0.9911277294158936
39811675_sec15,Cholesterol micelle solubility,cholesterol,0.9910957217216492
39811675_sec16,HMGCR,HMGCR gene,0.9911277294158936
39811675_sec16,SER463-GLY860,Ser463-Gly860,1.0
39811675_sec16,LEU462-GLY860,Leu462-Gly860,1.0
39811675_sec16,1HWK,1Hwk,1.0
39811675_sec16,Grid Scores,Score,0.7687435746192932
39811675_sec16,ADMET,Admet,1.0
39811675_sec16,CYP2D6,Cytochrome P-450 CYP2D6,0.9771643280982971
39811675_sec16,peptides,Peptides,0.9834428429603577
39811675_sec16,biological activity,biology (field),0.7264844179153442
39811675_sec17,Hep-G2,Hep-G2,1.0
39811675_sec17,cholesterol,cholesterol,0.9910957217216492
39811675_sec17,TC,CD55 gene,0.9987115859985352
39811675_sec17,FFAs,Nonesterified Fatty Acids,0.9645258784294128
39811675_sec17,WFKTM,Wfktm,1.0
39811675_sec17,peptide fractions,Fraction of,0.7343767881393433
39811675_sec17,high-fat Hep-G2 cells,High-Fat Hep-G2 Cells,1.0
39811675_sec17,43.07%,43.07%,1.0
39811675_sec17,p < 0.05,P < 0.05,1.0
39811675_sec18,HMGCR,HMGCR gene,0.9911277294158936
39811675_sec18,Atorvastatin,atorvastatin,0.9552493691444397
39811675_sec18,APDMAFPR,Apdmafpr,1.0
39811675_sec18,SPADIGFH,Spadigfh,1.0
39811675_sec18,LPAYPMP,Lpaypmp,1.0
39811675_sec18,DYPRPW,Dyprpw,1.0
39811675_sec18,cholesterol synthesis,cholesterol biosynthesis,0.9900512099266052
39811675_sec18,inhibition rate,Psychological inhibition,0.8058120608329773
39811675_sec18,lipid-lowering drugs,Hypolipidemic Agents,0.8558066487312317
39811675_sec19,cholesterol,cholesterol,0.9910957217216492
39811675_sec19,cholesterol micelles,Micelles,0.9940720200538635
39811675_sec19,HMGCR,HMGCR gene,0.9911277294158936
39811675_sec19,Hep-G2,Hep-G2,1.0
39811675_sec19,QDAVMPNPF,Qdavmpnpf,1.0
39811675_sec19,SPADIGFH,Spadigfh,1.0
39811675_sec19,APDMAFPR,Apdmafpr,1.0
39811675_sec19,LPAYPMP,Lpaypmp,1.0
39811675_sec19,DYPRPW,Dyprpw,1.0
39811675_sec19,inhibition rate,Psychological inhibition,0.8058120608329773
39811675_sec19,47.94%,47.94%,1.0
39811675_sec19,37.29%,37.29%,1.0
39811675_sec20,DYPRPW,Dyprpw,1.0
39811675_sec20,APDMAFPR,Apdmafpr,1.0
39811675_sec20,QDAVMPNPF,Qdavmpnpf,1.0
39811675_sec20,LPAYPMP,Lpaypmp,1.0
39811675_sec20,Hep-G2,Hep-G2,1.0
39811675_sec20,FFA-induced Hep-G2 cell model,Induce (action),0.7036493420600891
39811675_sec20,TC,CD55 gene,0.9987115859985352
39811675_sec20,TG,thioguanine,0.9991976618766785
39811675_sec20,0.31 ± 0.04 mmol/gprot,0.31 ± 0.04 Mmol/Gprot,1.0
39811675_sec20,0.33 ± 0.05 mmol/gprot,0.33 ± 0.05 Mmol/Gprot,1.0
39811675_sec20,34.86% ± 0.08,34.86% ± 0.08,1.0
39811675_sec20,31.31% ± 0.10%,31.31% ± 0.10%,1.0
39811675_sec21,DYPRPW,Dyprpw,1.0
39811675_sec21,QDAVMPNPF,Qdavmpnpf,1.0
39811675_sec21,LPAYPMP,Lpaypmp,1.0
39811675_sec21,APDMAFPR,Apdmafpr,1.0
39811675_sec21,cholesterol micellar solubility,Solubility,0.981964647769928
39811675_sec21,400 μM,400 Μm,1.0
39811675_sec21,76.50% ± 5.62%,76.50% ± 5.62%,1.0
39811675_sec22,HMGCR,HMGCR gene,0.9911277294158936
39811675_sec22,abalone-active peptides,Peptides,0.9834428429603577
39811675_sec23,HMGCR,HMGCR gene,0.9911277294158936
39811675_sec23,APDMAFPR,Apdmafpr,1.0
39811675_sec23,QDAVMPNPF,Qdavmpnpf,1.0
39811675_sec23,LPAYPMP,Lpaypmp,1.0
39811675_sec23,DYPRPW,Dyprpw,1.0
39811675_sec23,1HWK,1Hwk,1.0
39811675_sec23,GLU559,Glu559,1.0
39811675_sec23,GLY560,Gly560,1.0
39811675_sec23,ARG590,Arg590,1.0
39811675_sec23,THR558,Thr558,1.0
39811675_sec23,LYS691,Lys691,1.0
39811675_sec23,ASP690,Asp690,1.0
39811675_sec23,ALA751,Ala751,1.0
39811675_sec23,GLY806,Gly806,1.0
39811675_sec23,GLY808,Gly808,1.0
39811675_sec24,APDMAFPR,Apdmafpr,1.0
39811675_sec24,HMGCR,HMGCR gene,0.9911277294158936
39811675_sec24,QDAVMPNPF,Qdavmpnpf,1.0
39811675_sec24,RMSD,Rmsd,1.0
39811675_sec24,1.75–2.25 Å,1.75–2.25 Å,1.0
39811675_sec24,3.0–3.5 Å,3.0–3.5 Å,1.0
39811675_sec24,2.1–2.7 Å,2.1–2.7 Å,1.0
39811675_sec24,7.5–9.0 Å,7.5–9.0 Å,1.0
39811675_sec25,hyperlipidemia,Hyperlipidemia,0.9746602773666382
39811675_sec25,cardiovascular diseases,Cardiovascular Diseases,0.9820212125778198
39811675_sec25,HMGCR,HMGCR gene,0.9911277294158936
39811675_sec25,cholesterol synthesis pathway,cholesterol biosynthesis,0.8521003723144531
39811675_sec25,polyphenols,polyphenols,0.9781631231307983
39811675_sec25,flavonoids,Flavonoids,0.9878752827644348
39811675_sec25,phytosterols,phytosterols,0.968195915222168
39811675_sec25,dietary fibers,Dietary Fiber,0.9848693609237671
39811675_sec25,unsaturated fatty acids,"Fatty Acids, Unsaturated",0.9726119637489319
39811675_sec25,LDL-C,LDL-C Oxidation,0.804125964641571
39811675_sec25,HDL-C,Hdl-C,1.0
39811675_sec25,Zosterissessor ophiocephalus,Ophiocephalus <channid fish>,0.9842373132705688
39811675_sec25,alkaline protease,Alkaline Protease,1.0
39811675_sec25,LDLR,Low Density Lipoprotein Receptor,0.9963846802711487
39811675_sec25,bioactive peptides,Bioactive Peptides,1.0
39811675_sec26,HMGCR,HMGCR gene,0.9911277294158936
39811675_sec26,hyperlipidemia,Hyperlipidemia,0.9746602773666382
39811675_sec26,cholesterol,cholesterol,0.9910957217216492
39811675_sec26,marine bioactive peptides,Marines,0.9890404343605042
39811675_sec26,inhibitors,inhibitors,0.9835798144340515
39811675_sec26,protease screening,Screening for cancer,0.9829955697059631
39811675_sec26,peptide sequence identification,aminoacid sequence of protein,0.9850831031799316
39811675_sec26,virtual screening,Viral screening,0.7843745946884155
39811675_sec26,in vitro experiments,In Vitro [Publication Type],0.9645571708679199
39811675_sec26,cell model evaluations,Evaluation,0.9581348299980164
39795157_sec0,TRPV4,"TRPV4 protein, human",0.9579364061355591
39795157_sec0,hTRPV4,Htrpv4,1.0
39795157_sec0,Z1213735368,Z1213735368,1.0
39795157_sec0,natural stilbenoids,Stilbenes,0.7615787982940674
39795157_sec0,FLIPRtetra assay,Fliprtetra Assay,1.0
39795157_sec0,molecular docking,Molecular Docking,0.9794326424598694
39795157_sec0,structure-based screening,Structure-Based Screening,1.0
39795157_sec0,ligand-based virtual screening,Ligand-Based Virtual Screening,1.0
39795157_sec0,ion channel-modulating compounds,Ion Channel-Modulating Compounds,1.0
39795157_sec0,TRPV4 antagonists,antagonists,0.9785443544387817
39795157_sec1,Transient receptor potential vanilloid 4,"TRPV4 protein, human",0.7459384202957153
39795157_sec1,TRPV4,"TRPV4 protein, human",0.9579364061355591
39795157_sec1,inflammation,Inflammation,0.9584572911262512
39795157_sec1,nociception,Nociception,0.9717020988464355
39795157_sec1,capsaicin,capsaicin,0.9571513533592224
39795157_sec1,tetrahydrocannabivarin,Tetrahydrocannabivarin,0.9717305302619934
39795157_sec1,capsazepin,response to capsazepine,0.711520791053772
39795157_sec1,SAF312,Saf312,1.0
39795157_sec1,sensory neurons,Afferent neuron,0.9907398223876953
39795157_sec1,skin keratinocytes,keratinocyte,0.853829562664032
39795157_sec1,osteoclasts,Osteoclasts,0.9788058400154114
39795157_sec1,fibroblasts,Fibroblasts,0.987436056137085
39795157_sec1,central glial cells,Neuroglia,0.7670181393623352
39795157_sec1,peripheral glial cells,Peripheral,0.9783616662025452
39795157_sec1,thermosensitive TRPVs,Thermosensitive Trpvs,1.0
39795157_sec3,hTRPV4,Htrpv4,1.0
39795157_sec3,xTRPV4,"TRPV4 protein, human",0.7939779758453369
39795157_sec3,Ruthenium red,Ruthenium Red,0.9632650017738342
39795157_sec3,VSLD site,Site,0.9933583736419678
39795157_sec3,TRPV4,"TRPV4 protein, human",0.9579364061355591
39795157_sec3,4α-PDD site,Site,0.9933583736419678
39795157_sec3,VBS pocket,Vbs Pocket,1.0
39795157_sec3,ConSurf,Consurf,1.0
39795157_sec3,DOPE score,dope,0.9972860217094421
39795157_sec3,root-mean-square deviation,Root-Mean-Square Deviation,1.0
39795157_sec3,MD simulation,Menkes Kinky Hair Syndrome,0.9968141913414001
39795157_sec3,Ramachandran plot,Ramachandran Plot,1.0
39795157_sec5,hTRPV4,Htrpv4,1.0
39795157_sec5,Z30995330,Z30995330,1.0
39795157_sec5,Z1213735368,Z1213735368,1.0
39795157_sec5,Z229153032,Z229153032,1.0
39795157_sec5,Z3099,Z3099,1.0
39795157_sec5,Z169988240,Z169988240,1.0
39795157_sec5,Z51867077,Z51867077,1.0
39795157_sec5,Z1053001754,Z1053001754,1.0
39795157_sec5,Z31055919,Z31055919,1.0
39795157_sec5,F554,F554,1.0
39795157_sec5,F674,F674,1.0
39795157_sec5,F615,F615,1.0
39795157_sec5,V560,V560,1.0
39795157_sec5,F525,F525,1.0
39795157_sec6,TRPV4,"TRPV4 protein, human",0.9579364061355591
39795157_sec6,TRPV4 antagonist,Antagonist muscle action,0.9820300340652466
39795157_sec6,Enamine library,Enamine Library,1.0
39795157_sec6,PhaseHypoScore,Phasehyposcore,1.0
39795157_sec6,Phase fitness score,Phase Fitness Score,1.0
39795157_sec6,ADMET prediction,Prediction,0.9685550928115845
39795157_sec7,Z916071674,Z916071674,1.0
39795157_sec7,Z1213,Z1213,1.0
39795157_sec7,Z2214,Z2214,1.0
39795157_sec7,Z164852238,Z164852238,1.0
39795157_sec7,Z229634356,Z229634356,1.0
39795157_sec7,Z1728742868,Z1728742868,1.0
39795157_sec7,Z443243482,Z443243482,1.0
39795157_sec7,Z1053,Z1053,1.0
39795157_sec7,Z4432,Z4432,1.0
39795157_sec7,Z1728,Z1728,1.0
39795157_sec7,hTRPV4,Htrpv4,1.0
39795157_sec8,Z4432,Z4432,1.0
39795157_sec8,Z1728,Z1728,1.0
39795157_sec8,Z1213,Z1213,1.0
39795157_sec8,Z1157,Z1157,1.0
39795157_sec8,Z2214,Z2214,1.0
39795157_sec8,hTRPV4,Htrpv4,1.0
39795157_sec8,GSK1016790A,GSK 1016790A,0.9923933744430542
39795157_sec8,EC 50,Fifty,0.7068942189216614
39795157_sec8,IC 50,Ic 50,1.0
39795157_sec8,calcium,calcium,0.9657426476478577
39795157_sec8,fluorescence signal,Fluorescence,0.8095830678939819
39795157_sec8,hydrogen bonds,Hydrogen Bonds,0.9827972054481506
39795157_sec8,MD simulations,Computer simulation,0.7826932668685913
39795157_sec9,hTRPV4,Htrpv4,1.0
39795157_sec9,4α-PDD,4Α-Pdd,1.0
39795157_sec9,pinosylvin,pinosylvin,0.9725838899612427
39795157_sec9,pinosylvin monomethyl ether,Pinosylvin Monomethyl Ether,1.0
39795157_sec9,resveratrol,resveratrol,0.9630182981491089
39795157_sec9,isorhapontin,isorhapontin,0.9752795696258545
39795157_sec9,astringin,astringin,0.9832790493965149
39795157_sec9,XP GScore,Xp Gscore,1.0
39795157_sec9,Prime/MM-GBSA,Prime/Mm-Gbsa,1.0
39795157_sec9,N541,N541,1.0
39795157_sec10,hTRPV4,Htrpv4,1.0
39795157_sec10,GSK205,Gsk205,1.0
39795157_sec10,HC-067047,HC-067047,0.9955006241798401
39795157_sec10,4α-PDD,4Α-Pdd,1.0
39795157_sec10,N474,N474,1.0
39795157_sec10,Z1213,Z1213,1.0
39795157_sec10,GOLD,gold,0.98555588722229
39795157_sec10,Glide,Gliding,0.9798009991645813
39795157_sec10,SiteMap,Sitemap,1.0
39795157_sec10,binding free energy,Free Energy,0.7571345567703247
39795157_sec10,hydrogen bond,Hydrogen Bonds,0.9912497401237488
39795157_sec10,pharmacophore template,Pharmacophore,0.7788037657737732
39795157_sec11,hTRPV4,Htrpv4,1.0
39795157_sec11,xTRPV4,"TRPV4 protein, human",0.7939779758453369
39795157_sec11,4α-PDD,4Α-Pdd,1.0
39795157_sec11,N474,N474,1.0
39795157_sec11,T527,T527,1.0
39795157_sec11,K530,K530,1.0
39795157_sec11,D531,D531,1.0
39795157_sec11,S747,S747,1.0
39795157_sec11,D743,D743,1.0
39795157_sec11,GSK2798745,Gsk2798745,1.0
39795157_sec11,HC-067047,HC-067047,0.9955006241798401
39795157_sec11,stilbenoids,Stilbenes,0.9742147922515869
39795157_sec23,TRPV4,"TRPV4 protein, human",0.9579364061355591
39795157_sec23,hTRPV4,Htrpv4,1.0
39795157_sec23,GSK205,Gsk205,1.0
39795157_sec23,HC-067047,HC-067047,0.9955006241798401
39795157_sec23,Z2214,Z2214,1.0
39795157_sec23,Z1728,Z1728,1.0
39795157_sec23,Z1213,Z1213,1.0
39795157_sec23,GSK1016790A,GSK 1016790A,0.9923933744430542
39795157_sec23,FLIPR tetra assay,Flipr Tetra Assay,1.0
39795157_sec23,MD simulation,Menkes Kinky Hair Syndrome,0.9968141913414001
39795157_sec23,pharmacophore model,Pharmacophore,0.8977967500686646
39795157_sec23,intercellular Ca 2+ concentration,Mental concentration,0.9800455570220947
39795157_sec23,ADMET properties,Property (attribute),0.9836723208427429
39795157_sec23,ligand-based VS,Ligand-Based Vs,1.0
39795157_sec23,structure-based VS,Structure-Based Vs,1.0
39796080_sec0,DIGERA,Digera,0.9767813682556152
39796080_sec0,LINCS L1000,Lincs L1000,1.0
39796080_sec0,PARP1,PARP1 gene,0.9649405479431152
39796080_sec0,olaparib,olaparib,0.9873196482658386
39796080_sec0,Lasso-based ensemble framework,Lasso-Based Ensemble Framework,1.0
39796080_sec0,drug-induced gene expression,Drug-induced,0.9697200059890747
39796080_sec0,F1@K metric,Metric (substance),0.9874345064163208
39796080_sec0,binding affinity,Affinity,0.7203144431114197
39796080_sec0,synthetic accessibility,Synthetic Accessibility,1.0
39796080_sec0,solubility,Solubility,0.981964647769928
39796080_sec0,membrane permeability,Cell Membrane Permeability,0.9700354933738708
39796080_sec0,drug-likeness,Drug-Likeness,1.0
39796080_sec0,cell lines,Cultured Cell Line,0.9923229217529297
39796080_sec1,drug-target interactions,Drug Interactions,0.7308638691902161
39796080_sec1,molecular docking,Molecular Docking,0.9794326424598694
39796080_sec1,quantitative structure-activity relationship,Quantitative Structure-Activity Relationship,0.9674420356750488
39796080_sec1,gene expression,Gene Expression,0.9608771204948425
39796080_sec1,Library of Integrated Network-Based Cellular Signatures,Integrated,0.7018229961395264
39796080_sec1,L1000 assay,Biological Assay,0.9868606328964233
39796080_sec1,landmark genes,Landmark Genes,1.0
39796080_sec1,chemogenomic methods,Chemogenomic Methods,1.0
39796080_sec1,chemical properties,chemical properties,0.9822455048561096
39796080_sec1,drug-perturbed gene expression patterns,Gene Expression,0.7665147185325623
39796080_sec3,LINCS L1000,Lincs L1000,1.0
39796080_sec3,Bayesian-based methodology,Bayesian-Based Methodology,1.0
39796080_sec3,chemical signatures,Chemical Signatures,1.0
39796080_sec3,level 5 dataset,Data Set,0.9916738271713257
39796080_sec3,core cell lines,Cultured Cell Line,0.8256625533103943
39796080_sec3,molecular weights,Molecular Weight,0.9704494476318359
39796080_sec3,SMILES strings,Smiles (finding),0.9851384162902832
39796080_sec3,978 landmark genes,978 Landmark Genes,1.0
39796080_sec3,k-means clustering,statistical cluster,0.7453321814537048
39796080_sec3,structural fingerprints,Structural Fingerprints,1.0
39796080_sec4,CRISPR/Cas9,Crispr/Cas9,1.0
39796080_sec4,PCA,Passive Cutaneous Anaphylaxis,0.9829041361808777
39796080_sec4,gene knockout,Gene Knockout Techniques,0.9472760558128357
39796080_sec4,gene ontology,Gene Ontology,0.9868137240409851
39796080_sec4,molecular graphs,Molecular,0.7675231099128723
39796080_sec4,molecular fingerprints,Molecular Signature,0.921500563621521
39796080_sec4,canonical SMILES,Canonical Smiles,1.0
39796080_sec4,MACCS,Amnion-derived Cellular Cytokine Solution,0.7202721834182739
39796080_sec4,PCFP,Pcfp,1.0
39796080_sec4,ECFP,Ecfp,1.0
39796080_sec4,FCFP,Fcfp,1.0
39796080_sec4,MFBERT,Mfbert,1.0
39796080_sec4,cell viability,Cell Survival,0.9879168272018433
39796080_sec4,landmark genes,Landmark Genes,1.0
39796080_sec4,machine-learning models,Machine Learning,0.7243958115577698
39796080_sec5,F1@K,F1@K,1.0
39796080_sec5,PC3,Proprotein Convertase 1,0.9936513900756836
39796080_sec5,MCF7,MCF-7 Cells,0.9889670610427856
39796080_sec5,VCAP,CHOP protocol-cyclophosphamide/doxorubicin/prednisone/vincristine,0.9667768478393555
39796080_sec5,Z-scores,Standard Score,0.800927460193634
39796080_sec5,gene expression,Gene Expression,0.9608771204948425
39796080_sec5,up-regulated,Up-Regulation (Physiology),0.7934359312057495
39796080_sec5,down-regulated,Down-Regulation,0.8254251480102539
39796080_sec5,hyperparameter optimization,Optimization,0.9392920732498169
39796080_sec5,landmark genes,Landmark Genes,1.0
39796080_sec5,perturbagens,Perturbagens,1.0
39796080_sec6,PC3,Proprotein Convertase 1,0.9936513900756836
39796080_sec6,MCF7,MCF-7 Cells,0.9889670610427856
39796080_sec6,VCAP,CHOP protocol-cyclophosphamide/doxorubicin/prednisone/vincristine,0.9667768478393555
39796080_sec6,Voting-based ensemble model,Voting-Based Ensemble Model,1.0
39796080_sec6,Lasso-based ensemble model,Lasso-Based Ensemble Model,1.0
39796080_sec6,RFR model,Study models,0.9936896562576294
39796080_sec6,F1-score,F1-Score,1.0
39796080_sec6,up-regulated genes,HYOU1 gene,0.7026455402374268
39796080_sec6,down-regulated genes,Transcriptional Repression,0.7915899157524109
39796080_sec6,combined up/down-regulated gene rankings,Combined Up/Down-Regulated Gene Rankings,1.0
39796080_sec7,MCF7,MCF-7 Cells,0.9889670610427856
39796080_sec7,VCAP,CHOP protocol-cyclophosphamide/doxorubicin/prednisone/vincristine,0.9667768478393555
39796080_sec7,PC3,Proprotein Convertase 1,0.9936513900756836
39796080_sec7,Lasso-based ensemble model,Lasso-Based Ensemble Model,1.0
39796080_sec7,Voting-based ensemble model,Voting-Based Ensemble Model,1.0
39796080_sec7,RFR model,Study models,0.9936896562576294
39796080_sec7,F1-score,F1-Score,1.0
39796080_sec7,up-regulated genes,HYOU1 gene,0.7026455402374268
39796080_sec7,down-regulated genes,Transcriptional Repression,0.7915899157524109
39796080_sec7,three cell lines,Cultured Cell Line,0.9923229217529297
39796080_sec7,F1@1,F1@1,1.0
39796080_sec7,F1@10,F10 gene,0.7605777978897095
39796080_sec7,F1@50,F1@50,1.0
39796080_sec7,F1@100,F1@100,1.0
39796080_sec7,F1@200,F1@200,1.0
39796080_sec8,PARP1,PARP1 gene,0.9649405479431152
39796080_sec8,olaparib,olaparib,0.9873196482658386
39796080_sec8,AG14361,AG 14361,0.9910317659378052
39796080_sec8,MCF7,MCF-7 Cells,0.9889670610427856
39796080_sec8,Spearman correlation,Spearman Correlation Test,0.9637141823768616
39796080_sec8,F1-score,F1-Score,1.0
39796080_sec8,LGBM classifier,Lgbm Classifier,1.0
39796080_sec8,MACCS/ECFP6,Maccs/Ecfp6,1.0
39796080_sec8,accuracy,Accurate (qualifier),0.9868572950363159
39796080_sec8,precision,Precision - temporal,0.9785571098327637
39796080_sec8,recall,Mental Recall,0.9825183749198914
39796080_sec8,MCC,Merkel cell carcinoma,0.9974699020385742
39796080_sec8,binding affinity,Affinity,0.7203144431114197
39796080_sec9,DIGERA,Digera,0.9767813682556152
39796080_sec9,SAGE,serial analysis of gene expression,0.973914384841919
39796080_sec9,PARP1 inhibitors,inhibitors,0.9835798144340515
39796080_sec9,gene expression profiling,Gene Expression Profiling,0.9555614590644836
39796080_sec9,drug-induced gene expression ranking analysis,Drug-induced,0.9697200059890747
39796080_sec9,ensemble learning,Ensembl,0.7252139449119568
39796080_sec9,molecular design,Molecular,0.7675231099128723
39796080_sec9,therapeutic agents,Therapeutic agent,0.9732093214988708
39796080_sec9,mechanisms of action,Clinical action,0.9916161298751831
39796080_sec9,chemicals,Chemicals,0.9801088571548462
39796080_sec9,gene expression-based screening,Gene Expression-Based Screening,1.0
39796080_sec9,F1@K metrics,Metric (substance),0.9681258797645569
39737570_sec0,Mycobacterium tuberculosis,Mycobacterium tuberculosis,0.980661153793335
39737570_sec0,aldoxorubicin,Aldoxorubicin,0.9755109548568726
39737570_sec0,quarfloxin,Quarfloxin,0.9671869277954102
39737570_sec0,multidrug-resistant TB,Multidrug-resistant bacteria,0.8365615010261536
39737570_sec0,Mtb strain H37Rv,Mtb Strain H37Rv,1.0
39737570_sec0,DNA gyrase,DNA Gyrase,0.9748831391334534
39737570_sec0,virtual screening,Viral screening,0.7843745946884155
39737570_sec0,machine learning,Machine Learning,0.9763252139091492
39737570_sec0,deep learning,Deep Learning,0.9649851322174072
39737570_sec0,DrugBank,DrugBank,0.9683412909507751
39737570_sec0,molecular docking,Molecular Docking,0.9794326424598694
39737570_sec0,molecular dynamics simulation,Molecular Dynamics Simulation,0.965569257736206
39737570_sec0,surface plasmon resonance,Surface Plasmon Resonance,0.9811091423034668
39737570_sec1,Mycobacterium tuberculosis,Mycobacterium tuberculosis,0.980661153793335
39737570_sec1,tuberculosis,Tuberculosis,0.9882162809371948
39737570_sec1,rifampicin,rifampin,0.9668108820915222
39737570_sec1,isoniazid,isoniazid,0.9860484004020691
39737570_sec1,pyrazinamide,pyrazinamide,0.9816105961799622
39737570_sec1,multidrug-resistant tuberculosis,"Tuberculosis, Multidrug-Resistant",0.9678574204444885
39737570_sec1,extensively drug-resistant tuberculosis,"Tuberculosis, Drug-Resistant",0.9675079584121704
39737570_sec1,bedaquinoline,Quinolines,0.7170410752296448
39737570_sec1,pretomanid,pretomanid,0.9888314008712769
39737570_sec1,delamanid,Delamanid,0.9903189539909363
39737570_sec1,linezolid,linezolid,0.9481512308120728
39737570_sec1,Rv3806c,Rv3806C,1.0
39737570_sec1,DprE1,Dpre1,1.0
39737570_sec1,Emb proteins,Proteins,0.8423346877098083
39737570_sec1,DNA gyrase,DNA Gyrase,0.9748831391334534
39737570_sec15,Mtb,Mycobacterium tuberculosis,0.9888551831245422
39737570_sec15,ChEMBL,Chembl,1.0
39737570_sec15,DrugBank,DrugBank,0.9683412909507751
39737570_sec15,AlogP,Alogp,1.0
39737570_sec15,HBA,Hemoglobin A,0.9917548298835754
39737570_sec15,ALERTS,Consciousness clear,0.978937029838562
39737570_sec15,MW,milliwatt,0.9982361197471619
39737570_sec15,PSA,Prostate-Specific Antigen,0.9832567572593689
39737570_sec15,ROTB,Rotb,1.0
39737570_sec15,antitubercular activity,Antitubercular Activity,1.0
39737570_sec15,Quantitative Estimate of Drug-likeness,Quantitative (qualifier value),0.9917915463447571
39737570_sec15,molecular properties,Molecular Properties,1.0
39737570_sec15,bioassay,Biological Assay,0.9675566554069519
39737570_sec15,molecular clustering,statistical cluster,0.705013632774353
39737570_sec16,GCN_TS,Gcn_Ts,1.0
39737570_sec16,GAT_MCE,Gat_Mce,1.0
39737570_sec16,MPNN_AB,Mpnn_Ab,1.0
39737570_sec16,AttentiveFP_MCE,Attentivefp_Mce,1.0
39737570_sec16,XGBoost,Xgboost,1.0
39737570_sec16,R 2,R 2,1.0
39737570_sec16,MAE,MAV protocol,0.9508059024810791
39737570_sec16,MSE,Mse,1.0
39737570_sec16,ChEMBL,Chembl,1.0
39737570_sec16,bioactive molecules,Bioactive Molecules,1.0
39737570_sec16,LBVS,Lbvs,1.0
39737570_sec16,ensemble models,Ensemble Models,1.0
39737570_sec16,leave-one-model-out strategy,Leave-One-Model-Out Strategy,1.0
39737570_sec17,rifampicin,rifampin,0.9668108820915222
39737570_sec17,delamanid,Delamanid,0.9903189539909363
39737570_sec17,pretomanid,pretomanid,0.9888314008712769
39737570_sec17,rifamycins,rifamycins,0.9826646447181702
39737570_sec17,macozinone,Macozinone,1.0
39737570_sec17,rifapentine,rifapentine,0.9342669248580933
39737570_sec17,rifalazil,Rifalazil,0.9786393046379089
39737570_sec17,isoniazid,isoniazid,0.9860484004020691
39737570_sec17,anti-Mtb,Anti-Mtb,1.0
39737570_sec17,DrugBank,DrugBank,0.9683412909507751
39737570_sec17,ChEMBL,Chembl,1.0
39737570_sec17,LBVS,Lbvs,1.0
39737570_sec18,aldoxorubicin,Aldoxorubicin,0.9755109548568726
39737570_sec18,doxorubicin,doxorubicin,0.9769297242164612
39737570_sec18,quarfloxin,Quarfloxin,0.9671869277954102
39737570_sec18,elexacaftor,elexacaftor,0.9636452794075012
39737570_sec18,batefenterol,Batefenterol,1.0
39737570_sec18,H37Rv,H37Rv,1.0
39737570_sec18,MDR-TB,Mdr-Tb,1.0
39737570_sec18,MIC,methyl isocyanate,0.9922851324081421
39737570_sec18,MDR isolates,Multi-Drug Resistance,0.9944541454315186
39737570_sec18,antibacterial activity,antibacterial peptide activity,0.8299573063850403
39737570_sec19,aldoxorubicin,Aldoxorubicin,0.9755109548568726
39737570_sec19,quarfloxin,Quarfloxin,0.9671869277954102
39737570_sec19,H37Rv,H37Rv,1.0
39737570_sec19,Mtb,Mycobacterium tuberculosis,0.9888551831245422
39737570_sec19,INH,isoniazid,0.9335759878158569
39737570_sec19,log 10 CFU/mL,Log 10 Cfu/Ml,1.0
39737570_sec19,≥2× MIC,methyl isocyanate,0.9922851324081421
39737570_sec19,≥1× MIC,methyl isocyanate,0.9922851324081421
39737570_sec19,≥16× MIC,methyl isocyanate,0.9922851324081421
39737570_sec19,4× MICs,4× Mics,1.0
39737570_sec20,aldoxorubicin,Aldoxorubicin,0.9755109548568726
39737570_sec20,quarfloxin,Quarfloxin,0.9671869277954102
39737570_sec20,INH,isoniazid,0.9335759878158569
39737570_sec20,Mtb,Mycobacterium tuberculosis,0.9888551831245422
39737570_sec20,log 10 CFU mL −1,Colony-forming unit,0.9732629656791687
39737570_sec20,bacterial viability,Bacterial,0.987280547618866
39737570_sec20,antimycobacterial effect,Antimycobacterial Effect,1.0
39737570_sec20,concentration,Mental concentration,0.9800455570220947
39737570_sec20,MIC,methyl isocyanate,0.9922851324081421
39737570_sec21,aldoxorubicin,Aldoxorubicin,0.9755109548568726
39737570_sec21,quarfloxin,Quarfloxin,0.9671869277954102
39737570_sec21,DNA gyrase,DNA Gyrase,0.9748831391334534
39737570_sec21,M. tuberculosis,Mycobacterium tuberculosis,0.9596264958381653
39737570_sec21,evybactin,Evybactin,1.0
39737570_sec21,PDB ID: 7UGW,Id Personality Component,0.9988806843757629
39737570_sec21,AutoDock Vina,Autodock Vina,1.0
39737570_sec21,−6.499 to −7.494 kcal/mol,−6.499 To −7.494 Kcal/Mol,1.0
39737570_sec21,−5.834 kcal/mol,−5.834 Kcal/Mol,1.0
39737570_sec21,PRO353,Pro353,1.0
39737570_sec21,ARG354,Arg354,1.0
39737570_sec21,ASP350,Asp350,1.0
39737570_sec21,TYR364,Tyr364,1.0
39737570_sec22,Mtb DNA gyrase,DNA Gyrase,0.844273567199707
39737570_sec22,aldoxorubicin,Aldoxorubicin,0.9755109548568726
39737570_sec22,quarfloxin,Quarfloxin,0.9671869277954102
39737570_sec22,evybactin,Evybactin,1.0
39737570_sec22,ASP350,Asp350,1.0
39737570_sec22,PRO353,Pro353,1.0
39737570_sec22,ARG354,Arg354,1.0
39737570_sec22,TYR364,Tyr364,1.0
39737570_sec22,root mean square deviation,Root Mean Square,0.7622712254524231
39737570_sec22,root mean square fluctuation,Root Mean Square,0.7311448454856873
39737570_sec23,aldoxorubicin,Aldoxorubicin,0.9755109548568726
39737570_sec23,quarfloxin,Quarfloxin,0.9671869277954102
39737570_sec23,DNA gyrase,DNA Gyrase,0.9748831391334534
39737570_sec23,GyrA,DNA Gyrase A Subunit,0.7850093841552734
39737570_sec23,GryB,Gryb,1.0
39737570_sec23,K d value,potassium,1.0
39737570_sec23,0.3997 μM,0.3997 Μm,1.0
39737570_sec23,0.3242 μM,0.3242 Μm,1.0
39737570_sec23,2.891 μM,2.891 Μm,1.0
39737570_sec23,30.1 μM,30.1 Μm,1.0
39737570_sec24,aldoxorubicin,Aldoxorubicin,0.9755109548568726
39737570_sec24,quarfloxin,Quarfloxin,0.9671869277954102
39737570_sec24,anti-Mtb,Anti-Mtb,1.0
39737570_sec24,DrugBank,DrugBank,0.9683412909507751
39737570_sec24,doxorubicin,doxorubicin,0.9769297242164612
39737570_sec24,glioblastoma,Glioblastoma,0.978498101234436
39737570_sec24,soft-tissue sarcoma,Sarcoma,0.8621535897254944
39737570_sec24,breast carcinoma,Breast Carcinoma,0.9923505783081055
39737570_sec24,ovarian carcinoma,Ovarian Carcinoma,0.9889057874679565
39737570_sec24,sarcoma,Sarcoma,0.9907413125038147
39737570_sec24,Mtb H37Rv,Mtb H37Rv,1.0
39737570_sec24,molecular dynamics simulation,Molecular Dynamics Simulation,0.965569257736206
39737570_sec24,SPR experiments,research study,0.9598358869552612
39737570_sec24,MIC,methyl isocyanate,0.9922851324081421
40074429_sec2,Penaeus monodon,Penaeus monodon,0.968573808670044
40074429_sec2,White Spot Syndrome Virus,White spot syndrome virus 1,0.9769020080566406
40074429_sec2,White Spot Disease,Lichen Sclerosus et Atrophicus,0.9711699485778809
40074429_sec2,Black tiger shrimp,Penaeus monodon,0.9801408648490906
40074429_sec2,Blue Revolution,Rotation,0.8093348145484924
40074429_sec2,Viral diseases,Virus Diseases,0.9799457788467407
40074429_sec2,Mortality rate,Rating (action),0.9951978921890259
40074429_sec2,Clinical symptoms,Clinical Symptoms,1.0
40074429_sec2,Lethargy,Lethargy,0.9868770837783813
40074429_sec2,Decreased food intake,Decreased,0.9799805283546448
40074429_sec2,Reduced cleaning behavior,Reduced,0.9816093444824219
40074429_sec2,Cuticle detachment,Cuticle Detachment,1.0
40074429_sec12,VP28 trimer protein,Vp28 Trimer Protein,1.0
40074429_sec12,CASTp web server,Castp Web Server,1.0
40074429_sec12,pocket ID 1,Pocket Id 1,1.0
40074429_sec12,surface area,Body Surface Area,0.8504743576049805
40074429_sec12,volume,Volume,0.9937787055969238
40074429_sec13,VP28 trimer protein,Vp28 Trimer Protein,1.0
40074429_sec13,CID:8067,Cid:8067,1.0
40074429_sec13,CID:441071,Cid:441071,1.0
40074429_sec13,PyRx,Pyrx,1.0
40074429_sec13,binding affinity,Affinity,0.7203144431114197
40074429_sec13,molecular docking,Molecular Docking,0.9794326424598694
40074429_sec13,phytochemicals,Phytochemicals,0.9848684072494507
40074429_sec13,binding scores,Binding action,0.7253118753433228
40074429_sec13,−3.1 kcal/mol,−3.1 Kcal/Mol,1.0
40074429_sec13,−10.2 kcal/mol,−10.2 Kcal/Mol,1.0
40074429_sec13,−8.5 kcal/mol,−8.5 Kcal/Mol,1.0
40074429_sec13,−6.0 kcal/mol,−6.0 Kcal/Mol,1.0
40074429_sec14,VP28 trimer,Vp28 Trimer,1.0
40074429_sec14,epicatechin,Epicatechin,0.9811385273933411
40074429_sec14,kaempferol,kaempferol,0.9648431539535522
40074429_sec14,luteolin,Luteolin,0.9773330092430115
40074429_sec14,apigenin,apigenin,0.971740186214447
40074429_sec14,Asn A:154,Asn A:154,1.0
40074429_sec14,Ser B:156,Ser B:156,1.0
40074429_sec14,Met C:139,Met C:139,1.0
40074429_sec14,Ser C:156,Ser C:156,1.0
40074429_sec14,Gln A:138,glutamine,0.977352499961853
40074429_sec14,Gln C:138,Gln C:138,1.0
40074429_sec14,bond distances,Bond Distances,1.0
40074429_sec14,hydrogen bond interactions,Hydrogen Bonds,0.7009194493293762
40074429_sec14,carbon-hydrogen bond,Hydrogen Bonds,0.7557613253593445
40074429_sec14,Pi-donor hydrogen bond,Hydrogen Bonds,0.7678187489509583
40074429_sec15,Lipinski's requirements,Risk Evaluation and Mitigation Strategies Requirement,0.8812119960784912
40074429_sec15,water solubility,water solubility,0.9668795466423035
40074429_sec15,bioavailability,Biological Availability,0.9518826007843018
40074429_sec15,gastrointestinal absorption,Intestinal Absorption,0.9599078893661499
40074429_sec15,in silico pharmacokinetic analysis,Pharmacokinetic Analysis Indicator,0.8635883927345276
40074429_sec15,SwissADME,Swissadme,1.0
40074429_sec15,molecular docking,Molecular Docking,0.9794326424598694
40074429_sec15,ligands,Ligands,0.980503261089325
40074429_sec15,compounds,Corticosterone,0.9199099540710449
40074429_sec15,drug-likeness,Drug-Likeness,1.0
40074429_sec15,physiochemical aspects,chemical aspects,0.7776243090629578
40074429_sec15,high solubility,Solubility,0.981964647769928
40074429_sec15,moderate solubility,Moderate (severity modifier),0.9828924536705017
40074429_sec15,poor solubility,Solubility,0.8299116492271423
40074429_sec16,ProTox 3.0,Protoporphyrinogen oxidase,0.9554470181465149
40074429_sec16,cytotoxicity,cytotoxicity,0.993109941482544
40074429_sec16,hepatotoxicity,Hepatotoxicity,0.99033522605896
40074429_sec16,carcinogenicity,Carcinogenicity,0.9902471899986267
40074429_sec16,mutagenicity,Mutagenicity Tests,0.8736932277679443
40074429_sec16,immunotoxicity,Immunotoxicity,0.9943631291389465
40074429_sec16,luteolin,Luteolin,0.9773330092430115
40074429_sec17,VP28,Vp28,1.0
40074429_sec17,MD simulation,Menkes Kinky Hair Syndrome,0.9968141913414001
40074429_sec17,root mean square deviation,Root Mean Square,0.7622712254524231
40074429_sec17,root mean square fluctuation,Root Mean Square,0.7311448454856873
40074429_sec17,radius of gyration,Radius Of Gyration,1.0
40074429_sec17,solvent accessible surface area,Solvents,0.9739618897438049
40074429_sec17,hydrogen bonding counts,Hydrogen Bonding,0.9904173016548157
40074429_sec17,ligands,Ligands,0.980503261089325
40074429_sec17,docked complexes,complex (molecular entity),0.7407087087631226
40074429_sec17,binding pocket,Binding action,0.7253118753433228
40074429_sec17,inhibitory compounds,Inhibition,0.7111376523971558
40074429_sec18,RMSD,Rmsd,1.0
40074429_sec18,apo-protein,Apo-Protein,1.0
40074429_sec18,C-alpha atoms,C-Alpha Atoms,1.0
40074429_sec18,ligand-bound,Ligand-Bound,1.0
40074429_sec18,structural stability,Structure,0.7436513304710388
40074429_sec18,molecular dynamics,Molecular Dynamics,0.9768232107162476
40074429_sec18,simulation,Computer simulation,0.9578055739402771
40074429_sec18,structural changes,Structure,0.987086296081543
40074429_sec18,conformational stability,Conformational Stability,1.0
40074429_sec18,reference frame,Frame of Reference,0.9621410965919495
40074429_sec18,deviation,Deviation,1.0
40074429_sec18,trajectory,Body-Weight Trajectory,0.7393360733985901
40074429_sec18,fluctuation,Fluctuation,0.9586480259895325
40074429_sec18,binding site,Binding Sites,0.9879111647605896
40074429_sec18,quantitative assessment,Quantitative (qualifier value),0.9917915463447571
40074429_sec19,epicatechin,Epicatechin,0.9811385273933411
40074429_sec19,kaempferol,kaempferol,0.9648431539535522
40074429_sec19,apigenin,apigenin,0.971740186214447
40074429_sec19,luteolin,Luteolin,0.9773330092430115
40074429_sec19,VP28 trimer protein,Vp28 Trimer Protein,1.0
40074429_sec19,RMSF,Rmsf,1.0
40074429_sec19,N-terminal region,terminal region determination,0.7500619888305664
40074429_sec19,C-terminal domains,Carboxy-Terminal Amino Acid,0.7187730669975281
40074429_sec20,VP28,Vp28,1.0
40074429_sec20,epicatechin,Epicatechin,0.9811385273933411
40074429_sec20,kaempferol,kaempferol,0.9648431539535522
40074429_sec20,apigenin,apigenin,0.971740186214447
40074429_sec20,luteolin,Luteolin,0.9773330092430115
40074429_sec20,radius of gyration,Radius Of Gyration,1.0
40074429_sec20,protein-ligand complex,protein-lipid complex,0.7351604104042053
40074429_sec20,apo-protein,Apo-Protein,1.0
40074429_sec20,trimer,Trimer,1.0
40074429_sec21,luteolin,Luteolin,0.9773330092430115
40074429_sec21,kaempferol,kaempferol,0.9648431539535522
40074429_sec21,epicatechin,Epicatechin,0.9811385273933411
40074429_sec21,solvent-accessible surface area,Solvent-Accessible Surface Area,1.0
40074429_sec21,MD simulation,Menkes Kinky Hair Syndrome,0.9968141913414001
40074429_sec22,epicatechin,Epicatechin,0.9811385273933411
40074429_sec22,kaempferol,kaempferol,0.9648431539535522
40074429_sec22,luteolin,Luteolin,0.9773330092430115
40074429_sec22,apo-protein,Apo-Protein,1.0
40074429_sec22,hydrogen bonds,Hydrogen Bonds,0.9827972054481506
40074429_sec22,100 ns simulation,Computer simulation,0.9578055739402771
40074429_sec22,25 ns,25 Ns,1.0
40074429_sec22,complexes,complex (molecular entity),0.956250786781311
40074429_sec23,VP28-epicatechin,Vp28-Epicatechin,1.0
40074429_sec23,VP28-kaempferol,Vp28-Kaempferol,1.0
40074429_sec23,VP28-apigenin,Vp28-Apigenin,1.0
40074429_sec23,VP28-luteolin,Vp28-Luteolin,1.0
40074429_sec23,MM-PBSA,Mm-Pbsa,1.0
40074429_sec23,WSSV,Wssv,1.0
40074429_sec24,WSSV,Wssv,1.0
40074429_sec24,epicatechin,Epicatechin,0.9811385273933411
40074429_sec24,kaempferol,kaempferol,0.9648431539535522
40074429_sec24,luteolin,Luteolin,0.9773330092430115
40074429_sec24,apigenin,apigenin,0.971740186214447
40074429_sec24,A. indica,A. Indica,1.0
40074429_sec24,B. monnieri,B. Monnieri,1.0
40074429_sec24,VP28,Vp28,1.0
40074429_sec24,in-silico methods,In-Silico Methods,1.0
40074429_sec24,molecular docking,Molecular Docking,0.9794326424598694
40074429_sec24,pharmacokinetic analysis,Pharmacokinetic Analysis Indicator,0.8635883927345276
40074429_sec24,MD simulations,Computer simulation,0.7826932668685913
39796007_sec0,Severe Acute Respiratory Syndrome Coronavirus 2,Severe (severity modifier),0.9811561107635498
39796007_sec0,COVID-19,COVID19 (disease),0.9786117672920227
39796007_sec0,spike glycoprotein,"spike protein, SARS-CoV-2",0.9563779234886169
39796007_sec0,angiotensin converting enzyme 2,angiotensin converting enzyme 2,0.9760338068008423
39796007_sec0,receptor binding domain,Receptor Binding,0.8351116180419922
39796007_sec0,linoleic acid,linoleic acid,0.9798789620399475
39796007_sec0,S protein,protein S,0.9634166359901428
39796007_sec0,fatty acid binding pocket,fatty acid binding,0.8283179402351379
39796007_sec0,SARS-CoV-2,SARS-CoV-2,0.986107349395752
39796007_sec0,docking-based virtual screening,Docking-Based Virtual Screening,1.0
39796007_sec0,in vitro assays,In Vitro Assay,0.8464812636375427
39796007_sec0,virus–host interaction,Host (organism),0.9971649050712585
39796007_sec0,cytotoxicity,cytotoxicity,0.993109941482544
39796007_sec0,binding assays,Binding action,0.7253118753433228
39796007_sec0,ACE2,ACE2 gene,0.9307538866996765
39796007_sec1,Severe Acute Respiratory Syndrome Coronavirus 2,Severe (severity modifier),0.9811561107635498
39796007_sec1,SARS-CoV-2,SARS-CoV-2,0.986107349395752
39796007_sec1,COVID-19,COVID19 (disease),0.9786117672920227
39796007_sec1,Coronaviridae,Coronaviridae,0.9799124598503113
39796007_sec1,spike glycoprotein,"spike protein, SARS-CoV-2",0.9563779234886169
39796007_sec1,human angiotensin converting enzyme 2,Homo sapiens,0.9989930391311646
39796007_sec1,S protein,protein S,0.9634166359901428
39796007_sec1,receptor binding domain,Receptor Binding,0.8351116180419922
39796007_sec1,ACE2,ACE2 gene,0.9307538866996765
39796007_sec1,Variant of Concern,Variant,0.9867503643035889
39796007_sec1,Variant of Interest,Variant,0.9867503643035889
39796007_sec1,neutralizing antibodies,"Antibodies, Neutralizing",0.9717583656311035
39796007_sec1,vaccines,Vaccines,0.9808231592178345
39796007_sec1,genomic sequencing,Initial Genomic Sequencing Date,0.7880433201789856
39796007_sec3,FABP,FABP Family Gene,0.7702176570892334
39796007_sec3,S protein,protein S,0.9634166359901428
39796007_sec3,SARS-CoV-2,SARS-CoV-2,0.986107349395752
39796007_sec3,LA,Latex Fixation Tests,0.9990074038505554
39796007_sec3,Glide Standard Precision,Glide Standard Precision,1.0
39796007_sec3,Glide XP,Anti-minor Histocompatibility Complex Donor T-Lymphocytes,0.8280829787254333
39796007_sec3,CHEMPLP,Chemplp,1.0
39796007_sec3,OpenEye,Ablepharon,0.7025162577629089
39796007_sec3,ACE2,ACE2 gene,0.9307538866996765
39796007_sec3,RBD-B,Rbd-B,1.0
39796007_sec3,RBD-A,Rbd-A,1.0
39796007_sec3,aromatic rings,Aromatic Rings,1.0
39796007_sec3,hydrophilic groups,Hydrophilicity,0.9953654408454895
39796007_sec3,compound 20,Compound,0.9778435230255127
39796007_sec3,SPECS,Specs,1.0
39796007_sec4,LA,Latex Fixation Tests,0.9990074038505554
39796007_sec4,palmitoylethanolamide,palmidrol,0.9814714193344116
39796007_sec4,ACE2,ACE2 gene,0.9307538866996765
39796007_sec4,RBD,RNA Recognition Motif,0.9864904880523682
39796007_sec4,dimethyl sulfoxide,dimethyl sulfoxide,0.9737379550933838
39796007_sec4,inhibition assay,Psychological inhibition,0.7784883975982666
39796007_sec4,100 μM,100 Μm,1.0
39796007_sec4,8.9 mM,8.9 Mm,1.0
39796007_sec4,10 μM,10 Μm,1.0
39796007_sec4,0%,0%,1.0
39796007_sec4,34%,34%,1.0
39796007_sec4,14%,14%,1.0
39796007_sec4,58%,58%,1.0
39796007_sec5,L929,L929 Cells,0.8927500247955322
39796007_sec5,DMSO,dimethyl sulfoxide,0.9946619868278503
39796007_sec5,compound 7,Compound (substance),0.9219197034835815
39796007_sec5,compound 18,Compound,0.9778435230255127
39796007_sec5,compound 17,Compound,0.9778435230255127
39796007_sec5,compound 26,Compound,0.9778435230255127
39796007_sec5,Presto Blue TM viability assay,Presto Blue Tm Viability Assay,1.0
39796007_sec5,one-way Anova,One-way Analysis of Variance,0.960985004901886
39796007_sec5,Dunnett’s post hoc testing,Dunnett’S Post Hoc Testing,1.0
39796007_sec6,PEA,Peas - dietary,0.9738648533821106
39796007_sec6,LA,Latex Fixation Tests,0.9990074038505554
39796007_sec6,S protein,protein S,0.9634166359901428
39796007_sec6,ACE2,ACE2 gene,0.9307538866996765
39796007_sec6,FABP,FABP Family Gene,0.7702176570892334
39796007_sec6,phenylalanine,phenylalanine,0.9819365739822388
39796007_sec6,carboxylic acid,Carboxylic Acids,0.9839659929275513
39796007_sec6,compound 20,Compound,0.9778435230255127
39796007_sec6,compound 26,Compound,0.9778435230255127
39796007_sec6,compound 25,Compound,0.9778435230255127
39796007_sec13,SARS-CoV-2,SARS-CoV-2,0.986107349395752
39796007_sec13,S protein,protein S,0.9634166359901428
39796007_sec13,fatty acid binding pocket,fatty acid binding,0.8283179402351379
39796007_sec13,spike–ACE2 interaction,Social Interaction,0.9899216890335083
39796007_sec13,in silico virtual screening,Viral screening,0.7843745946884155
39796007_sec13,binding assays,Binding action,0.7253118753433228
39796007_sec13,active compounds,Phytochemicals,0.7584801316261292
39796007_sec13,cytotoxicity,cytotoxicity,0.993109941482544
39744090_sec0,catalytic activity,enzyme activity,0.9805273413658142
39744090_sec0,temperature-guided protein language model,Temperature-Guided Protein Language Model,1.0
39744090_sec1,single‐point mutants,Mutant,0.986884593963623
39744090_sec1,mutation sites,Mutation,0.7563726902008057
39744090_sec1,optimized variants,Variant,0.9918222427368164
39744090_sec1,combinatorial sequence space,Combinatorial Sequence Space,1.0
39744090_sec1,high‐order combinatorial mutants,Combinatorial Synthesis,0.7439886927604675
39744090_sec5,MD simulations,Computer simulation,0.7826932668685913
39744090_sec5,thermostability,thermostability,0.9919832944869995
39744090_sec5,molecular dynamics,Molecular Dynamics,0.9768232107162476
39707350_sec0,SARS-CoV-2,SARS-CoV-2,0.986107349395752
39707350_sec0,Mpro,SARS-CoV-2 3C-Like Proteinase Nsp5,0.9585867524147034
39707350_sec0,ligand-based pharmacophore modeling,Pharmacophore,0.787001371383667
39707350_sec0,structure-based virtual screening,Structure-Based Virtual Screening,1.0
39707350_sec0,molecular dynamics simulations,Molecular Dynamics Simulation,0.9699246287345886
39707350_sec0,in vitro assays,In Vitro Assay,0.8464812636375427
39707350_sec0,inhibitors,inhibitors,0.9835798144340515
39707350_sec0,COVID-19,COVID19 (disease),0.9786117672920227
39707350_sec0,therapeutics,Therapeutic procedure,0.973091721534729
39707350_sec0,drug candidates,Candidate,0.7096956372261047
39707350_sec1,COVID-19,COVID19 (disease),0.9786117672920227
39707350_sec1,SARS-CoV-2,SARS-CoV-2,0.986107349395752
39707350_sec1,Paxlovid,Paxlovid,1.0
39707350_sec1,Veklury,Veklury,1.0
39707350_sec1,Lagevrio,Lagevrio,1.0
39707350_sec1,3CLpro,Coronavirus 3C Proteases,0.7281134128570557
39707350_sec1,Mpro,SARS-CoV-2 3C-Like Proteinase Nsp5,0.9585867524147034
39707350_sec1,main protease,Peptide Hydrolases,0.9730750918388367
39707350_sec1,viral transcription,Viral Transcription,0.9686684012413025
39707350_sec1,viral replication,Virus Replication,0.9652231931686401
39707350_sec1,pp1ab,Pp1Ab,1.0
39707350_sec1,pp1a,PPP1CA gene,0.993878185749054
39707350_sec20,Mpro,SARS-CoV-2 3C-Like Proteinase Nsp5,0.9585867524147034
39707350_sec20,IC 50,Ic 50,1.0
39707350_sec20,Lipinski's rule of five,Lipinski'S Rule Of Five,1.0
39707350_sec20,Tanimoto coefficient,Coefficient,0.7207736372947693
39707350_sec20,Tanimoto distance matrix,Matrix substance,0.7621080875396729
39707350_sec20,155 compounds,Corticosterone,0.9199099540710449
39707350_sec20,94 clusters,Cell cluster,0.8280072808265686
39707350_sec20,64 single-molecule clusters,64 Single-Molecule Clusters,1.0
39707350_sec20,11 molecules,Molecule,0.9891301393508911
39707350_sec20,mean internal similarity value,Mean Internal Similarity Value,1.0
39707350_sec20,0.757,0.757,1.0
39707350_sec22,CHEMBL30,Chembl30,1.0
39707350_sec22,ChemDIv,Chemdiv,1.0
39707350_sec22,Chemspace,Chemspace,1.0
39707350_sec22,MCULE_ultimate,Mcule_Ultimate,1.0
39707350_sec22,MolPort,Molport,1.0
39707350_sec22,ZINC,zinc,0.9973790049552917
39707350_sec22,Lipinski’s rule of 5,Lipinski’S Rule Of 5,1.0
39707350_sec22,unique ligands,Unique,0.9845400452613831
39707350_sec22,compounds,Corticosterone,0.9199099540710449
39707350_sec22,conformers,Ophthalmic conformer,0.847317099571228
39707350_sec22,hits,Does hit (finding),0.992847740650177
39707350_sec23,SARS-CoV-2,SARS-CoV-2,0.986107349395752
39707350_sec23,Mpro,SARS-CoV-2 3C-Like Proteinase Nsp5,0.9585867524147034
39707350_sec23,Autodock Vina,Autodock Vina,1.0
39707350_sec23,ICM Pro,Extracellular Matrix,0.992448627948761
39707350_sec23,docking score,Docking Score,1.0
39707350_sec23,virtual screening,Viral screening,0.7843745946884155
39707350_sec23,ensemble docking,Ensemble Docking,1.0
39707350_sec23,crystallographic structures,Crystallographic Structures,1.0
39707350_sec24,Mpro,SARS-CoV-2 3C-Like Proteinase Nsp5,0.9585867524147034
39707350_sec24,PDB ID: 7VLP,Id Personality Component,0.9988806843757629
39707350_sec24,PDB ID: 7TE0,Id Personality Component,0.9988806843757629
39707350_sec24,PDB ID: 7RFS,Id Personality Component,0.9988806843757629
39707350_sec24,PDB ID: 7T43,Id Personality Component,0.9988806843757629
39707350_sec24,PDB ID: 7DPU,Id Personality Component,0.9988806843757629
39707350_sec24,PDB ID: 7DDC,Id Personality Component,0.9988806843757629
39707350_sec24,PDB ID: 6WNP,Id Personality Component,0.9988806843757629
39707350_sec24,PDB ID: 5RHE,Id Personality Component,0.9988806843757629
39707350_sec24,ICM-Pro,Icm-Pro,1.0
39707350_sec24,AutoDock Vina,Autodock Vina,1.0
39707350_sec25,Autodock Vina,Autodock Vina,1.0
39707350_sec25,ICM Pro,Extracellular Matrix,0.992448627948761
39707350_sec25,docking simulations,Molecular Docking Simulation,0.8119822144508362
39707350_sec25,consensus docking,Consensus,0.7307590842247009
39707350_sec25,binding mode predictions,Binding action,0.7884970903396606
39707350_sec25,ligands,Ligands,0.980503261089325
39707350_sec25,scoring functions,Function (attribute),0.7309091091156006
39707350_sec25,score normalization,Score,0.9976978302001953
39707350_sec25,ensemble docking,Ensemble Docking,1.0
39707350_sec25,docking scores,Docking -molecular interaction,0.7107722759246826
39707350_sec25,compound ranking,Ring Compound,0.7398553490638733
39707350_sec25,molecules,Molecule,0.9891301393508911
39707350_sec26,MM/PBSA,Mm/Pbsa,1.0
39707350_sec26,7RFS,7Rfs,1.0
39707350_sec26,−5.67 kcal/mol,−5.67 Kcal/Mol,1.0
39707350_sec26,−18.61 kcal/mol,−18.61 Kcal/Mol,1.0
39707350_sec26,−10.8 kcal/mol,−10.8 Kcal/Mol,1.0
39707350_sec26,−12.16 kcal/mol,−12.16 Kcal/Mol,1.0
39707350_sec27,Molecular dynamics,Molecular Dynamics,0.9768232107162476
39707350_sec27,MM/PBSA,Mm/Pbsa,1.0
39707350_sec27,RMSD,Rmsd,1.0
39707350_sec27,ligands,Ligands,0.980503261089325
39707350_sec27,protein-ligand complexes,Protein-Ligand Complexes,1.0
39707350_sec27,binding affinity,Affinity,0.7203144431114197
39707350_sec27,active site,Active Site,0.9914442896842957
39707350_sec27,stability,Stable status,0.9954718947410583
39707350_sec27,in vitro analysis,Analysis,0.716548502445221
39707350_sec27,small molecules,Small Molecule,0.9908385872840881
39707350_sec27,biomolecules,Molecule,0.7730932235717773
39707350_sec27,drug-target interactions,Drug Interactions,0.7308638691902161
39707350_sec27,conformational changes,Macromolecular alteration,0.9623947739601135
39707350_sec27,functional performance,Functional performance,0.9712603688240051
39707350_sec27,30 compounds,Corticosterone,0.9199099540710449
39707350_sec28,CYP3A4,"cytochrome P450 3A4 protein, human",0.9755929708480835
39707350_sec28,P-glycoprotein,P-Glycoproteins,0.9525982737541199
39707350_sec28,SwissADME,Swissadme,1.0
39707350_sec28,ADMETlab 3.0,Admetlab 3.0,1.0
39707350_sec28,ID31,Id31,1.0
39707350_sec28,human intestinal absorption,Homo sapiens,0.9989930391311646
39707350_sec28,blood–brain barrier penetration,Blood,0.9994040131568909
39707350_sec28,P-glycoprotein substrate potential,Potential,0.972382128238678
39707350_sec28,cytochrome P450 3A4 inhibition,"cytochrome P450 3A4 protein, human",0.9606540203094482
39707350_sec28,drug-like molecules,Drug-Like Molecules,1.0
39707350_sec28,molecular weight,Molecular Weight,0.9799522161483765
39707350_sec28,topological polar surface area,Surface,0.7459490895271301
39707350_sec28,partition coefficient,Partition Coefficient,1.0
39707350_sec28,hydrogen bond donors,Hydrogen Bonds,0.8093520402908325
39707350_sec28,hydrogen bond acceptors,Hydrogen Bonds,0.7493143081665039
39707350_sec29,SARS-CoV-2,SARS-CoV-2,0.986107349395752
39707350_sec29,Mpro,SARS-CoV-2 3C-Like Proteinase Nsp5,0.9585867524147034
39707350_sec29,ID11,Id11,1.0
39707350_sec29,ID35,Id35,1.0
39707350_sec29,IC50,Inhibitory Concentration 50,0.9730384945869446
39707350_sec29,antiviral agents,Antiviral Agents,0.9791052341461182
39707350_sec29,small molecule compounds,Small Molecule,0.7624985575675964
39707350_sec29,enzyme assay,Enzyme Assays,0.985999345779419
39707350_sec29,half-maximal inhibitory concentration,Inhibitory Concentration 50,0.7315083742141724
39707350_sec29,in vitro experiments,In Vitro [Publication Type],0.9645571708679199
39707350_sec30,Mpro,SARS-CoV-2 3C-Like Proteinase Nsp5,0.9585867524147034
39707350_sec30,IC50,Inhibitory Concentration 50,0.9730384945869446
39707350_sec30,binding energy,Binding action,0.7253118753433228
39707350_sec30,minimum atomic distance,Minute of time,0.9690410494804382
39707350_sec30,protein-ligand complex,protein-lipid complex,0.7351604104042053
39707350_sec31,SARS-CoV-2 main protease,"3C-like proteinase, SARS-CoV-2",0.9534420371055603
39707350_sec31,ligand-based pharmacophore modeling,Pharmacophore,0.787001371383667
39707350_sec31,molecular dynamics simulations,Molecular Dynamics Simulation,0.9699246287345886
39707350_sec31,in vitro assays,In Vitro Assay,0.8464812636375427
39707350_sec31,candidate inhibitors,inhibitors,0.9835798144340515
39707350_sec31,virtual screening techniques,Viral screening,0.7843745946884155
39707350_sec31,IC₅₀ values,Normal Range,0.7036523818969727
39707350_sec31,COVID-19,COVID19 (disease),0.9786117672920227
39707350_sec31,drug discovery,Drug Discovery,0.9833343625068665
39707350_sec31,bioactive compounds,Phytochemicals,0.8905173540115356
39707350_sec31,therapeutics,Therapeutic procedure,0.973091721534729
39696768_sec0,DiffInt,Diffint,1.0
39696768_sec0,structure-based drug design,Structure-Based Drug Design,1.0
39696768_sec0,3D molecules,Molecule,0.8947017788887024
39696768_sec0,hydrogen bonds,Hydrogen Bonds,0.9827972054481506
39696768_sec0,ligand molecules,Molecule,0.7661768794059753
39696768_sec0,pseudoparticles,Pseudoparticles,1.0
39696768_sec0,hydrogen binding energies,proton binding,0.723533570766449
39696768_sec0,deep generation models,Deep Generation Models,1.0
39696768_sec1,drug discovery,Drug Discovery,0.9833343625068665
39696768_sec1,structure-based drug design,Structure-Based Drug Design,1.0
39696768_sec1,ligand molecules,Molecule,0.7661768794059753
39696768_sec1,protein–ligand binding interactions,Proteins,0.9952441453933716
39696768_sec1,hydrogen bonds,Hydrogen Bonds,0.9827972054481506
39696768_sec1,hydrophobic interactions,Hydrophobic Interactions,0.9711307287216187
39696768_sec1,PDBbind,Pdbbind,1.0
39696768_sec1,high-throughput experimental screening,High-Throughput Screening,0.7708585858345032
39696768_sec1,virtual screening,Viral screening,0.7843745946884155
39696768_sec1,X-ray crystallography,"Crystallography, X-Ray",0.9816281795501709
39696768_sec1,cryo-electron microscopy,Cryoelectron Microscopy,0.9627699255943298
39696768_sec1,deep learning methods,Deep Learning,0.7668924331665039
39696768_sec3,DiffInt,Diffint,1.0
39696768_sec3,SBDD,Sbdd,1.0
39696768_sec3,hydrogen bonds,Hydrogen Bonds,0.9827972054481506
39696768_sec3,interaction particles,Social Interaction,0.9899216890335083
39696768_sec3,C α level,C Α Level,1.0
39696768_sec3,3D Cartesian coordinate vector,3 Days,0.9996993541717529
39696768_sec3,one-hot vector,One-Hot Vector,1.0
39696768_sec3,denoising diffusion probabilistic model,Denoising Diffusion Probabilistic Model,1.0
39696768_sec3,Markov chains,Markov Chains,0.9443244934082031
39696768_sec3,Gaussian filter,Gaussian Filter,1.0
39696768_sec13,DiffInt,Diffint,1.0
39696768_sec13,DiffSBDD,Diffsbdd,1.0
39696768_sec13,Pocket2Mol,Pocket2Mol,1.0
39696768_sec13,FLAG,Flag,0.9932336807250977
39696768_sec13,hydrogen bonds,Hydrogen Bonds,0.9827972054481506
39696768_sec13,hydrogen binding energy,proton binding,0.757203996181488
39696768_sec13,high affinity,Affinity,0.986331045627594
39696768_sec13,QED,Qed,1.0
39696768_sec13,Log P,Event Log,0.8514847755432129
39696768_sec13,Lipinski,Lipinski,1.0
39696768_sec13,diversity,Diversity,0.9863764643669128
39696768_sec14,DiffInt,Diffint,1.0
39696768_sec14,PubChem,PubChem,0.9716385006904602
39696768_sec14,Pocket2Mol,Pocket2Mol,1.0
39696768_sec14,FLAG,Flag,0.9932336807250977
39696768_sec14,DiffSBDD,Diffsbdd,1.0
39696768_sec14,hydrogen bond,Hydrogen Bonds,0.9912497401237488
39696768_sec14,virus-suppressing drug molecules,Virus-Suppressing Drug Molecules,1.0
39696768_sec14,intermolecular hydrogen bonds,hydrogen,0.7433889508247375
39696768_sec14,prediction accuracy,Prediction,0.7219183444976807
39696768_sec14,reconstruction rate,Rating (action),0.9951978921890259
39696768_sec14,baseline models,Baseline,0.7411746382713318
39696768_sec15,DiffInt,Diffint,1.0
39696768_sec15,DiffSBDD,Diffsbdd,1.0
39696768_sec15,FLAG,Flag,0.9932336807250977
39696768_sec15,Pocket2Mol,Pocket2Mol,1.0
39696768_sec15,hydrogen binding energy,proton binding,0.757203996181488
39696768_sec15,binding affinity,Affinity,0.7203144431114197
39696768_sec15,strong region,Strong Region,1.0
39696768_sec15,moderate region,Moderate (severity modifier),0.9828924536705017
39696768_sec15,weak region,Weak,0.9965013265609741
39696768_sec15,test set,Test Set,1.0
39696768_sec16,Pocket2Mol,Pocket2Mol,1.0
39696768_sec16,DiffSBDD,Diffsbdd,1.0
39696768_sec16,DiffInt,Diffint,1.0
39696768_sec16,RDKit,Rdkit,1.0
39696768_sec16,bond angles,Angular,0.7488914132118225
39696768_sec16,dihedral angles,Dihedral Angles,1.0
39696768_sec16,CCC,checkpoint clamp complex location,0.9941955208778381
39696768_sec16,CCO,Central Core Myopathy (disorder),0.998936116695404
39696768_sec16,CNC,cinacalcet,0.9967536926269531
39696768_sec16,OPO,OFCC1 gene,0.9732308983802795
39696768_sec16,NCC,SLC12A3 gene,0.9959693551063538
39696768_sec16,CC=O,cholecalciferol,0.9999762177467346
39696768_sec16,COC,Coc,1.0
39696768_sec16,CCCC,checkpoint clamp complex location,0.9731578230857849
39696768_sec16,CC=CC,cholecalciferol,0.9999762177467346
39696768_sec17,DiffInt,Diffint,1.0
39696768_sec17,hydrogen bonds,Hydrogen Bonds,0.9827972054481506
39696768_sec17,ligand molecules,Molecule,0.7661768794059753
39696768_sec17,donor atoms,Donor person,0.7012067437171936
39696768_sec17,acceptor atoms,Acceptor Atoms,1.0
39696768_sec17,Lipinski’s Rule of Five,Lipinski’S Rule Of Five,1.0
39696768_sec18,DiffInt,Diffint,1.0
39696768_sec18,hydrogen bonds,Hydrogen Bonds,0.9827972054481506
39696768_sec18,interaction particles,Social Interaction,0.9899216890335083
39696768_sec18,binding affinity,Affinity,0.7203144431114197
39696768_sec18,drug discovery,Drug Discovery,0.9833343625068665
39696768_sec18,deep generation model,Generations,0.7147282958030701
39696768_sec18,molecules,Molecule,0.9891301393508911
39696768_sec18,binding energies,Binding Energies,1.0
39696768_sec18,structure-based drug design,Structure-Based Drug Design,1.0
39696768_sec18,large-scale GPUs,Large-Scale Gpus,1.0
39700339_sec0,15-lipoxygenase-2,Arachidonate 15-Lipoxygenase,0.8700950145721436
39700339_sec0,h15-LOX-2,ALOX15B gene,0.8376990556716919
39700339_sec0,15-HpETE,"15-hydroperoxy-5,8,11,13-eicosatetraenoic acid",0.9592212438583374
39700339_sec0,atherosclerotic plaques,atherosclerotic,0.9923697113990784
39700339_sec0,ZINC database,Databases,0.8018705248832703
39700339_sec0,virtual screening,Viral screening,0.7843745946884155
39700339_sec0,shape-based matching,Shape-Based Matching,1.0
39700339_sec0,docking,Boat dock,0.9686193466186523
39700339_sec0,compound 10,Compound,0.9778435230255127
39700339_sec0,compound 13,Compound,0.9778435230255127
39700339_sec0,Ki values,Ki Values,1.0
39700339_sec0,inhibitors,inhibitors,0.9835798144340515
39700339_sec1,Lipoxygenases,Lipoxygenases,0.9734643697738647
39700339_sec1,arachidonic acid,arachidonic acid,0.9886519312858582
39700339_sec1,linoleic acid,linoleic acid,0.9798789620399475
39700339_sec1,5-lipoxygenase,Arachidonate 5-Lipoxygenase,0.9645854234695435
39700339_sec1,12 S-lipoxygenase,Lipoxygenase,0.8375856876373291
39700339_sec1,12 R-lipoxygenase,12 R-Lipoxygenase,1.0
39700339_sec1,15-lipoxygenase-1,Arachidonate 15-Lipoxygenase,0.8700950145721436
39700339_sec1,15-lipoxygenase-2,Arachidonate 15-Lipoxygenase,0.8700950145721436
39700339_sec1,epidermal lipoxygenase-3,ALOXE3 gene,0.9708412885665894
39700339_sec1,leukotrienes,Leukotrienes,0.9681262969970703
39700339_sec1,lipoxins,Lipoxins,0.9880893230438232
39700339_sec1,ALOX15B,ALOX15B gene,0.964690625667572
39700339_sec1,15-HpETE,"15-hydroperoxy-5,8,11,13-eicosatetraenoic acid",0.9592212438583374
39700339_sec1,macrophages,macrophage,0.9848176836967468
39700339_sec1,atherosclerosis,Arteriosclerosis,0.9951414465904236
39700339_sec2,h15-LOX-2,ALOX15B gene,0.8376990556716919
39700339_sec3,h15-LOX-2,ALOX15B gene,0.8376990556716919
39700339_sec3,arachidonate,arachidonate,0.9866136312484741
39700339_sec3,LIT-04,Lit-04,1.0
39700339_sec3,LIT-05,Lit-05,1.0
39700339_sec3,mixed-type inhibitor,Mixed-Type Inhibitor,1.0
39700339_sec3,competitive inhibitor,competition,0.9775552749633789
39700339_sec3,PDB code: 7LAF,Coding,0.7381619215011597
39700339_sec3,2.44 Å,2.44 Å,1.0
39700339_sec3,shape-based matching,Shape-Based Matching,1.0
39700339_sec3,ROCS,Rocs,1.0
39700339_sec4,ZINC-Curated database,Zinc-Curated Database,1.0
39700339_sec4,dissimilarity filter,Dissimilarity Filter,1.0
39700339_sec4,molecular fingerprints,Molecular Signature,0.921500563621521
39700339_sec4,structural diversity,Structure,0.987086296081543
39700339_sec4,clusters,Cell cluster,0.8280072808265686
39700339_sec4,representative compound,Representative Compound,1.0
39700339_sec4,shape-based model,Shape-Based Model,1.0
39700339_sec4,inhibitors,inhibitors,0.9835798144340515
39700339_sec5,h15-LOX-2,ALOX15B gene,0.8376990556716919
39700339_sec5,C8E4,C8E4,1.0
39700339_sec5,LIT-01,Lit-01,1.0
39700339_sec5,LIT-05,Lit-05,1.0
39700339_sec5,Goldscore,Goldscore,1.0
39700339_sec5,ChemPLP,Chemplp,1.0
39700339_sec5,RMSD,Rmsd,1.0
39700339_sec5,X-ray crystallography,"Crystallography, X-Ray",0.9816281795501709
39700339_sec5,PDB code: 4NRE,Coding,0.7381619215011597
39700339_sec5,2.63 Å,2.63 Å,1.0
39700339_sec5,2.07 Å,2.07 Å,1.0
39700339_sec5,2.79 Å,2.79 Å,1.0
39700339_sec5,3.63 Å,3.63 Å,1.0
39700339_sec5,4.56 Å,4.56 Å,1.0
39700339_sec6,h15-LOX-2,ALOX15B gene,0.8376990556716919
39700339_sec6,Escherichia coli BL21 DE3 pLysS,Escherichia coli,0.9835531711578369
39700339_sec6,Dimethyl sulfoxide,dimethyl sulfoxide,0.9737379550933838
39700339_sec6,Triton X-100,Triton X-100,0.9613936543464661
39700339_sec6,LIT-02,Lit-02,1.0
39700339_sec6,IC 50,Ic 50,1.0
39700339_sec6,arachidonic acid,arachidonic acid,0.9886519312858582
39700339_sec6,K M,methionine,0.7071068286895752
39700339_sec6,V max,V Max,1.0
39700339_sec6,k cat,Catalan language,0.9938414692878723
39700339_sec6,compound 08,Compound,0.9778435230255127
39700339_sec6,compound 10,Compound,0.9778435230255127
39700339_sec6,compound 13,Compound,0.9778435230255127
39700339_sec6,compound 14,Compound,0.9778435230255127
39700339_sec7,h15-LOX-2,ALOX15B gene,0.8376990556716919
39700339_sec7,ZINC-Curated,Zinc-Curated,1.0
39700339_sec7,inhibitors,inhibitors,0.9835798144340515
39700339_sec7,K i values,K I Values,1.0
39700339_sec7,IC 50,Ic 50,1.0
39700339_sec7,arachidonic acid,arachidonic acid,0.9886519312858582
39700339_sec7,X-ray crystallography,"Crystallography, X-Ray",0.9816281795501709
39700339_sec7,surface plasmon resonance spectroscopy,Surface Plasmon Resonance,0.8064667582511902
39700339_sec7,isothermal titration calorimetry,"Calorimeters, Isothermal Titration",0.8558858633041382
39696643_sec0,BRD4,BRD4 gene,0.9643591046333313
39696643_sec0,bromodomain-containing protein 4,BRD4 gene,0.9793357849121094
39696643_sec0,LibDock,Libdock,1.0
39696643_sec0,CDOCKER,Cdocker,1.0
39696643_sec0,PMF,PRB1 gene,0.9865167737007141
39696643_sec0,Ludi3,Ludi3,1.0
39696643_sec0,PubChem,PubChem,0.9716385006904602
39696643_sec0,docking,Boat dock,0.9686193466186523
39696643_sec0,virtual screening,Viral screening,0.7843745946884155
39696643_sec0,inhibition constants,Inhibition Constants,1.0
39696643_sec0,crystal structures,Crystal Structure,0.8986953496932983
39696643_sec1,virtual screening,Viral screening,0.7843745946884155
39696643_sec1,ligand-based virtual screening,Ligand-Based Virtual Screening,1.0
39696643_sec1,structure-based virtual screening,Structure-Based Virtual Screening,1.0
39696643_sec1,molecular docking,Molecular Docking,0.9794326424598694
39696643_sec1,3D conformations,3 Days,0.9996993541717529
39696643_sec1,classical scoring functions,Classical Scoring Functions,1.0
39696643_sec10,BRD4,BRD4 gene,0.9643591046333313
39696643_sec10,BRD4 inhibitors,BRD4 gene,0.9643591046333313
39696643_sec10,Libdock,Libdock,1.0
39696643_sec10,CDOCKER,Cdocker,1.0
39696643_sec10,RMSD,Rmsd,1.0
39696643_sec10,2.0 Å,2.0 Å,1.0
39696643_sec10,65.8%,65.8%,1.0
39696643_sec10,86.3%,86.3%,1.0
39696643_sec11,BRD4,BRD4 gene,0.9643591046333313
39696643_sec11,LigScore1,Ligscore1,1.0
39696643_sec11,LigScore2,Ligscore2,1.0
39696643_sec11,PLP1,PLP1 gene,0.9662993550300598
39696643_sec11,PLP2,PLP2 gene,0.965335488319397
39696643_sec11,PMF,PRB1 gene,0.9865167737007141
39696643_sec11,PMF04,Pmf04,1.0
39696643_sec11,Ludi 3,Ludi 3,1.0
39696643_sec11,GraphPad Prism 9.3.0,Graphpad Prism 9.3.0,1.0
39696643_sec11,pIC50,Pic50,1.0
39696643_sec11,correlation coefficients,Pearson Correlation Coefficient,0.7872151136398315
39696643_sec11,linear regression,Linear Regression,0.9757248759269714
39696643_sec11,slope,Slope,0.985967755317688
39696643_sec11,Y-intercept,Point of Interception,0.8021616339683533
39696643_sec11,ordinate standard error,Standard Error,0.7689182758331299
39696643_sec12,BRD4,BRD4 gene,0.9643591046333313
39696643_sec12,pIC50,Pic50,1.0
39696643_sec12,sp2 hybridized atoms,Sp2 Hybridized Atoms,1.0
39696643_sec12,heavy atoms,Heavy Atoms,1.0
39696643_sec12,molecular complexity,Molecular Complexity,1.0
39696643_sec12,linear regression model,Linear Regression Body Surface Area Formula for Infants and Children,0.8516825437545776
39696643_sec12,GraphPad Prism,Graphpad Prism,1.0
39696643_sec12,F statistic,F Statistic,1.0
39696643_sec12,r2 value,R2 Value,1.0
39696643_sec12,PubChem,PubChem,0.9716385006904602
39696643_sec12,DS2019 software,Computer software,0.9690240621566772
39696643_sec13,BRD4,BRD4 gene,0.9643591046333313
39696643_sec13,YF2,Yf2,1.0
39696643_sec13,Asn140,Asn140,1.0
39696643_sec13,Trp81,Trp81,1.0
39696643_sec13,Pro82,Pro82,1.0
39696643_sec13,Phe83,Phe83,1.0
39696643_sec13,Asp88,Asp88,1.0
39696643_sec13,Lys91,Lys91,1.0
39696643_sec13,Leu92,Leu92,1.0
39696643_sec13,Leu94,Leu94,1.0
39696643_sec13,Met149,Met149,1.0
39696643_sec13,pyrrolopyridone,Pyridones,0.769521176815033
39696643_sec13,sulfonamide,Sulfonamides,0.9758314490318298
39696643_sec13,CDOCKER,Cdocker,1.0
39696643_sec14,BRD4,BRD4 gene,0.9643591046333313
39696643_sec14,YF2,Yf2,1.0
39696643_sec14,RMSD,Rmsd,1.0
39696643_sec14,0.30 nm,0.30 Nm,1.0
39696643_sec14,0.15 nm,0.15 Nm,1.0
39696643_sec14,0.225 nm,0.225 Nm,1.0
39696643_sec14,0.1901 nm,0.1901 Nm,1.0
39696643_sec14,0.1896 nm,0.1896 Nm,1.0
39696643_sec14,RMSF,Rmsf,1.0
39696643_sec14,N-terminal,protein N-terminus binding,0.7845303416252136
39696643_sec14,C-terminal,Carboxy-Terminal Amino Acid,0.937165379524231
39696643_sec15,BRD4,BRD4 gene,0.9643591046333313
39696643_sec15,CDOCKER,Cdocker,1.0
39696643_sec15,BRD4 inhibitors,BRD4 gene,0.9643591046333313
39696643_sec15,LigScore1,Ligscore1,1.0
39696643_sec15,LigScore2,Ligscore2,1.0
39696643_sec15,PLP1,PLP1 gene,0.9662993550300598
39696643_sec15,PLP2,PLP2 gene,0.965335488319397
39696643_sec15,PMF,PRB1 gene,0.9865167737007141
39696643_sec15,PMF04,Pmf04,1.0
39696643_sec15,Ludi3,Ludi3,1.0
39696643_sec15,inhibition constants,Inhibition Constants,1.0
39696643_sec15,structure-activity relationships,Structure-Activity Relationship,0.9620847702026367
39696643_sec15,molecular properties,Molecular Properties,1.0
39696643_sec15,ligand affinity,Affinity,0.986331045627594
39696643_sec15,virtual screening,Viral screening,0.7843745946884155
39771585_sec0,Glucagon-like peptide-1 receptor,Glucagon-Like Peptide-1 Receptor,0.9784603714942932
39771585_sec0,GLP-1,Glucagon-Like Peptide 1,0.967859148979187
39771585_sec0,diabetes,Diabetes,0.9754753708839417
39771585_sec0,obesity,Obesity,0.9890912771224976
39771585_sec0,natural product database,Natural Products,0.9848740100860596
39771585_sec0,allosteric modulation,Allosteric Modulator,0.8162289261817932
39771585_sec0,β-lactam antibiotics,Antibiotics,0.9689206480979919
39771585_sec0,peptidomimetics,Peptidomimetics,0.9755032658576965
39771585_sec0,lactams,Lactams,0.9733797907829285
39771585_sec0,coumarins,Coumarins,0.966309130191803
39771585_sec0,sulfonamides,Sulfonamides,0.9744642376899719
39771585_sec0,ADMET properties,Property (attribute),0.9836723208427429
39771585_sec0,molecular dynamics,Molecular Dynamics,0.9768232107162476
39771585_sec0,virtual screening,Viral screening,0.7843745946884155
39771585_sec1,Diabetes mellitus,Diabetes Mellitus,0.9751484394073486
39771585_sec1,type 2 DM,Type 2,0.8447970151901245
39771585_sec1,T2DM,T2Dm,1.0
39771585_sec1,insulin resistance,Insulin Resistance,0.9827665686607361
39771585_sec1,macrovascular complications,Complication,0.9766035676002502
39771585_sec1,microvascular complications,Microvascular,0.988033652305603
39771585_sec1,obesity,Obesity,0.9890912771224976
39771585_sec1,International Diabetes Federation,International,0.7705487012863159
39771585_sec14,GLP-1 receptor,Glucagon-Like Peptide-1 Receptor,0.9408242702484131
39771585_sec14,diabetes,Diabetes,0.9754753708839417
39771585_sec14,obesity,Obesity,0.9890912771224976
39771585_sec14,natural molecules,Molecule,0.741847574710846
39771585_sec14,drug-like molecules,Drug-Like Molecules,1.0
39771585_sec14,antidiabetic,Antidiabetics,0.972578763961792
39771585_sec14,anti-obesity,Anti-Obesity Agents,0.8618007302284241
39771585_sec14,ligands,Ligands,0.980503261089325
39771585_sec14,allosteric site,Allosteric Site,0.9861165881156921
39771585_sec14,modulation activity,actin modulating activity,0.7958858609199524
39771585_sec16,GLP-1 positive allosteric modulators,Positive,0.996591329574585
39771585_sec16,Coconut database,Databases,0.7172147631645203
39771585_sec16,ChemSpider NPs,Chemspider Nps,1.0
39771585_sec16,NCI development therapeutics,Nanocurie,0.9962370991706848
39771585_sec16,PubChem NPS,PubChem,0.8129310607910156
39771585_sec16,Zinc NPs,zinc,0.7539476752281189
39771585_sec16,NPAtlas,Npatlas,1.0
39771585_sec16,QED score,Score,0.9976978302001953
39771585_sec16,rule of 3,Rule Of 3,1.0
39771585_sec16,rule of 5,Rule Of 5,1.0
39771585_sec16,molecular weight,Molecular Weight,0.9799522161483765
39771585_sec16,LogP,Logp,1.0
39771585_sec16,H-bond donors,Donor person,0.7047433257102966
39771585_sec16,H-bond acceptors,H-Bond Acceptors,1.0
39771585_sec16,natural products,Natural Products,0.9743409156799316
39771585_sec17,GLP-1 receptor,Glucagon-Like Peptide-1 Receptor,0.9408242702484131
39771585_sec17,natural products,Natural Products,0.9743409156799316
39771585_sec17,allosteric modulator,Allosteric Modulator,0.9823165535926819
39771585_sec17,shape screening,Shapes,0.9953974485397339
39771585_sec17,3D alignment,3 Days,0.9996993541717529
39771585_sec17,conformers generation,Generations,0.9851849675178528
39771585_sec17,shape similarity index,Shape Similarity Index,1.0
39771585_sec18,GLP-1,Glucagon-Like Peptide 1,0.967859148979187
39771585_sec18,XP docking,Docking -molecular interaction,0.8542419672012329
39771585_sec18,natural products,Natural Products,0.9743409156799316
39771585_sec18,binding energy,Binding action,0.7253118753433228
39771585_sec18,RMSD,Rmsd,1.0
39771585_sec18,MM-GBSA,Mm-Gbsa,1.0
39771585_sec18,co-crystallized ligand,Ligands,0.9851425886154175
39771585_sec18,van der Waals,van der Waals Attraction,0.7703927755355835
39771585_sec18,electrostatic,Electrostatics,0.9852411150932312
39771585_sec18,General Born solvation,General Born Solvation,1.0
39771585_sec18,surface area energies,Surface,0.9766765236854553
39771585_sec18,affinity,Affinity,0.986331045627594
39771585_sec19,GLP-1 protein,Proteins,0.7601302266120911
39771585_sec19,compound 2,Compound (substance),0.9219197034835815
39771585_sec19,compound 3,Compound (substance),0.9219197034835815
39771585_sec19,compound 5,Compound (substance),0.9219197034835815
39771585_sec19,Root mean square deviation,Root Mean Square,0.7622712254524231
39771585_sec19,RMSD fluctuation,Fluctuation,0.9586480259895325
39771585_sec19,molecular dynamic simulation,Molecular Dynamics Simulation,0.8893800973892212
39771585_sec19,binding pocket,Binding action,0.7253118753433228
39771585_sec19,binding interaction,DNA Binding,0.8352822065353394
39771585_sec19,allosteric binding pocket,Allosteric Binding Pocket,1.0
39771585_sec20,Zygogynum pancheri,Zygogynum pancheri,0.9614935517311096
39771585_sec20,Hieracium,Hieracium,0.9682386517524719
39771585_sec20,Pilosella,Pilosella,0.9894430637359619
39771585_sec20,Cichorium,Cichorium,0.9878044724464417
39771585_sec20,dehydroepiandrosterone,prasterone,0.9694657325744629
39771585_sec20,Broussonetia,Broussonetia,0.984305202960968
39771585_sec20,Brassica oleracea var. capitata,Capitata,0.9886261224746704
39771585_sec20,Morus alba,Morus alba,0.9688513278961182
39771585_sec20,endocrine therapies,Hormone Therapy,0.7748807072639465
39771585_sec20,Sophora,Sophora,0.9943237900733948
39771585_sec20,Ponciri Fructus,Fruit,0.9679386019706726
39771585_sec20,coumarins,Coumarins,0.966309130191803
39771585_sec20,antidiabetic,Antidiabetics,0.972578763961792
39771585_sec20,anti-obesity,Anti-Obesity Agents,0.8618007302284241
39771585_sec20,antioxidant,Antioxidants,0.9671083092689514
39771585_sec21,GLP-1,Glucagon-Like Peptide 1,0.967859148979187
39771585_sec21,β-lactams,Lactams,0.8002057075500488
39771585_sec21,alkaloids,Alkaloids,0.9850631952285767
39771585_sec21,steroids,Steroids,0.9680830240249634
39771585_sec21,sesquiterpenoids,Sesquiterpenes,0.9695107936859131
39771585_sec21,macrolides,Macrolide Antibiotics,0.9885034561157227
39771585_sec21,polyketides,Polyketides,0.9275336861610413
39771585_sec21,peptidomimetic scaffolds,Peptidomimetics,0.9756511449813843
39771585_sec21,indole derivatives,"Indole derivatives, antipsychotic",0.9740127921104431
39771585_sec21,coumarin derivatives,Coumarins,0.9619734883308411
39771585_sec21,azines,Azines,1.0
39771585_sec21,benzazines,Quinolines,0.8137252926826477
39771585_sec21,azoles,Azoles,0.9782859086990356
39771585_sec21,sulfonamide derivatives,Sulfonamide Derivatives,1.0
39771585_sec22,compound 5,Compound (substance),0.9219197034835815
39771585_sec22,compound 8,Compound,0.9778435230255127
39771585_sec22,compound 9,Compound (substance),0.9219197034835815
39771585_sec22,Caco-2 permeability test,Caco-2 Cells,0.8533620834350586
39771585_sec22,log Papp,1-(2-(4-aminophenyl)ethyl)-4-(3-trifluoromethylphenyl)piperazine,0.9664142727851868
39771585_sec22,log BB,Event Log,0.7615911364555359
39771585_sec22,CNS-targeting therapies,Cns-Targeting Therapies,1.0
39771585_sec22,CYP2D6,Cytochrome P-450 CYP2D6,0.9771643280982971
39771585_sec22,CYP3A4,"cytochrome P450 3A4 protein, human",0.9755929708480835
39771585_sec22,bioavailability,Biological Availability,0.9518826007843018
39771585_sec22,intestinal absorption,Intestines,0.9885399341583252
39771585_sec22,water solubility,water solubility,0.9668795466423035
39771585_sec22,metabolic interactions,Metabolite Interaction,0.7801935076713562
39771585_sec22,central nervous system,CENTRAL NERVOUS SYSTEM DIAGNOSTIC RADIOPHARMACEUTICALS,0.9740749001502991
39771585_sec23,GLP-1,Glucagon-Like Peptide 1,0.967859148979187
39771585_sec23,Valclavam,valclavam,0.9648157954216003
39771585_sec23,Cyclothiocurvularin B,Cyclothiocurvularin B,1.0
39771585_sec23,Azidocillin,azidocillin,0.9761375784873962
39771585_sec23,Ampicillin,ampicillin,0.9779354929924011
39771585_sec23,Metampicillin,methampicillin,0.9764435291290283
39771585_sec23,Timocillin,Timocillin,1.0
39771585_sec23,Sesquiterpenoids,Sesquiterpenes,0.9695107936859131
39771585_sec23,Coumarins,Coumarins,0.966309130191803
39771585_sec23,Phenylpropanoids,phenylpropanoid biosynthetic process,0.770118772983551
39771585_sec23,Ser 206,serine,0.9936932921409607
39771585_sec23,Glu 138,Glu 138,1.0
39771585_sec23,Asp 198,aspartic acid,0.9916706681251526
39771585_sec23,MM-GBSA,Mm-Gbsa,1.0
39771585_sec23,peptidomimetics,Peptidomimetics,0.9755032658576965
39689077_sec0,Alzheimer’s disease,Alzheimer's Disease,0.9305951595306396
39689077_sec0,acetylcholine,acetylcholine,0.9733035564422607
39689077_sec0,acetylcholinesterase,acetylcholinesterase,0.9751214385032654
39689077_sec0,Trachyspermum ammi,Trachyspermum ammi,0.9677852988243103
39689077_sec0,anti-AChE,Anti-Ache,1.0
39689077_sec0,Viridifloral,Viridifloral,1.0
39689077_sec0,2-Methyl-3-glucosyloxy-5-isopropyl phenol,Phenols,0.9967422485351562
39689077_sec0,Alpha-Curcumene,alpha-curcumene,0.9588902592658997
39689077_sec0,Sterol,Sterols,0.9861459732055664
39689077_sec0,molecular docking,Molecular Docking,0.9794326424598694
39689077_sec0,Lipinski’s rule,Lipinski’S Rule,1.0
39689077_sec0,ADMET,Admet,1.0
39689077_sec0,molecular dynamics simulations,Molecular Dynamics Simulation,0.9699246287345886
39689077_sec0,structure-based drug design,Structure-Based Drug Design,1.0
39689077_sec0,in-silico tools,In-Silico Tools,1.0
39689077_sec1,Alzheimer’s disease,Alzheimer's Disease,0.9305951595306396
39689077_sec1,amyloid β,Amyloid,0.9880682826042175
39689077_sec1,tau protein,tau Proteins,0.9342327117919922
39689077_sec1,cholinergic neuron damage,Cholinergic Agents,0.9902895092964172
39689077_sec1,oxidative stress,Oxidative Stress,0.9852191209793091
39689077_sec1,neuroinflammation,Neuroinflammation,0.9733464121818542
39689077_sec1,TRx0237,TRx0237,0.9530326128005981
39689077_sec1,intravenous immunoglobulin,Intravenous,0.9687821865081787
39689077_sec1,microtubules,Microtubules,0.9840819835662842
39689077_sec1,kinases,Phosphotransferases,0.9832074642181396
39689077_sec1,phosphatases,Phosphoric Monoester Hydrolases,0.9903512001037598
39689077_sec13,T. ammi,Ammi,0.8050931692123413
39689077_sec13,bioactive compounds,Phytochemicals,0.8905173540115356
39689077_sec13,carcinogenicity,Carcinogenicity,0.9902471899986267
39689077_sec13,mutagenicity,Mutagenicity Tests,0.8736932277679443
39689077_sec13,cytotoxicity,cytotoxicity,0.993109941482544
39689077_sec13,immunotoxicity,Immunotoxicity,0.9943631291389465
39689077_sec13,hepatotoxicity,Hepatotoxicity,0.99033522605896
39689077_sec13,oral toxicity class 4,Oral cavity,0.9887835383415222
39689077_sec14,T. ammi,Ammi,0.8050931692123413
39689077_sec14,Curcumene,Curcumene,1.0
39689077_sec14,2-Methyl-3-glucosyloxy-5-isopropyl phenol,Phenols,0.9967422485351562
39689077_sec14,sterol,Sterols,0.9861459732055664
39689077_sec14,viridifloral,Viridifloral,1.0
39689077_sec14,Galantamine,galantamine,0.9865254759788513
39689077_sec14,AChE,acetylcholinesterase,0.9933652281761169
39689077_sec14,3-octanol,3-Octanol,1.0
39689077_sec14,binding affinity,Affinity,0.7203144431114197
39689077_sec14,RMSD,Rmsd,1.0
39689077_sec14,Tyr72,Tyr72,1.0
39689077_sec14,Asp74,Asp74,1.0
39689077_sec14,Tyr124,Tyr124,1.0
39689077_sec14,Trp286,Trp286,1.0
39689077_sec14,Ser293,Ser293,1.0
39689077_sec15,Curcumene,Curcumene,1.0
39689077_sec15,Sterol,Sterols,0.9861459732055664
39689077_sec15,Viridifloral,Viridifloral,1.0
39689077_sec15,Galantamine,galantamine,0.9865254759788513
39689077_sec15,AChE enzyme,acetylcholinesterase,0.9933652281761169
39689077_sec15,MD simulations,Computer simulation,0.7826932668685913
39689077_sec15,ligand-enzyme complexes,Ligand-Enzyme Complexes,1.0
39689077_sec15,binding stability,Stable status,0.7466039061546326
39689077_sec16,curcumene,Curcumene,1.0
39689077_sec16,sterol,Sterols,0.9861459732055664
39689077_sec16,viridifloral,Viridifloral,1.0
39689077_sec16,galantamine,galantamine,0.9865254759788513
39689077_sec16,RMSD,Rmsd,1.0
39689077_sec16,200 ns MD simulation,Computer simulation,0.8743528723716736
39689077_sec16,1.776 Å,1.776 Å,1.0
39689077_sec16,1.562 Å,1.562 Å,1.0
39689077_sec16,1.339 Å,1.339 Å,1.0
39689077_sec16,1.471 Å,1.471 Å,1.0
39689077_sec16,protein-ligand interactions,Protein-Protein Interaction,0.8068705201148987
39689077_sec16,complexes,complex (molecular entity),0.956250786781311
39689077_sec17,galantamine,galantamine,0.9865254759788513
39689077_sec17,curcumune,Curcumune,1.0
39689077_sec17,sterol,Sterols,0.9861459732055664
39689077_sec17,viridifloral,Viridifloral,1.0
39689077_sec17,RMSF,Rmsf,1.0
39689077_sec17,binding pocket,Binding action,0.7253118753433228
39689077_sec17,ligand binding,Ligands,0.9851425886154175
39689077_sec18,curcumene,Curcumene,1.0
39689077_sec18,galantamine,galantamine,0.9865254759788513
39689077_sec18,sterol,Sterols,0.9861459732055664
39689077_sec18,viridifloral,Viridifloral,1.0
39689077_sec18,Rg,C4A gene,0.997242271900177
39689077_sec18,structural stability,Structure,0.7436513304710388
39689077_sec18,conformational entropy,Conformational Entropy,1.0
39689077_sec19,Galantamine,galantamine,0.9865254759788513
39689077_sec19,Sterol,Sterols,0.9861459732055664
39689077_sec19,Viridifloral,Viridifloral,1.0
39689077_sec19,hydrogen bonds,Hydrogen Bonds,0.9827972054481506
39689077_sec19,H-bonding,Pyschological Bonding,0.7566745281219482
39689077_sec19,molecular dynamics,Molecular Dynamics,0.9768232107162476
39689077_sec19,VMD H-bonding analysis tool,Vmd H-Bonding Analysis Tool,1.0
39689077_sec19,acceptor-donor distance,Acceptor-Donor Distance,1.0
39689077_sec19,percentage occupancy of the H-bond,Occupancy,0.9896973371505737
39689077_sec19,200 ns simulation,Computer simulation,0.9578055739402771
39689077_sec20,viridifloral,Viridifloral,1.0
39689077_sec20,curcumene,Curcumene,1.0
39689077_sec20,galantamine,galantamine,0.9865254759788513
39689077_sec20,sterol,Sterols,0.9861459732055664
39689077_sec20,principal component analysis,Principal Component Analysis,0.9699556231498718
39689077_sec20,free energy landscape,Free Energy,0.9871825575828552
39689077_sec20,protein-ligand complexes,Protein-Ligand Complexes,1.0
39689077_sec20,eigenvectors,Eigenvectors,1.0
39689077_sec20,eigenvalues,Eigenvalue,0.8568665385246277
39689077_sec20,conformational changes,Macromolecular alteration,0.9623947739601135
39689077_sec20,binding,Binding action,0.9884335398674011
39689077_sec20,protein flexibility,Proteins,0.9952441453933716
39689077_sec20,molecular movements,Molecular,0.7322230339050293
39689077_sec20,spatial covariance matrix,Spatial Covariance Matrix,1.0
39689077_sec21,curcumene,Curcumene,1.0
39689077_sec21,galantamine,galantamine,0.9865254759788513
39689077_sec21,sterol,Sterols,0.9861459732055664
39689077_sec21,viridifloral,Viridifloral,1.0
39689077_sec21,DCCM,Dccm,1.0
39689077_sec21,correlated motion,Correlation,0.978767991065979
39689077_sec21,anti-correlated motion,Anti-Correlated Motion,1.0
39689077_sec21,ligand,Ligands,0.9851425886154175
39689077_sec21,protein,Protein,1.0
39689077_sec21,structural condition,Structure,0.7161077260971069
39689077_sec22,AChE,acetylcholinesterase,0.9933652281761169
39689077_sec22,curcumene,Curcumene,1.0
39689077_sec22,galantamine,galantamine,0.9865254759788513
39689077_sec22,sterol,Sterols,0.9861459732055664
39689077_sec22,viridifloral,Viridifloral,1.0
39689077_sec22,MMPBSA.py,Mmpbsa.Py,1.0
39689077_sec22,AMBER package,Computer program package,0.7314090132713318
39689077_sec22,binding free energy,Free Energy,0.7571345567703247
39689077_sec22,van der Waals energy,Van Der Waals Energy,1.0
39689077_sec22,electrostatic energy,Electrostatic Energy,1.0
39689077_sec22,molecular mechanics Poisson-Boltzmann surface area method,molecular mechanics,0.9803624153137207
39689077_sec22,binding stability,Stable status,0.7466039061546326
39689077_sec23,rule-of-five,Rule-Of-Five,1.0
39689077_sec23,Lipinski,Lipinski,1.0
39689077_sec23,Phase II trials,Phase 2 Clinical Trials,0.9803035259246826
39689077_sec23,molecular weight,Molecular Weight,0.9799522161483765
39689077_sec23,hydrogen-bond acceptors,Hydrogen-Bond Acceptors,1.0
39689077_sec23,hydrogen-bond donors,Hydrogen-Bond Donors,1.0
39689077_sec23,logP,Logp,1.0
39689077_sec23,rotatable bonds,Rotatable Bonds,1.0
39689077_sec23,bioavailability,Biological Availability,0.9518826007843018
39689077_sec23,drug-likeness,Drug-Likeness,1.0
39689077_sec23,pharmacokinetic properties,Drug Kinetics,0.8467845916748047
39689077_sec24,2-Methyl-3-glucosyloxy-5-isopropyl phenol,Phenols,0.9967422485351562
39689077_sec24,P-glycoprotein,P-Glycoproteins,0.9525982737541199
39689077_sec24,AChE inhibitors,Angiotensin-Converting Enzyme Inhibitors,0.825369656085968
39689077_sec24,blood-brain barrier,Blood - brain barrier anatomy,0.9633370041847229
39689077_sec24,BBB permeability,Blood - brain barrier anatomy,0.9848222732543945
39689077_sec24,hERG inhibitors,inhibitors,0.9835798144340515
39689077_sec24,QT syndrome,Syndrome,0.8891571760177612
39689077_sec24,ventricular arrhythmia,Ventricular arrhythmia,0.9672254920005798
39689077_sec25,galantamine,galantamine,0.9865254759788513
39689077_sec25,Alpha-Curcumene,alpha-curcumene,0.9588902592658997
39689077_sec25,hydrogen bonding,Hydrogen Bonding,0.9904173016548157
39689077_sec25,electrophilic attack,Electrophilic Attack,1.0
39689077_sec25,nucleophilic attack,Nucleophilic Attack,1.0
39689077_sec25,MEP analysis,Analysis of substances,0.9811744093894958
39689077_sec25,energy gap,"Energy, Physics",0.8034887313842773
39689077_sec25,reactive sites,Active Site,0.9837661385536194
39689077_sec25,control ligand,Control Groups,0.9929772615432739
39689077_sec26,AChE,acetylcholinesterase,0.9933652281761169
39689077_sec26,Trachyspermum ammi,Trachyspermum ammi,0.9677852988243103
39689077_sec26,Alzheimer’s disease,Alzheimer's Disease,0.9305951595306396
