ref_id,pmid,ref_index,ref_title,ref_journal,ref_year,ref_doi,ref_pmid,ref_url
38598310_ref1,38598310,1,"Feldman, D.; Krishnan, A. V.; Swami, S. Osteoporosis; Elsevier, 2013, pp 283–328.",Osteoporosis,2013,,,
38598310_ref2,38598310,2,Vitamin D modulation of innate immune responses to respiratory viral infections,Rev. Med. Virol.,2017,10.1002/rmv.1909,27714929,https://doi.org/10.1002/rmv.1909
38598310_ref3,38598310,3,Evidence that vitamin D supplementation could reduce risk of influenza and COVID-19 infections and deaths,Nutrients,2020,10.3390/nu12040988,32252338,https://doi.org/10.3390/nu12040988
38598310_ref4,38598310,4,The role of telomeres and vitamin D in cellular aging and age-related diseases,Clin. Chem. Lab. Med.,2015,10.1515/cclm-2014-1184,25803084,https://doi.org/10.1515/cclm-2014-1184
38598310_ref5,38598310,5,Vitamin D and immune function,Nutrients,2013,10.3390/nu5072502,23857223,https://doi.org/10.3390/nu5072502
38598310_ref6,38598310,6,Vitamin-D in the immune system: genomic and non-genomic actions,Mini-Rev. Med. Chem.,2015,10.2174/1389557515666150519110830,25985946,https://doi.org/10.2174/1389557515666150519110830
38598310_ref7,38598310,7,Vitamin D and autoimmune diseases: is vitamin D receptor(VDR)polymorphism the culprit,Isr. Med. Assoc. J.,2017,,28786260,
38598310_ref8,38598310,8,The role of vitamin D in the prevention of late-life depression,J. Affective Disord.,2016,10.1016/j.jad.2016.03.022,26998791,https://doi.org/10.1016/j.jad.2016.03.022
38598310_ref9,38598310,9,"Vitamin D, nervous system and aging",Psychoneuroendocrinology,2009,10.1016/j.psyneuen.2009.07.003,19660871,https://doi.org/10.1016/j.psyneuen.2009.07.003
38598310_ref10,38598310,10,Hypovitaminosis D: a common deficiency with pervasive consequences,JAAPA,2015,10.1097/01.JAA.0000459810.95512.14,25594293,https://doi.org/10.1097/01.JAA.0000459810.95512.14
38598310_ref11,38598310,11,"Szabo, L. Vitamin D, the Sunshine Supplement, Has Shadowy Money behind it; The New York Times, 2018. https://www.nytimes.com/2018/08/18/business/vitamin-d-michael-holick.html(accessed December 14, 2023).","Vitamin D, the Sunshine Supplement, Has Shadowy Money behind it",2018,,,
38598310_ref12,38598310,12,Sunlight and Vitamin D: A global perspective for health,Dermatoendocrinol,2013,10.4161/derm.24494,24494042,https://doi.org/10.4161/derm.24494
38598310_ref13,38598310,13,Unravelling the details of vitamin D photosynthesis by non-adiabatic molecular dynamics simulations,Phys. Chem. Chem. Phys.,2011,10.1039/c1cp21292c,22020179,https://doi.org/10.1039/c1cp21292c
38598310_ref14,38598310,14,Tunneling and conformational flexibility play critical roles in the isomerization mechanism of vitamin D,J. Am. Chem. Soc.,2012,10.1021/ja2077075,22118472,https://doi.org/10.1021/ja2077075
38598310_ref15,38598310,15,Theoretical evaluation of the conformations of previtamin D3,J. Org. Chem.,1988,10.1021/jo00256a031,,https://doi.org/10.1021/jo00256a031
38598310_ref16,38598310,16,Kinetic and thermodynamic studies of the conversion of previtamin D3 to vitamin D3 in human skin,J. Biol. Chem.,1993,10.1016/S0021-9258(18)82416-4,8392061,https://doi.org/10.1016/S0021-9258(18)82416-4
38598310_ref17,38598310,17,Evolutionary importance for the membrane enhancement of the production of vitamin D3 in the skin of poikilothermic animals,Proc. Natl. Acad. Sci. U.S.A.,1995,10.1073/pnas.92.8.3124,7724526,https://doi.org/10.1073/pnas.92.8.3124
38598310_ref18,38598310,18,Catalyzed Thermal Isomerization between Previtamin D3 and Vitamin D3 via β–Cyclodextrin Complexation,J. Biol. Chem.,1995,10.1074/jbc.270.15.8706,7721775,https://doi.org/10.1074/jbc.270.15.8706
38598310_ref19,38598310,19,Obtaining and Investigation of the β-Cyclodextrin Inclusion Complex with Vitamin D 3 Oil Solution,Scientifica,2020,10.1155/2020/6148939,32908782,https://doi.org/10.1155/2020/6148939
38598310_ref20,38598310,20,"Multi-structural variational transition state theory. Kinetics of the 1,4-hydrogen shift isomerization of the pentyl radical with torsional anharmonicity",Chem. Sci.,2011,10.1039/c1sc00225b,,https://doi.org/10.1039/c1sc00225b
38598310_ref21,38598310,21,Extended tight-binding quantum chemistry methods,Wiley Interdiscip. Rev.: Comput. Mol. Sci.,2020,10.1002/wcms.1493,,https://doi.org/10.1002/wcms.1493
38598310_ref22,38598310,22,GFN2-xTB-An Accurate and Broadly Parametrized Self-Consistent Tight-Binding Quantum Chemical Method with Multipole Electrostatics and Density-Dependent Dispersion Contributions,J. Chem. Theory Comput.,2019,10.1021/acs.jctc.8b01176,30741547,https://doi.org/10.1021/acs.jctc.8b01176
38598310_ref23,38598310,23,A Combined Systematic-Stochastic Algorithm for the Conformational Search in Flexible Acyclic Molecules,Front. Chem.,2020,10.3389/fchem.2020.00016,32047738,https://doi.org/10.3389/fchem.2020.00016
38598310_ref24,38598310,24,TorsiFlex: an automatic generator of torsional conformers. Application to the twenty proteinogenic amino acids,J. Cheminf.,2021,10.1186/s13321-021-00578-0,34952644,https://doi.org/10.1186/s13321-021-00578-0
38598310_ref25,38598310,25,"Hybrid meta density functional theory methods for thermochemistry, thermochemical kinetics, and noncovalent interactions: the MPW1B95 and MPWB1K models and comparative assessments for hydrogen bonding and van der Waals interactions",J. Phys. Chem. A,2004,10.1021/jp048147q,,https://doi.org/10.1021/jp048147q
38598310_ref26,38598310,26,Self-consistent molecular orbital methods. XII. Further extensions of Gaussian-type basis sets for use in molecular orbital studies of organic molecules,J. Chem. Phys.,1972,10.1063/1.1677527,,https://doi.org/10.1063/1.1677527
38598310_ref27,38598310,27,"A new ONIOM implementation in Gaussian98. Part I. The calculation of energies, gradients, vibrational frequencies and electric field derivatives",J. Mol. Struct. Theochem.,1999,10.1016/S0166-1280(98)00475-8,,https://doi.org/10.1016/S0166-1280(98)00475-8
38598310_ref28,38598310,28,"Parameter calibration of transition-metal elements for the spin-polarized self-consistent-charge density-functional tight-binding(DFTB)method: Sc, Ti, Fe, Co, and Ni",J. Chem. Theory Comput.,2007,10.1021/ct600312f,26633208,https://doi.org/10.1021/ct600312f
38598310_ref29,38598310,29,Universal Solvation Model Based on Solute Electron Density and on a Continuum Model of the Solvent Defined by the Bulk Dielectric Constant and Atomic Surface Tensions,J. Phys. Chem. B,2009,10.1021/jp810292n,19366259,https://doi.org/10.1021/jp810292n
38598310_ref30,38598310,30,Quantum mechanical continuum solvation models,Chem. Rev.,2005,10.1021/cr9904009,16092826,https://doi.org/10.1021/cr9904009
38598310_ref31,38598310,31,"Frisch, M. J.; Trucks, G. W.; Schlegel, H. B.; Scuseria, G. E.; Robb, M. A.; Cheeseman, J. R.; Scalmani, G.; Barone, V.; Mennucci, B.; Petersson, G. A.; Nakatsuji, H.; Caricato, M.; Li, X.; Hratchian, H. P.; Izmaylov, A. F.; Bloino, J.; Zheng, G.; Sonnenberg, J. L.; Hada, M.; Ehara, M.; Toyota, K.; Fukuda, R.; Hasegawa, J.; Ishida, M.; Nakajima, T.; Honda, Y.; Kitao, O.; Nakai, H.; Vreven, T.; Montgomery, J. A.; Peralta, J. E.; Ogliaro, F.; Bearpark, M.; Heyd, J. J.; Brothers, E.; Kudin, K. N.; Staroverov, V. N.; Kobayashi, R.; Normand, J.; Raghavachari, K.; Rendell, A.; Burant, J. C.; Iyengar, S. S.; Tomasi, J.; Cossi, M.; Rega, N.; Millam, J. M.; Klene, M.; Knox, J. E.; Cross, J. B.; Bakken, V.; Adamo, C.; Jaramillo, J.; Gomperts, R.; Stratmann, R. E.; Yazyev, O.; Austin, A. J.; Cammi, R.; Pomelli, C.; Ochterski, J. W.; Martin, R. L.; Morokuma, K.; Zakrzewski, V. G.; Voth, G. A.; Salvador, P.; Dannenberg, J. J.; Dapprich, S.; Daniels, A. D.; Farkas, O.; Foresman, J. B.; Ortiz, J. V.; Cioslowski, J.; Fox, D. J. Gaussian 09. Revision E.01; Gaussian Inc.: Wallingford CT, 2009.",Gaussian 09,2009,,,
38598310_ref32,38598310,32,Practical methods for including torsional anharmonicity in thermochemical calculations on complex molecules: The internal-coordinate multi-structural approximation,Phys. Chem. Chem. Phys.,2011,10.1039/c0cp02644a,21562655,https://doi.org/10.1039/c0cp02644a
38598310_ref33,38598310,33,Multi-structural thermodynamics of C-H bond dissociation in hexane and isohexane yielding seven isomeric hexyl radicals,Phys. Chem. Chem. Phys.,2011,10.1039/c1cp21829h,21984114,https://doi.org/10.1039/c1cp21829h
38598310_ref34,38598310,34,Pilgrim: A thermal rate constant calculator and a chemical kinetics simulator,Comput. Phys. Commun.,2020,10.1016/j.cpc.2020.107457,,https://doi.org/10.1016/j.cpc.2020.107457
38598310_ref35,38598310,35,Computational thermochemistry: scale factor databases and scale factors for vibrational frequencies obtained from electronic model chemistries,J. Chem. Theory Comput.,2010,10.1021/ct100326h,26616087,https://doi.org/10.1021/ct100326h
38598310_ref36,38598310,36,Criterion of minimum state density in the transition state theory of bimolecular reactions,J. Chem. Phys.,1979,10.1063/1.437698,,https://doi.org/10.1063/1.437698
38598310_ref37,38598310,37,Generalized transition-state theory. Classical mechanical theory and applications to collinear reactions of hydrogen molecules,J. Phys. Chem.,1979,10.1021/j100471a031,,https://doi.org/10.1021/j100471a031
38598310_ref38,38598310,38,"Multipath variational transition state theory: rate constant of the 1,4-hydrogen shift isomerization of the 2-cyclohexylethyl radical",J. Phys. Chem. A,2012,10.1021/jp209146b,22126663,https://doi.org/10.1021/jp209146b
38598310_ref39,38598310,39,A general small-curvature approximation for transition-state-theory transmission coefficients,J. Phys. Chem.,1981,10.1021/j150621a001,,https://doi.org/10.1021/j150621a001
38598310_ref40,38598310,40,"Molecular modeling of the kinetic isotope effect for the[1,5]-sigmatropic rearrangement of cis-1,3-pentadiene",J. Am. Chem. Soc.,1993,10.1021/ja00059a041,,https://doi.org/10.1021/ja00059a041
38598310_ref41,38598310,41,On evaluating the reaction path Hamiltonian,J. Chem. Phys.,1988,10.1063/1.454172,,https://doi.org/10.1063/1.454172
38598310_ref42,38598310,42,New computational tools for chemical kinetics: the Cathedral Package,Theor. Chem. Acc.,2023,10.1007/s00214-023-03012-w,,https://doi.org/10.1007/s00214-023-03012-w
38598310_ref43,38598310,43,GitHub: The Cathedral Package,,2021,,,
38996455_ref1,38996455,1,Mechanism of chaperone coordination during cotranslational protein folding in bacteria,Mol Cell,2024,10.1016/j.molcel.2024.06.002,38908370,https://doi.org/10.1016/j.molcel.2024.06.002
38996455_ref2,38996455,2,On the evolution of chaperones and cochaperones and the expansion of proteomes across the Tree of Life,Proc Natl Acad Sci USA,2021,10.1073/pnas.2020885118,34001607,https://doi.org/10.1073/pnas.2020885118
38996455_ref3,38996455,3,Rapid degradation of a large fraction of newly synthesized proteins by proteasomes,Nature,2000,10.1038/35008096,10783891,https://doi.org/10.1038/35008096
38996455_ref4,38996455,4,Molecular chaperones in protein folding and proteostasis,Nature,2011,10.1038/nature10317,21776078,https://doi.org/10.1038/nature10317
38996455_ref5,38996455,5,An expanding arsenal of experimental methods yields an explosion of insights into protein folding mechanisms,Nat Struct Mol Biol,2009,10.1038/nsmb.1592,19491935,https://doi.org/10.1038/nsmb.1592
38996455_ref6,38996455,6,Trigger factor both holds and folds its client proteins,Nat Commun,2022,10.1038/s41467-022-31767-6,35840586,https://doi.org/10.1038/s41467-022-31767-6
38996455_ref7,38996455,7,Mechanisms of Cotranslational Maturation of Newly Synthesized Proteins,Annu Rev Biochem,2019,10.1146/annurev-biochem-013118-111717,30508494,https://doi.org/10.1146/annurev-biochem-013118-111717
38996455_ref8,38996455,8,The folding and evolution of multidomain proteins,Nat Rev Mol Cell Biol,2007,10.1038/nrm2144,17356578,https://doi.org/10.1038/nrm2144
38996455_ref9,38996455,9,The SCOP database in 2020: expanded classification of representative family and superfamily domains of known protein structures,Nucleic Acids Res,2020,10.1093/nar/gkz1064,31724711,https://doi.org/10.1093/nar/gkz1064
36779817_ref1,36779817,1,Theory of protein folding: the energy landscape perspective,Annu Rev Phys Chem,1997,10.1146/annurev.physchem.48.1.545,9348663,https://doi.org/10.1146/annurev.physchem.48.1.545
36779817_ref2,36779817,2,How fast‐folding proteins fold,Science,2011,10.1126/science.1208351,22034434,https://doi.org/10.1126/science.1208351
36779817_ref3,36779817,3,Modern kinetics and mechanism of protein folding: a retrospective,J Phys Chem B,2021,10.1021/acs.jpcb.1c00206,33724035,https://doi.org/10.1021/acs.jpcb.1c00206
36779817_ref4,36779817,4,Folding of a large protein at high structural resolution,Proc Natl Acad Sci U S A,2013,10.1073/pnas.1319482110,24191053,https://doi.org/10.1073/pnas.1319482110
36779817_ref5,36779817,5,Direct observation of multiple misfolding pathways in a single prion protein molecule,Proc Natl Acad Sci U S A,2012,10.1073/pnas.1107736109,22421432,https://doi.org/10.1073/pnas.1107736109
36779817_ref6,36779817,6,Single‐molecule fluorescence spectroscopy maps the folding landscape of a large protein,Nat Commun,2011,10.1038/ncomms1504,21988909,https://doi.org/10.1038/ncomms1504
36779817_ref7,36779817,7,Structural insight into inactivation of plasminogen activator inhibitor‐1 by a small‐molecule antagonist,Chem Biol,2013,10.1016/j.chembiol.2013.01.002,23438754,https://doi.org/10.1016/j.chembiol.2013.01.002
36779817_ref8,36779817,8,Successes and challenges in simulating the folding of large proteins,J Biol Chem,2020,10.1074/jbc.REV119.006794,31712314,https://doi.org/10.1074/jbc.REV119.006794
36779817_ref9,36779817,9,Enhanced sampling in molecular dynamics,J Chem Phys,2019,10.1063/1.5109531,31438687,https://doi.org/10.1063/1.5109531
36779817_ref10,36779817,10,Variational scheme to compute protein reaction pathways using atomistic force fields with explicit solvent,Phys Rev Lett,2015,10.1103/PhysRevLett.114.098103,25793854,https://doi.org/10.1103/PhysRevLett.114.098103
36779817_ref11,36779817,11,Self‐consistent calculation of protein folding pathways,J Chem Phys,2017,10.1063/1.4997197,28810783,https://doi.org/10.1063/1.4997197
36779817_ref12,36779817,12,Forced unfolding of fibronectin type 3 modules: an analysis by biased molecular dynamics simulations,J Mol Biol,1999,10.1006/jmbi.1999.2670,10329153,https://doi.org/10.1006/jmbi.1999.2670
36779817_ref13,36779817,13,Transition path theory from biased simulations,J Chem Phys,2018,10.1063/1.5027253,30134709,https://doi.org/10.1063/1.5027253
36779817_ref14,36779817,14,Neonatal diabetes due to neonatal hemochromatosis,J Pediatr Endocrinol Metab,2010,,21284338,
36779817_ref15,36779817,15,Folding mechanism of proteins Im7 and Im9: insight from all‐atom simulations in implicit and explicit solvent,J Phys Chem B,2016,10.1021/acs.jpcb.6b05819,27532482,https://doi.org/10.1021/acs.jpcb.6b05819
36779817_ref16,36779817,16,Atomic detail of protein folding revealed by an ab initio reappraisal of circular dichroism,J Am Chem Soc,2018,10.1021/jacs.7b12399,29473417,https://doi.org/10.1021/jacs.7b12399
36779817_ref17,36779817,17,Slow escape from a helical misfolded state of the pore‐forming toxin cytolysin A,JACS Au,2021,10.1021/jacsau.1c00175,34467360,https://doi.org/10.1021/jacsau.1c00175
36779817_ref18,36779817,18,"Protein misfolding, amyloid formation, and human disease: a summary of progress over the last decade",Annu Rev Biochem,2017,10.1146/annurev-biochem-061516-045115,28498720,https://doi.org/10.1146/annurev-biochem-061516-045115
36779817_ref19,36779817,19,Prions,Proc Natl Acad Sci U S A,1998,10.1073/pnas.95.23.13363,9811807,https://doi.org/10.1073/pnas.95.23.13363
36779817_ref20,36779817,20,Novel proteinaceous infectious particles cause scrapie,Science,1982,10.1126/science.6801762,6801762,https://doi.org/10.1126/science.6801762
36779817_ref21,36779817,21,Full atomistic model of prion structure and conversion,PLoS Pathog,2019,10.1371/journal.ppat.1007864,31295325,https://doi.org/10.1371/journal.ppat.1007864
36779817_ref22,36779817,22,High‐resolution structure and strain comparison of infectious mammalian prions,Mol Cell,2021,10.1016/j.molcel.2021.08.011,34433091,https://doi.org/10.1016/j.molcel.2021.08.011
36779817_ref23,36779817,23,2.7 Å cryo‐EM structure of ex vivo RML prion fibrils,Nat Commun,2022,10.1038/s41467-022-30457-7,35831275,https://doi.org/10.1038/s41467-022-30457-7
36779817_ref24,36779817,24,Understanding prion structure and conversion,Prog Mol Biol Transl Sci,2020,10.1016/bs.pmbts.2020.07.005,32958233,https://doi.org/10.1016/bs.pmbts.2020.07.005
36779817_ref25,36779817,25,Early intermediate in human prion protein folding as evidenced by ultrarapid mixing experiments,J Am Chem Soc,2006,10.1021/ja063880b,16939293,https://doi.org/10.1021/ja063880b
36779817_ref26,36779817,26,The effect of disease‐associated mutations on the folding pathway of human prion protein,J Biol Chem,2004,10.1074/jbc.M313581200,14761942,https://doi.org/10.1074/jbc.M313581200
36779817_ref27,36779817,27,Kinetic intermediate in the folding of human prion protein,J Biol Chem,2002,10.1074/jbc.C200507200,12356762,https://doi.org/10.1074/jbc.C200507200
36779817_ref28,36779817,28,Mechanism of misfolding of the human prion protein revealed by a pathological mutation,Proc Natl Acad Sci U S A,2021,10.1073/pnas.2019631118,33731477,https://doi.org/10.1073/pnas.2019631118
36779817_ref29,36779817,29,A transient intermediate populated in prion folding leads to domain swapping,Biochemistry,2020,10.1021/acs.biochem.9b00621,31538469,https://doi.org/10.1021/acs.biochem.9b00621
36779817_ref30,36779817,30,Pharmacological inactivation of the prion protein by targeting a folding intermediate,Commun Biol,2021,10.1038/s42003-020-01585-x,33437023,https://doi.org/10.1038/s42003-020-01585-x
36779817_ref31,36779817,31,"Conformational pathology of the serpins: themes, variations, and therapeutic strategies",Annu Rev Biochem,2009,10.1146/annurev.biochem.78.082107.133320,19245336,https://doi.org/10.1146/annurev.biochem.78.082107.133320
36779817_ref32,36779817,32,"Intravenous augmentation treatment and lung density in severe alpha1 antitrypsin deficiency(RAPID): a randomised, double‐blind, placebo‐controlled trial",Lancet,2015,10.1016/S0140-6736(15)60860-1,26026936,https://doi.org/10.1016/S0140-6736(15)60860-1
36779817_ref33,36779817,33,Advances in alpha‐1‐antitrypsin deficiency liver disease,Curr Gastroenterol Rep,2014,10.1007/s11894-013-0367-8,24338605,https://doi.org/10.1007/s11894-013-0367-8
36779817_ref34,36779817,34,All‐atom simulations reveal how single‐point mutations promote serpin misfolding,Biophys J,2018,10.1016/j.bpj.2018.03.027,29742402,https://doi.org/10.1016/j.bpj.2018.03.027
36779817_ref35,36779817,35,"The biochemistry, physiology and pathological roles of PAI‐1 and the requirements for PAI‐1 inhibition in vivo",Thromb Res,2012,10.1016/j.thromres.2012.06.023,22801256,https://doi.org/10.1016/j.thromres.2012.06.023
36779817_ref36,36779817,36,Characterization of a small molecule inhibitor of plasminogen activator inhibitor type 1 that accelerates the transition into the latent conformation,J Biol Chem,2013,10.1074/jbc.M112.371732,23155046,https://doi.org/10.1074/jbc.M112.371732
36779817_ref37,36779817,37,On the folding of a structurally complex protein to its metastable active state,Proc Natl Acad Sci U S A,2018,10.1073/pnas.1708173115,29343647,https://doi.org/10.1073/pnas.1708173115
36779817_ref38,36779817,38,Serpin latency transition at atomic resolution,Proc Natl Acad Sci U S A,2014,10.1073/pnas.1407528111,25313058,https://doi.org/10.1073/pnas.1407528111
36779817_ref39,36779817,39,Long‐range allostery mediates the regulation of plasminogen activator inhibitor‐1 by cell adhesion factor vitronectin,J Biol Chem,2022,10.1016/j.jbc.2022.102652,36444882,https://doi.org/10.1016/j.jbc.2022.102652
36779817_ref40,36779817,40,A clearer picture of the ER translocon complex,J Cell Sci,2020,10.1242/jcs.231340,32019826,https://doi.org/10.1242/jcs.231340
36779817_ref41,36779817,41,A systematic comparative and structural analysis of protein phosphorylation sites based on the mtcPTM database,Genome Biol,2007,10.1186/gb-2007-8-5-r90,17521420,https://doi.org/10.1186/gb-2007-8-5-r90
36779817_ref42,36779817,42,Pharmacological protein inactivation by targeting folding intermediates,bioRxiv,2020,10.1101/2020.03.31.018069,,https://doi.org/10.1101/2020.03.31.018069
36779817_ref43,36779817,43,Antimalarial artefenomel inhibits human SARS‐CoV‐2 replication in cells while suppressing the receptor ACE2,arXiv,2021,10.48550/arXiv.2004.13493,,https://doi.org/10.48550/arXiv.2004.13493
36779817_ref44,36779817,44,Rational design of protein‐specific folding modifiers,J Am Chem Soc,2021,10.1021/jacs.1c09611,34724378,https://doi.org/10.1021/jacs.1c09611
36779817_ref45,36779817,45,"Resistance proof, folding‐inhibitor drugs",J Chem Phys,2003,10.1063/1.1545087,,https://doi.org/10.1063/1.1545087
36779817_ref46,36779817,46,Turning transient structures into drug targets,Nature,2021,10.1038/d41586-021-01668-7,34168359,https://doi.org/10.1038/d41586-021-01668-7
36779817_ref47,36779817,47,Combining experiments and simulations using the maximum entropy principle,PLoS Comput Biol,2014,10.1371/journal.pcbi.1003406,24586124,https://doi.org/10.1371/journal.pcbi.1003406
36779817_ref48,36779817,48,Molecular dynamics simulations with replica‐averaged structural restraints generate structural ensembles according to the maximum entropy principle,J Chem Phys,2013,10.1063/1.4793625,23485282,https://doi.org/10.1063/1.4793625
36779817_ref49,36779817,49,An information‐theory‐based approach for optimal model reduction of biomolecules,J Chem Theory Comput,2020,10.1021/acs.jctc.0c00676,33108737,https://doi.org/10.1021/acs.jctc.0c00676
36779817_ref50,36779817,50,Machine learning of biomolecular reaction coordinates,J Phys Chem Lett,2018,10.1021/acs.jpclett.8b00759,29630378,https://doi.org/10.1021/acs.jpclett.8b00759
36779817_ref51,36779817,51,Boltzmann generators: sampling equilibrium states of many‐body systems with deep learning,Science,2019,10.1126/science.aaw1147,31488660,https://doi.org/10.1126/science.aaw1147
40919504_ref1,40919504,1,Physicochemical properties of cells and their effects on intrinsically disordered proteins(IDPs),Chem. Rev.,2014,10.1021/cr400695p,24901537,https://doi.org/10.1021/cr400695p
40919504_ref2,40919504,2,Guseman A.J. Pielak G.J. Protein stability and weak intracellular interactions Ito Y. Dötsch V. Shirakawa M. In-cell NMR Spectroscopy: from Molecular Sciences to Cell Biology 2020 The Royal Society of Chemistry 188 206,In-cell NMR Spectroscopy: from Molecular Sciences to Cell Biology,2020,,,
40919504_ref3,40919504,3,Excluded volume as a determinant of macromolecular structure and reactivity,Biopolymers,1981,,,
40919504_ref4,40919504,4,Estimation of macromolecule concentrations and excluded volume effects for the cytoplasm of Escherichia coli,J. Mol. Biol.,1991,10.1016/0022-2836(91)90499-v,1748995,https://doi.org/10.1016/0022-2836(91)90499-v
40919504_ref5,40919504,5,Protein-binding dynamics imaged in a living cell,Proc. Natl. Acad. Sci. U.S.A.,2012,10.1073/pnas.1112171109,22307600,https://doi.org/10.1073/pnas.1112171109
40919504_ref6,40919504,6,Soft interactions and crowding,Biophys. Rev.,2013,10.1007/s12551-013-0104-4,28510157,https://doi.org/10.1007/s12551-013-0104-4
40919504_ref7,40919504,7,A cell is more than the sum of its(dilute)parts: a brief history of quinary structure,Protein Sci.,2017,10.1002/pro.3092,27977883,https://doi.org/10.1002/pro.3092
40919504_ref8,40919504,8,Surface charge modulates protein-protein interactions in physiologically relevant environments,Biochemistry,2018,10.1021/acs.biochem.8b00061,29473738,https://doi.org/10.1021/acs.biochem.8b00061
40919504_ref9,40919504,9,Protein-complex stability in cells and in vitro under crowded conditions,Curr. Opin. Struct. Biol.,2021,10.1016/j.sbi.2020.10.024,33285342,https://doi.org/10.1016/j.sbi.2020.10.024
40919504_ref10,40919504,10,Macromolecular crowding is more than hard-core repulsions,Annu. Rev. Biophys.,2022,10.1146/annurev-biophys-091321-071829,35239418,https://doi.org/10.1146/annurev-biophys-091321-071829
40919504_ref11,40919504,11,Attractive protein-polymer interactions markedly alter the effect of macromolecular crowding on protein association equilibria,Biophys. J.,2010,10.1016/j.bpj.2010.05.013,20682270,https://doi.org/10.1016/j.bpj.2010.05.013
40919504_ref12,40919504,12,Living with water stress: evolution of osmolyte systems,Science,1982,10.1126/science.7112124,7112124,https://doi.org/10.1126/science.7112124
40919504_ref13,40919504,13,Defining the difference: what makes biologics unique,Biotechnol. Healthc.,2004,,23393437,
40919504_ref14,40919504,14,Protein aggregation and its inhibition in biopharmaceutics,Int. J. Pharm.,2005,10.1016/j.ijpharm.2004.11.014,15652195,https://doi.org/10.1016/j.ijpharm.2004.11.014
40919504_ref15,40919504,15,Pfizer's vaccine raises allergy concerns,Science,2021,10.1126/science.371.6524.10,33384356,https://doi.org/10.1126/science.371.6524.10
40919504_ref16,40919504,16,"Validity of the ""two-state"" hypothesis for conformational transitions of proteins",Biopolymers,1966,10.1002/bip.1966.360040808,5975643,https://doi.org/10.1002/bip.1966.360040808
40919504_ref17,40919504,17,Pace C.N. Shirley B.A. Thomson J.A. Measuring the conformational stability of a protein Creighton T.E. Protein Structure: A Practical Approach 13 1989 IRL Press at Oxford University Press 311 330,,1989,,,
40919504_ref18,40919504,18,Principles that govern the folding of protein chains,Science,1973,10.1126/science.181.4096.223,4124164,https://doi.org/10.1126/science.181.4096.223
40919504_ref19,40919504,19,Introduction of a disulfide bind into cytochrome c stabilizes a compact denatured state,Biochemistry,1992,10.1021/bi00164a007,1334426,https://doi.org/10.1021/bi00164a007
40919504_ref20,40919504,20,Stability of yeast iso-1-cytochrome c as a function of pH and temperature,Protein Sci.,1994,10.1002/pro.5560030811,7987220,https://doi.org/10.1002/pro.5560030811
40919504_ref21,40919504,21,Changing the transition state for protein(un)folding,Biochemistry,1996,10.1021/bi960409u,8652517,https://doi.org/10.1021/bi960409u
40919504_ref22,40919504,22,Structure and stability of monomeric lambda repressor: NMR evidence for two-state folding,Biochemistry,1995,10.1021/bi00012a003,7696251,https://doi.org/10.1021/bi00012a003
40919504_ref23,40919504,23,Protein folding studied using hydrogen-exchange labeling and two-dimensional NMR,Annu. Rev. Biophys. Biomol. Struct.,1992,10.1146/annurev.bb.21.060192.001331,1525469,https://doi.org/10.1146/annurev.bb.21.060192.001331
40919504_ref24,40919504,24,"A quantitative, high-throughput screen for protein stability",Proc. Natl. Acad. Sci. U.S.A.,2000,10.1073/pnas.140111397,10890887,https://doi.org/10.1073/pnas.140111397
40919504_ref25,40919504,25,Linderstrøm-Lang K. Neuberger A. Deuterium Exchange and Protein Structure. Symposium on Protein Structure 1958 Methuen London 23 34,Deuterium Exchange and Protein Structure. Symposium on Protein Structure,1958,,,
40919504_ref26,40919504,26,Hydrogen exchange in proteins,Adv. Protein Chem.,1966,10.1016/s0065-3233(08)60129-1,5333290,https://doi.org/10.1016/s0065-3233(08)60129-1
40919504_ref27,40919504,27,Using NMR-detected backbone amide 1H exchange to assess macromolecular crowding effects on globular-protein stability,Methods Enzymol.,2009,10.1016/S0076-6879(09)66001-8,21609855,https://doi.org/10.1016/S0076-6879(09)66001-8
40919504_ref28,40919504,28,Noncooperative folding of subdomains in adenylate kinase,Biochemistry,2009,10.1021/bi8018042,19219996,https://doi.org/10.1021/bi8018042
40919504_ref29,40919504,29,Primary structure effects on peptide group hydrogen exchange,Proteins,1993,10.1002/prot.340170110,8234246,https://doi.org/10.1002/prot.340170110
40919504_ref30,40919504,30,EX1 hydrogen exchange and protein folding,Biochemistry,2004,10.1021/bi035943y,14730962,https://doi.org/10.1021/bi035943y
40919504_ref31,40919504,31,Hydrogen exchange and structural dynamics of proteins and nucleic acids,Q. Rev. Biophys.,1983,10.1017/s0033583500005217,6204354,https://doi.org/10.1017/s0033583500005217
40919504_ref32,40919504,32,Mechanisms and uses of hydrogen exchange,Curr. Opin. Struct. Biol.,1996,10.1016/s0959-440x(96)80090-x,8696968,https://doi.org/10.1016/s0959-440x(96)80090-x
40919504_ref33,40919504,33,Hydrogen exchange studies of protein structure,Curr. Opin. Biotechnol.,1998,10.1016/s0958-1669(98)80088-8,9503592,https://doi.org/10.1016/s0958-1669(98)80088-8
40919504_ref34,40919504,34,Protein folding intermediates: native-state hydrogen exchange,Science,1995,10.1126/science.7618079,7618079,https://doi.org/10.1126/science.7618079
40919504_ref35,40919504,35,Classification of intrinsically disordered regions and proteins,Chem. Rev.,2014,10.1021/cr400525m,24773235,https://doi.org/10.1021/cr400525m
40919504_ref36,40919504,36,A thermodynamic approach to the problem of stabilization of globular protein structure: a calorimetric study,J. Mol. Biol.,1974,10.1016/0022-2836(74)90188-0,4368360,https://doi.org/10.1016/0022-2836(74)90188-0
40919504_ref37,40919504,37,Kauzmann W. Some factors in the interpretation of protein denaturation Anfinsen C.B. Anson M.L. Bailey K. Edsall J.T. Advances in Protein Chemistry 1959 Academic Press 1 63 10.1016/s0065-3233(08)60608-7 14404936,Advances in Protein Chemistry,1959,10.1016/s0065-3233(08)60608-7,14404936,https://doi.org/10.1016/s0065-3233(08)60608-7
40919504_ref38,40919504,38,The thermodynamics of protein denaturation. II. A model of reversible denaturation and interpretations regarding the stability of chymotrypsinogen,J. Am. Chem. Soc.,1964,,,
40919504_ref39,40919504,39,Protein stability curves,Biopolymers,1987,10.1002/bip.360261104,3689874,https://doi.org/10.1002/bip.360261104
40919504_ref40,40919504,40,Protein internal flexibility and global stability: effect of urea on hydrogen exchange rates of bovine pancreatic trypsin inhibitor,Biochemistry,1993,10.1021/bi00088a013,7690588,https://doi.org/10.1021/bi00088a013
40919504_ref41,40919504,41,Protein stability parameters measured by hydrogen exchange,Proteins,1994,10.1002/prot.340200103,7824522,https://doi.org/10.1002/prot.340200103
40919504_ref42,40919504,42,Assessment of stability differences in the protein G B1 and B2 domains from hydrogen-deuterium exchange: comparison with calorimetric data,Biochemistry,1995,10.1021/bi00046a038,7578145,https://doi.org/10.1021/bi00046a038
40919504_ref43,40919504,43,Unexpected effects of macromolecular crowding on protein stability,Biochemistry,2012,10.1021/bi300909q,23167542,https://doi.org/10.1021/bi300909q
40919504_ref44,40919504,44,Osmolytes and protein−protein interactions,J. Am. Chem. Soc.,2018,10.1021/jacs.8b03903,29842777,https://doi.org/10.1021/jacs.8b03903
40919504_ref45,40919504,45,Glycine betaine may have opposite effects on protein stability at high and low pH values,Biochim. Biophys. Acta Protein Proteonomics,2009,10.1016/j.bbapap.2009.02.005,19254782,https://doi.org/10.1016/j.bbapap.2009.02.005
40919504_ref46,40919504,46,Diversity in the mechanisms of cosolute action on biomolecular processes,Faraday Discuss,2013,10.1039/c2fd20101a,23795502,https://doi.org/10.1039/c2fd20101a
40919504_ref47,40919504,47,Enthalpically driven peptide stabilization by protective osmolytes,Chem. Commun.,2010,10.1039/c0cc01763a,20657920,https://doi.org/10.1039/c0cc01763a
40919504_ref48,40919504,48,In-cell thermodynamics and a new role for protein surfaces,Proc. Natl. Acad. Sci. U.S.A.,2016,10.1073/pnas.1518620113,26755596,https://doi.org/10.1073/pnas.1518620113
40919504_ref49,40919504,49,Resolving the enthalpy of protein stabilization by macromolecular crowding,Protein Sci.,2023,10.1002/pro.4573,36691735,https://doi.org/10.1002/pro.4573
40919504_ref50,40919504,50,The stabilization of proteins by sucrose,J. Biol. Chem.,1981,,7251592,
40919504_ref51,40919504,51,Thermal stabilization of proteins by mono-and oligosaccharides: Measurement and analysis in the context of an excluded volume model,Biochemistry,2015,10.1021/acs.biochem.5b00415,26000826,https://doi.org/10.1021/acs.biochem.5b00415
40919504_ref52,40919504,52,The pH dependence of saccharides' influence on thermal denaturation of two model proteins supports an excluded volume model for stabilization generalized to allow for intramolecular electrostatic interactions,J. Biol. Chem.,2016,10.1074/jbc.M116.757302,27909048,https://doi.org/10.1074/jbc.M116.757302
40919504_ref53,40919504,53,pH and urea dependence of amide hydrogen−deuterium exchange rates in the β-trefoil protein hisactophilin,Biochemistry,2002,10.1021/bi0115838,11802717,https://doi.org/10.1021/bi0115838
40919504_ref54,40919504,54,Hydrogen exchange kinetics of RNase a and the urea:TMAO paradigm,Biochemistry,2003,10.1021/bi0206457,12741842,https://doi.org/10.1021/bi0206457
40919504_ref55,40919504,55,Dried protein structure revealed at the residue level by liquid-observed vapor exchange NMR,Biochemistry,2021,10.1021/acs.biochem.0c00863,33400518,https://doi.org/10.1021/acs.biochem.0c00863
40919504_ref56,40919504,56,A molecular mechanism for osmolyte-induced protein stability,Proc. Natl. Acad. Sci. U.S.A.,2006,10.1073/pnas.0606236103,16968772,https://doi.org/10.1073/pnas.0606236103
40919504_ref57,40919504,57,The peptide backbone plays a dominant role in protein stabilization by naturally occurring osmolytes,Biochemistry,1995,10.1021/bi00039a051,7548045,https://doi.org/10.1021/bi00039a051
40919504_ref58,40919504,58,A naturally occurring protective system in urea-rich cells: mechanism of osmolyte protection of proteins against urea denaturation,Biochemistry,1997,10.1021/bi970247h,9230042,https://doi.org/10.1021/bi970247h
40919504_ref59,40919504,59,Forcing thermodynamically unfolded proteins to fold,J. Biol. Chem.,1998,10.1074/jbc.273.9.4831,9478922,https://doi.org/10.1074/jbc.273.9.4831
40919504_ref60,40919504,60,The osmophobic effect: natural selection of a thermodynamic force in protein folding,J. Mol. Biol.,2001,10.1006/jmbi.2001.4819,11502004,https://doi.org/10.1006/jmbi.2001.4819
40919504_ref61,40919504,61,Osmolyte-driven contraction of a random coil protein,Proc. Natl. Acad. Sci. U.S.A.,1998,10.1073/pnas.95.16.9268,9689069,https://doi.org/10.1073/pnas.95.16.9268
40919504_ref62,40919504,62,An osmolyte mitigates the destabilizing effect of protein crowding,Protein Sci.,2014,10.1002/pro.2510,24963990,https://doi.org/10.1002/pro.2510
40919504_ref63,40919504,63,Residue-level interrogation of macromolecular crowding effects on protein stability,J. Am. Chem. Soc.,2008,10.1021/ja8005995,18459780,https://doi.org/10.1021/ja8005995
40919504_ref64,40919504,64,Volume exclusion and soft interaction effects on protein stability under crowded conditions,Biochemistry,2010,10.1021/bi100727y,20672856,https://doi.org/10.1021/bi100727y
40919504_ref65,40919504,65,Volumetric study of aqueous solutions of polyethylene glycol as a function of the polymer molar mass in the temperature range 283.15 to 313.15 K and 0.1 MPa,J. Solut. Chem.,2009,,,
40919504_ref66,40919504,66,Crossover regime for the diffusion of nanoparticles in polyethylene glycol solutions: influence of the depletion layer,Soft Matter,2011,,,
40919504_ref67,40919504,67,Thermodynamic interactions study of some ethylene glycols in aqueous aniline solutions at different temperatures: an acoustical and volumetric approach,J. Chem. Eng. Data,2018,,,
40919504_ref68,40919504,68,Effect of macromolecular crowding on protein binding stability: modest stabilization and significant biological consequences,Biophys. J.,2009,10.1016/j.bpj.2009.05.032,19651049,https://doi.org/10.1016/j.bpj.2009.05.032
40919504_ref69,40919504,69,"Large cosolutes, small cosolutes and dihydrofolate reductase activity",Protein Sci.,2017,10.1002/pro.3316,28971539,https://doi.org/10.1002/pro.3316
40919504_ref70,40919504,70,Size and conformation of Ficoll as determined by size-exclusion chromatography followed by multiangle light scattering,Am. J. Physiol. Ren. Physiol.,2010,10.1152/ajprenal.00312.2009,19846572,https://doi.org/10.1152/ajprenal.00312.2009
40919504_ref71,40919504,71,Is Ficoll a colloid or polymer? A multitechnique study of a prototypical excluded-volume macromolecular crowder,Macromolecules,2022,,,
40919504_ref72,40919504,72,Upper limit of the time scale for diffusion and chain collapse in chymotrypsin inhibitor 2,Nat. Struct. Biol.,1999,10.1038/4899,9886288,https://doi.org/10.1038/4899
40919504_ref73,40919504,73,Rubinstein M. Colby R.H. Polymer Physics 2003 Oxford University Press,,2003,,,
40919504_ref74,40919504,74,The effect of volume occupancy upon the thermodynamic activity of proteins: some biochemical consequences,Mol. Cell. Biochem.,1983,10.1007/BF00673707,6633513,https://doi.org/10.1007/BF00673707
40919504_ref75,40919504,75,Hiemenz P.C. Lodge T.P. Polymer Chemistry 2007 CRC Press Boca Raton,,2007,,,
40919504_ref76,40919504,76,Stabilization of proteins in confined spaces,Biochemistry,2001,10.1021/bi0155504,11560476,https://doi.org/10.1021/bi0155504
40919504_ref77,40919504,77,Protein stability in reverse micelles,"Angew. Chem., Int. Ed.",2016,10.1002/anie.201508981,26854977,https://doi.org/10.1002/anie.201508981
40919504_ref78,40919504,78,Crowding and confinement can oppositely affect protein stability,ChemPhysChem,2018,10.1002/cphc.201800857,30358053,https://doi.org/10.1002/cphc.201800857
40919504_ref79,40919504,79,Thermal stability of proteins in the presence of poly(ethylene glycols),Biochemistry,1987,10.1021/bi00398a042,3427106,https://doi.org/10.1021/bi00398a042
40919504_ref80,40919504,80,Carbohydrate-based macromolecular crowding-induced stabilization of proteins: towards understanding the significance of the size of the crowder,Biomolecules,2019,10.3390/biom9090477,31547256,https://doi.org/10.3390/biom9090477
40919504_ref81,40919504,81,Macromolecular crowding and protein stability,J. Am. Chem. Soc.,2012,10.1021/ja305300m,22954326,https://doi.org/10.1021/ja305300m
40919504_ref82,40919504,82,Thermodynamics of protein destabilization in live cells,Proc. Natl. Acad. Sci. U.S.A.,2015,10.1073/pnas.1511308112,26392565,https://doi.org/10.1073/pnas.1511308112
40919504_ref83,40919504,83,Protein stabilization by macromolecular crowding through enthalpy rather than entropy,J. Am. Chem. Soc.,2014,10.1021/ja503205y,24888734,https://doi.org/10.1021/ja503205y
40919504_ref84,40919504,84,Effect of dextran on protein stability and conformation attributed to macromolecular crowding,J. Mol. Biol.,2003,10.1016/s0022-2836(02)01443-2,12589765,https://doi.org/10.1016/s0022-2836(02)01443-2
40919504_ref85,40919504,85,Macromolecular crowding stabilizes the molten globule form of apomyoglobin with respect to both cold and heat unfolding,J. Mol. Biol.,2006,10.1016/j.jmb.2006.05.075,16824541,https://doi.org/10.1016/j.jmb.2006.05.075
40919504_ref86,40919504,86,Quantification of excluded volume effects on the folding landscape of Pseudomonas aeruginosa apoazurin in vitro,Biophys. J.,2013,10.1016/j.bpj.2013.08.038,24094410,https://doi.org/10.1016/j.bpj.2013.08.038
40919504_ref87,40919504,87,Macromolecular stabilization by excluded cosolutes: mean field theory of crowded solutions,J. Chem. Theor. Comput.,2015,10.1021/acs.jctc.5b00258,26575781,https://doi.org/10.1021/acs.jctc.5b00258
40919504_ref88,40919504,88,Macromolecular crowding by polyethylene glycol reduces protein breathing,J. Phys. Chem. Lett.,2023,10.1021/acs.jpclett.3c00271,36881386,https://doi.org/10.1021/acs.jpclett.3c00271
40919504_ref89,40919504,89,"Areas, volumes, packing, and protein structure",Annu. Rev. Biophys. Bioeng.,1977,10.1146/annurev.bb.06.060177.001055,326146,https://doi.org/10.1146/annurev.bb.06.060177.001055
40919504_ref90,40919504,90,Protein crowding tunes protein stability,J. Am. Chem. Soc.,2011,10.1021/ja200067p,21506571,https://doi.org/10.1021/ja200067p
40919504_ref91,40919504,91,"Crowding effects on the small, fast-folding protein λ(6-85)",Faraday Discuss,2012,10.1039/c2fd20009k,23230782,https://doi.org/10.1039/c2fd20009k
40919504_ref92,40919504,92,In-cell NMR spectroscopy: inhibition of autologous protein expression reduces Escherichia coli lysis,Cell Biochem. Biophys.,2006,10.1385/CBB:44:3:497,16679537,https://doi.org/10.1385/CBB:44:3:497
40919504_ref93,40919504,93,Retraction of 'protein dynamics in living cells,Biochemistry,2007,10.1021/bi050786j,15981993,https://doi.org/10.1021/bi050786j
40919504_ref94,40919504,94,In-cell protein NMR and protein leakage,"Proteins: Struct., Funct., Bioinf.",2011,10.1002/prot.22906,21120863,https://doi.org/10.1002/prot.22906
40919504_ref95,40919504,95,Protein folding stability and dynamics imaged in a living cell,Nat. Methods,2010,10.1038/nmeth.1435,20190760,https://doi.org/10.1038/nmeth.1435
40919504_ref96,40919504,96,Single-molecule spectroscopy of protein conformational dynamics in live eukaryotic cells,Nat. Methods,2015,10.1038/nmeth.3475,26147918,https://doi.org/10.1038/nmeth.3475
40919504_ref97,40919504,97,Temperature dependence of protein folding kinetics in living cells,Proc. Natl. Acad. Sci. U.S.A.,2012,10.1073/pnas.1201797109,22665776,https://doi.org/10.1073/pnas.1201797109
40919504_ref98,40919504,98,Electrostatic contributions to protein quinary structure,J. Am. Chem. Soc.,2016,10.1021/jacs.6b07323,27676610,https://doi.org/10.1021/jacs.6b07323
40919504_ref99,40919504,99,Pressure-and heat-induced protein unfolding in bacterial cells: crowding vs. sticking,FEBS Lett.,2018,10.1002/1873-3468.13025,29520756,https://doi.org/10.1002/1873-3468.13025
40919504_ref100,40919504,100,Positively-charged tags impede protein mobility in cells as quantified by 19F NMR,J. Phys. Chem. B,2019,10.1021/acs.jpcb.9b02162,31042382,https://doi.org/10.1021/acs.jpcb.9b02162
40919504_ref101,40919504,101,Protein stability and folding kinetics in the nucleus and endoplasmic reticulum of eucaryotic cells,Biophys. J.,2011,10.1016/j.bpj.2011.05.071,21767495,https://doi.org/10.1016/j.bpj.2011.05.071
40919504_ref102,40919504,102,Non-steric interactions predict the trend and steric interactions the offset of protein stability in cells,ChemPhysChem,2018,10.1002/cphc.201800534,29877016,https://doi.org/10.1002/cphc.201800534
40919504_ref103,40919504,103,Residue level quantification of protein stability in living cells,Proc. Natl. Acad. Sci. U.S.A.,2014,10.1073/pnas.1406845111,25049396,https://doi.org/10.1073/pnas.1406845111
40919504_ref104,40919504,104,Impact of reconstituted cytosol on protein stability,Proc. Natl. Acad. Sci. U.S.A.,2013,10.1073/pnas.1312678110,24218610,https://doi.org/10.1073/pnas.1312678110
40919504_ref105,40919504,105,"The role of biomacromolecular crowding, ionic strength, and physicochemical gradients in the complexities of life's emergence",Microbiol. Mol. Biol. Rev.,2009,10.1128/MMBR.00010-09,19487732,https://doi.org/10.1128/MMBR.00010-09
40919504_ref106,40919504,106,Intracellular pH modulates quinary structure,Protein Sci.,2015,10.1002/pro.2765,26257390,https://doi.org/10.1002/pro.2765
40919504_ref107,40919504,107,Protein-crowder charge and protein stability,Biochemistry,2014,10.1021/bi4016346,24552162,https://doi.org/10.1021/bi4016346
39739814_ref1,39739814,1,Ferroptosis: An iron-dependent form of nonapoptotic cell death,Cell,2012,10.1016/j.cell.2012.03.042,22632970,https://doi.org/10.1016/j.cell.2012.03.042
39739814_ref2,39739814,2,"Ferroptosis: A regulated cell death nexus linking metabolism, redox biology, and disease",Cell,2017,10.1016/j.cell.2017.09.021,28985560,https://doi.org/10.1016/j.cell.2017.09.021
39739814_ref3,39739814,3,Regulation of ferroptotic cancer cell death by GPX4,Cell,2014,10.1016/j.cell.2013.12.010,24439385,https://doi.org/10.1016/j.cell.2013.12.010
39739814_ref4,39739814,4,Targeting ferroptosis as a vulnerability in cancer,Nat. Rev. Cancer,2022,10.1038/s41568-022-00459-0,35338310,https://doi.org/10.1038/s41568-022-00459-0
39739814_ref5,39739814,5,Dependency of a therapy-resistant state of cancer cells on a lipid peroxidase pathway,Nature,2017,10.1038/nature23007,28678785,https://doi.org/10.1038/nature23007
39739814_ref6,39739814,6,RB1-deficient prostate tumor growth and metastasis are vulnerable to ferroptosis induction via the E2F/ACSL4 axis,J. Clin. Invest.,2023,10.1172/JCI166647,36928314,https://doi.org/10.1172/JCI166647
39739814_ref7,39739814,7,Small-molecule allosteric inhibitors of GPX4,Cell Chem. Biol.,2022,10.1016/j.chembiol.2022.11.003,36423641,https://doi.org/10.1016/j.chembiol.2022.11.003
39739814_ref8,39739814,8,"Ferroptosis turns 10: Emerging mechanisms, physiological functions, and therapeutic applications",Cell,2022,10.1016/j.cell.2022.06.003,35803244,https://doi.org/10.1016/j.cell.2022.06.003
39739814_ref9,39739814,9,Hepatocellular carcinoma,Lancet,2022,10.1016/S0140-6736(22)01200-4,36084663,https://doi.org/10.1016/S0140-6736(22)01200-4
39739814_ref10,39739814,10,Global Cancer Statistics 2020: GLOBOCAN estimates of incidence and mortality worldwide for 36 cancers in 185 countries,CA Cancer J. Clin.,2021,10.3322/caac.21660,33538338,https://doi.org/10.3322/caac.21660
39739814_ref11,39739814,11,EASL Clinical Practice Guidelines: Management of hepatocellular carcinoma,J. Hepatol.,2018,10.1016/j.jhep.2018.03.019,29628281,https://doi.org/10.1016/j.jhep.2018.03.019
39739814_ref12,39739814,12,Sorafenib in advanced hepatocellular carcinoma,N. Engl. J. Med.,2008,10.1056/NEJMoa0708857,18650514,https://doi.org/10.1056/NEJMoa0708857
39739814_ref13,39739814,13,Lenvatinib versus sorafenib in first-line treatment of patients with unresectable hepatocellular carcinoma: A randomised phase 3 non-inferiority trial,Lancet,2018,10.1016/S0140-6736(18)30207-1,29433850,https://doi.org/10.1016/S0140-6736(18)30207-1
39739814_ref14,39739814,14,Atezolizumab plus bevacizumab in unresectable hepatocellular carcinoma,N. Engl. J. Med.,2020,10.1056/NEJMoa1915745,32402160,https://doi.org/10.1056/NEJMoa1915745
39739814_ref15,39739814,15,Updated efficacy and safety data from IMbrave150: Atezolizumab plus bevacizumab vs. sorafenib for unresectable hepatocellular carcinoma,J. Hepatol.,2022,10.1016/j.jhep.2021.11.030,34902530,https://doi.org/10.1016/j.jhep.2021.11.030
39739814_ref16,39739814,16,APE1 inhibition enhances ferroptotic cell death and contributes to hepatocellular carcinoma therapy,Cell Death Differ.,2024,10.1038/s41418-024-01270-0,38418695,https://doi.org/10.1038/s41418-024-01270-0
39739814_ref17,39739814,17,Combining ferroptosis induction with MDSC blockade renders primary tumours and metastases in liver sensitive to immune checkpoint blockade,Gut,2023,10.1136/gutjnl-2022-327909,36707233,https://doi.org/10.1136/gutjnl-2022-327909
39739814_ref18,39739814,18,Creatine kinase B suppresses ferroptosis by phosphorylating GPX4 through a moonlighting function,Nat. Cell Biol.,2023,10.1038/s41556-023-01133-9,37156912,https://doi.org/10.1038/s41556-023-01133-9
39739814_ref19,39739814,19,RNA-binding protein ZFP36/TTP protects against ferroptosis by regulating autophagy signaling pathway in hepatic stellate cells,Autophagy,2020,10.1080/15548627.2019.1687985,31679460,https://doi.org/10.1080/15548627.2019.1687985
39739814_ref20,39739814,20,FBW7-NRA41-SCD1 axis synchronously regulates apoptosis and ferroptosis in pancreatic cancer cells,Redox Biol.,2021,10.1016/j.redox.2020.101807,33271455,https://doi.org/10.1016/j.redox.2020.101807
39739814_ref21,39739814,21,Mitochondrial regulation of GPX4 inhibition-mediated ferroptosis in acute myeloid leukemia,Leukemia,2024,10.1038/s41375-023-02117-2,38148395,https://doi.org/10.1038/s41375-023-02117-2
39739814_ref22,39739814,22,The Paracaspase MALT1,Biochimie,2016,10.1016/j.biochi.2015.09.018,26386283,https://doi.org/10.1016/j.biochi.2015.09.018
39739814_ref23,39739814,23,Cleavage of roquin and regnase-1 by the paracaspase MALT1 releases their cooperatively repressed targets to promote T(H)17 differentiation,Nat. Immunol.,2014,10.1038/ni.3008,25282160,https://doi.org/10.1038/ni.3008
39739814_ref24,39739814,24,A RING-type ubiquitin ligase family member required to repress follicular helper T cells and autoimmunity,Nature,2005,10.1038/nature03555,15917799,https://doi.org/10.1038/nature03555
39739814_ref25,39739814,25,New insights into the RNA-binding and E3 ubiquitin ligase activities of roquins,Sci. Rep.,2015,10.1038/srep15660,26489670,https://doi.org/10.1038/srep15660
39739814_ref26,39739814,26,MALT1 small molecule inhibitors specifically suppress ABC-DLBCL in vitro and in vivo,Cancer Cell,2012,10.1016/j.ccr.2012.11.003,23238016,https://doi.org/10.1016/j.ccr.2012.11.003
39739814_ref27,39739814,27,Pharmacological inhibition of MALT1(mucosa-associated lymphoid tissue lymphoma translocation protein 1)induces ferroptosis in vascular smooth muscle cells,Cell Death Discov.,2023,10.1038/s41420-023-01748-9,38097554,https://doi.org/10.1038/s41420-023-01748-9
39739814_ref28,39739814,28,Drug-tolerant persister cancer cells are vulnerable to GPX4 inhibition,Nature,2017,10.1038/nature24297,29088702,https://doi.org/10.1038/nature24297
39739814_ref29,39739814,29,"Regorafenib for patients with hepatocellular carcinoma who progressed on sorafenib treatment(RESORCE): A randomised, double-blind, placebo-controlled, phase 3 trial",Lancet,2017,10.1016/S0140-6736(16)32453-9,27932229,https://doi.org/10.1016/S0140-6736(16)32453-9
39739814_ref30,39739814,30,"Fluoro-Sorafenib(Regorafenib)effects on hepatoma cells: Growth inhibition, quiescence, and recovery",J. Cell Physiol.,2013,10.1002/jcp.24148,22777740,https://doi.org/10.1002/jcp.24148
39739814_ref31,39739814,31,Pharmacological inhibition of cystine-glutamate exchange induces endoplasmic reticulum stress and ferroptosis,eLife,2014,10.7554/eLife.02523,24844246,https://doi.org/10.7554/eLife.02523
39739814_ref32,39739814,32,YAP/TAZ and ATF4 drive resistance to Sorafenib in hepatocellular carcinoma by preventing ferroptosis,EMBO Mol. Med.,2021,10.15252/emmm.202114351,34664408,https://doi.org/10.15252/emmm.202114351
39739814_ref33,39739814,33,ABCC5 facilitates the acquired resistance of sorafenib through the inhibition of SLC7A11-induced ferroptosis in hepatocellular carcinoma,Neoplasia,2021,10.1016/j.neo.2021.11.002,34768109,https://doi.org/10.1016/j.neo.2021.11.002
39739814_ref34,39739814,34,ATF3 promotes erastin-induced ferroptosis by suppressing system Xc(),Cell Death Differ.,2020,10.1038/s41418-019-0380-z,31273299,https://doi.org/10.1038/s41418-019-0380-z
39739814_ref35,39739814,35,"Cystine transporter SLC7A11/xCT in cancer: Ferroptosis, nutrient dependency, and cancer therapy",Protein Cell,2021,10.1007/s13238-020-00789-5,33000412,https://doi.org/10.1007/s13238-020-00789-5
39739814_ref36,39739814,36,"Sorafenib in radioactive iodine-refractory, locally advanced or metastatic differentiated thyroid cancer: A randomised, double-blind, phase 3 trial",Lancet,2014,10.1016/S0140-6736(14)60421-9,24768112,https://doi.org/10.1016/S0140-6736(14)60421-9
39739814_ref37,39739814,37,"Regorafenib monotherapy for previously treated metastatic colorectal cancer(CORRECT): An international, multicentre, randomised, placebo-controlled, phase 3 trial",Lancet,2013,10.1016/S0140-6736(12)61900-X,23177514,https://doi.org/10.1016/S0140-6736(12)61900-X
39739814_ref38,39739814,38,ZEB1 directly inhibits GPX4 transcription contributing to ROS accumulation in breast cancer cells,Breast Cancer Res. Treat.,2021,10.1007/s10549-021-06301-9,34169392,https://doi.org/10.1007/s10549-021-06301-9
39739814_ref39,39739814,39,Autophagy of OTUD5 destabilizes GPX4 to confer ferroptosis-dependent kidney injury,Nat. Commun.,2023,10.1038/s41467-023-44228-5,38110369,https://doi.org/10.1038/s41467-023-44228-5
39739814_ref40,39739814,40,Deubiquitinase OTUD5 as a novel protector against 4-HNE-triggered ferroptosis in myocardial ischemia/reperfusion injury,Adv. Sci.(Weinh),2023,10.1002/advs.202301852,37552043,https://doi.org/10.1002/advs.202301852
39739814_ref41,39739814,41,Tumor-specific GPX4 degradation enhances ferroptosis-initiated antitumor immune response in mouse models of pancreatic cancer,Sci. Transl. Med.,2023,10.1126/scitranslmed.adg3049,37910602,https://doi.org/10.1126/scitranslmed.adg3049
39739814_ref42,39739814,42,Pharmacological inhibition of MALT1 protease leads to a progressive IPEX-like pathology,Front. Immunol.,2020,10.3389/fimmu.2020.00745,32425939,https://doi.org/10.3389/fimmu.2020.00745
39739814_ref43,39739814,43,Pharmacological inhibition of MALT1 ameliorates autoimmune pathogenesis and can be uncoupled from effects on regulatory T-cells,Front. Immunol.,2022,10.3389/fimmu.2022.875320,35615349,https://doi.org/10.3389/fimmu.2022.875320
39739814_ref44,39739814,44,The TRAF6 ubiquitin ligase and TAK1 kinase mediate IKK activation by BCL10 and MALT1 in T lymphocytes,Mol. Cell,2004,10.1016/s1097-2765(04)00236-9,15125833,https://doi.org/10.1016/s1097-2765(04)00236-9
39739814_ref45,39739814,45,MALT1-dependent cleavage of CYLD promotes NF-κB signaling and growth of aggressive B-cell receptor-dependent lymphomas,Blood Cancer J.,2023,10.1038/s41408-023-00809-7,36922488,https://doi.org/10.1038/s41408-023-00809-7
39739814_ref46,39739814,46,BRD4 inhibition sensitizes diffuse large B-cell lymphoma cells to ferroptosis,Blood,2023,10.1182/blood.2022019274,37294920,https://doi.org/10.1182/blood.2022019274
39739814_ref47,39739814,47,Donafenib and GSK-J4 synergistically induce ferroptosis in liver cancer by upregulating HMOX1 expression,Adv. Sci.(Weinh),2023,10.1002/advs.202206798,37330650,https://doi.org/10.1002/advs.202206798
39739814_ref48,39739814,48,Sensitization of cancer cells to ferroptosis coincident with cell cycle arrest,Cell Chem. Biol.,2023,10.1016/j.chembiol.2023.10.011,37963466,https://doi.org/10.1016/j.chembiol.2023.10.011
39739814_ref49,39739814,49,Sorafenib attenuates liver fibrosis by triggering hepatic stellate cell ferroptosis via HIF-1α/SLC7A11 pathway,Cell Proliferation,2022,10.1111/cpr.13158,34811833,https://doi.org/10.1111/cpr.13158
39742998_ref1,39742998,1,Structure and nuclease activity of simple dinuclear metal complexes: quantitative dissection of the role of metal ions,Acc. Chem. Res.,1999,,,
39742998_ref2,39742998,2,The reactivity of phosphodiester bonds within linear single-stranded oligoribonucleotides in strongly dependent on the base sequence,Nucleic Acids Res.,2002,10.1093/nar/30.2.468,11788709,https://doi.org/10.1093/nar/30.2.468
39742998_ref3,39742998,3,The time required for water attack at the phosphorus atom of simple phosphodiesters and of DNA,Proc. Natl. Acad. Sci. U. S. A.,2006,10.1073/pnas.0510879103,16537483,https://doi.org/10.1073/pnas.0510879103
39742998_ref4,39742998,4,An integrated look at metallonuclease mechanism,Curr. Chem. Biol.,2012,,,
39742998_ref5,39742998,5,Making the most of metal ions,Nat. Struct. Biol.,2001,10.1038/86149,11276242,https://doi.org/10.1038/86149
39742998_ref6,39742998,6,Ribonucleases J1 and J2: two novel endoribonucleases in B.subtilis with functional homology to E.coli RNase E,Nucleic Acids Res.,2005,10.1093/nar/gki505,15831787,https://doi.org/10.1093/nar/gki505
39742998_ref7,39742998,7,What is the role of RNase J in mRNA turnover?,RNA Biol.,2010,10.4161/rna.7.3.11913,20458164,https://doi.org/10.4161/rna.7.3.11913
39742998_ref8,39742998,8,Metallo-β-lactamase fold within nucleic acids processing enzymes: the β-CASP family,Nucleic Acids Res.,2002,10.1093/nar/gkf470,12177301,https://doi.org/10.1093/nar/gkf470
39742998_ref9,39742998,9,Structural insights into the dual activity of RNase J,Nat. Struct. Mol. Biol.,2008,10.1038/nsmb.1376,18204464,https://doi.org/10.1038/nsmb.1376
39742998_ref10,39742998,10,Distinct activities of several RNase J proteins in methanogenic archaea,RNA Biol.,2011,10.4161/rna.8.6.16604,21955587,https://doi.org/10.4161/rna.8.6.16604
39742998_ref11,39742998,11,Linkage of catalysis and 5’ end recognition in ribonuclease RNase J,Nucleic Acids Res.,2015,10.1093/nar/gkv732,26253740,https://doi.org/10.1093/nar/gkv732
39742998_ref12,39742998,12,Molecular basis for the recognition and cleavage of RNA by the bifunctional 5′-3′ exo/endoribonuclease RNase J,Structure,2011,10.1016/j.str.2011.06.018,21893286,https://doi.org/10.1016/j.str.2011.06.018
39742998_ref13,39742998,13,Structural insights into catalysis and dimerization enhanced exonuclease activity of RNase J,Nucleic Acids Res.,2015,10.1093/nar/gkv444,25940620,https://doi.org/10.1093/nar/gkv444
39742998_ref14,39742998,14,Structural and biochemical characteristics of two Staphylococcus epidermidis RNase J paralogs RNase J1 and RNase J2,J. Biol. Chem.,2020,10.1074/jbc.RA120.014876,32994223,https://doi.org/10.1074/jbc.RA120.014876
39742998_ref15,39742998,15,A general two-metal-ion mechanism for catalytic RNA,Proc. Natl. Acad. Sci. U. S. A.,1993,10.1073/pnas.90.14.6498,8341661,https://doi.org/10.1073/pnas.90.14.6498
39742998_ref16,39742998,16,Observations on catalysis by hammerhead ribozymes are consistent with a two-divalent-metal-ion mechanism,Proc. Natl. Acad. Sci. U. S. A.,1997,10.1073/pnas.94.6.2290,9122187,https://doi.org/10.1073/pnas.94.6.2290
39742998_ref17,39742998,17,Crystal structural analysis and metal-dependent stability and activity studies of the ColE7 endonuclease domain in complex with DNA/Zn2+ or inhibitor/Ni2+,Protein Sci.,2006,10.1110/ps.051903406,16434744,https://doi.org/10.1110/ps.051903406
39742998_ref18,39742998,18,mRNA processing by RNases J1 and J2 affects Bacillus subtilis gene expression on a global scale,Mol. Microbiol.,2008,10.1111/j.1365-2958.2008.06400.x,18713320,https://doi.org/10.1111/j.1365-2958.2008.06400.x
39742998_ref19,39742998,19,Bacillus subtilis ribonucleases J1 and J2 form a complex with altered enzyme behaviour,Mol. Microbiol.,2010,10.1111/j.1365-2958.2009.07004.x,20025672,https://doi.org/10.1111/j.1365-2958.2009.07004.x
39742998_ref20,39742998,20,"Transcriptome-wide Analyses of 5′-ends in RNase J mutants of a gram-positive pathogen reveal a role in RNA maturation, regulation and degradation",Plos Genet.,2014,10.1371/journal.pgen.1004207,24586213,https://doi.org/10.1371/journal.pgen.1004207
39742998_ref21,39742998,21,Both exo-and endo-nucleolytic activities of RNase J1 from Staphylococcus aureus are manganese dependent and active on triphosphorylated 5′-ends,RNA Biol.,2017,10.1080/15476286.2017.1300223,28277929,https://doi.org/10.1080/15476286.2017.1300223
39742998_ref22,39742998,22,Analysis of the mechanism of the Serratia nuclease using site-directed mutagenesis,Nucleic Acids Res.,1996,10.1093/nar/24.14.2632,8758988,https://doi.org/10.1093/nar/24.14.2632
39742998_ref23,39742998,23,Type II restriction endonuclease R.Kpnl is a member of the HNH nuclease superfamily,Nucleic Acids Res.,2004,10.1093/nar/gkh951,15562004,https://doi.org/10.1093/nar/gkh951
39742998_ref24,39742998,24,"Nucleases: diversity of structure, function and mechanism",Q. Rev. Biophys.,2011,10.1017/S0033583510000181,20854710,https://doi.org/10.1017/S0033583510000181
39742998_ref25,39742998,25,Real-time fluorescence detection of exoribonucleases,RNA,2009,10.1261/rna.1670909,19767421,https://doi.org/10.1261/rna.1670909
39742998_ref26,39742998,26,Identification of RNAIII-binding proteins in Staphylococcus aureus using tethered RNAs and streptavidin aptamers based pull-down assay,BMC Microbiol.,2015,10.1186/s12866-015-0435-3,25976342,https://doi.org/10.1186/s12866-015-0435-3
39742998_ref27,39742998,27,Synthesis of staphylococcal virulence factors is controlled by a regulatory RNA molecule,EMBO J.,1993,10.1002/j.1460-2075.1993.tb06074.x,7691599,https://doi.org/10.1002/j.1460-2075.1993.tb06074.x
39742998_ref28,39742998,28,Protonation state of an important histidine from high resolution structures of lytic polysaccharide monooxygenases,Biomolecules,2022,10.3390/biom12020194,35204695,https://doi.org/10.3390/biom12020194
39742998_ref29,39742998,29,Ensemble refinement of protein crystal structures: validation and application,Structure,2007,10.1016/j.str.2007.06.019,17850744,https://doi.org/10.1016/j.str.2007.06.019
39742998_ref30,39742998,30,Modelling dynamics in protein crystal structures by ensemble refinement,Elife,2012,10.7554/eLife.00311,23251785,https://doi.org/10.7554/eLife.00311
39742998_ref31,39742998,31,PHENIX: a comprehensive Python-based system for macromolecular structure solution,Acta Crystallogr. Sect. D Biol. Crystallogr.,2010,10.1107/S0907444909052925,20124702,https://doi.org/10.1107/S0907444909052925
39742998_ref32,39742998,32,Condensation of Frontier molecular orbital Fukui functions,J. Phys. Chem. A.,2004,,,
39742998_ref33,39742998,33,Atom in molecules a quantum theory(AIM),Encycl. Comput. Chem.,1994,,,
39742998_ref34,39742998,34,The fundamental nature and role of the electrostatic potential in atoms and molecules,Theor. Chem. Acc.,2002,,,
39742998_ref35,39742998,35,Meaningful structural descriptors from charge density,Chemistry,2011,10.1002/chem.201100615,21717511,https://doi.org/10.1002/chem.201100615
39742998_ref36,39742998,36,Accurate structure prediction of biomolecular interactions with AlphaFold 3,Nature,2024,10.1038/s41586-024-07487-w,38718835,https://doi.org/10.1038/s41586-024-07487-w
39742998_ref37,39742998,37,Making and breaking nucleic acids: two-Mg2+-ion catalysis and substrate specificity,Mol. Cell.,2006,10.1016/j.molcel.2006.03.013,16600865,https://doi.org/10.1016/j.molcel.2006.03.013
39742998_ref38,39742998,38,On the divalent metal ion dependence of DNA cleavage by restriction endonucleases of the EcoRI family,J. Mol. Biol.,2009,10.1016/j.jmb.2009.08.011,19682999,https://doi.org/10.1016/j.jmb.2009.08.011
39742998_ref39,39742998,39,Structures and mechanisms of Nudix hydrolases,Arch. Biochem. Biophys.,2005,10.1016/j.abb.2004.08.017,15581572,https://doi.org/10.1016/j.abb.2004.08.017
39742998_ref40,39742998,40,DNA binding and degradation by the HNH protein ColE7,Structure,2004,10.1016/j.str.2004.01.004,14962381,https://doi.org/10.1016/j.str.2004.01.004
39742998_ref41,39742998,41,Structure-based analysis of the metal-dependent mechanism of H-N-H endonucleases,J. Biol. Chem.,2004,10.1074/jbc.M403719200,15190054,https://doi.org/10.1074/jbc.M403719200
39742998_ref42,39742998,42,Inter-and intramolecular determinants of the specificity of single-stranded DNA binding and cleavage by the F factor relaxase,Structure,2005,10.1016/j.str.2005.06.013,16216584,https://doi.org/10.1016/j.str.2005.06.013
39742998_ref43,39742998,43,Is metal stabilization of the leaving group required or can lysine facilitate phosphodiester bond cleavage in nucleic acids? A computational study of EndoV,J. Chem. Inf. Model.,2024,10.1021/acs.jcim.3c01775,38253321,https://doi.org/10.1021/acs.jcim.3c01775
39742998_ref44,39742998,44,Elucidation of the catalytic mechanism of a single-metal dependent homing endonuclease using QM and QM/MM approaches: the case study of I-PpoI,Phys. Chem. Chem. Phys.,2024,10.1039/d3cp06201e,38426850,https://doi.org/10.1039/d3cp06201e
39742998_ref45,39742998,45,Molecular determinants for CRISPR RNA maturation in the Cas10-Csm complex and roles for non-Cas nucleases,Nucleic Acids Res.,2017,10.1093/nar/gkw891,28204542,https://doi.org/10.1093/nar/gkw891
39742998_ref46,39742998,46,A type III-a crispr-cas system employs degradosome nucleases to ensure robust immunity,Elife,2019,10.7554/eLife.45393,30942690,https://doi.org/10.7554/eLife.45393
39742998_ref47,39742998,47,iMOSFLM: a new graphical interface for diffraction-image processing with MOSFLM,Acta Crystallogr. Sect. D Biol. Crystallogr.,2011,10.1107/S0907444910048675,21460445,https://doi.org/10.1107/S0907444910048675
39742998_ref48,39742998,48,Overview of the CCP4 suite and current developments,Acta Crystallogr. Sect. D Biol. Crystallogr.,2011,10.1107/S0907444910045749,21460441,https://doi.org/10.1107/S0907444910045749
39742998_ref49,39742998,49,Coot: model-building tools for molecular graphics,Acta Crystallogr. Sect. D Biol. Crystallogr.,2004,10.1107/S0907444904019158,15572765,https://doi.org/10.1107/S0907444904019158
39742998_ref50,39742998,50,UCSF Chimera-a visualization system for exploratory research and analysis,J. Comput. Chem.,2004,10.1002/jcc.20084,15264254,https://doi.org/10.1002/jcc.20084
39742998_ref51,39742998,51,Protonation and geometry of histidine rings,Acta Crystallogr. Sect. D Biol. Crystallogr.,2015,10.1107/S1399004715007816,26143916,https://doi.org/10.1107/S1399004715007816
39742998_ref52,39742998,52,New range of vectors with a stringent 5-fluoroorotic acid-based counterselection system for generating mutants by allelic replacement in Staphylococcus aureus,Appl. Environ. Microbiol.,2012,10.1128/AEM.00202-12,22447609,https://doi.org/10.1128/AEM.00202-12
39742998_ref53,39742998,53,An improved tetracycline-inducible expression vector for Staphylococcus aureus,Plasmid,2009,10.1016/j.plasmid.2008.10.001,18996145,https://doi.org/10.1016/j.plasmid.2008.10.001
39742998_ref54,39742998,54,Optimization of electroporation-mediated transformation: Staphylococcus carnosus as model organism,J. Appl. Microbiol.,2007,10.1111/j.1365-2672.2006.03127.x,17309623,https://doi.org/10.1111/j.1365-2672.2006.03127.x
39742998_ref55,39742998,55,NIH Image to ImageJ: 25 years of image analysis,Nat. Methods,2012,10.1038/nmeth.2089,22930834,https://doi.org/10.1038/nmeth.2089
39742998_ref56,39742998,56,"Protein and ligand preparation: parameters, protocols, and influence on virtual screening enrichments",J. Comput. Aided. Mol. Des.,2013,10.1007/s10822-013-9644-8,23579614,https://doi.org/10.1007/s10822-013-9644-8
39742998_ref57,39742998,57,On the role of the crystal environment in determining protein side-chain conformations,J. Mol. Biol.,2002,10.1016/s0022-2836(02)00470-9,12096912,https://doi.org/10.1016/s0022-2836(02)00470-9
39742998_ref58,39742998,58,PROPKA3: consistent treatment of internal and surface residues in empirical p K a predictions,J. Chem. Theor. Comput.,2011,10.1021/ct100578z,26596171,https://doi.org/10.1021/ct100578z
39742998_ref59,39742998,59,Comparison with accurate quantum chemical calculations on peptides †,Quantum,2001,,,
39742998_ref60,39742998,60,AmberTools,J. Chem. Inf. Model.,2023,10.1021/acs.jcim.3c01153,37805934,https://doi.org/10.1021/acs.jcim.3c01153
39742998_ref61,39742998,61,MCPB.py: a Python based metal center parameter builder,J. Chem. Inf. Model.,2016,10.1021/acs.jcim.5b00674,26913476,https://doi.org/10.1021/acs.jcim.5b00674
39742998_ref62,39742998,62,"Structure and dynamics of TIP3P, TIP4P, and TIP5P water near smooth and atomistic walls of different hydroaffinity",J. Chem. Phys.,2014,10.1063/1.4872239,24811640,https://doi.org/10.1063/1.4872239
39742998_ref63,39742998,63,On the efficient path integral evaluation of thermal rate constants within the quantum instanton approximation,J. Chem. Phys.,2004,10.1063/1.1641005,15268461,https://doi.org/10.1063/1.1641005
39742998_ref64,39742998,64,Numerical integration of the cartesian equations of motion of a system with constraints: molecular dynamics of n-alkanes,J. Comput. Phys.,1977,,,
39742998_ref65,39742998,65,"Frisch M.J. Trucks G.W. Schlegel H.B. Scuseria G.E. Robb M.A. Cheeseman J.R. G16_C01 2016 Gaussian, Inc. Wallingford, CT",,2016,,,
39742998_ref66,39742998,66,Thermochemistry. III. The role of exact exchange,J. Chem. Phys.,1993,,,
39742998_ref67,39742998,67,Theoretical insights into the mechanism and stereoselectivity of olefin cyclopropanation catalyzed by two engineered cytochrome P450 enzymes,Inorg. Chem.,2018,10.1021/acs.inorgchem.8b01875,30156099,https://doi.org/10.1021/acs.inorgchem.8b01875
39742998_ref68,39742998,68,Ff19SB: amino-acid-specific protein backbone parameters trained against quantum mechanics energy Surfaces in solution,J. Chem. Theor. Comput.,2020,10.1021/acs.jctc.9b00591,31714766,https://doi.org/10.1021/acs.jctc.9b00591
39793047_ref1,39793047,1,Complexity in regulation of tryptophan biosynthesis in Bacillus Subtilis,Annu. Rev. Genet.,2005,10.1146/annurev.genet.39.073003.093745,16285852,https://doi.org/10.1146/annurev.genet.39.073003.093745
39793047_ref2,39793047,2,trp RNA-binding attenuation protein(TRAP)-trp leader RNA interactions mediate translational as well as transcriptional regulation of the Bacillus subtilis trp operon,J. Bacteriol.,1995,10.1128/jb.177.22.6362-6370.1995,7592410,https://doi.org/10.1128/jb.177.22.6362-6370.1995
39793047_ref3,39793047,3,Regulation of tryptophan biosynthesis: Trp-ing the TRAP or how Bacillus subtilis reinvented the wheel,Mol. Microbiol.,1997,10.1046/j.1365-2958.1997.5541915.x,9383185,https://doi.org/10.1046/j.1365-2958.1997.5541915.x
39793047_ref4,39793047,4,TROSY-NMR studies of the 91kDa TRAP protein reveal allosteric control of a gene regulatory protein by ligand-altered flexibility,J. Mol. Biol.,2002,10.1016/s0022-2836(02)00940-3,12381302,https://doi.org/10.1016/s0022-2836(02)00940-3
39793047_ref5,39793047,5,Mechanisms of allosteric gene regulation by NMR quantification of microsecond-millisecond protein dynamics,J. Mol. Biol.,2012,10.1016/j.jmb.2011.11.019,22115774,https://doi.org/10.1016/j.jmb.2011.11.019
39793047_ref6,39793047,6,A Mg2+-dependent RNA tertiary structure forms in the Bacillus subtilis trp operon leader transcript and appears to interfere with trpE translation control by inhibiting TRAP binding,J. Mol. Biol.,2003,10.1016/s0022-2836(03)00969-0,12963367,https://doi.org/10.1016/s0022-2836(03)00969-0
39793047_ref7,39793047,7,Phylogenetic conservation of RNA secondary and tertiary structure in the trpEDCFBA operon leader transcript in Bacillus,RNA N. Y. N,2003,10.1261/rna.5149603,14624006,https://doi.org/10.1261/rna.5149603
39793047_ref8,39793047,8,"P. Babitzke, J. Schaak, A. V. Yakhnin, P. C. Bevilacqua, “ Role of RNA structure in transcription attenuation in Bacillus subtilis: The trpEDCFBA operon as a model system ” in Methods in Enzymology, RNA Polymerases and Associated Factors, D. Part, Sankar L. Adhya, Susan Garges, Eds.(Academic Press, 2003), pp. 392–404. 10.1016/S0076-6879(03)71030-1 14712717","Methods in Enzymology, RNA Polymerases and Associated Factors",2003,10.1016/S0076-6879(03)71030-1,14712717,https://doi.org/10.1016/S0076-6879(03)71030-1
39793047_ref9,39793047,9,Homotropic cooperativity from the activation pathway of the allosteric ligand-responsive regulatory trp RNA-binding attenuation protein,Biochemistry,2013,10.1021/bi401364v,24224873,https://doi.org/10.1021/bi401364v
39793047_ref10,39793047,10,Mechanistic models fit to variable temperature calorimetric data provide insights into cooperativity,Biophys. J.,2017,10.1016/j.bpj.2017.02.031,28402876,https://doi.org/10.1016/j.bpj.2017.02.031
39793047_ref11,39793047,11,Population distributions from native mass spectrometry titrations reveal nearest-neighbor cooperativity in the ring-shaped oligomeric protein TRAP,Biochemistry,2020,10.1021/acs.biochem.0c00352,32558551,https://doi.org/10.1021/acs.biochem.0c00352
39793047_ref12,39793047,12,"Structural features of L-tryptophan required for activation of TRAP, the trp RNA-binding attenuation protein of Bacillus subtilis",J. Biol. Chem.,1995,10.1074/jbc.270.21.12452,7759487,https://doi.org/10.1074/jbc.270.21.12452
39793047_ref13,39793047,13,Kinetic and thermodynamic analysis of the interaction between TRAP(trp RNA-binding attenuation protein)of Bacillus subtilis and trp leader RNA,J. Biol. Chem.,1996,10.1074/jbc.271.21.12269,8647825,https://doi.org/10.1074/jbc.271.21.12269
39793047_ref14,39793047,14,The mechanism of RNA binding to TRAP: Initiation and cooperative interactions,Rna,2001,10.1017/s135583820100173x,11214184,https://doi.org/10.1017/s135583820100173x
39793047_ref15,39793047,15,Dynamic allostery in the ring protein TRAP,J. Mol. Biol.,2007,10.1016/j.jmb.2007.05.013,17559872,https://doi.org/10.1016/j.jmb.2007.05.013
39793047_ref16,39793047,16,Thermodynamic coupling between neighboring binding sites in homo-oligomeric ligand sensing proteins from mass resolved ligand-dependent population distributions,Protein Sci.,2022,10.1002/pro.4424,36173171,https://doi.org/10.1002/pro.4424
39793047_ref17,39793047,17,An ultra-stable gold-coordinated protein cage displaying reversible assembly,Nature,2019,10.1038/s41586-019-1185-4,31068697,https://doi.org/10.1038/s41586-019-1185-4
39793047_ref18,39793047,18,An artificial protein cage made from a 12-membered ring,J. Mater. Chem. B,2024,10.1039/d3tb01659e,38088805,https://doi.org/10.1039/d3tb01659e
39793047_ref19,39793047,19,"TRAP, the trp RNA-binding attenuation protein of Bacillus subtilis, is a multisubunit complex that appears to recognize G/UAG repeats in the trpEDCFBA and trpG transcripts",J. Biol. Chem.,1994,,7515880,
39793047_ref20,39793047,20,Specificity of TRAP-RNA interactions: Crystal structures of two complexes with different RNA sequences,Acta Crystallogr. Biol. Crystallogr.,2002,10.1107/s0907444902003189,11914485,https://doi.org/10.1107/s0907444902003189
39793047_ref21,39793047,21,Probing the TRAP-RNA interaction with nucleoside analogs,RNA,1999,10.1017/s1355838299991057,10573119,https://doi.org/10.1017/s1355838299991057
39793047_ref22,39793047,22,Small molecule-inducible gene regulatory systems in mammalian cells: Progress and design principles,Curr. Opin. Biotechnol.,2022,10.1016/j.copbio.2022.102823,36332343,https://doi.org/10.1016/j.copbio.2022.102823
39793047_ref23,39793047,23,Thermodynamics of tryptophan-mediated activation of the trp RNA-binding attenuation protein,Biochemistry,2006,10.1021/bi0526074,16784236,https://doi.org/10.1021/bi0526074
39793047_ref24,39793047,24,"A phylogenomic and comparative genomic framework for resolving the polyphyly of the genus Bacillus: Proposal for six new genera of Bacillus species, Peribacillus gen. nov., Cytobacillus gen. nov., Mesobacillus gen. nov., Neobacillus gen. nov., Metabacillus gen. nov. and Alkalihalobacillus gen. nov",Int. J. Syst. Evol. Microbiol.,2020,10.1099/ijsem.0.003775,31617837,https://doi.org/10.1099/ijsem.0.003775
39793047_ref25,39793047,25,Evidence for macromolecular protein rings in the absence of bulk water,Science,2005,10.1126/science.1120177,16293722,https://doi.org/10.1126/science.1120177
39793047_ref26,39793047,26,Rounding up: Engineering 12-membered rings from the cyclic 11-mer TRAP,Structure,2006,10.1016/j.str.2006.03.013,16698553,https://doi.org/10.1016/j.str.2006.03.013
39793047_ref27,39793047,27,Crystal structure of unliganded TRAP: Implications for dynamic allostery,Biochem. J.,2011,10.1042/BJ20101813,21175426,https://doi.org/10.1042/BJ20101813
39793047_ref28,39793047,28,How to change the oligomeric state of a circular protein assembly: Switch from 11-subunit to 12-subunit TRAP suggests a general mechanism,PLoS ONE,2011,10.1371/journal.pone.0025296,21984911,https://doi.org/10.1371/journal.pone.0025296
39793047_ref29,39793047,29,Structural symmetry and protein function,Annu. Rev. Biophys. Biomol. Struct.,2000,10.1146/annurev.biophys.29.1.105,10940245,https://doi.org/10.1146/annurev.biophys.29.1.105
39793047_ref30,39793047,30,Beitrag zur theorie des ferromagnetismus,Z. Für. Phys.,1925,,,
39793047_ref31,39793047,31,Analysis of the binding of ligands to large numbers of sites: The binding of tryptophan to the 11 sites of the trp RNA-binding attenuation protein,Anal. Biochem.,1997,10.1006/abio.1997.2039,9126383,https://doi.org/10.1006/abio.1997.2039
39793047_ref32,39793047,32,Subunit conformational variation within individual GroEL oligomers resolved by Cryo-EM,Proc. Natl. Acad. Sci. U. S. A.,2017,10.1073/pnas.1704725114,28710336,https://doi.org/10.1073/pnas.1704725114
39793047_ref33,39793047,33,Probing cooperativity of N-terminal domain orientations in the p97 molecular machine: Synergy between NMR spectroscopy and Cryo-EM,Angew. Chem. Int. Ed.,2020,10.1002/anie.202009767,32857889,https://doi.org/10.1002/anie.202009767
39793047_ref34,39793047,34,Rebuilt AAA + motors reveal operating principles for ATP-fuelled machines,Nature,2005,10.1038/nature04031,16237435,https://doi.org/10.1038/nature04031
39793047_ref35,39793047,35,The nature of the TRAP-Anti-TRAP complex,Proc. Natl. Acad. Sci. U.S.A.,2009,10.1073/pnas.0801032106,19164760,https://doi.org/10.1073/pnas.0801032106
39793047_ref36,39793047,36,Effects of mutations in the l-tryptophan binding pocket of the trp RNA-binding attenuation protein of Bacillus subtilis *,J. Biol. Chem.,2000,10.1074/jbc.275.6.4519,10660627,https://doi.org/10.1074/jbc.275.6.4519
39793047_ref37,39793047,37,Alanine-scanning mutagenesis of Bacillus subtilis trp RNA-binding attenuation protein(TRAP)reveals residues involved in tryptophan binding and RNA binding,J. Mol. Biol.,1997,10.1006/jmbi.1997.1149,9245598,https://doi.org/10.1006/jmbi.1997.1149
39793047_ref38,39793047,38,Tuning the flexibility of glycine-serine linkers to allow rational design of multidomain proteins,Biochemistry,2017,10.1021/acs.biochem.7b00902,29168376,https://doi.org/10.1021/acs.biochem.7b00902
39793047_ref39,39793047,39,Intersubunit linker length as a modifier of protein stability: Crystal structures and thermostability of mutant TRAP,Protein Sci.,2008,10.1110/ps.073059308,18287284,https://doi.org/10.1110/ps.073059308
39793047_ref40,39793047,40,Efficient sampling of protein conformational space using fast loop building and batch minimization on highly parallel computers,J. Comput. Chem.,2012,10.1002/jcc.23069,22847521,https://doi.org/10.1002/jcc.23069
39793047_ref41,39793047,41,Highly accurate protein structure prediction with AlphaFold,Nature,2021,10.1038/s41586-021-03819-2,34265844,https://doi.org/10.1038/s41586-021-03819-2
39793047_ref42,39793047,42,Using hetero-11-mers composed of wild type and mutant subunits to study tryptophan binding to TRAP and its role in activating RNA binding,J. Biol. Chem.,2002,10.1074/jbc.M205910200,12133840,https://doi.org/10.1074/jbc.M205910200
39793047_ref43,39793047,43,A Method for removing effects of nonspecific binding on the distribution of binding stoichiometries: Application to mass spectroscopy data,Biophys. J.,2010,10.1016/j.bpj.2010.06.062,20816078,https://doi.org/10.1016/j.bpj.2010.06.062
39793047_ref44,39793047,44,"Integrated use of biochemical, native mass spectrometry, computational, and genome-editing methods to elucidate the mechanism of a Salmonella deglycase",J. Mol. Biol.,2019,10.1016/j.jmb.2019.08.017,31493410,https://doi.org/10.1016/j.jmb.2019.08.017
39793047_ref45,39793047,45,Deconvolution method for specific and nonspecific binding of ligand to multiprotein complex by native mass spectrometry,Anal. Chem.,2015,10.1021/acs.analchem.5b02258,26189511,https://doi.org/10.1021/acs.analchem.5b02258
39793047_ref46,39793047,46,Global ITC fitting methods in studies of protein allostery,Methods,2015,10.1016/j.ymeth.2014.12.018,25573261,https://doi.org/10.1016/j.ymeth.2014.12.018
39793047_ref47,39793047,47,Allosteric mechanisms can be distinguished using structural mass spectrometry,Proc. Natl. Acad. Sci.,2013,10.1073/pnas.1302395110,23589876,https://doi.org/10.1073/pnas.1302395110
39793047_ref48,39793047,48,Current approaches for the fitting and refinement of atomic models into cryo-EM maps using CCP-EM,Acta Crystallogr. Sect. Struct. Biol.,2018,10.1107/S2059798318007313,29872001,https://doi.org/10.1107/S2059798318007313
39793047_ref49,39793047,49,Influence of induced fit in the interaction of Bacillus subtilis trp RNA-binding attenuator protein and its RNA antiterminator target oligomer,Proteins,2002,10.1002/prot.10243,12402353,https://doi.org/10.1002/prot.10243
39793047_ref50,39793047,50,Macromolecular modeling with rosetta,Annu. Rev. Biochem.,2008,10.1146/annurev.biochem.77.062906.171838,18410248,https://doi.org/10.1146/annurev.biochem.77.062906.171838
39793047_ref51,39793047,51,Features and development of Coot,Acta Crystallogr. D Biol. Crystallogr.,2010,10.1107/S0907444910007493,20383002,https://doi.org/10.1107/S0907444910007493
39793047_ref52,39793047,52,ISOLDE: A physically realistic environment for model building into low-resolution electron-density maps,Acta Crystallogr. Sect. Struct. Biol.,2018,10.1107/S2059798318002425,29872003,https://doi.org/10.1107/S2059798318002425
39793047_ref53,39793047,53,Real-space refinement in PHENIX for cryo-EM and crystallography,Acta Crystallogr. Sect. Struct. Biol.,2018,10.1107/S2059798318006551,29872004,https://doi.org/10.1107/S2059798318006551
39793047_ref54,39793047,54,Finding non-crystallographic symmetry in density maps of macromolecular structures,J. Struct. Funct. Genomics,2013,10.1007/s10969-013-9157-7,23881095,https://doi.org/10.1007/s10969-013-9157-7
39793047_ref55,39793047,55,"Structure of the trp RNA-binding attenuation protein, TRAP, bound to RNA",Nature,1999,10.1038/45730,10499579,https://doi.org/10.1038/45730
39793047_ref56,39793047,56,Regulatory features of the trp operon and the crystal structure of the trp RNA-binding attenuation protein from Bacillus stearothermophilus,J. Mol. Biol.,1999,10.1006/jmbi.1999.2834,10369778,https://doi.org/10.1006/jmbi.1999.2834
39793047_ref57,39793047,57,Characterization of a trp RNA-binding attenuation protein(TRAP)mutant with tryptophan independent RNA binding activity,J. Mol. Biol.,2004,10.1016/j.jmb.2003.11.002,14687568,https://doi.org/10.1016/j.jmb.2003.11.002
39793047_ref58,39793047,58,"High-precision, automated integration of multiple isothermal titration calorimetric thermograms: New features of NITPIC",Methods,2015,10.1016/j.ymeth.2014.11.024,25524420,https://doi.org/10.1016/j.ymeth.2014.11.024
39793047_ref59,39793047,59,Rosetta remodel: A generalized framework for flexible backbone protein design,PLOS ONE,2011,10.1371/journal.pone.0024109,21909381,https://doi.org/10.1371/journal.pone.0024109
39793047_ref60,39793047,60,NMRbox: A resource for biomolecular NMR computation,Biophys. J.,2017,10.1016/j.bpj.2017.03.011,28445744,https://doi.org/10.1016/j.bpj.2017.03.011
39793047_ref61,39793047,61,ColabFold: Making protein folding accessible to all,Nat. Methods,2022,10.1038/s41592-022-01488-1,35637307,https://doi.org/10.1038/s41592-022-01488-1
39793047_ref62,39793047,62,The trp RNA-binding attenuation protein(TRAP)from Bacillus subtilis binds to unstacked trp leader RNA,J. Biol. Chem.,1997,10.1074/jbc.272.32.19863,9242649,https://doi.org/10.1074/jbc.272.32.19863
39793047_ref63,39793047,63,Crystallization of RNA-protein complexes. I. Methods for the large-scale preparation of RNA suitable for crystallographic studies,J. Mol. Biol.,1995,10.1006/jmbi.1995.0305,7540213,https://doi.org/10.1006/jmbi.1995.0305
39793047_ref64,39793047,64,Native mass spectrometry reveals the simultaneous binding of lipids and zinc to rhodopsin,Int. J. Mass Spectrom.,2021,10.1016/j.ijms.2020.116477,33281496,https://doi.org/10.1016/j.ijms.2020.116477
39793047_ref65,39793047,65,MetaUniDec: High-throughput deconvolution of native mass spectra,J. Am. Soc. Mass Spectrom.,2019,10.1007/s13361-018-1951-9,29667162,https://doi.org/10.1007/s13361-018-1951-9
39793047_ref66,39793047,66,"K. Stachowski, M. P. Foster, Macromolecular Structure: From Peptides to Polyvalent Proteins(Ohio State University, Columbus, 2021).",Macromolecular Structure: From Peptides to Polyvalent Proteins,2021,,,
39793047_ref67,39793047,67,CryoSPARC: Algorithms for rapid unsupervised cryo-EM structure determination,Nat. Methods,2017,10.1038/nmeth.4169,28165473,https://doi.org/10.1038/nmeth.4169
39793047_ref68,39793047,68,Non-uniform refinement: Adaptive regularization improves single-particle cryo-EM reconstruction,Nat. Methods,2020,10.1038/s41592-020-00990-8,33257830,https://doi.org/10.1038/s41592-020-00990-8
39793047_ref69,39793047,69,"H. Yang, K. Stachowski, M. Foster, Alkalihalobacillus halodurans(Aha)trp RNA binding attenuation protein(TRAP)mutant dTRAP with Trp. Worldwide Protein Data Bank(wwPDB). 10.2210/pdb9bds/pdb. Deposited 9 September 2024.",,,10.2210/pdb9bds/pdb,,https://doi.org/10.2210/pdb9bds/pdb
39793047_ref70,39793047,70,"H. Yang, K. Stachowski, M. Foster, Alkalihalobacillus halodurans(Aha)trp RNA binding attenuation protein(TRAP)mutant dTRAP without Trp. Worldwide Protein Data Bank(wwPDB). 10.2210/pdb9be7/pdb. Deposited 9 September 2024.",,,10.2210/pdb9be7/pdb,,https://doi.org/10.2210/pdb9be7/pdb
39793047_ref71,39793047,71,"H. Yang, K. Stachowski, M. Foster, Alkalihalobacillus halodurans(Aha)trp RNA binding attenuation protein(TRAP)mutant T49A/T52A dTRAP with Trp. 10.2210/pdb9be8/pdb. Deposited 9 September 2024.",,,10.2210/pdb9be8/pdb,,https://doi.org/10.2210/pdb9be8/pdb
39793047_ref72,39793047,72,"H. Yang, K. Stachowski, M. Foster, Alkalihalobacillus halodurans(Aha)trp RNA binding attenuation protein(TRAP)mutant dTRAP with Trp. https://www.ebi.ac.uk/emdb/EMD-44468. Deposited 9 September 2024.",,,,,https://www.ebi.ac.uk/emdb/EMD-44468
39793047_ref73,39793047,73,"H. Yang, K. Stachowski, M. Foster, Alkalihalobacillus halodurans(Aha)trp RNA binding attenuation protein(TRAP)mutant dTRAP without Trp. https://www.ebi.ac.uk/emdb/EMD-44472. Deposited 9 September 2024.",,,,,https://www.ebi.ac.uk/emdb/EMD-44472
39793047_ref74,39793047,74,"H. Yang, K. Stachowski, M. Foster, Alkalihalobacillus halodurans(Aha)trp RNA binding attenuation protein(TRAP)mutant T49A/T52A dTRAP with Trp. https://www.ebi.ac.uk/emdb/EMD-44473. Deposited 9 September 2024.",,,,,https://www.ebi.ac.uk/emdb/EMD-44473
39795995_ref1,39795995,1,"Targeting fibrosis, mechanisms and cilinical trials",Signal Transduct. Target. Ther.,2022,10.1038/s41392-022-01070-3,35773269,https://doi.org/10.1038/s41392-022-01070-3
39795995_ref2,39795995,2,"Organ and tissue fibrosis: Molecular signals, cellular mechanisms and translational implications",Mol. Asp. Med.,2019,10.1016/j.mam.2018.06.003,29958900,https://doi.org/10.1016/j.mam.2018.06.003
39795995_ref3,39795995,3,Hepatic stellate cells in physiology and pathology,J. Physiol.,2022,10.1113/JP281061,35307840,https://doi.org/10.1113/JP281061
39795995_ref4,39795995,4,Mechanisms of hepatic stellate cell activation,Nat. Rev. Gastroenterol. Hepatol.,2017,10.1038/nrgastro.2017.38,28487545,https://doi.org/10.1038/nrgastro.2017.38
39795995_ref5,39795995,5,Liver Fibrosis: Mechanistic Concepts and Therapeutic Perspectives,Cells,2020,10.3390/cells9040875,32260126,https://doi.org/10.3390/cells9040875
39795995_ref6,39795995,6,The role of pancreatic stellate cells in pancreatic cancer,Pancreatol. Off. J. Int. Assoc. Pancreatol.,2013,10.1016/j.pan.2013.01.008,23561966,https://doi.org/10.1016/j.pan.2013.01.008
39795995_ref7,39795995,7,Inhibition of Renal Stellate Cell Activation Reduces Renal Fibrosis,Biomedicines,2020,10.3390/biomedicines8100431,33086608,https://doi.org/10.3390/biomedicines8100431
39795995_ref8,39795995,8,Crystal structure of human serum albumin complexed with fatty acid reveals an asymmetric distribution of binding sites,Nat. Struct. Biol.,1998,10.1038/1869,9731778,https://doi.org/10.1038/1869
39795995_ref9,39795995,9,Formation of vitamin A lipid droplets in pancreatic stellate cells requires albumin,Gut,2009,10.1136/gut.2008.170233,19293176,https://doi.org/10.1136/gut.2008.170233
39795995_ref10,39795995,10,Albumin inhibits the nuclear translocation of Smad3 via interleukin-1beta signaling in hepatic stellate cells,Sci. Rep.,2021,10.1038/s41598-021-82758-4,33542418,https://doi.org/10.1038/s41598-021-82758-4
39795995_ref11,39795995,11,Fusion protein of retinol-binding protein and albumin domain III reduces liver fibrosis,EMBO Mol. Med.,2015,10.15252/emmm.201404527,25864124,https://doi.org/10.15252/emmm.201404527
39795995_ref12,39795995,12,A membrane receptor for retinol binding protein mediates cellular uptake of vitamin A,Science,2007,10.1126/science.1136244,17255476,https://doi.org/10.1126/science.1136244
39795995_ref13,39795995,13,Engineering protein-based therapeutics through structural and chemical design,Nat. Commun.,2023,10.1038/s41467-023-38039-x,37105998,https://doi.org/10.1038/s41467-023-38039-x
39795995_ref14,39795995,14,"Fusion protein linkers: Property, design and functionality",Adv. Drug Deliv. Rev.,2013,10.1016/j.addr.2012.09.039,23026637,https://doi.org/10.1016/j.addr.2012.09.039
39795995_ref15,39795995,15,Adapting protein sequences for optimized therapeutic efficacy,Curr. Opin. Chem. Biol.,2021,10.1016/j.cbpa.2021.03.005,33933937,https://doi.org/10.1016/j.cbpa.2021.03.005
39795995_ref16,39795995,16,Optimizing the Amino Acid Sequence Enhances the Productivity and Bioefficacy of the RBP-Albumin Fusion Protein,Bioengineering,2024,10.3390/bioengineering11060617,38927853,https://doi.org/10.3390/bioengineering11060617
39795995_ref17,39795995,17,"Hepatic stellate cells: Protean, multifunctional, and enigmatic cells of the liver",Physiol. Rev.,2008,10.1152/physrev.00013.2007,18195085,https://doi.org/10.1152/physrev.00013.2007
39795995_ref18,39795995,18,Therapeutic Fusion Proteins,AAPS J.,2023,10.1208/s12248-023-00873-8,38036919,https://doi.org/10.1208/s12248-023-00873-8
39795995_ref19,39795995,19,The power and pitfalls of AlphaFold2 for structure prediction beyond rigid globular proteins,Nat. Chem. Biol.,2024,10.1038/s41589-024-01638-w,38907110,https://doi.org/10.1038/s41589-024-01638-w
39795995_ref20,39795995,20,Artificial intelligence in fusion protein three-dimensional structure prediction: Review and perspective,Clin. Transl. Med.,2024,10.1002/ctm2.1789,39090739,https://doi.org/10.1002/ctm2.1789
39795995_ref21,39795995,21,Design of the linkers which effectively separate domains of a bifunctional fusion protein,Protein Eng.,2001,10.1093/protein/14.8.529,11579220,https://doi.org/10.1093/protein/14.8.529
39795995_ref22,39795995,22,An analysis of protein domain linkers: Their classification and role in protein folding,Protein Eng.,2002,10.1093/protein/15.11.871,12538906,https://doi.org/10.1093/protein/15.11.871
39795995_ref23,39795995,23,Linkers: A synergistic way for the synthesis of chimeric proteins,Protein Expr. Purif.,2022,10.1016/j.pep.2021.106012,34767950,https://doi.org/10.1016/j.pep.2021.106012
39795995_ref24,39795995,24,Stabilizing exposure of conserved epitopes by structure guided insertion of disulfide bond in HIV-1 envelope glycoprotein,PLoS ONE,2013,10.1371/journal.pone.0076139,24146829,https://doi.org/10.1371/journal.pone.0076139
39795995_ref25,39795995,25,Analysis of the stability and affinity of BlaR-CTD protein to β-lactam antibiotics based on docking and mutagenesis studies,J. Biol. Eng.,2019,10.1186/s13036-019-0157-4,30976316,https://doi.org/10.1186/s13036-019-0157-4
39795995_ref26,39795995,26,Design of an expression system to enhance MBP-mediated crystallization,Sci. Rep.,2017,10.1038/srep40991,28112203,https://doi.org/10.1038/srep40991
39795995_ref27,39795995,27,AlphaFold2 versus experimental structures: Evaluation on G protein-coupled receptors,Acta Pharmacol. Sin.,2023,10.1038/s41401-022-00938-y,35778488,https://doi.org/10.1038/s41401-022-00938-y
39795995_ref28,39795995,28,NIH Image to ImageJ: 25 years of image analysis,Nat. Methods,2012,10.1038/nmeth.2089,22930834,https://doi.org/10.1038/nmeth.2089
39795995_ref29,39795995,29,Imaging processing with ImageJ,Biophotonics Int.,2004,,,
39795995_ref30,39795995,30,"Schrödinger, LLC Schrödinger Release 2024-2: Prime Schrödinger, LLC New York, NY, USA 2024",Schrödinger Release 2024-2: Prime,2024,,,
39795995_ref31,39795995,31,High-yield and high-purity isolation of hepatic stellate cells from normal and fibrotic mouse livers,Nat. Protoc.,2015,10.1038/nprot.2015.017,25612230,https://doi.org/10.1038/nprot.2015.017
39744096_ref1,39744096,1,Alphafold protein structure database: massively expanding the structural coverage of protein‐sequence space with high‐accuracy models,Nucleic Acids Res,2022,10.1093/nar/gkab1061,34791371,https://doi.org/10.1093/nar/gkab1061
39744096_ref2,39744096,2,The single global archive for 3D macromolecular structure data,Nucleic Acids Res,2019,10.1093/nar/gky949,30357364,https://doi.org/10.1093/nar/gky949
39744096_ref3,39744096,3,Swiss‐model: homology modelling of protein structures and complexes,Nucleic Acids Res,2018,10.1093/nar/gky427,29788355,https://doi.org/10.1093/nar/gky427
39744096_ref4,39744096,4,Protein engineering with lightweight graph denoising neural networks,J Chem Inf Model,2024,10.1021/acs.jcim.4c00036,38630581,https://doi.org/10.1021/acs.jcim.4c00036
39744096_ref5,39744096,5,A conditional protein diffusion model generates artificial programmable endonuclease sequences with enhanced activity,Cell Discov,2024,10.1038/s41421-024-00728-2,39251570,https://doi.org/10.1038/s41421-024-00728-2
39744096_ref6,39744096,6,Protein language models‐assisted optimization of a uracil‐n‐glycosylase variant enables programmable T‐to‐G and T‐to‐C base editing,Mol Cell,2024,10.1016/j.molcel.2024.01.021,38377993,https://doi.org/10.1016/j.molcel.2024.01.021
39744096_ref7,39744096,7,Design of highly functional genome editors by modeling the universe of crispr‐cas sequences,bioRxiv,2024,,,https://www.biorxiv.org/content/10.1101/2024.04.22.590591v1
39744096_ref8,39744096,8,Attention is all you need,Adv Neural Inf Process Syst,2017,,,
39744096_ref9,39744096,9,BERT: pre‐training of deep bidirectional transformers for language understanding,arXiv,2018,,,https://arxiv.org/abs/1810.04805
39744096_ref10,39744096,10,Finetuned language models are zero‐shot learners,Int Conf Learn Representations,2022,,,https://api.semanticscholar.org/CorpusID:237416585
39744096_ref11,39744096,11,Highly accurate protein structure prediction with AlphaFold,Nature,2021,10.1038/s41586-021-03819-2,34265844,https://doi.org/10.1038/s41586-021-03819-2
39744096_ref12,39744096,12,Evolutionary‐scale prediction of atomic‐level protein structure with a language model,Science,2023,10.1126/science.ade2574,36927031,https://doi.org/10.1126/science.ade2574
39744096_ref13,39744096,13,ECNet is an evolutionary context‐integrated deep learning framework for protein engineering,Nat Commun,2021,10.1038/s41467-021-25976-8,34593817,https://doi.org/10.1038/s41467-021-25976-8
39744096_ref14,39744096,14,Machine learning‐aided engineering of hydrolases for PET depolymerization,Nature,2022,10.1038/s41586-022-04599-z,35478237,https://doi.org/10.1038/s41586-022-04599-z
39744096_ref15,39744096,15,Large language models generate functional protein sequences across diverse families,Nat Biotechnol,2023,10.1038/s41587-022-01618-2,36702895,https://doi.org/10.1038/s41587-022-01618-2
39744096_ref16,39744096,16,Enhancing efficiency of protein language models with minimal wet‐lab data through few‐shot learning,Nat Commun,2024,10.1038/s41467-024-49798-6,38956442,https://doi.org/10.1038/s41467-024-49798-6
39744096_ref17,39744096,17,Sparks of function by de novo protein design,Nat Biotechnol,2024,10.1038/s41587-024-02133-2,38361073,https://doi.org/10.1038/s41587-024-02133-2
39744096_ref18,39744096,18,Biological structure and function emerge from scaling unsupervised learning to 250 million protein sequences,Proc Natl Acad Sci USA,2021,10.1073/pnas.2016239118,33876751,https://doi.org/10.1073/pnas.2016239118
39744096_ref19,39744096,19,Language models enable zero‐shot prediction of the effects of mutations on protein function,Adv Neural Inf Process Syst,2021,,,
39744096_ref20,39744096,20,Semantical and topological protein encoding toward enhanced bioactivity and thermostability,eLife,2024,,,
39744096_ref21,39744096,21,Bilingual language model for protein sequence and structure. NAR Genom and Bioinform. 2024;6:lqae150,,,10.1093/nargab/lqae150,39633723,https://doi.org/10.1093/nargab/lqae150
39744096_ref22,39744096,22,PETA: evaluating the impact of protein transfer learning with sub‐word tokenization on downstream applications,J Cheminf,2024,10.1186/s13321-024-00884-3,39095917,https://doi.org/10.1186/s13321-024-00884-3
39744096_ref23,39744096,23,"Notin P, Dias M, Frazer J, Hurtado JM, Gomez AN, Marks D, et al. Tranception: protein fitness prediction with autoregressive transformers and inference‐time retrieval. In: International Conference on Machine Learning, Baltimore Convention Center. PMLR; 2022. p. 16990–17017.","International Conference on Machine Learning, Baltimore Convention Center",2022,,,
39744096_ref24,39744096,24,ProteinBert: a universal deep‐learning model of protein sequence and function,Bioinformatics,2022,10.1093/bioinformatics/btac020,35020807,https://doi.org/10.1093/bioinformatics/btac020
39744096_ref25,39744096,25,ProtTrans: toward understanding the language of life through self‐supervised learning,IEEE Trans Pattern Anal Mach Intell,2022,10.1109/TPAMI.2021.3095381,34232869,https://doi.org/10.1109/TPAMI.2021.3095381
39744096_ref26,39744096,26,Geomol: torsional geometric generation of molecular 3D conformer ensembles,Adv Neural Inform Process Syst,2021,,,
39744096_ref27,39744096,27,"Xu M, Yu L, Song Y, Shi C, Ermon S, Tang J. GeoDiff: a geometric diffusion model for molecular conformation generation. In: International Conference on Learning Representations; 2021.",,,,,
39744096_ref28,39744096,28,Protein representation learning with sequence information embedding: Does it always lead to a better performance?,arXiv,2024,,,https://arxiv.org/abs/2406.19755
39744096_ref29,39744096,29,"Eismann S, Suriana P, Jing B, Townshend RJ, Dror RO. Protein model quality assessment using rotation‐equivariant, hierarchical neural networks. In: NeurIPS Workshop on Machine Learning for Molecules; 2020.",,,,,
39744096_ref30,39744096,30,ScanNet: an interpretable geometric deep learning model for structure‐based protein binding site prediction,Nat Methods,2022,10.1038/s41592-022-01490-7,35637310,https://doi.org/10.1038/s41592-022-01490-7
39744096_ref31,39744096,31,Deep convolutional networks for quality assessment of protein folds,Bioinformatics,2018,10.1093/bioinformatics/bty494,29931128,https://doi.org/10.1093/bioinformatics/bty494
39744096_ref32,39744096,32,Multi‐scale representation learning on proteins,Adv Neural Inform Process Syst,2021,,,
39744096_ref33,39744096,33,ProtSolM: Protein solubility prediction with multi‐modal features,arXiv,2024,,,https://arxiv.org/abs/2406.19744
39744096_ref34,39744096,34,Immunogenicity prediction with dual attention enables vaccine target selection,arXiv,2024,,,https://arxiv.org/abs/2410.02647
39744096_ref35,39744096,35,"Rao RM, Liu J, Verkuil R, Meier J, Canny J, Abbeel P, et al. MSA transformer. In: International Conference on Machine Learning. PMLR; 2021. p. 8844–8856.",International Conference on Machine Learning,2021,,,
39744096_ref36,39744096,36,RoFormer: enhanced transformer with rotary position embedding,Neurocomputing,2024,,,
39744096_ref37,39744096,37,Convolutions are competitive with transformers for protein sequence pretraining,Cell Systems,2024,10.1016/j.cels.2024.01.008,38428432,https://doi.org/10.1016/j.cels.2024.01.008
39744096_ref38,39744096,38,"Su J, Han C, Zhou Y, Shan J, Zhou X, Yuan F.SaProt: protein language modeling with structure‐aware vocabulary In: The Twelfth International Conference on Learning Representations; 2023.",,,,,
39744096_ref39,39744096,39,Fast and accurate protein structure search with foldseek,Nat Biotechnol,2023,10.1038/s41587-023-01773-0,37156916,https://doi.org/10.1038/s41587-023-01773-0
39744096_ref40,39744096,40,"Li M, Tan Y, Ma X, Zhong B, Yu H, Zhou Z, et al. ProSST: protein language modeling with quantized structure and disentangled attention. The Thirty‐eighth Annual Conference on Neural Information Processing Systems; 2024. https://openreview.net/forum?id=4Z7RZixpJQ",,,,,https://openreview.net/forum?id=4Z7RZixpJQ
39744096_ref41,39744096,41,ProtGPT2 is a deep unsupervised language model for protein design,Nat Commun,2022,10.1038/s41467-022-32007-7,35896542,https://doi.org/10.1038/s41467-022-32007-7
39744096_ref42,39744096,42,RITA: a study on scaling up generative protein sequence models,arXiv,2022,,,https://arxiv.org/abs/2205.05789
39744096_ref43,39744096,43,TranceptEVE: Combining family‐specific and family‐agnostic models of protein sequences for improved fitness prediction,bioRxiv,2022,10.1101/2022.12.07.519495,,https://doi.org/10.1101/2022.12.07.519495
39744096_ref44,39744096,44,POET: a generative model of protein families as sequences‐of‐sequences,Adv Neural Inf Process Syst,2024,10.48550/arXiv.2306.06156,,https://doi.org/10.48550/arXiv.2306.06156
39744096_ref45,39744096,45,xTrimoPGLM: unified 100b‐scale pre‐trained transformer for deciphering the language of protein,arXiv,2024,,,https://arxiv.org/abs/2401.06199
39744096_ref46,39744096,46,"Du Z, Qian Y, Liu X, Ding M, Qiu J, Yang Z, et al. GLM: General language model pretraining with autoregressive blank infilling. In: Proceedings of the 60th Annual Meeting of the Association for Computational Linguistics(Volume 1: Long Papers); 2022. p. 320–335.",,,,,
39744096_ref47,39744096,47,Ankh: Optimized protein language model unlocks general‐purpose modelling,arXiv,2023,,,https://arxiv.org/abs/2301.06568
39744096_ref48,39744096,48,Few shot protein generation,arXiv,2022,,,https://arxiv.org/abs/2204.01168
39744096_ref49,39744096,49,Pfam: the protein families database in 2021,Nucleic Acids Res,2021,10.1093/nar/gkaa913,33125078,https://doi.org/10.1093/nar/gkaa913
39744096_ref50,39744096,50,"Gilmer J, Schoenholz SS, Riley PF, Vinyals O, Dahl GE. Neural message passing for quantum chemistry. In: International Conference on Machine Learning. PMLR; 2017. p. 1263–1272.",International Conference on Machine Learning,2017,,,
39744096_ref51,39744096,51,"Kipf TN, Welling M., Semi‐supervised classification with graph convolutional networks. In: International Conference on Learning Representations; 2017.",,,,,
39744096_ref52,39744096,52,"Veliˇckovi ´c P, Cucurull G, Casanova A, Romero A, Lio P, Bengio Y. Graph attention networks. In: International Conference on Learning Representations; 2018.",,,,,
39744096_ref53,39744096,53,Robust deep learning–based protein sequence design using proteinmpnn,Science,2022,10.1126/science.add2187,36108050,https://doi.org/10.1126/science.add2187
39744096_ref54,39744096,54,Generative models for graph‐based protein design,Adv Neural Inf Process Syst,2019,,,
39744096_ref55,39744096,55,AlphaDesign: a graph protein design method and benchmark on AlphaFoldDB,arXiv,2022,,,https://arxiv.org/abs/2202.01079
39744096_ref56,39744096,56,"Tan C, Gao Z, Xia J, Hu B, Li SZ. Global‐context aware generative protein design. In: ICASSP 2023‐2023 IEEE International Conference on Acoustics, Speech and Signal Processing(ICASSP). IEEE; 2023. p. 1–5.","ICASSP 2023‐2023 IEEE International Conference on Acoustics, Speech and Signal Processing(ICASSP)",2023,,,
39744096_ref57,39744096,57,"Zhang Z, Xu M, Lozano A, Chenthamarakshan V, Das P, Tang J. Enhancing protein language model with structure‐based encoder and pre‐training. In: ICLR 2023‐Machine Learning for Drug Discovery Workshop; 2023.",,,,,
39744096_ref58,39744096,58,Geometrically equivariant graph neural networks: a survey,arXiv,2022,,,https://arxiv.org/abs/2202.07230
39744096_ref59,39744096,59,"Geometric deep learning: grids, groups, graphs, geodesics, and gauges",,2021,10.48550/arXiv.2104.13478,,https://doi.org/10.48550/arXiv.2104.13478
39744096_ref60,39744096,60,"Satorras VG, Hoogeboom E, Welling M. E(n)equivariant graph neural networks. In: International Conference on Machine Learning. PMLR; 2021. p. 9323–9332.",International Conference on Machine Learning,2021,,,
39744096_ref61,39744096,61,Framelet message passing,arXiv,2023,,,https://arxiv.org/pdf/2302.14806
39744096_ref62,39744096,62,"Jing B, Eismann S, Suriana P, Townshend RJL, Dror R., Learning from protein structure with geometric vector perceptrons. In: International Conference on Learning Representations; 2020.",,,,,
39744096_ref63,39744096,63,Gbpnet: Universal geometric representation learning on protein structures. In: Proceedings of the 28th ACM SIGKDD Conference on Knowledge Discovery and Data Mining,,2022,,,
39744096_ref64,39744096,64,Graph denoising diffusion for inverse protein folding,Adv Neural Inf Process Syst,2024,,,
39744096_ref65,39744096,65,Secondary structure‐guided novel protein sequence generation with latent graph diffusion,,2024,,,https://arxiv.org/abs/2407.07443
39744096_ref66,39744096,66,De novo design of protein structure and function with RFDiffusion,Nature,2023,10.1038/s41586-023-06415-8,37433327,https://doi.org/10.1038/s41586-023-06415-8
39744096_ref67,39744096,67,Tensor field networks: Rotation‐and translation‐equivariant neural networks for 3d point clouds,arXiv,2018,,,https://arxiv.org/abs/1802.08219
39744096_ref68,39744096,68,Lightweight contrastive protein structure‐sequence transformation,arXiv,2023,,,https://arxiv.org/abs/2303.11783v1
39744096_ref69,39744096,69,"Hsu C, Verkuil R, Liu J, Lin Z, Hie B, Sercu T, et al. Learning inverse folding from millions of predicted structures. In: International Conference on Machine Learning. PMLR; 2022. p. 8946–8970.",International Conference on Machine Learning,2022,,,
39744096_ref70,39744096,70,Integration of pre‐trained protein language models into geometric deep learning networks,Commun Biol,2023,10.1038/s42003-023-05133-1,37626165,https://doi.org/10.1038/s42003-023-05133-1
39744096_ref71,39744096,71,A multimodal protein representation framework for quantifying transferability across biochemical downstream tasks,Adv Sci,2023,10.1002/advs.202301223,37249398,https://doi.org/10.1002/advs.202301223
39744096_ref72,39744096,72,Prodconn‐protein design using a convolutional neural network,Biophys J,2020,10.1002/prot.25868,31867753,https://doi.org/10.1002/prot.25868
39744096_ref73,39744096,73,Densecpd: improving the accuracy of neural‐network‐ based computational protein sequence design with densenet,J Chem Inf Model,2020,10.1021/acs.jcim.0c00043,32126171,https://doi.org/10.1021/acs.jcim.0c00043
39744096_ref74,39744096,74,TIMED‐Design: flexible and accessible protein sequence design with convolutional neural networks,Protein Eng Des Sel,2024,10.1093/protein/gzae002,38288671,https://doi.org/10.1093/protein/gzae002
39744096_ref75,39744096,75,To improve protein sequence profile prediction through image captioning on pairwise residue distance map,J Chem Inf Model,2019,10.1021/acs.jcim.9b00438,31800243,https://doi.org/10.1021/acs.jcim.9b00438
39744096_ref76,39744096,76,Self‐supervised pre‐training for protein embeddings using tertiary structures,Proceedings of the AAAI Conference on Artificial Intelligence,2022,,,
39744096_ref77,39744096,77,DeepSurf: a surface‐based deep learning approach for the prediction of ligand binding sites on proteins,Bioinformatics,2021,10.1093/bioinformatics/btab009,33471069,https://doi.org/10.1093/bioinformatics/btab009
39744096_ref78,39744096,78,Protein sequence design with a learned potential,Nat Commun,2022,10.1038/s41467-022-28313-9,35136054,https://doi.org/10.1038/s41467-022-28313-9
39744096_ref79,39744096,79,Biosensor and machine learning‐aided engineering of an amaryllidaceae enzyme,Nat Commun,2024,10.1038/s41467-024-46356-y,38453941,https://doi.org/10.1038/s41467-024-46356-y
39744096_ref80,39744096,80,Deciphering interaction fingerprints from protein molecular surfaces using geometric deep learning,Nat Methods,2020,10.1038/s41592-019-0666-6,31819266,https://doi.org/10.1038/s41592-019-0666-6
39744096_ref81,39744096,81,Fast end‐to‐end learning on protein surfaces. In: Proceedings of the IEEE/CVF Conference on Computer Vision and Pattern Recognition,,2021,,,
39744096_ref82,39744096,82,"Simple, efficient, and scalable structure‐aware adapter boosts protein language models",J Chem Inf Model,2024,10.1021/acs.jcim.4c00689,39110130,https://doi.org/10.1021/acs.jcim.4c00689
39744096_ref83,39744096,83,Language models of protein sequences at the scale of evolution enable accurate structure prediction,bioRxiv,2022,10.1101/2022.07.20.500902,,https://doi.org/10.1101/2022.07.20.500902
39744096_ref84,39744096,84,Retrieval‐enhanced mutation mastery: Augmenting zero‐shot prediction of protein language model,arXiv,2024,,,https://arxiv.org/pdf/2410.21127
39744096_ref85,39744096,85,ProLLaMA: a protein large language model for multi‐task protein language processing,arXiv,2024,,,https://arxiv.org/abs/2402.16445
39744096_ref86,39744096,86,LoRA: low‐rank adaptation of large language models,Int Conf Learn Representations,2022,,,https://openreview.net/forum?id=nZeVKeeFYf9
39744096_ref87,39744096,87,Accurate classification of membrane protein types based on sequence and evolutionary information using deep learning,BMC Bioinformatics,2019,10.1186/s12859-019-3275-6,31874615,https://doi.org/10.1186/s12859-019-3275-6
39744096_ref88,39744096,88,Multimodal deep representation learning for protein interaction identification and protein family classification,BMC Bioinformatics,2019,10.1186/s12859-019-3084-y,31787089,https://doi.org/10.1186/s12859-019-3084-y
39744096_ref89,39744096,89,MDL‐CPI: multi‐view deep learning model for compound‐protein interaction prediction,Methods,2022,10.1016/j.ymeth.2022.01.008,35114401,https://doi.org/10.1016/j.ymeth.2022.01.008
39744096_ref90,39744096,90,Identifying protein‐protein interface via a novel multi‐scale local sequence and structural representation,BMC Bioinformatics,2019,10.1186/s12859-019-3048-2,31874604,https://doi.org/10.1186/s12859-019-3048-2
39744096_ref91,39744096,91,Structure‐aware protein self‐supervised learning,Bioinformatics,2023,10.1093/bioinformatics/btad189,37052532,https://doi.org/10.1093/bioinformatics/btad189
39744096_ref92,39744096,92,One transformer can understand both 2D & 3D molecular data,Int Conf Learn Representations,2023,,,https://openreview.net/pdf?id=vZTp1oPV3PC
39744096_ref93,39744096,93,Deep‐fusion: a deep learning based multi‐scale feature fusion method for predicting drug‐target interactions,Methods,2022,10.1016/j.ymeth.2022.02.007,35219861,https://doi.org/10.1016/j.ymeth.2022.02.007
39744096_ref94,39744096,94,Multiscale graph neural networks for protein residue contact map prediction,arXiv,2022,,,https://arxiv.org/abs/2212.02251
39744096_ref95,39744096,95,"AGL‐score: algebraic graph learning score for protein–ligand binding scoring, ranking, docking, and screening",J Chem Inf Model,2019,10.1021/acs.jcim.9b00334,31257871,https://doi.org/10.1021/acs.jcim.9b00334
39744096_ref96,39744096,96,Geometric graph learning with extended atom‐types features for protein‐ligand binding affinity prediction,Comput Biol Med,2023,10.1016/j.compbiomed.2023.107250,37515872,https://doi.org/10.1016/j.compbiomed.2023.107250
39744096_ref97,39744096,97,Multi‐scale self‐attention mixup for graph classification,Pattern Recogn Lett,2023,,,
39744096_ref98,39744096,98,Persistent Path‐Spectral(PPS)based machine learning for protein‐ligand binding affinity prediction,J Chem Inf Model,2023,10.1021/acs.jcim.2c01251,36647267,https://doi.org/10.1021/acs.jcim.2c01251
39744096_ref99,39744096,99,PEER: a comprehensive and multi‐task benchmark for protein sequence understanding,Adv Neural Inf Process Syst,2022,,,
39744096_ref100,39744096,100,ProteinGLUE multi‐task benchmark suite for self‐supervised protein modeling,Sci Rep,2022,10.1038/s41598-022-19608-4,36163232,https://doi.org/10.1038/s41598-022-19608-4
39744096_ref101,39744096,101,ProteinGym: large‐scale benchmarks for protein fitness prediction and design,Adv Neural Inf Process Syst,2024,10.1101/2023.12.07.570727,,https://doi.org/10.1101/2023.12.07.570727
39744096_ref102,39744096,102,Deep generative models of genetic variation capture the effects of mutations,Nat Methods,2018,10.1038/s41592-018-0138-4,30250057,https://doi.org/10.1038/s41592-018-0138-4
39744096_ref103,39744096,103,Quantitative missense variant effect prediction using large‐scale mutagenesis data,Cell Syst,2018,10.1016/j.cels.2017.11.003,29226803,https://doi.org/10.1016/j.cels.2017.11.003
39744096_ref104,39744096,104,Benchmark tasks in fitness landscape inference for proteins,Adv Neural Inf Process Syst,2024,,,https://openreview.net/forum?id=p2dMLEwL8tF
39744096_ref105,39744096,105,"Li M, Yu H, Fan G, Zhou Z, Tan P, Hong L. FS‐mutant: a few‐shot learning benchmark for protein mutants mining. Research Square. 2024. 10.21203/rs.3.rs-3987561/v1",,,10.21203/rs.3.rs-3987561/v1,,https://doi.org/10.21203/rs.3.rs-3987561/v1
39744096_ref106,39744096,106,SoluProtMutDB: a manually curated database of protein solubility changes upon mutations,Comput Struct Biotechnol J,2022,10.1016/j.csbj.2022.11.009,36420168,https://doi.org/10.1016/j.csbj.2022.11.009
39744096_ref107,39744096,107,FireProtDB: database of manually curated protein stability data,Nucleic Acids Res,2021,10.1093/nar/gkaa981,33166383,https://doi.org/10.1093/nar/gkaa981
39744096_ref108,39744096,108,Prothermdb: thermodynamic database for proteins and mutants revisited after 15 years,Nucleic Acids Res,2021,10.1093/nar/gkaa1035,33196841,https://doi.org/10.1093/nar/gkaa1035
39744096_ref109,39744096,109,CATH: increased structural coverage of functional space,Nucleic Acids Res,2021,10.1093/nar/gkaa1079,33237325,https://doi.org/10.1093/nar/gkaa1079
39744096_ref110,39744096,110,Highly accurate protein structure prediction for the human proteome,Nature,2021,10.1038/s41586-021-03828-1,34293799,https://doi.org/10.1038/s41586-021-03828-1
39744096_ref111,39744096,111,Malidup: a database of manually constructed structure alignments for duplicated domain pairs,"Proteins: Struct, Funct, Bioinf",2008,10.1002/prot.21783,17932926,https://doi.org/10.1002/prot.21783
39744096_ref112,39744096,112,Malisam: a database of structurally analogous motifs in proteins,Nucleic Acids Res,2007,10.1093/nar/gkm698,17855399,https://doi.org/10.1093/nar/gkm698
39744096_ref113,39744096,113,Interpro in 2022,Nucleic Acids Res,2023,10.1093/nar/gkac993,36350672,https://doi.org/10.1093/nar/gkac993
39744096_ref114,39744096,114,"Modbase, a database of annotated comparative protein structure models and associated resources",Nucleic Acids Res,2014,10.1093/nar/gkt1144,24271400,https://doi.org/10.1093/nar/gkt1144
39744096_ref115,39744096,115,"The structural biology knowledgebase: a portal to protein structures, sequences, functions, and methods",J Struct Funct Genomics,2011,10.1007/s10969-011-9106-2,21472436,https://doi.org/10.1007/s10969-011-9106-2
39744096_ref116,39744096,116,PROSO II–a new method for protein solubility prediction,FEBS J,2012,10.1111/j.1742-4658.2012.08603.x,22536855,https://doi.org/10.1111/j.1742-4658.2012.08603.x
39744096_ref117,39744096,117,DeepSol: a deep learning framework for sequence‐based protein solubility prediction,Bioinformatics,2018,10.1093/bioinformatics/bty166,29554211,https://doi.org/10.1093/bioinformatics/bty166
39744096_ref118,39744096,118,Prediction of protein solubility based on sequence physicochemical patterns and distributed representation information with deepsolue,BMC Biol,2023,10.1186/s12915-023-01510-8,36694239,https://doi.org/10.1186/s12915-023-01510-8
39744096_ref119,39744096,119,Protein–sol: a web tool for predicting protein solubility from sequence,Bioinformatics,2017,10.1093/bioinformatics/btx345,28575391,https://doi.org/10.1093/bioinformatics/btx345
39744096_ref120,39744096,120,Soluprot: prediction of soluble protein expression in Escherichia coli,Bioinformatics,2021,10.1093/bioinformatics/btaa1102,33416864,https://doi.org/10.1093/bioinformatics/btaa1102
39744096_ref121,39744096,121,Bimodal protein solubility distribution revealed by an aggregation analysis of the entire ensemble of Escherichia coli proteins,Proc Natl Acad Sci USA,2009,10.1073/pnas.0811922106,19251648,https://doi.org/10.1073/pnas.0811922106
39744096_ref122,39744096,122,Deeploc: prediction of protein subcellular localization using deep learning,Bioinformatics,2017,10.1093/bioinformatics/btx431,29036616,https://doi.org/10.1093/bioinformatics/btx431
39744096_ref123,39744096,123,Deeploc 2.0: multi‐label subcellular localization prediction using protein language models,Nucleic Acids Res,2022,10.1093/nar/gkac278,35489069,https://doi.org/10.1093/nar/gkac278
39744096_ref124,39744096,124,Locate: a mammalian protein subcellular localization database,Nucleic Acids Res,2007,10.1093/nar/gkm950,17986452,https://doi.org/10.1093/nar/gkm950
39744096_ref125,39744096,125,Wolf psort: protein localization predictor,Nucleic Acids Res,2007,10.1093/nar/gkm259,17517783,https://doi.org/10.1093/nar/gkm259
39744096_ref126,39744096,126,iloc‐euk: a multi‐label classifier for predicting the subcellular localization of singleplex and multiplex eukaryotic proteins,PLoS One,2011,10.1371/journal.pone.0018258,21483473,https://doi.org/10.1371/journal.pone.0018258
39744096_ref127,39744096,127,A top‐down approach to enhance the power of predicting human protein subcellular localization: Hum‐mploc 2.0,Anal Biochem,2009,10.1016/j.ab.2009.07.046,19651102,https://doi.org/10.1016/j.ab.2009.07.046
39744096_ref128,39744096,128,Plant‐mploc: a top‐down strategy to augment the power for predicting plant protein subcellular localization,PLoS One,2010,10.1371/journal.pone.0011335,20596258,https://doi.org/10.1371/journal.pone.0011335
39744096_ref129,39744096,129,The gene ontology resource: 20 years and still going strong,Nucleic Acids Res,2019,10.1093/nar/gky1055,30395331,https://doi.org/10.1093/nar/gky1055
39744096_ref130,39744096,130,Enzymes: principles and biotechnological applications,Essays Biochem,2015,10.1042/bse0590001,26504249,https://doi.org/10.1042/bse0590001
39744096_ref131,39744096,131,"Panther version 16: a revised family classification, tree‐based classification tool, enhancer regions and extensive api",Nucleic Acids Res,2021,10.1093/nar/gkaa1106,33290554,https://doi.org/10.1093/nar/gkaa1106
39744096_ref132,39744096,132,The biocyc collection of microbial genomes and metabolic pathways,Brief Bioinform,2019,10.1093/bib/bbx085,29447345,https://doi.org/10.1093/bib/bbx085
39744096_ref133,39744096,133,The swiss‐prot protein sequence database and its supplement trembl in 2000,Nucleic Acids Res,2000,10.1093/nar/28.1.45,10592178,https://doi.org/10.1093/nar/28.1.45
39744096_ref134,39744096,134,Uniprot: a worldwide hub of protein knowledge,Nucleic Acids Res,2019,10.1093/nar/gky1049,30395287,https://doi.org/10.1093/nar/gky1049
39744096_ref135,39744096,135,BindingDB: a web‐accessible database of experimentally determined protein–ligand binding affinities,Nucleic Acids Res,2007,10.1093/nar/gkl999,17145705,https://doi.org/10.1093/nar/gkl999
39744096_ref136,39744096,136,Chembl: a large‐scale bioactivity database for drug discovery,Nucleic Acids Res,2012,10.1093/nar/gkr777,21948594,https://doi.org/10.1093/nar/gkr777
39744096_ref137,39744096,137,Forging the basis for developing protein‐ligand interaction scoring functions,Acc Chem Res,2017,10.1021/acs.accounts.6b00491,28182403,https://doi.org/10.1021/acs.accounts.6b00491
39744096_ref138,39744096,138,Klifs: a knowledge‐based structural database to navigate kinase–ligand interaction space,J Med Chem,2014,10.1021/jm400378w,23941661,https://doi.org/10.1021/jm400378w
39744096_ref139,39744096,139,Drugbank 6.0: the drugbank knowledgebase for 2024,Nucleic Acids Res,2024,10.1093/nar/gkad976,37953279,https://doi.org/10.1093/nar/gkad976
39744096_ref140,39744096,140,Biolip2: an updated structure database for biologically relevant ligand–protein interactions,Nucleic Acids Res,2024,10.1093/nar/gkad630,37522378,https://doi.org/10.1093/nar/gkad630
39744096_ref141,39744096,141,The string database in 2023: protein–protein association networks and functional enrichment analyses for any sequenced genome of interest,Nucleic Acids Res,2023,10.1093/nar/gkac1000,36370105,https://doi.org/10.1093/nar/gkac1000
39744096_ref142,39744096,142,"The biogrid database: a comprehensive biomedical resource of curated protein, genetic, and chemical interactions",Prot Sci,2021,10.1002/pro.3978,33070389,https://doi.org/10.1002/pro.3978
39744096_ref143,39744096,143,The intact database: efficient access to fine‐grained molecular interaction data,Nucleic Acids Res,2022,10.1093/nar/gkab1006,34761267,https://doi.org/10.1093/nar/gkab1006
39744096_ref144,39744096,144,Development of human protein reference database as an initial platform for approaching systems biology in humans,Genome Res,2003,10.1101/gr.1680803,14525934,https://doi.org/10.1101/gr.1680803
39744096_ref145,39744096,145,Masked inverse folding with sequence transfer for protein representation learning,Protein Eng Des Sel,2023,10.1093/protein/gzad015,37883472,https://doi.org/10.1093/protein/gzad015
39744096_ref146,39744096,146,Evaluating protein transfer learning with TAPE,Adv Neural Inf Process Syst,2019,,33390682,
39744096_ref147,39744096,147,"Rcsb protein data bank: biological macromolecular structures enabling research and education in fundamental biology, biomedicine, biotechnology and energy",Nucleic Acids Res,2019,10.1093/nar/gky1004,30357411,https://doi.org/10.1093/nar/gky1004
39744096_ref148,39744096,148,Scope: classification of large macromolecular structures in the structural classification of proteins—extended database,Nucleic Acids Res,2019,10.1093/nar/gky1134,30500919,https://doi.org/10.1093/nar/gky1134
39744096_ref149,39744096,149,"cdna and protein sequence, genomic organization, and analysis of cis regulatory elements of mouse and human plvap genes",Genomics,2001,10.1006/geno.2000.6489,11401446,https://doi.org/10.1006/geno.2000.6489
39744096_ref150,39744096,150,Unlearning virus knowledge toward safe and responsible mutation effect predictions,bioRxiv,2024,10.1101/2024.10.02.616274,,https://doi.org/10.1101/2024.10.02.616274
39744090_ref1,39744090,1,Stabilizing biocatalysts,Chem Soc Rev,2013,10.1039/c3cs60137d,23807146,https://doi.org/10.1039/c3cs60137d
39744090_ref2,39744090,2,Directed evolution of an efficient and thermostable PET depolymerase,Nat Catal,2022,,,
39744090_ref3,39744090,3,The state‐of‐the‐art strategies of protein engineering for enzyme stabilization,Biotech Adv,2019,10.1016/j.biotechadv.2018.10.011,31138425,https://doi.org/10.1016/j.biotechadv.2018.10.011
39744090_ref4,39744090,4,Thermostability engineering of industrial enzymes through structure modification,Appl Microbiol Biotechnol,2022,10.1007/s00253-022-12067-x,35804158,https://doi.org/10.1007/s00253-022-12067-x
39744090_ref5,39744090,5,Engineering the third wave of biocatalysis,Nature,2012,10.1038/nature11117,22575958,https://doi.org/10.1038/nature11117
39744090_ref6,39744090,6,Biocatalysis engineering: the big picture,Chem Soc Rev,2017,10.1039/c6cs00854b,28287660,https://doi.org/10.1039/c6cs00854b
39744090_ref7,39744090,7,Rational design to improve protein thermostability: recent advances and prospects,ChemBioEng Rev,2015,,,
39744090_ref8,39744090,8,Engineering monolignol 4‐O‐methyltransferases to modulate lignin biosynthesis,J Biol Chem,2010,10.1074/jbc.M109.036673,19875443,https://doi.org/10.1074/jbc.M109.036673
39744090_ref9,39744090,9,Machine‐learning‐guided directed evolution for protein engineering,Nat Methods,2019,10.1038/s41592-019-0496-6,31308553,https://doi.org/10.1038/s41592-019-0496-6
39744090_ref10,39744090,10,Protein design is NP‐hard,Protein Eng Des Sel,2002,10.1093/protein/15.10.779,12468711,https://doi.org/10.1093/protein/15.10.779
39744090_ref11,39744090,11,Learning protein fitness landscapes with deep mutational scanning data from multiple sources,Cell Syst,2023,10.1016/j.cels.2023.07.003,37591206,https://doi.org/10.1016/j.cels.2023.07.003
39744090_ref12,39744090,12,Engineering improved thermostability of the GH11 xylanase from Neocallimastix patriciarum via computational library design,Appl Microbiol Biotechnol,2018,10.1007/s00253-018-8872-1,29500753,https://doi.org/10.1007/s00253-018-8872-1
39744090_ref13,39744090,13,Thermostability improvement of the glucose oxidase from Aspergillus niger for efficient gluconic acid production via computational design,Int J Biiol Macromol,2019,10.1016/j.ijbiomac.2019.06.094,31202848,https://doi.org/10.1016/j.ijbiomac.2019.06.094
39744090_ref14,39744090,14,Computational redesign of a PETase for plastic biodegradation under ambient condition by the GRAPE strategy,ACS Catal,2021,,,
39744090_ref15,39744090,15,The utility of fitness landscapes and big data for predicting evolution,Heredity,2018,10.1038/s41437-018-0128-4,30127530,https://doi.org/10.1038/s41437-018-0128-4
39744090_ref16,39744090,16,"Learning from protein fitness landscapes: a review of mutability, epistasis, and evolution",Curr Opin Syst Biol,2019,,,
39744090_ref17,39744090,17,Pervasive epistasis exposes intramolecular networks in adaptive enzyme evolution,Nat Commun,2023,10.1038/s41467-023-44333-5,38129396,https://doi.org/10.1038/s41467-023-44333-5
39744090_ref18,39744090,18,Learning epistasis and residue coevolution patterns: current trends and future perspectives for advancing enzyme engineering,ACS Catal,2022,,,
39744090_ref19,39744090,19,Epistasis in protein evolution,Prot Sci,2016,10.1002/pro.2897,26833806,https://doi.org/10.1002/pro.2897
39744090_ref20,39744090,20,Network of epistatic interactions in an enzyme active site revealed by large‐scale deep mutational scanning,Proc Natl Acad Sci USA,2024,10.1073/pnas.2313513121,38483989,https://doi.org/10.1073/pnas.2313513121
39744090_ref21,39744090,21,How mutational epistasis impairs predictability in protein evolution and design,Prot Sci,2016,10.1002/pro.2876,26757214,https://doi.org/10.1002/pro.2876
39744090_ref22,39744090,22,Biological structure and function emerge from scaling unsupervised learning to 250 million protein sequences,Proc Natl Acad Sci USA,2021,10.1073/pnas.2016239118,33876751,https://doi.org/10.1073/pnas.2016239118
39744090_ref23,39744090,23,Evolutionary‐scale prediction of atomic‐level protein structure with a language model,Science,2023,10.1126/science.ade2574,36927031,https://doi.org/10.1126/science.ade2574
39744090_ref24,39744090,24,Prottrans: toward understanding the language of life through self‐supervised learning,IEEE Trans Pattern Anal Mach Intell,2022,10.1109/TPAMI.2021.3095381,34232869,https://doi.org/10.1109/TPAMI.2021.3095381
39744090_ref25,39744090,25,Large language models generate functional protein sequences across diverse families,Nat Biotechnol,2023,10.1038/s41587-022-01618-2,36702895,https://doi.org/10.1038/s41587-022-01618-2
39744090_ref26,39744090,26,xTrimoPGLM: unified 100B‐Scale pre‐trained transformer for deciphering the language of protein,,2024,10.48550/arXiv.2401.06199,,https://doi.org/10.48550/arXiv.2401.06199
39744090_ref27,39744090,27,Protein design and variant prediction using autoregressive generative models,Nat Commun,2021,10.1038/s41467-021-22732-w,33893299,https://doi.org/10.1038/s41467-021-22732-w
39744090_ref28,39744090,28,UniProt: the universal protein knowledgebase in 2023,Nucleic Acids Res,2022,10.1093/nar/gkac1052,36408920,https://doi.org/10.1093/nar/gkac1052
39744090_ref29,39744090,29,Pfam: the protein families database in 2021,Nucleic Acids Res,2021,10.1093/nar/gkaa913,33125078,https://doi.org/10.1093/nar/gkaa913
39744090_ref30,39744090,30,ECNet is an evolutionary context‐integrated deep learning framework for protein engineering,Nat Commun,2021,10.1038/s41467-021-25976-8,34593817,https://doi.org/10.1038/s41467-021-25976-8
39744090_ref31,39744090,31,Rapid protein stability prediction using deep learning representations,eLife,2023,10.7554/eLife.82593,37184062,https://doi.org/10.7554/eLife.82593
39744090_ref32,39744090,32,Ensemble learning with supervised methods based on Large‐Scale protein language models for protein mutation effects prediction,Int J Mol Sci,2023,10.3390/ijms242216496,38003686,https://doi.org/10.3390/ijms242216496
39744090_ref33,39744090,33,A general temperature‐guided language model to design proteins of enhanced stability and activity,Sci Adv,2024,10.1126/sciadv.adr2641,39602544,https://doi.org/10.1126/sciadv.adr2641
39744090_ref34,39744090,34,Biochemical and molecular characterization of a novel high activity creatine amidinohydrolase from Arthrobacter nicotianae strain 02181,Process Biochem,2009,,,
39744090_ref35,39744090,35,Improved thermostability of creatinase from Alcaligenes faecalis through non‐biased phylogenetic consensus‐guided mutagenesis,Microb Cell Fact,2020,10.1186/s12934-020-01451-9,33069232,https://doi.org/10.1186/s12934-020-01451-9
39744090_ref36,39744090,36,Understanding activity‐stability tradeoffs in biocatalysts by enzyme proximity sequencing,Nat Commun,2024,10.1038/s41467-024-45630-3,38418512,https://doi.org/10.1038/s41467-024-45630-3
39744090_ref37,39744090,37,Large‐scale biophysical evaluation of protein PEGylation effects: in vitro properties of 61 protein entities,Mol Pharmaceutics,2016,10.1021/acs.molpharmaceut.6b00049,27043713,https://doi.org/10.1021/acs.molpharmaceut.6b00049
39744090_ref38,39744090,38,Entropic contribution to enhanced thermal stability in the thermostable P450 CYP119,Proc Natl Acad Sci USA,2018,10.1073/pnas.1807473115,30297413,https://doi.org/10.1073/pnas.1807473115
39744090_ref39,39744090,39,Creatinase: using increased entropy to improve the activity and thermostability,J Phys Chem B,2023,10.1021/acs.jpcb.2c08062,36926920,https://doi.org/10.1021/acs.jpcb.2c08062
39744090_ref40,39744090,40,Engineering of methionine sulfoxide reductase A with simultaneously improved stability and activity for kinetic resolution of chiral sulfoxides,Int J Biiol Macromol,2024,10.1016/j.ijbiomac.2024.129540,38244733,https://doi.org/10.1016/j.ijbiomac.2024.129540
39744090_ref41,39744090,41,Improving the thermostability of alginate lyase FlAlyA with high expression by computer‐aided rational design for industrial preparation of alginate oligosaccharides,Front Bioeng Biotechnol,2022,10.3389/fbioe.2022.1011273,36159669,https://doi.org/10.3389/fbioe.2022.1011273
39744090_ref42,39744090,42,Crucial role of pro 257 in the thermostability of Bacillus phytases: biochemical and structural investigation,Int J Biiol Macromol,2013,10.1016/j.ijbiomac.2012.11.020,23178368,https://doi.org/10.1016/j.ijbiomac.2012.11.020
39744090_ref43,39744090,43,Epistasis—the essential role of gene interactions in the structure and evolution of genetic systems,Nat Rev Genet,2008,10.1038/nrg2452,18852697,https://doi.org/10.1038/nrg2452
39744090_ref44,39744090,44,Epistasis shapes the fitness landscape of an allosteric specificity switch,Nat Commun,2021,10.1038/s41467-021-25826-7,34548494,https://doi.org/10.1038/s41467-021-25826-7
39744090_ref45,39744090,45,Enhanced thermostability of xylanase XynA via computationally designed assembly of multiple n‐terminal disulfide bridges,Process Biochem,2024,,,
39744090_ref46,39744090,46,The crucial role of methodology development in directed evolution of selective enzymes,Angew Chem Int Ed,2020,10.1002/anie.201901491,31267627,https://doi.org/10.1002/anie.201901491
39744090_ref47,39744090,47,Engineered enzymes for the synthesis of pharmaceuticals and other high‐value products,Nat Synthesis,2024,,,
39744090_ref48,39744090,48,A continuing career in biocatalysis: frances H. Arnold,ACS Catal,2019,10.1021/acscatal.9b02737,32728486,https://doi.org/10.1021/acscatal.9b02737
39744090_ref49,39744090,49,Structure‐guided SCHEMA recombination generates diverse chimeric channelrhodopsins,Proc Natl Acad Sci USA,2017,10.1073/pnas.1700269114,28283661,https://doi.org/10.1073/pnas.1700269114
39744090_ref50,39744090,50,Strategies for the discovery and engineering of enzymes for biocatalysis,Curr Opin Chem Biol,2013,10.1016/j.cbpa.2013.02.022,23523243,https://doi.org/10.1016/j.cbpa.2013.02.022
39744090_ref51,39744090,51,Computer‐assisted recombination(CompassR)teaches us how to recombine beneficial substitutions from directed evolution campaigns,Chem A Eur J,2020,10.1002/chem.201903994,31553080,https://doi.org/10.1002/chem.201903994
39744090_ref52,39744090,52,Informed training set design enables efficient machine learning‐assisted directed protein evolution,Cell Syst,2021,10.1016/j.cels.2021.07.008,34416172,https://doi.org/10.1016/j.cels.2021.07.008
39744090_ref53,39744090,53,Coupled molecular dynamics mediate long‐ and short‐range epistasis between mutations that affect stability and aggregation kinetics,Proc Natl Acad Sci USA,2018,10.1073/pnas.1810324115,30404916,https://doi.org/10.1073/pnas.1810324115
39744090_ref54,39744090,54,Exploiting correlated molecular‐dynamics networks to counteract enzyme activity–stability trade‐off,Proc Natl Acad Sci USA,2018,10.1073/pnas.1812204115,30530661,https://doi.org/10.1073/pnas.1812204115
39744090_ref55,39744090,55,Computation‐aided engineering of starch‐debranching pullulanase from Bacillus thermoleovorans for enhanced thermostability,Appl Microbiol Biotechnol,2020,10.1007/s00253-020-10764-z,32632476,https://doi.org/10.1007/s00253-020-10764-z
39744090_ref56,39744090,56,Machine learning‐aided engineering of hydrolases for PET depolymerization,Nature,2022,10.1038/s41586-022-04599-z,35478237,https://doi.org/10.1038/s41586-022-04599-z
39744090_ref57,39744090,57,SESNet: sequence‐structure feature‐integrated deep learning method for data‐efficient protein engineering,J Cheminf,2023,10.1186/s13321-023-00688-x,36737798,https://doi.org/10.1186/s13321-023-00688-x
39744090_ref58,39744090,58,EigenFold: generative protein structure prediction with diffusion models,ArXiv,2023,10.48550/arXiv.2304.021,,https://doi.org/10.48550/arXiv.2304.021
39744090_ref59,39744090,59,Direct generation of protein conformational ensembles via machine learning,Nat Commun,2023,10.1038/s41467-023-36443-x,36774359,https://doi.org/10.1038/s41467-023-36443-x
39744090_ref60,39744090,60,Genome‐wide CRISPR off‐target prediction and optimization using RNA‐DNA interaction fingerprints,Nat Commun,2023,10.1038/s41467-023-42695-4,37980345,https://doi.org/10.1038/s41467-023-42695-4
39744090_ref61,39744090,61,Optimization of protein purification and characterization using Thermofluor screens,Protein Expr Purif,2013,10.1016/j.pep.2013.08.002,23948764,https://doi.org/10.1016/j.pep.2013.08.002
39744090_ref62,39744090,62,Extraction of thermodynamic parameters of protein unfolding using parallelized differential scanning fluorimetry,J Phys Chem Lett,2017,10.1021/acs.jpclett.6b02894,28067526,https://doi.org/10.1021/acs.jpclett.6b02894
39744090_ref63,39744090,63,Chapter Two ‐ A beginner's guide to molecular dynamics simulations and the identification of cross‐correlation networks for enzyme engineering,,2020,10.1016/bs.mie.2020.04.020,32896280,https://doi.org/10.1016/bs.mie.2020.04.020
39744090_ref64,39744090,64,Integrating protein structural dynamics and evolutionary analysis with Bio3D,BMC Bioinformatics,2014,10.1186/s12859-014-0399-6,25491031,https://doi.org/10.1186/s12859-014-0399-6
39744090_ref65,39744090,65,VMD: visual molecular dynamics,J Mol Graphics,1996,10.1016/0263-7855(96)00018-5,8744570,https://doi.org/10.1016/0263-7855(96)00018-5
39725033_ref1,39725033,1,Combined biochemical and electron microscopic analyses reveal the architecture of the mammalian U2 snRNP,J. Cell Biol.,1999,10.1083/jcb.145.7.1355,10385517,https://doi.org/10.1083/jcb.145.7.1355
39725033_ref2,39725033,2,Exome sequencing identifies recurrent mutations of the splicing factor SF3B1 gene in chronic lymphocytic leukemia,Nat. Genet.,2011,10.1038/ng.1032,22158541,https://doi.org/10.1038/ng.1032
39725033_ref3,39725033,3,Frequent pathway mutations of splicing machinery in myelodysplasia,Nature,2011,10.1038/nature10496,21909114,https://doi.org/10.1038/nature10496
39725033_ref4,39725033,4,Somatic SF3B1 mutation in myelodysplasia with ring sideroblasts,N. Engl. J. Med.,2011,10.1056/NEJMoa1103283,21995386,https://doi.org/10.1056/NEJMoa1103283
39725033_ref5,39725033,5,Recurrent mutations at codon 625 of the splicing factor SF3B1 in uveal melanoma,Nat. Genet.,2013,10.1038/ng.2523,23313955,https://doi.org/10.1038/ng.2523
39725033_ref6,39725033,6,Cancer-associated SF3B1 hotspot mutations induce cryptic 3’ splice site selection through use of a different branch point,Cell Rep.,2015,10.1016/j.celrep.2015.09.053,26565915,https://doi.org/10.1016/j.celrep.2015.09.053
39725033_ref7,39725033,7,Cancer-associated SF3B1 mutations affect alternative splicing by promoting alternative branchpoint usage,Nat. Commun.,2016,10.1038/ncomms10615,26842708,https://doi.org/10.1038/ncomms10615
39725033_ref8,39725033,8,Mutations in the RNA splicing factor SF3B1 promote tumorigenesis through MYC stabilization,Cancer Discov.,2020,10.1158/2159-8290.CD-19-1330,32188705,https://doi.org/10.1158/2159-8290.CD-19-1330
39725033_ref9,39725033,9,"GEX1 compounds, novel antitumor antibiotics related to herboxidiene, produced by Streptomyces sp. I. Taxonomy, production, isolation, physicochemical properties and biological activities",J. Antibiot.(Tokyo),2002,10.7164/antibiotics.55.855,12523818,https://doi.org/10.7164/antibiotics.55.855
39725033_ref10,39725033,10,"Pladienolides, new substances from culture of Streptomyces platensis Mer-11107. III. In vitro and in vivo antitumor activities",J. Antibiot.(Tokyo),2004,10.7164/antibiotics.57.188,15152804,https://doi.org/10.7164/antibiotics.57.188
39725033_ref11,39725033,11,Apoptosis and inactivation of the PI3-kinase pathway by tetrocarcin A in breast cancers,Biochem. Biophys. Res. Commun.,2007,10.1016/j.bbrc.2007.02.136,17350598,https://doi.org/10.1016/j.bbrc.2007.02.136
39725033_ref12,39725033,12,Splicing factor SF3b as a target of the antitumor natural product pladienolide,Nat. Chem. Biol.,2007,10.1038/nchembio.2007.16,17643112,https://doi.org/10.1038/nchembio.2007.16
39725033_ref13,39725033,13,"Identification of SAP155 as the target of GEX1A(Herboxidiene), an antitumor natural product",ACS Chem. Biol.,2011,10.1021/cb100248e,21138297,https://doi.org/10.1021/cb100248e
39725033_ref14,39725033,14,"New antitumor substances, FR901463, FR901464 and FR901465. II. Activities against experimental tumors in mice and mechanism of action",J. Antibiot.(Tokyo),1996,10.7164/antibiotics.49.1204,9031665,https://doi.org/10.7164/antibiotics.49.1204
39725033_ref15,39725033,15,Spliceostatin A inhibits spliceosome assembly subsequent to prespliceosome formation,Nucleic Acids Res.,2010,10.1093/nar/gkq494,20529876,https://doi.org/10.1093/nar/gkq494
39725033_ref16,39725033,16,Interchangeable SF3B1 inhibitors interfere with pre-mRNA splicing at multiple stages,RNA,2016,10.1261/rna.053108.115,26742993,https://doi.org/10.1261/rna.053108.115
39725033_ref17,39725033,17,The anti-tumor drug E7107 reveals an essential role for SF3b in remodeling U2 snRNP to expose the branch point-binding region,Genes Dev.,2011,10.1101/gad.2009411,21363962,https://doi.org/10.1101/gad.2009411
39725033_ref18,39725033,18,Reduced fidelity of branch point recognition and alternative splicing induced by the anti-tumor drug spliceostatin A,Genes Dev.,2011,10.1101/gad.2014311,21363963,https://doi.org/10.1101/gad.2014311
39725033_ref19,39725033,19,"Physiologic expression of Sf3b1(K700E)causes impaired erythropoiesis, aberrant splicing, and sensitivity to therapeutic spliceosome modulation",Cancer Cell,2016,10.1016/j.ccell.2016.08.006,27622333,https://doi.org/10.1016/j.ccell.2016.08.006
39725033_ref20,39725033,20,"H3B-8800, an orally available small-molecule splicing modulator, induces lethality in spliceosome-mutant cancers",Nat. Med.,2018,10.1038/nm.4493,29457796,https://doi.org/10.1038/nm.4493
39725033_ref21,39725033,21,"Results of a clinical trial of H3B-8800, a splicing modulator, in patients with myelodysplastic syndromes(MDS), acute myeloid leukemia(AML)or chronic myelomonocytic leukemia(CMML)",Blood,2019,,,
39725033_ref22,39725033,22,Structures of SF3b1 reveal a dynamic Achilles heel of spliceosome assembly: implications for cancer-associated abnormalities and drug discovery,Biochim. Biophys. Acta Gene Regul. Mech.,2019,10.1016/j.bbagrm.2019.194440,31707043,https://doi.org/10.1016/j.bbagrm.2019.194440
39725033_ref23,39725033,23,Molecular architecture of the human 17S U2 snRNP,Nature,2020,10.1038/s41586-020-2344-3,32494006,https://doi.org/10.1038/s41586-020-2344-3
39725033_ref24,39725033,24,Molecular architecture of the Saccharomyces cerevisiae activated spliceosome,Science,2016,10.1126/science.aag1906,27562955,https://doi.org/10.1126/science.aag1906
39725033_ref25,39725033,25,Structure of a yeast activated spliceosome at 3.5 A resolution,Science,2016,10.1126/science.aag0291,27445306,https://doi.org/10.1126/science.aag0291
39725033_ref26,39725033,26,Prespliceosome structure provides insights into spliceosome assembly and regulation,Nature,2018,10.1038/s41586-018-0323-8,29995849,https://doi.org/10.1038/s41586-018-0323-8
39725033_ref27,39725033,27,Structural basis of splicing modulation by antitumor macrolide compounds,Mol. Cell,2018,10.1016/j.molcel.2018.03.011,29656923,https://doi.org/10.1016/j.molcel.2018.03.011
39725033_ref28,39725033,28,Structural basis of intron selection by U2 snRNP in the presence of covalent inhibitors,Nat. Commun.,2021,10.1038/s41467-021-24741-1,34301950,https://doi.org/10.1038/s41467-021-24741-1
39725033_ref29,39725033,29,The cryo-EM structure of the SF3b spliceosome complex bound to a splicing modulator reveals a pre-mRNA substrate competitive mechanism of action,Genes Dev.,2018,10.1101/gad.311043.117,29491137,https://doi.org/10.1101/gad.311043.117
39725033_ref30,39725033,30,Herboxidiene features that mediate conformation-dependent SF3B1 interactions to inhibit splicing,ACS Chem. Biol.,2021,10.1021/acschembio.0c00965,33617218,https://doi.org/10.1021/acschembio.0c00965
39725033_ref31,39725033,31,A novel mechanism for Prp5 function in prespliceosome formation and proofreading the branch site sequence,Genes Dev.,2015,10.1101/gad.253708.114,25561497,https://doi.org/10.1101/gad.253708.114
39725033_ref32,39725033,32,Competition between the ATPase Prp5 and branch region-U2 snRNA pairing modulates the fidelity of spliceosome assembly,Mol. Cell,2007,10.1016/j.molcel.2007.09.022,18082608,https://doi.org/10.1016/j.molcel.2007.09.022
39725033_ref33,39725033,33,Splicing modulators act at the branch point adenosine binding pocket defined by the PHF5A-SF3b complex,Nat. Commun.,2017,10.1038/ncomms15522,28541300,https://doi.org/10.1038/ncomms15522
39725033_ref34,39725033,34,Monitoring drug target engagement in cells and tissues using the cellular thermal shift assay,Science,2013,10.1126/science.1233606,23828940,https://doi.org/10.1126/science.1233606
39725033_ref35,39725033,35,The cellular thermal shift assay for evaluating drug target interactions in cells,Nat. Protoc.,2014,10.1038/nprot.2014.138,25101824,https://doi.org/10.1038/nprot.2014.138
39725033_ref36,39725033,36,Splicing of adenovirus RNA in a cell-free transcription system,Proc. Natl. Acad. Sci. U. S. A.,1983,10.1073/pnas.80.17.5230,6577417,https://doi.org/10.1073/pnas.80.17.5230
39725033_ref37,39725033,37,Proteomic discovery of chemical probes that perturb protein complexes in human cells,Mol. Cell,2023,10.1016/j.molcel.2023.03.026,37084731,https://doi.org/10.1016/j.molcel.2023.03.026
39725033_ref38,39725033,38,Excision of an intact intron as a novel lariat structure during pre-mRNA splicing in vitro,Cell,1984,10.1016/0092-8674(84)90553-1,6088074,https://doi.org/10.1016/0092-8674(84)90553-1
39725033_ref39,39725033,39,Coherence between cellular responses and in vitro splicing inhibition for the anti-tumor drug pladienolide B and its analogs,J. Biol. Chem.,2014,10.1074/jbc.M113.515536,24302718,https://doi.org/10.1074/jbc.M113.515536
39725033_ref40,39725033,40,Molecular basis of differential 3’ splice site sensitivity to anti-tumor drugs targeting U2 snRNP,Nat. Commun.,2017,10.1038/s41467-017-02007-z,29235465,https://doi.org/10.1038/s41467-017-02007-z
39725033_ref41,39725033,41,Small nuclear ribonucleoprotein(RNP)U2 contains numerous additional proteins and has a bipartite RNP structure under splicing conditions,Mol. Cell Biol.,1993,10.1128/mcb.13.1.307,8380223,https://doi.org/10.1128/mcb.13.1.307
39725033_ref42,39725033,42,Separation of splicing factor SF3 into two components and purification of SF3a activity,J. Biol. Chem.,1993,,8349644,
39725033_ref43,39725033,43,"An exon skipping screen identifies antitumor drugs that are potent modulators of pre-mRNA splicing, suggesting new therapeutic applications",PLoS One,2020,10.1371/journal.pone.0233672,32469945,https://doi.org/10.1371/journal.pone.0233672
39725033_ref44,39725033,44,"Characterization of novel SF3b and 17S U2 snRNP proteins, including a human Prp5p homologue and an SF3b DEAD-box protein",EMBO J.,2002,10.1093/emboj/cdf480,12234937,https://doi.org/10.1093/emboj/cdf480
39725033_ref45,39725033,45,Mechanisms of the RNA helicases DDX42 and DDX46 in human U2 snRNP assembly,Nat. Commun.,2023,10.1038/s41467-023-36489-x,36797247,https://doi.org/10.1038/s41467-023-36489-x
39725033_ref46,39725033,46,A stereoselective synthesis of(+)-herboxidiene/GEX1A,Org. Lett.,2011,10.1021/ol102549a,21126066,https://doi.org/10.1021/ol102549a
39725033_ref47,39725033,47,Enantioselective total synthesis of pladienolide B: a potent spliceosome inhibitor,Org. Lett.,2012,10.1021/ol301886g,22954141,https://doi.org/10.1021/ol301886g
39725033_ref48,39725033,48,Enantioselective syntheses of FR901464 and spliceostatin A: potent inhibitors of spliceosome,Org. Lett.,2013,10.1021/ol4024634,24050251,https://doi.org/10.1021/ol4024634
39725033_ref49,39725033,49,Design and synthesis of herboxidiene derivatives that potently inhibit in vitro splicing,Org. Biomol. Chem.,2021,10.1039/d0ob02532a,33480941,https://doi.org/10.1039/d0ob02532a
39725033_ref50,39725033,50,Accurate transcription initiation by RNA polymerase II in a soluble extract from isolated mammalian nuclei,Nucleic Acids Res.,1983,10.1093/nar/11.5.1475,6828386,https://doi.org/10.1093/nar/11.5.1475
39795912_ref1,39795912,1,Molecular chaperones in protein folding and proteostasis,Nature,2011,10.1038/nature10317,21776078,https://doi.org/10.1038/nature10317
39795912_ref2,39795912,2,Protein solubility and protein homeostasis: A generic view of protein misfolding disorders,Cold Spring Harb. Perspect. Biol.,2011,10.1101/cshperspect.a010454,21825020,https://doi.org/10.1101/cshperspect.a010454
39795912_ref3,39795912,3,A social distancing measure governing the whole proteome,Curr. Opin. Struct. Biol.,2021,10.1016/j.sbi.2020.10.014,33238232,https://doi.org/10.1016/j.sbi.2020.10.014
39795912_ref4,39795912,4,Kinetic partitioning of protein folding and aggregation,Nat. Struct. Biol.,2002,10.1038/nsb752,11799398,https://doi.org/10.1038/nsb752
39795912_ref5,39795912,5,Protein folding and aggregation in bacteria,Cell Mol. Life Sci.,2010,10.1007/s00018-010-0344-4,20358253,https://doi.org/10.1007/s00018-010-0344-4
39795912_ref6,39795912,6,Metastability of native proteins and the phenomenon of amyloid formation,J. Am. Chem. Soc.,2011,10.1021/ja2017703,21650202,https://doi.org/10.1021/ja2017703
39795912_ref7,39795912,7,Thermodynamic characterization of amyloid polymorphism by microfluidic transient incomplete separation,Chem. Sci.,2024,10.1039/D3SC05371G,38362440,https://doi.org/10.1039/D3SC05371G
39795912_ref8,39795912,8,Principles of protein folding in the cellular environment,Curr. Opin. Struct. Biol.,1999,10.1016/S0959-440X(99)80013-X,10047582,https://doi.org/10.1016/S0959-440X(99)80013-X
39795912_ref9,39795912,9,Folding of newly translated proteins in vivo: The role of molecular chaperones,Annu. Rev. Biochem.,2001,10.1146/annurev.biochem.70.1.603,11395418,https://doi.org/10.1146/annurev.biochem.70.1.603
39795912_ref10,39795912,10,Molecular chaperones in the cytosol: From nascent chain to folded protein,Science,2002,10.1126/science.1068408,11884745,https://doi.org/10.1126/science.1068408
39795912_ref11,39795912,11,The Hsp70 and Hsp60 chaperone machines,Cell,1998,10.1016/S0092-8674(00)80928-9,9476895,https://doi.org/10.1016/S0092-8674(00)80928-9
39795912_ref12,39795912,12,Adapting proteostasis for disease intervention,Science,2008,10.1126/science.1141448,18276881,https://doi.org/10.1126/science.1141448
39795912_ref13,39795912,13,Modulation of neurodegeneration by molecular chaperones,Nat. Rev. Neurosci.,2005,10.1038/nrn1587,15611723,https://doi.org/10.1038/nrn1587
39795912_ref14,39795912,14,Brain malformations and seizures by impaired chaperonin function of TRiC,Science,2024,10.1126/science.adp8721,39480921,https://doi.org/10.1126/science.adp8721
39795912_ref15,39795912,15,Proteome folding and aggregation,Curr. Opin. Struct. Biol.,2012,10.1016/j.sbi.2012.01.005,22317916,https://doi.org/10.1016/j.sbi.2012.01.005
39795912_ref16,39795912,16,"Protein Misfolding, Amyloid Formation, and Human Disease: A Summary of Progress Over the Last Decade",Annu. Rev. Biochem.,2017,10.1146/annurev-biochem-061516-045115,28498720,https://doi.org/10.1146/annurev-biochem-061516-045115
39795912_ref17,39795912,17,Mechanisms of protein-folding diseases at a glance,Dis. Model. Mech.,2014,10.1242/dmm.013474,24396149,https://doi.org/10.1242/dmm.013474
39795912_ref18,39795912,18,The amyloid state and its association with protein misfolding diseases,Nat. Rev. Mol. Cell Biol.,2014,10.1038/nrm3810,24854788,https://doi.org/10.1038/nrm3810
39795912_ref19,39795912,19,Protein Misfolding Diseases,Annu. Rev. Biochem.,2017,10.1146/annurev-biochem-061516-044518,28441058,https://doi.org/10.1146/annurev-biochem-061516-044518
39795912_ref20,39795912,20,Principles that govern the folding of protein chains,Science,1973,10.1126/science.181.4096.223,4124164,https://doi.org/10.1126/science.181.4096.223
39795912_ref21,39795912,21,The “Correctly Folded” state of proteins: Is it a metastable state?,Angew. Chem. Int. Ed. Engl.,2022,10.1002/1521-3773(20020118)41:2&#x0003c;257::AID-ANIE257&#x0003e;3.0.CO;2-M,12491403,https://doi.org/10.1002/1521-3773(20020118)41:2&#x0003c;257::AID-ANIE257&#x0003e;3.0.CO;2-M
39795912_ref22,39795912,22,Kinetic Trapping of Folded Proteins Relative to Aggregates under Physiologically Relevant Conditions,J. Phys. Chem. B,2018,10.1021/acs.jpcb.8b05360,30001623,https://doi.org/10.1021/acs.jpcb.8b05360
39795912_ref23,39795912,23,Breakdown of supersaturation barrier links protein folding to amyloid formation,Commun. Biol.,2021,10.1038/s42003-020-01641-6,33500517,https://doi.org/10.1038/s42003-020-01641-6
39795912_ref24,39795912,24,The activities of amyloids from a structural perspective,Nature,2016,10.1038/nature20416,27830791,https://doi.org/10.1038/nature20416
39795912_ref25,39795912,25,Protein thermodynamics: Are native proteins metastable?,Nat Chem.,2011,10.1038/nchem.1207,22109266,https://doi.org/10.1038/nchem.1207
39795912_ref26,39795912,26,Rationalization of the effects of mutations on peptide and protein aggregation rates,Nature,2003,10.1038/nature01891,12917692,https://doi.org/10.1038/nature01891
39795912_ref27,39795912,27,Protein aggregation–pathways and influencing factors,Int. J. Pharm.,2010,10.1016/j.ijpharm.2010.02.025,20188160,https://doi.org/10.1016/j.ijpharm.2010.02.025
39795912_ref28,39795912,28,Comparing the energy landscapes for native folding and aggregation of PrP,Prion,2016,10.1080/19336896.2016.1173297,27191683,https://doi.org/10.1080/19336896.2016.1173297
39795912_ref29,39795912,29,Mechanisms and pathology of protein misfolding and aggregation,Nat. Rev. Mol. Cell Biol.,2023,10.1038/s41580-023-00647-2,37684425,https://doi.org/10.1038/s41580-023-00647-2
39795912_ref30,39795912,30,A structural rationale for reversible vs irreversible amyloid fibril formation from a single protein,Nat. Commun.,2024,10.1038/s41467-024-52681-z,39349464,https://doi.org/10.1038/s41467-024-52681-z
39795912_ref31,39795912,31,A Simple Principle for Understanding the Combined Cellular Protein Folding and Aggregation,Curr. Protein Pept. Sci.,2020,10.2174/1389203720666190725114550,31345145,https://doi.org/10.2174/1389203720666190725114550
39795912_ref32,39795912,32,"A Conceptual Framework for Integrating Cellular Protein Folding, Misfolding and Aggregation",Life,2021,10.3390/life11070605,34202456,https://doi.org/10.3390/life11070605
39795912_ref33,39795912,33,"The effect of net charge on the solubility, activity, and stability of ribonuclease Sa",Protein Sci.,2001,10.1110/ps.440101,11369859,https://doi.org/10.1110/ps.440101
39795912_ref34,39795912,34,"The role of protein stability, solubility, and net charge in amyloid fibril formation",Protein Sci.,2003,10.1110/ps.03152903,14500896,https://doi.org/10.1110/ps.03152903
39795912_ref35,39795912,35,"Electrostatic Interactions in Protein Structure, Folding, Binding, and Condensation",Chem. Rev.,2018,10.1021/acs.chemrev.7b00305,29319301,https://doi.org/10.1021/acs.chemrev.7b00305
39795912_ref36,39795912,36,Colloidal stability of the living cell,Proc. Natl. Acad. Sci. USA,2020,10.1073/pnas.1914599117,32284426,https://doi.org/10.1073/pnas.1914599117
39795912_ref37,39795912,37,Colloidal stability of negatively charged cellulose nanocrystalline in aqueous systems,Carbohydr. Polym.,2012,10.1016/j.carbpol.2012.05.091,24751088,https://doi.org/10.1016/j.carbpol.2012.05.091
39795912_ref38,39795912,38,Folding without charges,Proc. Natl. Acad. Sci. USA,2012,10.1073/pnas.1118640109,22454493,https://doi.org/10.1073/pnas.1118640109
39795912_ref39,39795912,39,Protein structure and aggregation: A marriage of necessity ruled by aggregation gatekeepers,Trends Biochem. Sci.,2022,10.1016/j.tibs.2021.08.010,34561149,https://doi.org/10.1016/j.tibs.2021.08.010
39795912_ref40,39795912,40,Intrinsically disordered proteins and intrinsically disordered protein regions,Annu. Rev. Biochem.,2014,10.1146/annurev-biochem-072711-164947,24606139,https://doi.org/10.1146/annurev-biochem-072711-164947
39795912_ref41,39795912,41,The unfoldomics decade: An update on intrinsically disordered proteins,BMC Genomics,2008,10.1186/1471-2164-9-S2-S1,18831774,https://doi.org/10.1186/1471-2164-9-S2-S1
39795912_ref42,39795912,42,Unusual biophysics of intrinsically disordered proteins,Biochim. Biophys. Acta,2013,10.1016/j.bbapap.2012.12.008,23269364,https://doi.org/10.1016/j.bbapap.2012.12.008
39795912_ref43,39795912,43,RNA-mediated chaperone type for de novo protein folding,RNA Biol.,2009,10.4161/rna.6.1.7441,19106620,https://doi.org/10.4161/rna.6.1.7441
39795912_ref44,39795912,44,Chaperoning roles of macromolecules interacting with proteins in vivo,Int. J. Mol. Sci.,2011,10.3390/ijms12031979,21673934,https://doi.org/10.3390/ijms12031979
39795912_ref45,39795912,45,Protein folding in vivo revisited,Curr. Protein Pept. Sci.,2013,10.2174/138920371408131227170544,24384034,https://doi.org/10.2174/138920371408131227170544
39795912_ref46,39795912,46,Proteostasis impairment in protein-misfolding and-aggregation diseases,Trends Cell Biol.,2014,10.1016/j.tcb.2014.05.003,24946960,https://doi.org/10.1016/j.tcb.2014.05.003
39795912_ref47,39795912,47,"Protein aggregation: Folding aggregates, inclusion bodies and amyloid",Fold. Des.,1998,10.1016/S1359-0278(98)00002-9,9502314,https://doi.org/10.1016/S1359-0278(98)00002-9
39795912_ref48,39795912,48,Protein aggregation in disease: A role for folding intermediates forming specific multimeric interactions,J. Clin. Investig.,2002,10.1172/JCI0216781,12417558,https://doi.org/10.1172/JCI0216781
39795912_ref49,39795912,49,Influence of denatured and intermediate states of folding on protein aggregation,Protein Sci.,2005,10.1110/ps.041177505,15772307,https://doi.org/10.1110/ps.041177505
39795912_ref50,39795912,50,Folding versus aggregation: Polypeptide conformations on competing pathways,Arch. Biochem. Biophys.,2008,10.1016/j.abb.2007.05.015,17588526,https://doi.org/10.1016/j.abb.2007.05.015
39795912_ref51,39795912,51,Structure of an intermediate state in protein folding and aggregation,Science,2012,10.1126/science.1214203,22517863,https://doi.org/10.1126/science.1214203
39795912_ref52,39795912,52,Oxidative renaturation of lysozyme at high concentrations,Biotechnol. Bioeng.,1997,10.1002/(SICI)1097-0290(19970505)54:3&#x0003c;221::AID-BIT3&#x0003e;3.0.CO;2-H,18634088,https://doi.org/10.1002/(SICI)1097-0290(19970505)54:3&#x0003c;221::AID-BIT3&#x0003e;3.0.CO;2-H
39795912_ref53,39795912,53,Modeling and simulation of fed-batch protein refolding process,Biotechnol. Prog.,2004,10.1021/bp0499597,15296450,https://doi.org/10.1021/bp0499597
39795912_ref54,39795912,54,Folding and aggregation kinetics of a beta-hairpin,Biochemistry,2006,10.1021/bi052556a,16752893,https://doi.org/10.1021/bi052556a
39795912_ref55,39795912,55,Substrate specificity of the DnaK chaperone determined by screening cellulose-bound peptide libraries,EMBO J.,1997,10.1093/emboj/16.7.1501,9130695,https://doi.org/10.1093/emboj/16.7.1501
39795912_ref56,39795912,56,Chaperone-mediated protein folding,Physiol. Rev.,1999,10.1152/physrev.1999.79.2.425,10221986,https://doi.org/10.1152/physrev.1999.79.2.425
39795912_ref57,39795912,57,Supercharging proteins can impart unusual resilience,J. Am. Chem. Soc.,2007,10.1021/ja071641y,17665911,https://doi.org/10.1021/ja071641y
39795912_ref58,39795912,58,Perturbation of the stability of amyloid fibrils through alteration of electrostatic interactions,Biophys. J.,2011,10.1016/j.bpj.2011.04.039,21641324,https://doi.org/10.1016/j.bpj.2011.04.039
39795912_ref59,39795912,59,Implications of macromolecular crowding for protein assembly,Curr. Opin. Struct. Biol.,2000,10.1016/S0959-440X(99)00045-7,10679465,https://doi.org/10.1016/S0959-440X(99)00045-7
39795912_ref60,39795912,60,A Lumry-Eyring nucleated polymerization model of protein aggregation kinetics: 1. Aggregation with pre-equilibrated unfolding,J. Phys. Chem. B,2007,10.1021/jp070212j,17571872,https://doi.org/10.1021/jp070212j
39795912_ref61,39795912,61,Lumry-Eyring nucleated-polymerization model of protein aggregation kinetics. 2. Competing growth via condensation and chain polymerization,J. Phys. Chem. B,2009,10.1021/jp8083088,19368365,https://doi.org/10.1021/jp8083088
39795912_ref62,39795912,62,"Funnels, pathways, and the energy landscape of protein folding: A synthesis",Proteins,1995,10.1002/prot.340210302,7784423,https://doi.org/10.1002/prot.340210302
39795912_ref63,39795912,63,Frustration in the energy landscapes of multidomain protein misfolding,Proc. Natl. Acad. Sci. USA,2013,10.1073/pnas.1222130110,23319605,https://doi.org/10.1073/pnas.1222130110
39795912_ref64,39795912,64,Protein misfolding occurs by slow diffusion across multiple barriers in a rough energy landscape,Proc. Natl. Acad. Sci. USA,2015,10.1073/pnas.1419197112,26109573,https://doi.org/10.1073/pnas.1419197112
39795912_ref65,39795912,65,Bacterial Hsp70 resolves misfolded states and accelerates productive folding of a multi-domain protein,Nat. Commun.,2020,10.1038/s41467-019-14245-4,31953415,https://doi.org/10.1038/s41467-019-14245-4
39795912_ref66,39795912,66,Recent advances in understanding catalysis of protein folding by molecular chaperones,FEBS Lett.,2020,10.1002/1873-3468.13844,32446288,https://doi.org/10.1002/1873-3468.13844
39795912_ref67,39795912,67,Iterative annealing mechanism explains the functions of the GroEL and RNA chaperones,Protein Sci.,2020,10.1002/pro.3795,31800116,https://doi.org/10.1002/pro.3795
39795912_ref68,39795912,68,How do small single-domain proteins fold?,Fold Des.,1998,10.1016/S1359-0278(98)00033-9,9710577,https://doi.org/10.1016/S1359-0278(98)00033-9
39795912_ref69,39795912,69,Protein folding and misfolding,Nature,2003,10.1038/nature02261,14685248,https://doi.org/10.1038/nature02261
39795912_ref70,39795912,70,Thermodynamics and kinetics of aggregation for the GNNQQNY peptide,J. Am. Chem. Soc.,2007,10.1021/ja075346p,18052168,https://doi.org/10.1021/ja075346p
39795912_ref71,39795912,71,Structure of the cross-beta spine of amyloid-like fibrils,Nature,2005,10.1038/nature03680,15944695,https://doi.org/10.1038/nature03680
39795912_ref72,39795912,72,Transient aggregates in protein folding are easily mistaken for folding intermediates,Proc. Natl. Acad. Sci. USA,1997,10.1073/pnas.94.12.6084,9177173,https://doi.org/10.1073/pnas.94.12.6084
39795912_ref73,39795912,73,Chaperonin chamber accelerates protein folding through passive action of preventing aggregation,Proc. Natl. Acad. Sci. USA,2008,10.1073/pnas.0809794105,18987317,https://doi.org/10.1073/pnas.0809794105
39795912_ref74,39795912,74,From Kuru to Alzheimer: A personal outlook,Protein Sci.,2021,10.1002/pro.4145,34118168,https://doi.org/10.1002/pro.4145
39795912_ref75,39795912,75,Prion diseases and their biochemical mechanisms,Biochemistry,2009,10.1021/bi900108v,19239250,https://doi.org/10.1021/bi900108v
39795912_ref76,39795912,76,The stability of globular proteins,CRC Crit. Rev. Biochem.,1975,10.3109/10409237509102551,238787,https://doi.org/10.3109/10409237509102551
39795912_ref77,39795912,77,Polymorphism in the intermediates and products of amyloid assembly,Curr. Opin. Struct. Biol.,2007,10.1016/j.sbi.2007.01.007,17251001,https://doi.org/10.1016/j.sbi.2007.01.007
39795912_ref78,39795912,78,"Supersaturation, a Critical Factor Underlying Proteostasis of Amyloid Fibril Formation",J. Mol. Biol.,2024,10.1016/j.jmb.2024.168475,38311232,https://doi.org/10.1016/j.jmb.2024.168475
39795912_ref79,39795912,79,Global Protein Stabilization Does Not Suffice to Prevent Amyloid Fibril Formation,ACS Chem. Biol.,2018,10.1021/acschembio.8b00607,29966079,https://doi.org/10.1021/acschembio.8b00607
39795912_ref80,39795912,80,Proteins: Molecules defined by their trade-offs,Curr. Opin. Struct. Biol.,2020,10.1016/j.sbi.2019.11.005,31816559,https://doi.org/10.1016/j.sbi.2019.11.005
39795912_ref81,39795912,81,Studies on the reduction and re-formation of protein disulfide bonds,J. Biol. Chem.,1961,10.1016/S0021-9258(18)64177-8,13683523,https://doi.org/10.1016/S0021-9258(18)64177-8
39795912_ref82,39795912,82,Chaperone-assisted protein folding: The path to discovery from a personal perspective,Nat. Med.,2011,10.1038/nm.2467,21989011,https://doi.org/10.1038/nm.2467
39795912_ref83,39795912,83,The GroEL-GroES Chaperonin Machine: A Nano-Cage for Protein Folding,Trends Biochem. Sci.,2016,10.1016/j.tibs.2015.07.009,26422689,https://doi.org/10.1016/j.tibs.2015.07.009
39795912_ref84,39795912,84,GroEL/ES chaperonin modulates the mechanism and accelerates the rate of TIM-barrel domain folding,Cell,2014,10.1016/j.cell.2014.03.038,24813614,https://doi.org/10.1016/j.cell.2014.03.038
39795912_ref85,39795912,85,Efficient Catalysis of Protein Folding by GroEL/ES of the Obligate Chaperonin Substrate MetF,J. Mol. Biol.,2020,10.1016/j.jmb.2020.02.031,32135190,https://doi.org/10.1016/j.jmb.2020.02.031
39795912_ref86,39795912,86,Folding of barnase in the presence of the molecular chaperone SecB,J. Mol. Biol.,1997,10.1006/jmbi.1997.1398,9398532,https://doi.org/10.1006/jmbi.1997.1398
39795912_ref87,39795912,87,Refolding kinetics of staphylococcal nuclease and its mutants in the presence of the chaperonin GroEL,J. Mol. Biol.,1998,10.1006/jmbi.1998.1630,9533891,https://doi.org/10.1006/jmbi.1998.1630
39795912_ref88,39795912,88,Function of trigger factor and DnaK in multidomain protein folding: Increase in yield at the expense of folding speed,Cell,2004,10.1016/S0092-8674(04)00299-5,15084258,https://doi.org/10.1016/S0092-8674(04)00299-5
39795912_ref89,39795912,89,The mechanism of GroEL/GroES folding/refolding of protein substrates revisited,Org. Biomol. Chem.,2006,10.1039/b517879g,16557310,https://doi.org/10.1039/b517879g
39795912_ref90,39795912,90,"Strict experimental evidence that apo-chaperonin GroEL does not accelerate protein folding, although it does accelerate one of its steps",Proc. Natl. Acad. Sci. USA,2015,10.1073/pnas.1517712112,26604318,https://doi.org/10.1073/pnas.1517712112
39795912_ref91,39795912,91,Substrate protein folds while it is bound to the ATP-independent chaperone Spy,Nat. Struct. Mol. Biol.,2016,10.1038/nsmb.3133,26619265,https://doi.org/10.1038/nsmb.3133
39795912_ref92,39795912,92,Structural basis for the antifolding activity of a molecular chaperone,Nature,2016,10.1038/nature18965,27501151,https://doi.org/10.1038/nature18965
39795912_ref93,39795912,93,Measuring protein stability in the GroEL chaperonin cage reveals massive destabilization,eLife,2020,10.7554/eLife.56511,32716842,https://doi.org/10.7554/eLife.56511
39795912_ref94,39795912,94,Redefining Molecular Chaperones as Chaotropes,Front. Mol. Biosci.,2021,10.3389/fmolb.2021.683132,34195228,https://doi.org/10.3389/fmolb.2021.683132
39795912_ref95,39795912,95,Experimental Milestones in the Discovery of Molecular Chaperones as Polypeptide Unfolding Enzymes,Annu. Rev. Biochem.,2016,10.1146/annurev-biochem-060815-014124,27050154,https://doi.org/10.1146/annurev-biochem-060815-014124
39795912_ref96,39795912,96,Molecular chaperones in protein folding: The art of avoiding sticky situations,Trends Biochem. Sci.,1994,10.1016/0968-0004(94)90169-4,7908149,https://doi.org/10.1016/0968-0004(94)90169-4
39795912_ref97,39795912,97,Multistep mechanism of substrate binding determines chaperone activity of Hsp70,Nat. Struct. Biol.,2000,10.1038/76819,10876246,https://doi.org/10.1038/76819
39795912_ref98,39795912,98,The GroEL/GroES cis cavity as a passive anti-aggregation device,FEBS Lett.,2009,10.1016/j.febslet.2009.06.049,19577567,https://doi.org/10.1016/j.febslet.2009.06.049
39795912_ref99,39795912,99,Structure and function of the molecular chaperone Trigger Factor,Biochim. Biophys. Acta,2010,10.1016/j.bbamcr.2010.01.017,20132842,https://doi.org/10.1016/j.bbamcr.2010.01.017
39795912_ref100,39795912,100,Molecular chaperones are nanomachines that catalytically unfold misfolded and alternatively folded proteins,Cell Mol. Life Sci.,2014,10.1007/s00018-014-1627-y,24760129,https://doi.org/10.1007/s00018-014-1627-y
39795912_ref101,39795912,101,Structural and Kinetic Views of Molecular Chaperones in Multidomain Protein Folding,Int. J. Mol. Sci.,2022,10.3390/ijms23052485,35269628,https://doi.org/10.3390/ijms23052485
39795912_ref102,39795912,102,"Roles of Nucleic Acids in Protein Folding, Aggregation, and Disease",ACS Chem. Biol.,2024,10.1021/acschembio.3c00695,38477936,https://doi.org/10.1021/acschembio.3c00695
39795912_ref103,39795912,103,G-Quadruplexes act as sequence-dependent protein chaperones,EMBO Rep.,2020,10.15252/embr.201949735,32945124,https://doi.org/10.15252/embr.201949735
39795912_ref104,39795912,104,Trigger factor both holds and folds its client proteins,Nat. Commun.,2022,10.1038/s41467-022-31767-6,35840586,https://doi.org/10.1038/s41467-022-31767-6
39795912_ref105,39795912,105,G-quadruplexes rescuing protein folding,Proc. Natl. Acad. Sci. USA,2023,10.1073/pnas.2216308120,37155907,https://doi.org/10.1073/pnas.2216308120
39795912_ref106,39795912,106,Folding or holding? Hsp70 and Hsp90 chaperoning of misfolded proteins in neurodegenerative disease,J. Biol. Chem.,2022,10.1016/j.jbc.2022.101905,35398094,https://doi.org/10.1016/j.jbc.2022.101905
39795912_ref107,39795912,107,Molecular chaperones. Opening and closing the Anfinsen cage,Curr. Biol.,1994,10.1016/S0960-9822(00)00140-8,7953542,https://doi.org/10.1016/S0960-9822(00)00140-8
39795912_ref108,39795912,108,The general concept of molecular chaperones,Philos. Trans. R. Soc. Lond. B Biol. Sci.,1993,10.1098/rstb.1993.0023,8098529,https://doi.org/10.1098/rstb.1993.0023
39795912_ref109,39795912,109,Role of the ribosome in protein folding,Biotechnol. J.,2008,10.1002/biot.200800098,18702035,https://doi.org/10.1002/biot.200800098
39795912_ref110,39795912,110,Structural insights from lipid-bilayer nanodiscs link alpha-Synuclein membrane-binding modes to amyloid fibril formation,Commun. Biol.,2018,10.1038/s42003-018-0049-z,30271927,https://doi.org/10.1038/s42003-018-0049-z
39795912_ref111,39795912,111,Chaperone-like activity of tubulin,J. Biol. Chem.,1998,10.1074/jbc.273.46.30077,9804759,https://doi.org/10.1074/jbc.273.46.30077
39795912_ref112,39795912,112,Protein solubility and folding enhancement by interaction with RNA,PLoS ONE,2008,10.1371/journal.pone.0002677,18628952,https://doi.org/10.1371/journal.pone.0002677
39795912_ref113,39795912,113,DNA Facilitates Oligomerization and Prevents Aggregation via DNA Networks,Biophys. J.,2020,10.1016/j.bpj.2019.11.022,31839258,https://doi.org/10.1016/j.bpj.2019.11.022
39795912_ref114,39795912,114,Chaperone-like activity of alpha-cyclodextrin via hydrophobic nanocavity to protect native structure of ADH,Carbohydr. Res.,2010,10.1016/j.carres.2009.11.008,19963209,https://doi.org/10.1016/j.carres.2009.11.008
39795912_ref115,39795912,115,"Inorganic polyphosphate, a multifunctional polyanionic protein scaffold",J. Biol. Chem.,2019,10.1074/jbc.REV118.002808,30425096,https://doi.org/10.1074/jbc.REV118.002808
39795912_ref116,39795912,116,Estimating the size of the human interactome,Proc. Natl. Acad. Sci. USA,2008,10.1073/pnas.0708078105,18474861,https://doi.org/10.1073/pnas.0708078105
39795912_ref117,39795912,117,Native mass spectrometry: A bridge between interactomics and structural biology,Nat. Methods,2008,10.1038/nmeth.1265,18974734,https://doi.org/10.1038/nmeth.1265
39795912_ref118,39795912,118,A proteome-scale map of the human interactome network,Cell,2014,10.1016/j.cell.2014.10.050,25416956,https://doi.org/10.1016/j.cell.2014.10.050
39795912_ref119,39795912,119,A reference map of the human binary protein interactome,Nature,2020,10.1038/s41586-020-2188-x,32296183,https://doi.org/10.1038/s41586-020-2188-x
39795912_ref120,39795912,120,A brave new world of RNA-binding proteins,Nat. Rev. Mol. Cell Biol.,2018,10.1038/nrm.2017.130,29339797,https://doi.org/10.1038/nrm.2017.130
39795912_ref121,39795912,121,Ligand binding to proteins: The binding landscape model,Protein Sci.,1997,10.1002/pro.5560061011,9336839,https://doi.org/10.1002/pro.5560061011
39795912_ref122,39795912,122,Induced folding in RNA-protein recognition: More than a simple molecular handshake,Cell,1998,10.1016/S0092-8674(00)80908-3,9458038,https://doi.org/10.1016/S0092-8674(00)80908-3
39795912_ref123,39795912,123,Folding and binding cascades: Dynamic landscapes and population shifts,Protein Sci.,2000,10.1110/ps.9.1.10,10739242,https://doi.org/10.1110/ps.9.1.10
39795912_ref124,39795912,124,Role of cofactors in protein folding,Acc. Chem. Res.,2002,10.1021/ar010106e,11955048,https://doi.org/10.1021/ar010106e
39795912_ref125,39795912,125,Ligand effects on protein thermodynamic stability,Biophys. Chem.,2007,10.1016/j.bpc.2006.05.021,16781051,https://doi.org/10.1016/j.bpc.2006.05.021
39795912_ref126,39795912,126,Macromolecular crowding: Obvious but underappreciated,Trends Biochem. Sci.,2001,10.1016/S0968-0004(01)01938-7,11590012,https://doi.org/10.1016/S0968-0004(01)01938-7
39795912_ref127,39795912,127,Physicochemical code for quinary protein interactions in Escherichia coli,Proc. Natl. Acad. Sci. USA,2017,10.1073/pnas.1621227114,28536196,https://doi.org/10.1073/pnas.1621227114
39795912_ref128,39795912,128,Macromolecular Crowding Is More than Hard-Core Repulsions,Annu. Rev. Biophys.,2022,10.1146/annurev-biophys-091321-071829,35239418,https://doi.org/10.1146/annurev-biophys-091321-071829
39795912_ref129,39795912,129,Macromolecule-assisted de novo protein folding,Int. J. Mol. Sci.,2012,10.3390/ijms130810368,22949867,https://doi.org/10.3390/ijms130810368
39795912_ref130,39795912,130,Proteomics. Tissue-based map of the human proteome,Science,2015,10.1126/science.1260419,25613900,https://doi.org/10.1126/science.1260419
39795912_ref131,39795912,131,Evolution of the protein repertoire,Science,2003,10.1126/science.1085371,12805536,https://doi.org/10.1126/science.1085371
39795912_ref132,39795912,132,Ubiquitin modifications,Cell Res.,2016,10.1038/cr.2016.39,27012465,https://doi.org/10.1038/cr.2016.39
39795912_ref133,39795912,133,Concepts in sumoylation: A decade on,Nat. Rev. Mol. Cell Biol.,2007,10.1038/nrm2293,18000527,https://doi.org/10.1038/nrm2293
39795912_ref134,39795912,134,The use of mass spectrometry for the proteomic analysis of glycosylation,Proteomics,2006,10.1002/pmic.200600129,16786490,https://doi.org/10.1002/pmic.200600129
39795912_ref135,39795912,135,Speculations on the functions of the major heat shock and glucose-regulated proteins,Cell,1986,10.1016/0092-8674(86)90693-8,2944601,https://doi.org/10.1016/0092-8674(86)90693-8
39795912_ref136,39795912,136,Ribosome-tethered molecular chaperones: The first line of defense against protein misfolding?,Curr. Opin. Microbiol.,2003,10.1016/S1369-5274(03)00030-4,12732306,https://doi.org/10.1016/S1369-5274(03)00030-4
39795912_ref137,39795912,137,A cradle for new proteins: Trigger factor at the ribosome,Curr. Opin. Struct. Biol.,2005,10.1016/j.sbi.2005.03.005,15837180,https://doi.org/10.1016/j.sbi.2005.03.005
39795912_ref138,39795912,138,Ribosome display of mammalian receptor domains,Protein Eng. Des. Sel.,2005,10.1093/protein/gzi030,15932906,https://doi.org/10.1093/protein/gzi030
39795912_ref139,39795912,139,Soluble expression of aggregating proteins by covalent coupling to the ribosome,Biochem. Biophys. Res. Commun.,2004,10.1016/j.bbrc.2004.05.081,15184041,https://doi.org/10.1016/j.bbrc.2004.05.081
39795912_ref140,39795912,140,The native 3D organization of bacterial polysomes,Cell,2009,10.1016/j.cell.2008.11.016,19167328,https://doi.org/10.1016/j.cell.2008.11.016
39795912_ref141,39795912,141,Folding pathway of an Ig domain is conserved on and off the ribosome,Proc. Natl. Acad. Sci. USA,2018,10.1073/pnas.1810523115,30413621,https://doi.org/10.1073/pnas.1810523115
39795912_ref142,39795912,142,Quantitative determination of ribosome nascent chain stability,Proc. Natl. Acad. Sci. USA,2016,10.1073/pnas.1610272113,27821780,https://doi.org/10.1073/pnas.1610272113
39795912_ref143,39795912,143,The folding and unfolding behavior of ribonuclease H on the ribosome,J. Biol. Chem.,2020,10.1074/jbc.RA120.013909,32527724,https://doi.org/10.1074/jbc.RA120.013909
39795912_ref144,39795912,144,Enhancement of soluble protein expression through the use of fusion tags,Curr. Opin. Biotechnol.,2006,10.1016/j.copbio.2006.06.003,16781139,https://doi.org/10.1016/j.copbio.2006.06.003
39795912_ref145,39795912,145,Escherichia coli maltose-binding protein is uncommonly effective at promoting the solubility of polypeptides to which it is fused,Protein Sci.,1999,10.1110/ps.8.8.1668,10452611,https://doi.org/10.1110/ps.8.8.1668
39795912_ref146,39795912,146,Polyionic Tags as Enhancers of Protein Solubility in Recombinant Protein Expression,Microorganisms,2018,10.3390/microorganisms6020047,29882886,https://doi.org/10.3390/microorganisms6020047
39795912_ref147,39795912,147,Single-step purification of polypeptides expressed in Escherichia coli as fusions with glutathione S-transferase,Gene,1988,10.1016/0378-1119(88)90005-4,3047011,https://doi.org/10.1016/0378-1119(88)90005-4
39795912_ref148,39795912,148,Protein expression using ubiquitin fusion and cleavage,Curr. Opin. Biotechnol.,1996,10.1016/S0958-1669(96)80059-0,8939629,https://doi.org/10.1016/S0958-1669(96)80059-0
39795912_ref149,39795912,149,SUMO fusion technology for difficult-to-express proteins,Protein Expr. Purif.,2005,10.1016/j.pep.2005.03.016,16084395,https://doi.org/10.1016/j.pep.2005.03.016
39795912_ref150,39795912,150,Sweeping away protein aggregation with entropic bristles: Intrinsically disordered protein fusions enhance soluble expression,Biochemistry,2012,10.1021/bi300653m,22924672,https://doi.org/10.1021/bi300653m
39795912_ref151,39795912,151,Efficient protein production inspired by how spiders make silk,Nat. Commun.,2017,10.1038/ncomms15504,28534479,https://doi.org/10.1038/ncomms15504
39795912_ref152,39795912,152,Escherichia coli maltose-binding protein as a molecular chaperone for recombinant intracellular cytoplasmic single-chain antibodies,J. Mol. Biol.,2001,10.1006/jmbi.2001.4914,11545587,https://doi.org/10.1006/jmbi.2001.4914
39795912_ref153,39795912,153,High yield expression of catalytically active USP18(UBP43)using a Trigger Factor fusion system,BMC Biotechnol.,2012,10.1186/1472-6750-12-56,22916876,https://doi.org/10.1186/1472-6750-12-56
39795912_ref154,39795912,154,Heat-shock protein fusion vectors for improved expression of soluble recombinant proteins in Escherichia coli,Methods Mol. Biol.,2012,10.1007/978-1-61779-433-9_5,22160895,https://doi.org/10.1007/978-1-61779-433-9_5
39795912_ref155,39795912,155,Fusing an insoluble protein to GroEL apical domain enhances soluble expression in Escherichia coli,Methods Enzymol.,2021,10.1016/bs.mie.2021.09.002,34752284,https://doi.org/10.1016/bs.mie.2021.09.002
39795912_ref156,39795912,156,Conversion of the molecular chaperone Spy into a novel fusion tag to enhance recombinant protein expression,J. Biotechnol.,2020,10.1016/j.jbiotec.2019.11.006,31705934,https://doi.org/10.1016/j.jbiotec.2019.11.006
39795912_ref157,39795912,157,N-terminal domains of native multidomain proteins have the potential to assist de novo folding of their downstream domains in vivo by acting as solubility enhancers,Protein Sci.,2007,10.1110/ps.062330907,17384228,https://doi.org/10.1110/ps.062330907
39795912_ref158,39795912,158,The folding pathway of a single domain in a multidomain protein is not affected by its neighbouring domain,J. Mol. Biol.,2008,10.1016/j.jmb.2008.02.032,18371978,https://doi.org/10.1016/j.jmb.2008.02.032
39795912_ref159,39795912,159,Conversion of a soluble protein into a potent chaperone in vivo,Sci. Rep.,2019,10.1038/s41598-019-46941-y,30804538,https://doi.org/10.1038/s41598-019-46941-y
39795912_ref160,39795912,160,The protein folding problem,Annu. Rev. Biophys.,2008,10.1146/annurev.biophys.37.092707.153558,18573083,https://doi.org/10.1146/annurev.biophys.37.092707.153558
39795912_ref161,39795912,161,Highly accurate protein structure prediction with AlphaFold,Nature,2021,10.1038/s41586-021-03819-2,34265844,https://doi.org/10.1038/s41586-021-03819-2
39795912_ref162,39795912,162,Accurate prediction of protein structures and interactions using a three-track neural network,Science,2021,10.1126/science.abj8754,34282049,https://doi.org/10.1126/science.abj8754
39795912_ref163,39795912,163,A new era for understanding amyloid structures and disease,Nat. Rev. Mol. Cell Biol.,2018,10.1038/s41580-018-0060-8,30237470,https://doi.org/10.1038/s41580-018-0060-8
39795912_ref164,39795912,164,Molecular basis for amyloid fibril formation and stability,Proc. Natl. Acad. Sci. USA,2005,10.1073/pnas.0406847102,15630094,https://doi.org/10.1073/pnas.0406847102
39795912_ref165,39795912,165,Kinetics and thermodynamics of amyloid fibril assembly,Acc. Chem. Res.,2006,10.1021/ar050069h,16981684,https://doi.org/10.1021/ar050069h
39795912_ref166,39795912,166,Colloidal Stability of Polymer Colloids with Different Interfacial Properties: Mechanisms,J. Colloid. Interface Sci.,1996,10.1006/jcis.1996.0619,8954662,https://doi.org/10.1006/jcis.1996.0619
39795912_ref167,39795912,167,Nanoparticle colloidal stability in cell culture media and impact on cellular interactions,Chem. Soc. Rev.,2015,10.1039/C4CS00487F,26056687,https://doi.org/10.1039/C4CS00487F
39795912_ref168,39795912,168,Protein folding—Seeing is deceiving,Protein Sci.,2021,10.1002/pro.4096,33938055,https://doi.org/10.1002/pro.4096
39795912_ref169,39795912,169,The folding of single domain proteins—Have we reached a consensus?,Curr. Opin. Struct. Biol.,2011,10.1016/j.sbi.2010.11.002,21144739,https://doi.org/10.1016/j.sbi.2010.11.002
39795912_ref170,39795912,170,Dominant forces in protein folding,Biochemistry,1990,10.1021/bi00483a001,2207096,https://doi.org/10.1021/bi00483a001
39795912_ref171,39795912,171,A backbone-based theory of protein folding,Proc. Natl. Acad. Sci. USA,2006,10.1073/pnas.0606843103,17075053,https://doi.org/10.1073/pnas.0606843103
39795912_ref172,39795912,172,Reframing the Protein Folding Problem: Entropy as Organizer,Biochemistry,2021,10.1021/acs.biochem.1c00687,34855369,https://doi.org/10.1021/acs.biochem.1c00687
39795912_ref173,39795912,173,Global structural motions from the strain of a single hydrogen bond,Proc. Natl. Acad. Sci. USA,2013,10.1073/pnas.1217306110,23431167,https://doi.org/10.1073/pnas.1217306110
39795912_ref174,39795912,174,Stability of “salt bridges” in membrane proteins,Proc. Natl. Acad. Sci. USA,1984,10.1073/pnas.81.17.5412,6591197,https://doi.org/10.1073/pnas.81.17.5412
39795912_ref175,39795912,175,Electrostatic interactions in membranes and proteins,Annu. Rev. Biophys. Biophys. Chem.,1986,10.1146/annurev.bb.15.060186.001115,2424473,https://doi.org/10.1146/annurev.bb.15.060186.001115
39795912_ref176,39795912,176,Stereochemistry of polypeptide chain configurations,J. Mol. Biol.,1963,10.1016/S0022-2836(63)80023-6,13990617,https://doi.org/10.1016/S0022-2836(63)80023-6
39795912_ref177,39795912,177,New fusion protein systems designed to give soluble expression in Escherichia coli,Biotechnol. Bioeng.,1999,10.1002/(SICI)1097-0290(19991120)65:4&#x0003c;382::AID-BIT2&#x0003e;3.0.CO;2-I,10506413,https://doi.org/10.1002/(SICI)1097-0290(19991120)65:4&#x0003c;382::AID-BIT2&#x0003e;3.0.CO;2-I
39795912_ref178,39795912,178,Protein aggregation during overexpression limited by peptide extensions with large net negative charge,Protein Expr. Purif.,2004,10.1016/j.pep.2004.04.020,15249042,https://doi.org/10.1016/j.pep.2004.04.020
39795912_ref179,39795912,179,The acidity of protein fusion partners predominantly determines the efficacy to improve the solubility of the target proteins expressed in Escherichia coli,J. Biotechnol.,2007,10.1016/j.jbiotec.2007.01.015,17374413,https://doi.org/10.1016/j.jbiotec.2007.01.015
39795912_ref180,39795912,180,Hyper-acidic protein fusion partners improve solubility and assist correct folding of recombinant proteins expressed in Escherichia coli,J. Biotechnol.,2008,10.1016/j.jbiotec.2008.05.007,18599143,https://doi.org/10.1016/j.jbiotec.2008.05.007
39795912_ref181,39795912,181,"Fusion tags for protein solubility, purification and immunogenicity in Escherichia coli: The novel Fh8 system",Front. Microbiol.,2014,10.3389/fmicb.2014.00063,24600443,https://doi.org/10.3389/fmicb.2014.00063
39795912_ref182,39795912,182,Specific aggregation of partially folded polypeptide chains: The molecular basis of inclusion body composition,Nat. Biotechnol.,1996,10.1038/nbt1096-1283,9631094,https://doi.org/10.1038/nbt1096-1283
39795912_ref183,39795912,183,Specificity in intracellular protein aggregation and inclusion body formation,Proc. Natl. Acad. Sci. USA,2001,10.1073/pnas.181479798,11687604,https://doi.org/10.1073/pnas.181479798
39795912_ref184,39795912,184,Assessment of substrate-stabilizing factors for DnaK on the folding of aggregation-prone proteins,Biochem. Biophys. Res. Commun.,2008,10.1016/j.bbrc.2008.05.186,18555007,https://doi.org/10.1016/j.bbrc.2008.05.186
39795912_ref185,39795912,185,"RNA-dependent proteome solubility maintenance in Escherichia coli lysates analysed by quantitative mass spectrometry: Proteomic characterization in terms of isoelectric point, structural disorder, functional hub, and chaperone network",RNA Biol.,2024,10.1080/15476286.2024.2315383,38361426,https://doi.org/10.1080/15476286.2024.2315383
39795912_ref186,39795912,186,N-terminal protein tails act as aggregation protective entropic bristles: The SUMO case,Biomacromolecules,2014,10.1021/bm401776z,24564702,https://doi.org/10.1021/bm401776z
39795912_ref187,39795912,187,Charge-rich regions modulate the anti-aggregation activity of Hsp90,J. Mol. Biol.,2010,10.1016/j.jmb.2010.06.066,20615417,https://doi.org/10.1016/j.jmb.2010.06.066
39795912_ref188,39795912,188,DAXX represents a new type of protein-folding enabler,Nature,2021,10.1038/s41586-021-03824-5,34408321,https://doi.org/10.1038/s41586-021-03824-5
39795912_ref189,39795912,189,Hsp70 chaperones accelerate protein translocation and the unfolding of stable protein aggregates by entropic pulling,Proc. Natl. Acad. Sci. USA,2006,10.1073/pnas.0510496103,16606842,https://doi.org/10.1073/pnas.0510496103
39795912_ref190,39795912,190,Single-molecule spectroscopy reveals chaperone-mediated expansion of substrate protein,Proc. Natl. Acad. Sci. USA,2014,10.1073/pnas.1407086111,25165400,https://doi.org/10.1073/pnas.1407086111
39795912_ref191,39795912,191,Calorimetric observation of a GroEL-protein binding reaction with little contribution of hydrophobic interaction,J. Biol. Chem.,1997,10.1074/jbc.272.51.32158,9405415,https://doi.org/10.1074/jbc.272.51.32158
39795912_ref192,39795912,192,The structural basis of substrate recognition by the eukaryotic chaperonin TRiC/CCT,Cell,2014,10.1016/j.cell.2014.10.042,25416944,https://doi.org/10.1016/j.cell.2014.10.042
39795912_ref193,39795912,193,Forces Driving Chaperone Action,Cell,2016,10.1016/j.cell.2016.05.054,27293188,https://doi.org/10.1016/j.cell.2016.05.054
39795912_ref194,39795912,194,Folding while bound to chaperones,Curr. Opin. Struct. Biol.,2018,10.1016/j.sbi.2017.06.009,28734135,https://doi.org/10.1016/j.sbi.2017.06.009
39795912_ref195,39795912,195,"Calnexin and calreticulin promote folding, delay oligomerization and suppress degradation of influenza hemagglutinin in microsomes",EMBO J.,1996,10.1002/j.1460-2075.1996.tb00659.x,8670797,https://doi.org/10.1002/j.1460-2075.1996.tb00659.x
39795912_ref196,39795912,196,The metastable states of proteins,Protein Sci.,2020,10.1002/pro.3859,32223005,https://doi.org/10.1002/pro.3859
39795912_ref197,39795912,197,Conformational stability of amyloid fibrils of beta2-microglobulin probed by guanidine-hydrochloride-induced unfolding,FEBS Lett.,2004,10.1016/j.febslet.2004.09.024,15498554,https://doi.org/10.1016/j.febslet.2004.09.024
39795912_ref198,39795912,198,Supersaturation is a major driving force for protein aggregation in neurodegenerative diseases,Trends Pharmacol. Sci.,2015,10.1016/j.tips.2014.12.004,25636813,https://doi.org/10.1016/j.tips.2014.12.004
39795912_ref199,39795912,199,"Crystallization of molecular systems from solution: Phase diagrams, supersaturation and other basic concepts",Chem. Soc. Rev.,2014,10.1039/C3CS60359H,24457270,https://doi.org/10.1039/C3CS60359H
39795912_ref200,39795912,200,Life on the edge: A link between gene expression levels and aggregation rates of human proteins,Trends Biochem. Sci.,2007,10.1016/j.tibs.2007.03.005,17419062,https://doi.org/10.1016/j.tibs.2007.03.005
39795912_ref201,39795912,201,Proteome-wide observation of the phenomenon of life on the edge of solubility,Proc. Natl. Acad. Sci. USA,2020,10.1073/pnas.1910444117,31892536,https://doi.org/10.1073/pnas.1910444117
39795912_ref202,39795912,202,Interplay of Proteostasis Capacity and Protein Aggregation: Implications for Cellular Function and Disease,J. Mol. Biol.,2024,10.1016/j.jmb.2024.168615,38759929,https://doi.org/10.1016/j.jmb.2024.168615
39795912_ref203,39795912,203,The unhappy chaperone,QRB Discov.,2021,10.1017/qrd.2021.5,37529680,https://doi.org/10.1017/qrd.2021.5
39795912_ref204,39795912,204,Disordered flanks prevent peptide aggregation,PLoS Comput. Biol.,2008,10.1371/journal.pcbi.1000241,19096500,https://doi.org/10.1371/journal.pcbi.1000241
39795912_ref205,39795912,205,Flanking domain stability modulates the aggregation kinetics of a polyglutamine disease protein,Protein Sci.,2011,10.1002/pro.698,21780213,https://doi.org/10.1002/pro.698
39795912_ref206,39795912,206,Unmasking the roles of N-and C-terminal flanking sequences from exon 1 of huntingtin as modulators of polyglutamine aggregation,Proc. Natl. Acad. Sci. USA,2013,10.1073/pnas.1320626110,24282292,https://doi.org/10.1073/pnas.1320626110
39795912_ref207,39795912,207,Modulation of the aggregation of an amyloidogenic sequence by flanking-disordered region in the intrinsically disordered antigen merozoite surface protein 2,Eur. Biophys. J.,2019,10.1007/s00249-018-1337-8,30443712,https://doi.org/10.1007/s00249-018-1337-8
39795912_ref208,39795912,208,Looking Beyond the Core: The Role of Flanking Regions in the Aggregation of Amyloidogenic Peptides and Proteins,Front. Neurosci.,2020,10.3389/fnins.2020.611285,33335475,https://doi.org/10.3389/fnins.2020.611285
39795912_ref209,39795912,209,"Flanking regions, amyloid cores, and polymorphism: The potential interplay underlying structural diversity",J. Biol. Chem.,2023,10.1016/j.jbc.2023.105122,37536631,https://doi.org/10.1016/j.jbc.2023.105122
39795912_ref210,39795912,210,Small heat-shock proteins interact with a flanking domain to suppress polyglutamine aggregation,Proc. Natl. Acad. Sci. USA,2010,10.1073/pnas.0914773107,20484674,https://doi.org/10.1073/pnas.0914773107
39795912_ref211,39795912,211,The comprehensive native interactome of a fully functional tagged prion protein,PLoS ONE,2009,10.1371/journal.pone.0004446,19209230,https://doi.org/10.1371/journal.pone.0004446
39795912_ref212,39795912,212,Network organization of the huntingtin proteomic interactome in mammalian brain,Neuron,2012,10.1016/j.neuron.2012.05.024,22794259,https://doi.org/10.1016/j.neuron.2012.05.024
39795912_ref213,39795912,213,Comparative interactomics analysis of different ALS-associated proteins identifies converging molecular pathways,Acta Neuropathol.,2016,10.1007/s00401-016-1575-8,27164932,https://doi.org/10.1007/s00401-016-1575-8
39795912_ref214,39795912,214,Tau interactome maps synaptic and mitochondrial processes associated with neurodegeneration,Cell,2022,10.1016/j.cell.2021.12.041,35063084,https://doi.org/10.1016/j.cell.2021.12.041
39795912_ref215,39795912,215,Systematic identification of structure-specific protein-protein interactions,Mol. Syst. Biol.,2024,10.1038/s44320-024-00037-6,38702390,https://doi.org/10.1038/s44320-024-00037-6
39795912_ref216,39795912,216,Membrane-associated forms of the beta A4 amyloid protein precursor of Alzheimer’s disease in human platelet and brain: Surface expression on the activated human platelet,Blood,1994,10.1182/blood.V84.1.133.133,8018913,https://doi.org/10.1182/blood.V84.1.133.133
39795912_ref217,39795912,217,The in vivo brain interactome of the amyloid precursor protein,Mol. Cell Proteom.,2008,10.1074/mcp.M700077-MCP200,17934213,https://doi.org/10.1074/mcp.M700077-MCP200
39795912_ref218,39795912,218,"The Alzheimer’s amyloid beta-peptide(Abeta)binds a specific DNA Abeta-interacting domain(AbetaID)in the APP, BACE1, and APOE promoters in a sequence-specific manner: Characterizing a new regulatory motif",Gene,2011,10.1016/j.gene.2011.06.004,21699964,https://doi.org/10.1016/j.gene.2011.06.004
39795912_ref219,39795912,219,Harnessing chaperones to generate small-molecule inhibitors of amyloid beta aggregation,Science,2004,10.1126/science.1101262,15514157,https://doi.org/10.1126/science.1101262
39795912_ref220,39795912,220,Studies of the aggregation of mutant proteins in vitro provide insights into the genetics of amyloid diseases,Proc. Natl. Acad. Sci. USA,2002,10.1073/pnas.212527999,12374855,https://doi.org/10.1073/pnas.212527999
39795912_ref221,39795912,221,Variation in aggregation propensities among ALS-associated variants of SOD1: Correlation to human disease,Hum. Mol. Genet.,2009,10.1093/hmg/ddp260,19483195,https://doi.org/10.1093/hmg/ddp260
39795912_ref222,39795912,222,Conserved C-terminal charge exerts a profound influence on the aggregation rate of alpha-synuclein,J. Mol. Biol.,2011,10.1016/j.jmb.2011.05.046,21689664,https://doi.org/10.1016/j.jmb.2011.05.046
39795912_ref223,39795912,223,On the role of sidechain size and charge in the aggregation of Abeta42 with familial mutations,Proc. Natl. Acad. Sci. USA,2018,10.1073/pnas.1803539115,29895690,https://doi.org/10.1073/pnas.1803539115
39795912_ref224,39795912,224,Supercharging Prions via Amyloid-Selective Lysine Acetylation,Angew. Chem. Int. Ed. Engl.,2021,10.1002/anie.202103548,33876528,https://doi.org/10.1002/anie.202103548
39795912_ref225,39795912,225,The tip of the iceberg: RNA-binding proteins with prion-like domains in neurodegenerative disease,Brain Res.,2012,10.1016/j.brainres.2012.01.016,22445064,https://doi.org/10.1016/j.brainres.2012.01.016
39795912_ref226,39795912,226,Proteostasis and aging,Nat. Med.,2015,10.1038/nm.4001,26646497,https://doi.org/10.1038/nm.4001
39795912_ref227,39795912,227,The proteostasis network and its decline in ageing,Nat. Rev. Mol. Cell Biol.,2019,10.1038/s41580-019-0101-y,30733602,https://doi.org/10.1038/s41580-019-0101-y
39795912_ref228,39795912,228,Intrinsically disordered proteins in cellular signalling and regulation,Nat. Rev. Mol. Cell Biol.,2015,10.1038/nrm3920,25531225,https://doi.org/10.1038/nrm3920
39795912_ref229,39795912,229,Unfoldomics of human diseases: Linking protein intrinsic disorder with diseases,BMC Genom.,2009,10.1186/1471-2164-10-S1-S7,19594884,https://doi.org/10.1186/1471-2164-10-S1-S7
39795912_ref230,39795912,230,How to drug a cloud? Targeting intrinsically disordered proteins,Pharmacol. Rev.,2024,10.1124/pharmrev.124.001113,39433443,https://doi.org/10.1124/pharmrev.124.001113
39795912_ref231,39795912,231,Alzheimer’s disease: The amyloid cascade hypothesis,Science,1992,10.1126/science.1566067,1566067,https://doi.org/10.1126/science.1566067
39795912_ref232,39795912,232,What are pharmacological chaperones and why are they interesting?,J. Biol.,2009,10.1186/jbiol186,19833004,https://doi.org/10.1186/jbiol186
39795912_ref233,39795912,233,Pharmacological Chaperones: A Therapeutic Approach for Diseases Caused by Destabilizing Missense Mutations,Int. J. Mol. Sci.,2020,10.3390/ijms21020489,31940970,https://doi.org/10.3390/ijms21020489
39744088_ref1,39744088,1,Computational design of stable and soluble biocatalysts,ACS Catal,2018,,,
39744088_ref2,39744088,2,Principles of protein stability and their application in computational design,Annu Rev Biochem,2018,10.1146/annurev-biochem-062917-012102,29401000,https://doi.org/10.1146/annurev-biochem-062917-012102
39744088_ref3,39744088,3,Advancing AI protein structure prediction and design: from amino acid “bones” to new era of all‐atom “flesh”,Green Carbon,2024,,,
39744088_ref4,39744088,4,FireProt: energy‐and evolution‐based computational design of thermostable multiple‐point mutants,PLoS Comput Biol,2015,10.1371/journal.pcbi.1004556,26529612,https://doi.org/10.1371/journal.pcbi.1004556
39744088_ref5,39744088,5,Computationally designed libraries for rapid enzyme stabilization,Protein Eng Des Sel,2014,10.1093/protein/gzt061,24402331,https://doi.org/10.1093/protein/gzt061
39744088_ref6,39744088,6,Thermostability improvement of the glucose oxidase from Aspergillus niger for efficient gluconic acid production via computational design,Int J Biiol Macromol,2019,10.1016/j.ijbiomac.2019.06.094,31202848,https://doi.org/10.1016/j.ijbiomac.2019.06.094
39744088_ref7,39744088,7,Computational redesign of a PETase for plastic biodegradation under ambient condition by the GRAPE strategy,ACS Catal,2021,,,
39744088_ref8,39744088,8,"FoldX 5.0: working with RNA, small molecules and a new graphical interface",Bioinformatics,2019,10.1093/bioinformatics/btz184,30874800,https://doi.org/10.1093/bioinformatics/btz184
39744088_ref9,39744088,9,The Rosetta all‐atom energy function for macromolecular modeling and design,J Chem Theory Comput,2017,10.1021/acs.jctc.7b00125,28430426,https://doi.org/10.1021/acs.jctc.7b00125
39744088_ref10,39744088,10,Protein design with a comprehensive statistical energy function and boosted by experimental selection for foldability,Nat Commun,2014,10.1038/ncomms6330,25345468,https://doi.org/10.1038/ncomms6330
39744088_ref11,39744088,11,"ProTherm, version 4.0: thermodynamic database for proteins and mutants",Nucleic Acids Res,2004,10.1093/nar/gkh082,14681373,https://doi.org/10.1093/nar/gkh082
39744088_ref12,39744088,12,Fast and accurate predictions of protein stability changes upon mutations using statistical potentials and neural networks: PoPMuSiC‐2.0,Bioinformatics,2009,10.1093/bioinformatics/btp445,19654118,https://doi.org/10.1093/bioinformatics/btp445
39744088_ref13,39744088,13,CUPSAT: prediction of protein stability upon point mutations,Nucleic Acids Res,2006,10.1093/nar/gkl190,16845001,https://doi.org/10.1093/nar/gkl190
39744088_ref14,39744088,14,"Distance‐scaled, finite ideal‐gas reference state improves structure‐derived potentials of mean force for structure selection and stability prediction",Prot Sci,2002,10.1110/ps.0217002,12381853,https://doi.org/10.1110/ps.0217002
39744088_ref15,39744088,15,Eris: an automated estimator of protein stability,Nat Methods,2007,10.1038/nmeth0607-466,17538626,https://doi.org/10.1038/nmeth0607-466
39744088_ref16,39744088,16,I‐Mutant2.0: predicting stability changes upon mutation from the protein sequence or structure,Nucleic Acids Res,2005,10.1093/nar/gki375,15980478,https://doi.org/10.1093/nar/gki375
39744088_ref17,39744088,17,Computational enzyme redesign enhances tolerance to denaturants for peptide C‐terminal amidation,JACS Au,2024,10.1021/jacsau.3c00792,38425901,https://doi.org/10.1021/jacsau.3c00792
39744088_ref18,39744088,18,Evolutionary‐scale prediction of atomic‐level protein structure with a language model,Science,2023,10.1126/science.ade2574,36927031,https://doi.org/10.1126/science.ade2574
39744088_ref19,39744088,19,Mol* Viewer: modern web app for 3D visualization and analysis of large biomolecular structures,Nucleic Acids Res,2021,10.1093/nar/gkab314,33956157,https://doi.org/10.1093/nar/gkab314
39744088_ref20,39744088,20,"Sun J, Zhu T, Cui Y, Wu B. Structure‐based self‐supervised learning enables ultrafast prediction of stability changes upon mutation at the protein universe scale. bioRxiv. 2023. https://www.biorxiv.org/content/10.1101/2023.08.09.552725v1",,2023,,,https://www.biorxiv.org/content/10.1101/2023.08.09.552725v1
39770093_ref1,39770093,1,Consumer’s perception and expected liking of labels of burgers with sodium reduction and addition of mushroom flavor enhancer,Meat Sci.,2022,10.1016/j.meatsci.2021.108720,34896872,https://doi.org/10.1016/j.meatsci.2021.108720
39770093_ref2,39770093,2,Changes in the Key Aroma Compounds of Raw Shiitake Mushrooms(Lentinula edodes)Induced by Pan-Frying as Well As by Rehydration of Dry Mushrooms,J. Agric. Food Chem.,2020,10.1021/acs.jafc.0c01101,32196328,https://doi.org/10.1021/acs.jafc.0c01101
39770093_ref3,39770093,3,"Lenthionine, a Key Flavor Substance in Lentinula edodes, Is Regulated by Cysteine under Drought Stress",J. Agric. Food Chem.,2021,10.1021/acs.jafc.1c04829,34689561,https://doi.org/10.1021/acs.jafc.1c04829
39770093_ref4,39770093,4,Effects of GGT and C-S Lyase on the Generation of Endogenous Formaldehyde in Lentinula edodes at Different Growth Stages,Molecules,2019,10.3390/molecules24234203,31756923,https://doi.org/10.3390/molecules24234203
39770093_ref5,39770093,5,Identification of a Heat-Inducible Element of Cysteine Desulfurase Gene Promoter in Lentinula edodes,Molecules,2019,10.3390/molecules24122223,31197084,https://doi.org/10.3390/molecules24122223
39770093_ref6,39770093,6,Cardioprotective Effects and in-silico Antioxidant Mechanism of L-Ergothioneine in Experimental Type-2 Diabetic Rats,Cardiovasc. Hematol. Agents Med. Chem.,2022,10.2174/1871525719666210809122541,34370646,https://doi.org/10.2174/1871525719666210809122541
39770093_ref7,39770093,7,"Ergothioneine, recent developments",Redox Biol.,2021,10.1016/j.redox.2021.101868,33558182,https://doi.org/10.1016/j.redox.2021.101868
39770093_ref8,39770093,8,The evolutionary history of the genes involved in the biosynthesis of the antioxidant ergothioneine,Gene,2014,10.1016/j.gene.2014.07.065,25068406,https://doi.org/10.1016/j.gene.2014.07.065
39770093_ref9,39770093,9,The Neurospora crassa mutant Nc Delta Egt-1 identifies an ergothioneine biosynthetic gene and demonstrates that ergothioneine enhances conidial survival and protects against peroxide toxicity during conidial germination,Fungal Genet. Biol.,2012,10.1016/j.fgb.2011.12.007,22209968,https://doi.org/10.1016/j.fgb.2011.12.007
39770093_ref10,39770093,10,Bioinformatic and Biochemical Characterizations of C-S Bond Formation and Cleavage Enzymes in the Fungus Neurospora crassa Ergothioneine Biosynthetic Pathway,Org. Lett.,2014,10.1021/ol502596z,25275953,https://doi.org/10.1021/ol502596z
39770093_ref11,39770093,11,Mechanistic studies of a novel C-S lyase in ergothioneine biosynthesis: The involvement of a sulfenic acid intermediate,Sci. Rep.,2015,10.1038/srep11870,26149121,https://doi.org/10.1038/srep11870
39770093_ref12,39770093,12,Snapshots of C-S Cleavage in Egt2 Reveals Substrate Specificity and Reaction Mechanism,Cell Chem. Biol.,2018,10.1016/j.chembiol.2018.02.002,29503207,https://doi.org/10.1016/j.chembiol.2018.02.002
39770093_ref13,39770093,13,Single-Step Replacement of an Unreactive C–H Bond by a C–S Bond Using Polysulfide as the Direct Sulfur Source in the Anaerobic Ergothioneine Biosynthesis,ACS Catal.,2020,10.1021/acscatal.0c01809,34306804,https://doi.org/10.1021/acscatal.0c01809
39770093_ref14,39770093,14,Structural basis of ergothioneine biosynthesis,Curr. Opin. Struct. Biol.,2020,10.1016/j.sbi.2020.04.002,32408082,https://doi.org/10.1016/j.sbi.2020.04.002
39770093_ref15,39770093,15,Genome Sequence of the Edible Cultivated Mushroom Lentinula edodes(Shiitake)Reveals Insights into Lignocellulose Degradation,PLoS ONE,2016,10.1371/journal.pone.0160336,27500531,https://doi.org/10.1371/journal.pone.0160336
39770093_ref16,39770093,16,Successful biosynthesis of natural antioxidant ergothioneine in Saccharomyces cerevisiae required only two genes from Grifola frondosa,Microb. Cell Factories,2020,10.1186/s12934-020-01421-1,32811496,https://doi.org/10.1186/s12934-020-01421-1
39770093_ref17,39770093,17,"The Biosynthetic Pathway of Ergothioneine in Culinary-Medicinal Winter Mushroom, Flammulina velutipes(Agaricomycetes)",Int. J. Med. Mushrooms,2020,10.1615/IntJMedMushrooms.2020033826,32479005,https://doi.org/10.1615/IntJMedMushrooms.2020033826
39770093_ref18,39770093,18,Toward more efficient ergothioneine production using the fungal ergothioneine biosynthetic pathway,Microb. Cell Factories,2022,10.1186/s12934-022-01807-3,35525939,https://doi.org/10.1186/s12934-022-01807-3
39770093_ref19,39770093,19,Investigations of Single-Subunit tRNA Methyltransferases from Yeast,J. Fungi,2023,10.3390/jof9101030,37888286,https://doi.org/10.3390/jof9101030
39770093_ref20,39770093,20,Biochemical and Structural Characterization of OvoA Th2: A Mononuclear Nonheme Iron Enzyme from Hydrogenimonas thermophila for Ovothiol Biosynthesis,ACS Catal.,2023,10.1021/acscatal.3c04026,38058600,https://doi.org/10.1021/acscatal.3c04026
39770093_ref21,39770093,21,Deciphering key features in protein structures with the new ENDscript server,Nucleic Acids Res.,2014,10.1093/nar/gku316,24753421,https://doi.org/10.1093/nar/gku316
39770093_ref22,39770093,22,Purification and characterisation of two enzymes related to endogenous formaldehyde in Lentinula edodes,Food Chem.,2013,10.1016/j.foodchem.2012.12.038,23497873,https://doi.org/10.1016/j.foodchem.2012.12.038
39770093_ref23,39770093,23,A novel cysteine desulfurase influencing organosulfur compounds in Lentinula edodes,Sci. Rep.,2015,10.1038/srep10047,26054293,https://doi.org/10.1038/srep10047
39770093_ref24,39770093,24,Drug-like bioactive structures and conformational coverage with the LigPrep/ConfGen suite: Comparison to programs MOE and catalyst,J. Chem. Inf. Model,2010,10.1021/ci100026x,20423098,https://doi.org/10.1021/ci100026x
39770093_ref25,39770093,25,"Glide: A new approach for rapid, accurate docking and scoring. 1. Method and assessment of docking accuracy",J. Med. Chem.,2004,10.1021/jm0306430,15027865,https://doi.org/10.1021/jm0306430
39770093_ref26,39770093,26,Significant Improvement of Both Catalytic Efficiency and Stability of Fructosyltransferase from Aspergillus niger by Structure-Guided Engineering of Key Residues in the Conserved Sequence of the Catalytic Domain,J. Agric. Food Chem.,2022,10.1021/acs.jafc.2c01699,35649036,https://doi.org/10.1021/acs.jafc.2c01699
39770093_ref27,39770093,27,"Discovery of anti-melanogenic components in persimmon(Diospyros kaki)leaf using LC-MS/MS-MN, AlphaFold2-enabled virtual screening and biological validation",Food Chem.,2024,10.1016/j.foodchem.2024.139814,38824735,https://doi.org/10.1016/j.foodchem.2024.139814
39770093_ref28,39770093,28,Temperature dependence of the thermal conductivity of water: A molecular dynamics simulation study using the SPC/E model,Mol. Phys.,2014,10.1080/00268976.2014.891769,,https://doi.org/10.1080/00268976.2014.891769
39770093_ref29,39770093,29,Mushrooms: A rich source of the antioxidants ergothioneine and glutathione,Food Chem.,2017,10.1016/j.foodchem.2017.04.109,28530594,https://doi.org/10.1016/j.foodchem.2017.04.109
39770093_ref30,39770093,30,Effect of different substrates on Pleurotus spp. cultivation in Brazil—Ergothioneine and lovastatin,J. Food Compost. Anal.,2022,10.1016/j.jfca.2021.104367,,https://doi.org/10.1016/j.jfca.2021.104367
39769378_ref1,39769378,1,Plant retrotransposons,Annu. Rev. Genet.,1999,10.1146/annurev.genet.33.1.479,10690416,https://doi.org/10.1146/annurev.genet.33.1.479
39769378_ref2,39769378,2,Origin and evolution of retroelements based upon their reverse transcriptase sequences,EMBO J.,1990,10.1002/j.1460-2075.1990.tb07536.x,1698615,https://doi.org/10.1002/j.1460-2075.1990.tb07536.x
39769378_ref3,39769378,3,Parasitism and the retrotransposon life cycle in plants: A hitchhiker’s guide to the genome,Heredity,2006,10.1038/sj.hdy.6800903,16985508,https://doi.org/10.1038/sj.hdy.6800903
39769378_ref4,39769378,4,Plant centromeric retrotransposons: A structural and cytogenetic perspective,Mob. DNA,2011,10.1186/1759-8753-2-4,21371312,https://doi.org/10.1186/1759-8753-2-4
39769378_ref5,39769378,5,Integration site selection by retroviruses and transposable elements in eukaryotes,Nat. Rev. Genet.,2017,10.1038/nrg.2017.7,28286338,https://doi.org/10.1038/nrg.2017.7
39769378_ref6,39769378,6,Requirement of RNA polymerase III transcription factors for in vitro position-specific integration of a retroviruslike element,Science,1995,10.1126/science.7878467,7878467,https://doi.org/10.1126/science.7878467
39769378_ref7,39769378,7,Transposition favors the generation of large effect mutations that may facilitate rapid adaption,Nat. Commun.,2019,10.1038/s41467-019-11385-5,31366887,https://doi.org/10.1038/s41467-019-11385-5
39769378_ref8,39769378,8,Cas9-targeted Nanopore sequencing rapidly elucidates the transposition preferences and DNA methylation profiles of mobile elements in plants,J. Integr. Plant Biol.,2023,10.1111/jipb.13555,37555565,https://doi.org/10.1111/jipb.13555
39769378_ref9,39769378,9,Additional ORFs in Plant LTR-Retrotransposons,Front. Plant Sci.,2020,10.3389/fpls.2020.00555,32528484,https://doi.org/10.3389/fpls.2020.00555
39769378_ref10,39769378,10,A widespread occurrence of extra open reading frames in plant Ty3/gypsy retrotransposons,Genetica,2011,10.1007/s10709-012-9654-9,22544262,https://doi.org/10.1007/s10709-012-9654-9
39769378_ref11,39769378,11,The diversity of LTR retrotransposons,Genome Biol.,2004,10.1186/gb-2004-5-6-225,15186483,https://doi.org/10.1186/gb-2004-5-6-225
39769378_ref12,39769378,12,Potential retroviruses in plants: Tat1 is related to a group of Arabidopsis thaliana Ty3/gypsy retrotransposons that encode envelope-like proteins,Genetics,1998,10.1093/genetics/149.2.703,9611185,https://doi.org/10.1093/genetics/149.2.703
39769378_ref13,39769378,13,Athila4 of Arabidopsis and Calypso of soybean define a lineage of endogenous plant retroviruses,Genome Res.,2002,10.1101/gr.196001,11779837,https://doi.org/10.1101/gr.196001
39769378_ref14,39769378,14,The evolution of plant retroviruses: Moving to green pastures,Trends Plant Sci.,1998,10.1016/S1360-1385(98)01304-1,,https://doi.org/10.1016/S1360-1385(98)01304-1
39769378_ref15,39769378,15,Grande retrotransposons contain an accessory gene in the unusually long 3′-internal region that encodes a nuclear protein transcribed from its own promoter,Plant Mol. Biol.,2013,10.1007/s11103-013-0019-2,23423698,https://doi.org/10.1007/s11103-013-0019-2
39769378_ref16,39769378,16,What makes Grande1 retrotransposon different?,Genetica,1997,10.1023/A:1018332218319,9440255,https://doi.org/10.1023/A:1018332218319
39769378_ref17,39769378,17,Identification and characterization of novel retrotransposons of the gypsy type in rice,Mol. Gen. Genet.,1999,10.1007/s004380050933,9928939,https://doi.org/10.1007/s004380050933
39769378_ref18,39769378,18,"RIRE2, a novel gypsy-type retrotransposon from rice",Genes. Genet. Syst.,1999,10.1266/ggs.74.83,10586517,https://doi.org/10.1266/ggs.74.83
39769378_ref19,39769378,19,Retand: A novel family of gypsy-like retrotransposons harboring an amplified tandem repeat,Mol. Genet. Genom.,2006,10.1007/s00438-006-0140-x,16826419,https://doi.org/10.1007/s00438-006-0140-x
39769378_ref20,39769378,20,A shotgun approach to discovering and reconstructing consensus retrotransposons ex novo from dense contigs of short sequences derived from Genbank Genome Survey Sequence database records,Gene,2009,10.1016/j.gene.2009.06.011,19560526,https://doi.org/10.1016/j.gene.2009.06.011
39769378_ref21,39769378,21,A composite map of expressed sequences and phenotypic traits of the sunflower(Helianthus annuus L.)genome,Theor. Appl. Genet.,1999,10.1007/s001220051228,,https://doi.org/10.1007/s001220051228
39769378_ref22,39769378,22,Sunflower domestication alleles support single domestication center in eastern North America,Proc. Natl. Acad. Sci. USA,2011,10.1073/pnas.1104853108,21844335,https://doi.org/10.1073/pnas.1104853108
39769378_ref23,39769378,23,Infrageneric classification of helianthus(compositae),Taxon,1981,10.2307/1220139,,https://doi.org/10.2307/1220139
39769378_ref24,39769378,24,Genealogy of the Sunflower Lines Created on the Basis of Russian Varieties,Helia,2017,10.1515/helia-2017-0025,,https://doi.org/10.1515/helia-2017-0025
39769378_ref25,39769378,25,"The sunflower genome provides insights into oil metabolism, flowering and Asterid evolution",Nature,2017,10.1038/nature22380,28538728,https://doi.org/10.1038/nature22380
39769378_ref26,39769378,26,Epigenetic Stress and Long-Read cDNA Sequencing of Sunflower(Helianthus annuus L.)Revealed the Origin of the Plant Retrotranscriptome,Plants,2022,10.3390/plants11243579,36559691,https://doi.org/10.3390/plants11243579
39769378_ref27,39769378,27,Genomic and Transcriptomic Survey Provides New Insight into the Organization and Transposition Activity of Highly Expressed LTR Retrotransposons of Sunflower(Helianthus annuus L.),Int. J. Mol. Sci.,2020,10.3390/ijms21239331,33297579,https://doi.org/10.3390/ijms21239331
39769378_ref28,39769378,28,Arbuscular mycorrhizal fungi induce the expression of specific retrotransposons in roots of sunflower(Helianthus annuus L.),PLoS ONE,2019,10.1371/journal.pone.0212371,30779767,https://doi.org/10.1371/journal.pone.0212371
39769378_ref29,39769378,29,Copia and Gypsy retrotransposons activity in sunflower(Helianthus annuus L.),BMC Plant Biol.,2009,10.1186/1471-2229-9-150,20030800,https://doi.org/10.1186/1471-2229-9-150
39769378_ref30,39769378,30,Retrotransposons hijack alt-EJ for DNA replication and eccDNA biogenesis,Nature,2023,10.1038/s41586-023-06327-7,37438532,https://doi.org/10.1038/s41586-023-06327-7
39769378_ref31,39769378,31,Diverse and mobile: eccDNA-based identification of carrot low-copy-number LTR retrotransposons active in callus cultures,Plant J.,2022,10.1111/tpj.15773,35426957,https://doi.org/10.1111/tpj.15773
39769378_ref32,39769378,32,Sequencing the extrachromosomal circular mobilome reveals retrotransposon activity in plants,PLoS Genet.,2017,10.1371/journal.pgen.1006630,28212378,https://doi.org/10.1371/journal.pgen.1006630
39769378_ref33,39769378,33,"LTR-TEs abundance, timing and mobility in Solanum commersonii and S. tuberosum genomes following cold-stress conditions",Planta,2019,10.1007/s00425-019-03283-3,31562541,https://doi.org/10.1007/s00425-019-03283-3
39769378_ref34,39769378,34,Transposition of HOPPLA in siRNA-deficient plants suggests a limited effect of the environment on retrotransposon mobility in Brachypodium distachyon,PLoS Genet.,2024,10.1371/journal.pgen.1011200,38470914,https://doi.org/10.1371/journal.pgen.1011200
39769378_ref35,39769378,35,Extrachromosomal circular DNA and structural variants highlight genome instability in Arabidopsis epigenetic mutants,Nat. Commun.,2023,10.1038/s41467-023-41023-0,37640706,https://doi.org/10.1038/s41467-023-41023-0
39769378_ref36,39769378,36,Composition and Structure of Arabidopsis thaliana Extrachromosomal Circular DNAs Revealed by Nanopore Sequencing,Plants,2023,10.3390/plants12112178,37299157,https://doi.org/10.3390/plants12112178
39769378_ref37,39769378,37,ecc_finder: A Robust and Accurate Tool for Detecting Extrachromosomal Circular DNA From Sequencing Data,Front. Plant Sci.,2021,10.3389/fpls.2021.743742,34925397,https://doi.org/10.3389/fpls.2021.743742
39769378_ref38,39769378,38,Long-read sequencing of extrachromosomal circular DNA and genome assembly of a Solanum lycopersicum breeding line revealed active LTR retrotransposons originating from S. peruvianum L. introgressions,BMC Genom.,2024,10.1186/s12864-024-10314-1,38658857,https://doi.org/10.1186/s12864-024-10314-1
39769378_ref39,39769378,39,Properties and nucleotide sequence of a mitochondrial plasmid from sunflower,Curr. Genet.,1989,10.1007/BF00447044,2473847,https://doi.org/10.1007/BF00447044
39769378_ref40,39769378,40,The Arabidopsis thaliana mobilome and its impact at the species level,Elife,2016,10.7554/eLife.15716,27258693,https://doi.org/10.7554/eLife.15716
39769378_ref41,39769378,41,Structural Perspectives on Extracellular Recognition and Conformational Changes of Several Type-I Transmembrane Receptors,Front. Mol. Biosci.,2020,10.3389/fmolb.2020.00129,32850948,https://doi.org/10.3389/fmolb.2020.00129
39769378_ref42,39769378,42,A lineage-specific centromere retrotransposon in Oryza brachyantha,Plant J.,2009,10.1111/j.1365-313X.2009.04005.x,19702667,https://doi.org/10.1111/j.1365-313X.2009.04005.x
39769378_ref43,39769378,43,Arms race between anti-silencing and RdDM in noncoding regions of transposable elements,EMBO Rep.,2023,10.15252/embr.202256678,37272687,https://doi.org/10.15252/embr.202256678
39769378_ref44,39769378,44,The widespread IS200/IS605 transposon family encodes diverse programmable RNA-guided endonucleases,Science,2021,10.1126/science.abj6856,34591643,https://doi.org/10.1126/science.abj6856
39769378_ref45,39769378,45,Transposon-associated TnpB is a programmable RNA-guided DNA endonuclease,Nature,2021,10.1038/s41586-021-04058-1,34619744,https://doi.org/10.1038/s41586-021-04058-1
39769378_ref46,39769378,46,Env-less endogenous retroviruses are genomic superspreaders,Proc. Natl. Acad. Sci. USA,2012,10.1073/pnas.1200913109,22529376,https://doi.org/10.1073/pnas.1200913109
39769378_ref47,39769378,47,Systematic survey of plant LTR-retrotransposons elucidates phylogenetic relationships of their polyprotein domains and provides a reference for element classification,Mob. DNA,2019,10.1186/s13100-018-0144-1,30622655,https://doi.org/10.1186/s13100-018-0144-1
39769378_ref48,39769378,48,Highly accurate protein structure prediction with AlphaFold,Nature,2021,10.1038/s41586-021-03819-2,34265844,https://doi.org/10.1038/s41586-021-03819-2
39769378_ref49,39769378,49,AlphaFold Protein Structure Database: Massively expanding the structural coverage of protein-sequence space with high-accuracy models,Nucleic Acids Res.,2022,10.1093/nar/gkab1061,34791371,https://doi.org/10.1093/nar/gkab1061
39769378_ref50,39769378,50,Fast and accurate protein structure search with Foldseek,Nat. Biotechnol.,2024,10.1038/s41587-023-01773-0,37156916,https://doi.org/10.1038/s41587-023-01773-0
39769378_ref51,39769378,51,Birth of protein folds and functions in the virome,Nature,2024,10.1038/s41586-024-07809-y,39187718,https://doi.org/10.1038/s41586-024-07809-y
39769378_ref52,39769378,52,RNA recognition by double-stranded RNA binding domains: A matter of shape and sequence,Cell. Mol. Life Sci.,2013,10.1007/s00018-012-1119-x,22918483,https://doi.org/10.1007/s00018-012-1119-x
39769378_ref53,39769378,53,Small RNA binding is a common strategy to suppress RNA silencing by several viral suppressors,EMBO J.,2006,10.1038/sj.emboj.7601164,16724105,https://doi.org/10.1038/sj.emboj.7601164
39769378_ref54,39769378,54,Large scale genomic rearrangements in selected Arabidopsis thaliana T-DNA lines are caused by T-DNA insertion mutagenesis,BMC Genom.,2021,10.1186/s12864-021-07877-8,34362298,https://doi.org/10.1186/s12864-021-07877-8
39769378_ref55,39769378,55,Deep investigation of Arabidopsis thaliana junk DNA reveals a continuum between repetitive elements and genomic dark matter,PLoS ONE,2014,10.1371/journal.pone.0094101,24709859,https://doi.org/10.1371/journal.pone.0094101
39769378_ref56,39769378,56,DANTE and DANTE_LTR: Lineage-centric annotation pipelines for long terminal repeat retrotransposons in plant genomes,NAR Genom. Bioinform.,2024,10.1093/nargab/lqae113,39211332,https://doi.org/10.1093/nargab/lqae113
39769378_ref57,39769378,57,HiTE: A fast and accurate dynamic boundary adjustment approach for full-length transposable element detection and annotation,Nat. Commun.,2024,10.1038/s41467-024-49912-8,38956036,https://doi.org/10.1038/s41467-024-49912-8
39769378_ref58,39769378,58,TEsorter: An accurate and fast method to classify LTR-retrotransposons in plant genomes,Hortic. Res.,2022,10.1093/hr/uhac017,35184178,https://doi.org/10.1093/hr/uhac017
39769378_ref59,39769378,59,Tandem repeats finder: A program to analyze DNA sequences,Nucleic Acids Res.,1999,10.1093/nar/27.2.573,9862982,https://doi.org/10.1093/nar/27.2.573
39769378_ref60,39769378,60,Repetitive DNA and Plant Domestication: Variation in Copy Number and Proximity to Genes of LTR-Retrotransposons among Wild and Cultivated Sunflower(Helianthus annuus)Genotypes,Genome Biol. Evol.,2015,10.1093/gbe/evv230,26608057,https://doi.org/10.1093/gbe/evv230
39769378_ref61,39769378,61,A simple method for estimating evolutionary rates of base substitutions through comparative studies of nucleotide sequences,J. Mol. Evol.,1980,10.1007/BF01731581,7463489,https://doi.org/10.1007/BF01731581
39769378_ref62,39769378,62,Rapid recent growth and divergence of rice nuclear genomes,Proc. Natl. Acad. Sci. USA,2004,10.1073/pnas.0403715101,15240870,https://doi.org/10.1073/pnas.0403715101
39769378_ref63,39769378,63,Sunflower pan-genome analysis shows that hybridization altered gene content and disease resistance,Nat. Plants,2019,10.1038/s41477-018-0329-0,30598532,https://doi.org/10.1038/s41477-018-0329-0
39769378_ref64,39769378,64,Fast gapped-read alignment with Bowtie 2,Nat. Methods,2012,10.1038/nmeth.1923,22388286,https://doi.org/10.1038/nmeth.1923
39769378_ref65,39769378,65,The Sequence Alignment/Map format and SAMtools,Bioinformatics,2009,10.1093/bioinformatics/btp352,19505943,https://doi.org/10.1093/bioinformatics/btp352
39769378_ref66,39769378,66,Efficient Detection of Transposable Element Insertion Polymorphisms Between Genomes Using Short-Read Sequencing Data,Methods Mol. Biol.,2021,10.1007/978-1-0716-1134-0_15,33900602,https://doi.org/10.1007/978-1-0716-1134-0_15
39769378_ref67,39769378,67,JBrowse 2: A modular genome browser with views of synteny and structural variation,Genome Biol.,2023,10.1186/s13059-023-02914-z,37069644,https://doi.org/10.1186/s13059-023-02914-z
39769378_ref68,39769378,68,BEDTools: A flexible suite of utilities for comparing genomic features,Bioinformatics,2010,10.1093/bioinformatics/btq033,20110278,https://doi.org/10.1093/bioinformatics/btq033
39769378_ref69,39769378,69,Sunflower centromeres consist of a centromere-specific LINE and a chromosome-specific tandem repeat,Front. Plant Sci.,2015,10.3389/fpls.2015.00912,26583020,https://doi.org/10.3389/fpls.2015.00912
39769378_ref70,39769378,70,Basic local alignment search tool,J. Mol. Biol.,1990,10.1016/S0022-2836(05)80360-2,2231712,https://doi.org/10.1016/S0022-2836(05)80360-2
39769378_ref71,39769378,71,A unified classification system for eukaryotic transposable elements,Nat. Rev. Genet.,2007,10.1038/nrg2165,17984973,https://doi.org/10.1038/nrg2165
39769378_ref72,39769378,72,IQ-TREE: A fast and effective stochastic algorithm for estimating maximum-likelihood phylogenies,Mol. Biol. Evol.,2015,10.1093/molbev/msu300,25371430,https://doi.org/10.1093/molbev/msu300
39769378_ref73,39769378,73,Interactive Tree of Life(iTOL)v6: Recent updates to the phylogenetic tree display and annotation tool,Nucleic Acids Res.,2024,10.1093/nar/gkae268,38613393,https://doi.org/10.1093/nar/gkae268
39769378_ref74,39769378,74,"The B73 maize genome: Complexity, diversity, and dynamics",Science,2009,10.1126/science.1178534,19965430,https://doi.org/10.1126/science.1178534
39769378_ref75,39769378,75,The Sorghum bicolor genome and the diversification of grasses,Nature,2009,10.1038/nature07723,19189423,https://doi.org/10.1038/nature07723
39769378_ref76,39769378,76,The TIGR Rice Genome Annotation Resource: Improvements and new features,Nucleic Acids Res.,2007,10.1093/nar/gkl976,17145706,https://doi.org/10.1093/nar/gkl976
39769378_ref77,39769378,77,Predicting transmembrane protein topology with a hidden Markov model: Application to complete genomes,J. Mol. Biol.,2001,10.1006/jmbi.2000.4315,11152613,https://doi.org/10.1006/jmbi.2000.4315
39769378_ref78,39769378,78,DeepLoc 2.1: Multi-label membrane protein type prediction using protein language models,Nucleic Acids Res.,2024,10.1093/nar/gkae237,38587188,https://doi.org/10.1093/nar/gkae237
39769378_ref79,39769378,79,MobiDB-lite 3.0: Fast consensus annotation of intrinsic disorder flavors in proteins,Bioinformatics,2021,10.1093/bioinformatics/btaa1045,33325498,https://doi.org/10.1093/bioinformatics/btaa1045
39769378_ref80,39769378,80,Accurate structure prediction of biomolecular interactions with AlphaFold 3,Nature,2024,10.1038/s41586-024-07487-w,38718835,https://doi.org/10.1038/s41586-024-07487-w
39769378_ref81,39769378,81,Mol* Viewer: Modern web app for 3D visualization and analysis of large biomolecular structures,Nucleic Acids Res.,2021,10.1093/nar/gkab314,33956157,https://doi.org/10.1093/nar/gkab314
39764114_ref1,39764114,1,Protein stability: a crystallographer’s perspective,"Acta Crystallographica. Section F, Structural Biology Communications",2016,10.1107/S2053230X15024619,26841758,https://doi.org/10.1107/S2053230X15024619
39764114_ref2,39764114,2,"Shirley B. A.(Ed.).(1995). Protein stability and folding: theory and practice. Totowa, N.J: Humana Press.",Protein stability and folding: theory and practice,1995,,,
39764114_ref3,39764114,3,Chromatin mechanisms regulating gene expression in health and disease,Advances in Experimental Medicine and Biology,2011,10.1007/978-1-4419-8216-2_2,21627039,https://doi.org/10.1007/978-1-4419-8216-2_2
39764114_ref4,39764114,4,Chromatin remodeling mediated by ARID1A is indispensable for normal hematopoiesis in mice,Leukemia,2019,10.1038/s41375-019-0438-4,30858552,https://doi.org/10.1038/s41375-019-0438-4
39764114_ref5,39764114,5,"The SWI/SNF complex in cancer — biology, biomarkers and therapy",Nature Reviews Clinical Oncology,2020,10.1038/s41571-020-0357-3,32303701,https://doi.org/10.1038/s41571-020-0357-3
39764114_ref6,39764114,6,SWI/SNF nucleosome remodellers and cancer,Nature Reviews Cancer,2011,10.1038/nrc3068,21654818,https://doi.org/10.1038/nrc3068
39764114_ref7,39764114,7,Structure and DNA-binding Sites of the SWI1 AT-rich Interaction Domain(ARID)Suggest Determinants for Sequence-specific DNA Recognition,Journal of Biological Chemistry,2004,10.1074/jbc.M312115200,14722072,https://doi.org/10.1074/jbc.M312115200
39764114_ref8,39764114,8,A Specificity and Targeting Subunit of a Human SWI/SNF Family-Related Chromatin-Remodeling Complex,Molecular and Cellular Biology,2000,10.1128/MCB.20.23.8879-8888.2000,11073988,https://doi.org/10.1128/MCB.20.23.8879-8888.2000
39764114_ref9,39764114,9,ARID1A regulates DNA repair through chromatin organization and its deficiency triggers DNA damage-mediated anti-tumor immune response,Nucleic Acids Research,2024,10.1093/nar/gkae233,38587186,https://doi.org/10.1093/nar/gkae233
39764114_ref10,39764114,10,ARID1A Mutations in Cancer: Another Epigenetic Tumor Suppressor?,Cancer discovery,2013,10.1158/2159-8290.CD-12-0361,23208470,https://doi.org/10.1158/2159-8290.CD-12-0361
39764114_ref11,39764114,11,"ARID Proteins: A Diverse Family of DNA Binding Proteins Implicated in the Control of Cell Growth, Differentiation, and Development1",Cell Growth & Differentiation,2002,,11959810,
39764114_ref12,39764114,12,Targeting ARID1A mutations in cancer,Cancer Treatment Reviews,2021,10.1016/j.ctrv.2021.102287,34619527,https://doi.org/10.1016/j.ctrv.2021.102287
39764114_ref13,39764114,13,Therapeutic Role of Synthetic Lethality in ARID1A-Deficient Malignancies,Journal of Immunotherapy and Precision Oncology,2024,10.36401/JIPO-22-37,38327752,https://doi.org/10.36401/JIPO-22-37
39764114_ref14,39764114,14,ARID1A gene mutation in ovarian and endometrial cancers(Review),Oncology Reports,2016,10.3892/or.2015.4421,26572704,https://doi.org/10.3892/or.2015.4421
39764114_ref15,39764114,15,Structure and Function of SWI/SNF Chromatin Remodeling Complexes and Mechanistic Implications for Transcription,Progress in biophysics and molecular biology,2010,10.1016/j.pbiomolbio.2010.05.001,20493208,https://doi.org/10.1016/j.pbiomolbio.2010.05.001
39764114_ref16,39764114,16,Integrated genomic analyses of ovarian carcinoma,Nature,2011,10.1038/nature10166,21720365,https://doi.org/10.1038/nature10166
39764114_ref17,39764114,17,Analysis of Stop-Gain and Frameshift Variants in Human Innate Immunity Genes,PLoS Computational Biology,2014,10.1371/journal.pcbi.1003757,25058640,https://doi.org/10.1371/journal.pcbi.1003757
39764114_ref18,39764114,18,Mutations in the p53 Tumor Suppressor Gene,Genes & Cancer,2011,10.1177/1947601911408889,21779514,https://doi.org/10.1177/1947601911408889
39764114_ref19,39764114,19,Predicting intrinsic disorder in proteins: an overview,Cell Research,2009,10.1038/cr.2009.87,19597536,https://doi.org/10.1038/cr.2009.87
39764114_ref20,39764114,20,A disordered region controls cBAF activity via condensation and partner recruitment,Cell,2023,10.1016/j.cell.2023.08.032,37788668,https://doi.org/10.1016/j.cell.2023.08.032
39764114_ref21,39764114,21,Stability effects of mutations and protein evolvability,Current Opinion in Structural Biology,2009,10.1016/j.sbi.2009.08.003,19765975,https://doi.org/10.1016/j.sbi.2009.08.003
39764114_ref22,39764114,22,Ab initio folding of proteins using all-atom discrete molecular dynamics,"Structure(London, England: 1993)",2008,10.1016/j.str.2008.03.013,18611374,https://doi.org/10.1016/j.str.2008.03.013
39764114_ref23,39764114,23,SAAFEC-SEQ: A Sequence-Based Method for Predicting the Effect of Single Point Mutations on Protein Thermodynamic Stability,International Journal of Molecular Sciences,2021,10.3390/ijms22020606,33435356,https://doi.org/10.3390/ijms22020606
39764114_ref24,39764114,24,INPS: predicting the impact of non-synonymous variations on protein stability from sequence,"Bioinformatics(Oxford, England)",2015,10.1093/bioinformatics/btv291,25957347,https://doi.org/10.1093/bioinformatics/btv291
39764114_ref25,39764114,25,ProThermDB: thermodynamic database for proteins and mutants revisited after 15 years,Nucleic Acids Research,2021,10.1093/nar/gkaa1035,33196841,https://doi.org/10.1093/nar/gkaa1035
39764114_ref26,39764114,26,mCSM: predicting the effects of mutations in proteins using graph-based signatures,Bioinformatics,2014,10.1093/bioinformatics/btt691,24281696,https://doi.org/10.1093/bioinformatics/btt691
39764114_ref27,39764114,27,DDMut: predicting effects of mutations on protein stability using deep learning,Nucleic Acids Research,2023,10.1093/nar/gkad472,37283042,https://doi.org/10.1093/nar/gkad472
39764114_ref28,39764114,28,Ab Initio Folding of Proteins with All-Atom Discrete Molecular Dynamics,Structure,2008,10.1016/j.str.2008.03.013,18611374,https://doi.org/10.1016/j.str.2008.03.013
39764114_ref29,39764114,29,Enhanced Label-Free Nanoplasmonic Cytokine Detection in SARS-CoV-2 Induced Inflammation Using Rationally Designed Peptide Aptamer,ACS Applied Materials & Interfaces,2022,10.1021/acsami.2c14748,36281943,https://doi.org/10.1021/acsami.2c14748
39764114_ref30,39764114,30,Direct Observation of Seeded Conformational Conversion of hIAPP In Silico Reveals the Mechanisms for Morphological Dependence and Asymmetry of Fibril Growth,Journal of Chemical Information and Modeling,2023,10.1021/acs.jcim.3c00898,37651616,https://doi.org/10.1021/acs.jcim.3c00898
39764114_ref31,39764114,31,Differential Binding and Conformational Dynamics of Tau Microtubule-Binding Repeats with a Preformed Amyloid-β Fibril Seed,ACS Chemical Neuroscience,2023,10.1021/acschemneuro.3c00014,36975100,https://doi.org/10.1021/acschemneuro.3c00014
39764114_ref32,39764114,32,Highly accurate protein structure prediction with AlphaFold,Nature,2021,10.1038/s41586-021-03819-2,34265844,https://doi.org/10.1038/s41586-021-03819-2
39764114_ref33,39764114,33,"Alexander N., Woetzel N., & Meiler J.(2011). bcl::Cluster: A method for clustering biological molecules coupled with visualization in the Pymol Molecular Graphics System. IEEE... International Conference on Computational Advances in Bio and Medical Sciences:[proceedings]. IEEE International Conference on Computational Advances in Bio and Medical Sciences, 2011, 13–18. 10.1109/ICCABS.2011.5729867 PMC5091839 27818847",bcl::Cluster: A method for clustering biological molecules coupled with visualization in the Pymol Molecular Graphics System,2011,10.1109/ICCABS.2011.5729867,27818847,https://doi.org/10.1109/ICCABS.2011.5729867
39764114_ref34,39764114,34,Citation for: THE weighted histogram analysis method for free‐energy calculations on biomolecules. I. The method,Wiley Online Library,,,,https://onlinelibrary.wiley.com/action/showCitFormats?doi=10.1002%2Fjcc.540130812
39764114_ref35,39764114,35,Linking protein structural and functional change to mutation using amino acid networks,PLoS ONE,2022,10.1371/journal.pone.0261829,35061689,https://doi.org/10.1371/journal.pone.0261829
39764114_ref36,39764114,36,On human disease-causing amino acid variants: statistical study of sequence and structural patterns,Human mutation,2015,10.1002/humu.22770,25689729,https://doi.org/10.1002/humu.22770
39764114_ref37,39764114,37,Accurate proteome-wide missense variant effect prediction with AlphaMissense,Science,2023,10.1126/science.adg7492,37733863,https://doi.org/10.1126/science.adg7492
39764114_ref38,39764114,38,"Loss-of-function, gain-of-function and dominant-negative mutations have profoundly different effects on protein structure",Nature Communications,2022,10.1038/s41467-022-31686-6,35794153,https://doi.org/10.1038/s41467-022-31686-6
39764114_ref39,39764114,39,Potential therapeutic interventions for fragile X syndrome,Trends in molecular medicine,2010,10.1016/j.molmed.2010.08.005,20864408,https://doi.org/10.1016/j.molmed.2010.08.005
39700257_ref1,39700257,1,Applications of synthetic biology in medical and pharmaceutical fields,Signal Transduct Target Ther,2023,10.1038/s41392-023-01440-5,37169742,https://doi.org/10.1038/s41392-023-01440-5
39700257_ref2,39700257,2,Sustainable manufacturing with synthetic biology,Nat Biotechnol,2022,10.1038/s41587-022-01248-8,35190687,https://doi.org/10.1038/s41587-022-01248-8
39700257_ref3,39700257,3,Synthetic biology and opportunities within agricultural crops,Journal of Sustainable Agriculture and Environment,2022,10.1002/sae2.12014,,https://doi.org/10.1002/sae2.12014
39700257_ref4,39700257,4,Robust deep learning–based protein sequence design using ProteinMPNN,Sci,2022,10.1126/science.add2187,36108050,https://doi.org/10.1126/science.add2187
39700257_ref5,39700257,5,ProtGPT2 is a deep unsupervised language model for protein design,Nat. Commun,2022,10.1038/s41467-022-32007-7,35896542,https://doi.org/10.1038/s41467-022-32007-7
39700257_ref6,39700257,6,Large-scale design and refinement of stable proteins using sequence-only models,PLoS ONE,2022,10.1371/journal.pone.0265020,35286324,https://doi.org/10.1371/journal.pone.0265020
39700257_ref7,39700257,7,De novo protein design by deep network hallucination,Nat,2021,10.1038/s41586-021-04184-w,34853475,https://doi.org/10.1038/s41586-021-04184-w
39700257_ref8,39700257,8,Hallucinating symmetric protein assemblies,Sci,2022,10.1126/science.add1964,36108048,https://doi.org/10.1126/science.add1964
39700257_ref9,39700257,9,Design by Directed Evolution,Acc. Chem. Res,1998,10.1021/ar960017f,,https://doi.org/10.1021/ar960017f
39700257_ref10,39700257,10,Drugs derived from phage display,mAbs,2014,10.4161/mabs.27240,24262785,https://doi.org/10.4161/mabs.27240
39700257_ref11,39700257,11,Directed evolution of a genetically encoded immobilized lipase for the efficient production of biodiesel from waste cooking oil,Biotechnol Biofuels,2019,10.1186/s13068-019-1509-5,31297153,https://doi.org/10.1186/s13068-019-1509-5
39700257_ref12,39700257,12,A simple selection strategy for evolving highly efficient enzymes,Nat Biotechnol,2007,10.1038/nbt1341,17873865,https://doi.org/10.1038/nbt1341
39700257_ref13,39700257,13,Advanced strategies and tools to facilitate and streamline microbial adaptive laboratory evolution,Trends Biotechnol,2022,10.1016/j.tibtech.2021.04.002,33958227,https://doi.org/10.1016/j.tibtech.2021.04.002
39700257_ref14,39700257,14,Ultrahigh-throughput FACS-based screening for directed enzyme evolution,Chembiochem,2009,10.1002/cbic.200900384,19780076,https://doi.org/10.1002/cbic.200900384
39700257_ref15,39700257,15,Cheating the cheater: Suppressing false positive enrichment during biosensor-guided biocatalyst engineering,ACS Synth Biol,2022,10.1021/acssynbio.1c00506,34914365,https://doi.org/10.1021/acssynbio.1c00506
39700257_ref16,39700257,16,"Isolating live cells after high-throughput, long-term, time-lapse microscopy",Nat Methods,2020,10.1038/s41592-019-0620-7,31768062,https://doi.org/10.1038/s41592-019-0620-7
39700257_ref17,39700257,17,An Optogenetic Toolkit for Light-Inducible Antibiotic Resistance,Nat Commun,2023,10.1038/s41467-023-36670-2,36823420,https://doi.org/10.1038/s41467-023-36670-2
39700257_ref18,39700257,18,CRISPR-guided DNA polymerases enable diversification of all nucleotides in a tunable window,Nat,2023,10.1038/s41586-018-0384-8,30069054,https://doi.org/10.1038/s41586-018-0384-8
39700257_ref19,39700257,19,A Processive Protein Chimera Introduces Mutations Across Defined DNA Regions In Vivo,J. Am. Chem. Soc,2018,10.1021/jacs.8b04001,29991261,https://doi.org/10.1021/jacs.8b04001
39700257_ref20,39700257,20,Scalable continuous evolution for the generation of diverse enzyme variants encompassing promiscuous activities,Nat. Commun,2020,10.1038/s41467-020-19539-6,33159067,https://doi.org/10.1038/s41467-020-19539-6
39700257_ref21,39700257,21,In vivo hypermutation and continuous evolution,Nat Rev Methods Primers,2022,10.1038/s43586-022-00130-w,37073402,https://doi.org/10.1038/s43586-022-00130-w
39700257_ref22,39700257,22,"The Roles of Mutation, Inbreeding, crossbreeding and Selection in Evolution",Proceedings of the XI International Congress of Genetics,1932,,,
39700257_ref23,39700257,23,Adaptation in protein fitness landscapes is facilitated by indirect paths,eLife,2016,10.7554/eLife.16965,27391790,https://doi.org/10.7554/eLife.16965
39700257_ref24,39700257,24,A rugged yet easily navigable fitness landscape,Sci,2023,10.1126/science.adh3860,37995212,https://doi.org/10.1126/science.adh3860
39700257_ref25,39700257,25,A combinatorially complete epistatic fitness landscape in an enzyme active site,Proc. Natl. Acad. Sci. U.S.A,2024,10.1073/pnas.2400439121,39074291,https://doi.org/10.1073/pnas.2400439121
39700257_ref26,39700257,26,Directed evolution of the PcaV allosteric transcription factor to generate a biosensor for aromatic aldehydes,J. Biol. Eng,2019,10.1186/s13036-019-0214-z,31798685,https://doi.org/10.1186/s13036-019-0214-z
39700257_ref27,39700257,27,Ultrahigh-throughput screening-assisted in vivo directed evolution for enzyme engineering,Biotechnology for Biofuels and Bioproducts,2024,10.1186/s13068-024-02457-w,38254175,https://doi.org/10.1186/s13068-024-02457-w
39700257_ref28,39700257,28,A Model for Designing Adaptive Laboratory Evolution Experiments,AEM,2017,10.1128/AEM.03115-16,28159796,https://doi.org/10.1128/AEM.03115-16
39700257_ref29,39700257,29,"Directed evolution of an α1,3-fucosyltransferase using a single-cell ultrahigh-throughput screening method",Sci. Adv,2019,10.1126/sciadv.aaw8451,31633018,https://doi.org/10.1126/sciadv.aaw8451
39700257_ref30,39700257,30,Cell Sorting-Directed Selection of Bacterial Cells in Bigger Sizes Analyzed by Imaging Flow Cytometry during Experimental Evolution,Int. J. Mol. Sci,2023,10.3390/ijms24043243,36834655,https://doi.org/10.3390/ijms24043243
39700257_ref31,39700257,31,A Flow Cytometry–Based Screening System for Directed Evolution of Proteases,SLAS Discov,2011,10.1177/1087057110396361,21335599,https://doi.org/10.1177/1087057110396361
39700257_ref32,39700257,32,Exploring protein fitness landscapes by directed evolution,Nature Reviews Molecular Cell Biology,2009,10.1038/nrm2805,19935669,https://doi.org/10.1038/nrm2805
39700257_ref33,39700257,33,Optimizing the search algorithm for protein engineering by directed evolution,PEDS,2003,10.1093/protein/gzg077,12968076,https://doi.org/10.1093/protein/gzg077
39700257_ref34,39700257,34,Machine learning-assisted directed protein evolution with combinatorial libraries,PNAS,2019,10.1073/pnas.1901979116,30979809,https://doi.org/10.1073/pnas.1901979116
39700257_ref35,39700257,35,Informed training set design enables efficient machine learning-assisted directed protein evolution,Cell. Syst,2021,10.1016/j.cels.2021.07.008,34416172,https://doi.org/10.1016/j.cels.2021.07.008
39700257_ref36,39700257,36,Machine-learning-guided directed evolution for protein engineering,Nat. Methods,2019,10.1038/s41592-019-0496-6,31308553,https://doi.org/10.1038/s41592-019-0496-6
39700257_ref37,39700257,37,Bayesian optimization with evolutionary and structure-based regularization for directed protein evolution,Algorithms Mol Biol,2021,10.1186/s13015-021-00195-4,34210336,https://doi.org/10.1186/s13015-021-00195-4
39700257_ref38,39700257,38,Protein engineering via Bayesian optimization-guided evolutionary algorithm and robotic experiments,Brief. Bioinform,2023,10.1093/bib/bbac570,36562723,https://doi.org/10.1093/bib/bbac570
39700257_ref39,39700257,39,Inferring protein fitness landscapes from laboratory evolution experiments,PLoS. Comput. Bio,2023,10.1371/journal.pcbi.1010956,36857380,https://doi.org/10.1371/journal.pcbi.1010956
39700257_ref40,39700257,40,Have you tried turning it off and on again? Oscillating selection to enhance fitness-landscape traversal in adaptive laboratory evolution experiments,Metab Eng Commun,2023,10.1016/j.mec.2023.e00227,37538933,https://doi.org/10.1016/j.mec.2023.e00227
39700257_ref41,39700257,41,Effects of selection stringency on the outcomes of directed evolution,PLoS ONE,,10.1371/journal.pone.0311438,39401192,https://doi.org/10.1371/journal.pone.0311438
39700257_ref42,39700257,42,Towards a general theory of adaptive walks on rugged landscapes,J. Theor. Biol,1987,10.1016/S0022-5193(87)80029-2,3431131,https://doi.org/10.1016/S0022-5193(87)80029-2
39700257_ref43,39700257,43,The NK model of rugged fitness landscapes and its application to maturation of the immune response,J. Theor. Biol,1989,10.1016/S0022-5193(89)80019-0,2632988,https://doi.org/10.1016/S0022-5193(89)80019-0
39700257_ref44,39700257,44,Stochastic tunnels in evolutionary dynamics,Genetics,2004,10.1534/genetics.166.3.1571,15082570,https://doi.org/10.1534/genetics.166.3.1571
39700257_ref45,39700257,45,The competition between simple and complex evolutionary trajectories in asexual populations,BMC Evol. Biol,2015,10.1186/s12862-015-0334-0,25881244,https://doi.org/10.1186/s12862-015-0334-0
39700257_ref46,39700257,46,A primer to directed evolution: current methodologies and future directions,RSC,2023,10.1039/d2cb00231k,37034405,https://doi.org/10.1039/d2cb00231k
39700257_ref47,39700257,47,Perspective: Models of Speciation: What Have We Learned in 40 Years?,SSE,2003,10.1111/j.0014-3820.2003.tb00233.x,14628909,https://doi.org/10.1111/j.0014-3820.2003.tb00233.x
39700257_ref48,39700257,48,"Chen Z, Kang L. Multi-Population Evolutionary Algorithm for Solving Constrained Optimization Problems Artificial Intelligence Applications and Innovations(IFIP Conference). 2005.",,,,,
39700257_ref49,39700257,49,Barnett L. Ruggedness and neutrality—the NKp family of fitness landscapes ALIFE: Proceedings of the sixth international conference on Artificial life. 1998. pp18–27.,,,,,
39700257_ref50,39700257,50,"Newman MEJ, Engelhardt R. Effects of neutral selection on the evolution of molecular species arXiv:adap-org/9712005v1. 1997. Available from: https://arxiv.org/abs/adap-org/9712005.",,,,,https://arxiv.org/abs/adap-org/9712005
39700257_ref51,39700257,51,Mutation effects predicted from sequence co-variation,Nat Biotechnol,2017,10.1038/nbt.3769,28092658,https://doi.org/10.1038/nbt.3769
39700257_ref52,39700257,52,Deep generative models of genetic variation capture the effects of mutations,Nat Methods,2018,10.1038/s41592-018-0138-4,30250057,https://doi.org/10.1038/s41592-018-0138-4
39700257_ref53,39700257,53,"Directed evolution of dynamic, multi-state, and computational proteins",Cell Press,2024,,,
39700257_ref54,39700257,54,Tuned Fitness Landscapes for Benchmarking Model-Guided Protein Design,BioRxiv,2022,,,https://www.biorxiv.org/content/10.1101/2022.10.28.514293v1
39700257_ref55,39700257,55,Learning-Based Estimation of Fitness Landscape Ruggedness for Directed Evolution,BioRxiv,2024,,,https://www.biorxiv.org/content/10.1101/2024.02.28.582468v1
39700257_ref56,39700257,56,Beneficial Mutation-Selection Balance and the Effect of Linkage on Positive Selection,Genetics,2007,10.1534/genetics.106.067678,17483432,https://doi.org/10.1534/genetics.106.067678
39695007_ref1,39695007,1,"Altmeyer MA, Marschner A, Schiffmann R, Klein CD(2010)Subtype-selectivity of metal-dependent methionine aminopeptidase inhibitors. Bioorg Med Chem Lett 20(14):4038–4044. 10.1016/j.bmcl.2010.05.093 20621724 10.1016/j.bmcl.2010.05.093",,,10.1016/j.bmcl.2010.05.093,20621724,https://doi.org/10.1016/j.bmcl.2010.05.093
39695007_ref2,39695007,2,"Chant A, Kraemer-Pecore CM, Watkin R, Kneale GG(2005)Attachment of a histidine tag to the minimal zinc finger protein of the aspergillus nidulans gene regulatory protein AreA causes a conformational change at the DNA-binding site. Protein Expr Purif 39(2):152–159. 10.1016/j.pep.2004.10.017 15642465 10.1016/j.pep.2004.10.017",,,10.1016/j.pep.2004.10.017,15642465,https://doi.org/10.1016/j.pep.2004.10.017
39695007_ref3,39695007,3,"Dougherty DA(1996)Cation-pi interactions in chemistry and biology: a new view of benzene, phe, Tyr, and Trp. Science 271(5246):163–168. 10.1126/science.271.5246.163 8539615 10.1126/science.271.5246.163",,,10.1126/science.271.5246.163,8539615,https://doi.org/10.1126/science.271.5246.163
39695007_ref4,39695007,4,"Elgharbi F, Ben Hlima H, Ben Mabrouk S, Hmida-Sayari A(2023)Expression of a copper activated xylanase in yeast: location of the his-tag in the protein significantly affects the Enzymatic properties. Mol Biotechnol 65(7):1109–1118. 10.1007/s12033-022-00606-w 36445609 10.1007/s12033-022-00606-w",,,10.1007/s12033-022-00606-w,36445609,https://doi.org/10.1007/s12033-022-00606-w
39695007_ref5,39695007,5,"Esteban-Torres M, Alvarez Y, Acebrón I, de las Rivas B, Muñoz R, Kohring GW, Roa AM, Sobrino M, Mancheño JM(2012)The crystal structure of galactitol-1-phosphate 5-dehydrogenase from Escherichia coli K12 provides insights into its anomalous behavior on IMAC processes. FEBS Lett 586(19):3127–3133. 10.1016/j.febslet.2012.07.073 22979983 10.1016/j.febslet.2012.07.073",,,10.1016/j.febslet.2012.07.073,22979983,https://doi.org/10.1016/j.febslet.2012.07.073
39695007_ref6,39695007,6,"Gebbie MA, Wei W, Schrader AM, Cristiani TR, Dobbs HA, Idso M, Chmelka BF, Waite JH, Israelachvili JN(2017)Tuning underwater adhesion with cation-π interactions. Nat Chem 9(5):473–479. 10.1038/nchem.2720 28430190 10.1038/nchem.2720",,,10.1038/nchem.2720,28430190,https://doi.org/10.1038/nchem.2720
39695007_ref7,39695007,7,"Gilboa R, Spungin-Bialik A, Wohlfahrt G, Schomburg D, Blumberg S, Shoham G(2001)Interactions of Streptomyces griseus aminopeptidase with amino acid reaction products and their implications toward a catalytic mechanism. Proteins 44(4):490–504. 10.1002/prot.1115 11484227 10.1002/prot.1115",,,10.1002/prot.1115,11484227,https://doi.org/10.1002/prot.1115
39695007_ref8,39695007,8,"Gonzales T, Robert-Baudouy J(1996)Bacterial aminopeptidases: properties and functions. FEMS Microbiol Rev 18(4):319–344. 10.1111/j.1574-6976.1996.tb00247.x 8703509 10.1111/j.1574-6976.1996.tb00247.x",,,10.1111/j.1574-6976.1996.tb00247.x,8703509,https://doi.org/10.1111/j.1574-6976.1996.tb00247.x
39695007_ref9,39695007,9,"Hu X, Fan W, Han B, Liu H, Zheng D, Li Q, Dong W, Yan J, Gao M, Berry C, Yuan Z(2008)Complete genome sequence of the mosquitocidal bacterium Bacillus sphaericus C3-41 and comparison with those of closely related Bacillus species. J Bacteriol 190(8):2892–2902. 10.1128/JB.01652-07 18296527 10.1128/JB.01652-07 PMC2293248",,,10.1128/JB.01652-07,18296527,https://doi.org/10.1128/JB.01652-07
39695007_ref10,39695007,10,"Li Q, Jiang T, Liu R, Feng X, Li C(2019)Tuning the pH profile of β-glucuronidase by rational site-directed mutagenesis for efficient transformation of glycyrrhizin. Appl Microbiol Biotechnol 103(12):4813–4823. 10.1007/s00253-019-09790-3 31055652 10.1007/s00253-019-09790-3",,,10.1007/s00253-019-09790-3,31055652,https://doi.org/10.1007/s00253-019-09790-3
39695007_ref11,39695007,11,"Mahadevi AS, Sastry GN(2013)Cation-π interaction: its role and relevance in chemistry, biology, and material science. Chem Rev 113(3):2100–2138. 10.1021/cr300222d 23145968 10.1021/cr300222d",,,10.1021/cr300222d,23145968,https://doi.org/10.1021/cr300222d
39695007_ref12,39695007,12,"Meyer EA, Castellano RK, Diederich F(2003)Interactions with aromatic rings in chemical and biological recognition. Angew Chem 42(11):1210–1250. 10.1002/anie.200390319 12645054 10.1002/anie.200390319",,,10.1002/anie.200390319,12645054,https://doi.org/10.1002/anie.200390319
39695007_ref13,39695007,13,"Nandan A, Nampoothiri KM(2017)Molecular advances in microbial aminopeptidases. Bioresour Technol 245(Pt B 1757–1765. 10.1016/j.biortech.2017.05.103 10.1016/j.biortech.2017.05.103 28599921",,,10.1016/j.biortech.2017.05.103,28599921,https://doi.org/10.1016/j.biortech.2017.05.103
39695007_ref14,39695007,14,"Nandan A, Nampoothiri KM(2020)Therapeutic and biotechnological applications of substrate specific microbial aminopeptidases. Appl Microbiol Biotechnol 104(12):5243–5257. 10.1007/s00253-020-10641-9 32342144 10.1007/s00253-020-10641-9 PMC7186005",,,10.1007/s00253-020-10641-9,32342144,https://doi.org/10.1007/s00253-020-10641-9
39695007_ref15,39695007,15,"Noirclerc-Savoye M, Flayhan A, Pereira C, Gallet B, Gans P, Ebel C, Breyton C(2015)Tail proteins of phage T5: investigation of the effect of the His6-tag position, from expression to crystallisation. Protein Expr Purif 109:70–78. 10.1016/j.pep.2015.02.003 25676818 10.1016/j.pep.2015.02.003",,,10.1016/j.pep.2015.02.003,25676818,https://doi.org/10.1016/j.pep.2015.02.003
39695007_ref16,39695007,16,"Reiland V, Gilboa R, Spungin-Bialik A, Schomburg D, Shoham Y, Blumberg S, Shoham G(2004)Binding of inhibitory aromatic amino acids to Streptomyces griseus aminopeptidase. Acta Crystallogr D Biol Crystallogr 60(Pt 10):1738–1746. 10.1107/S0907444904018281 15388919 10.1107/S0907444904018281",,,10.1107/S0907444904018281,15388919,https://doi.org/10.1107/S0907444904018281
39695007_ref17,39695007,17,"Sierra EM, Pereira MR, Maester TC, Gomes-Pepe ES, Mendoza ER, Lemos EGM(2017)Halotolerant aminopeptidase M29 from Mesorhizobium SEMIA 3007 with biotechnological potential and its impact on biofilm synthesis. Sci Rep 6(1):10684. 10.1038/s41598-017-10932-8 10.1038/s41598-017-10932-8 PMC5587760 28878230",,,10.1038/s41598-017-10932-8,28878230,https://doi.org/10.1038/s41598-017-10932-8
39695007_ref18,39695007,18,"Stressler T, Tanzer C, Ewert J, Claaßen W, Fischer L(2017)Simple purification method for a recombinantly expressed native his-tag-free aminopeptidase A from Lactobacillus delbrueckii. Protein Expr Purif 131:7–15. 10.1016/j.pep.2016.10.010 27815133 10.1016/j.pep.2016.10.010",,,10.1016/j.pep.2016.10.010,27815133,https://doi.org/10.1016/j.pep.2016.10.010
39695007_ref19,39695007,19,"Tang W, Li Z, Li C, Yu X, Wang F, Wan X, Wang Y, Ma L(2016)High-level expression and characterization of the Bacillus subtilis subsp. subtilis str. BSP1 YwaD aminopeptidase in Pichia pastoris. Protein Expr Purif 122:23–30. 10.1016/j.pep.2016.02.009 26898926 10.1016/j.pep.2016.02.009",,,10.1016/j.pep.2016.02.009,26898926,https://doi.org/10.1016/j.pep.2016.02.009
39695007_ref20,39695007,20,"Thielges MC, Chung JK, Axup JY, Fayer MD(2011)Influence of histidine tag attachment on picosecond protein dynamics. Biochemistry. 28;50(25):5799–805. 10.1021/bi2003923 10.1021/bi2003923 PMC3133630 21619030",,,10.1021/bi2003923,21619030,https://doi.org/10.1021/bi2003923
39695007_ref21,39695007,21,"Wang Y, Wang J, Zhang Z, Yang J, Turunen O, Xiong H(2022)High-temperature behavior of hyperthermostable Thermotoga maritima xylanase XYN10B after designed and evolved mutations. Appl Microbiol Biotechnol 106(5–6):2017–2027. 10.1007/s00253-022-11823-3 35171339 10.1007/s00253-022-11823-3",,,10.1007/s00253-022-11823-3,35171339,https://doi.org/10.1007/s00253-022-11823-3
39695007_ref22,39695007,22,"Wang Y, Zhao P, Zhou Y, Hu X, Xiong H(2023)From bitter to delicious: Properties and uses of Microbial aminopeptidases. World J Microbiol Biotechnol 39(3):72. 10.1007/s11274-022-03501-3 36625962 10.1007/s11274-022-03501-3",,,10.1007/s11274-022-03501-3,36625962,https://doi.org/10.1007/s11274-022-03501-3
39695007_ref23,39695007,23,"Zhao P, Zhang M, Wan X, Geng P, Xiong H, Hu X(2022)Characterization and heterologous expression of a novel Co 2+-dependent leucyl aminopeptidase Amp0279 originating from Lysinibacillus sphaericus. Appl Microbiol Biotechnol 106(3):1139–1149. 10.1007/s00253-022-11767-8 35064357 10.1007/s00253-022-11767-8",,,10.1007/s00253-022-11767-8,35064357,https://doi.org/10.1007/s00253-022-11767-8
39868219_ref1,39868219,1,The Amyloid Phenomenon and Its Links with Human Disease,Cold Spring Harb Perspect Biol,2017,10.1101/cshperspect.a023648,28062560,https://doi.org/10.1101/cshperspect.a023648
39868219_ref2,39868219,2,The behaviour of polyamino acids reveals an inverse side chain effect in amyloid structure formation,EMBO J,2002,10.1093/emboj/cdf573,12411486,https://doi.org/10.1093/emboj/cdf573
39868219_ref3,39868219,3,Metamorphic proteins and how to find them,Curr Opin Struct Biol,2024,10.1016/j.sbi.2024.102807,38537533,https://doi.org/10.1016/j.sbi.2024.102807
39868219_ref4,39868219,4,Principles of protein folding--a perspective from simple exact models,Protein Sci,1995,10.1002/pro.5560040401,7613459,https://doi.org/10.1002/pro.5560040401
39868219_ref5,39868219,5,Minimum energy compact structures of random sequences of heteropolymers,Phys Rev Lett,1993,10.1103/PhysRevLett.71.2505,10054697,https://doi.org/10.1103/PhysRevLett.71.2505
39868219_ref6,39868219,6,"For protein misassembly, it’s the “I” decade",Cell,1996,10.1016/s0092-8674(00)80143-9,8797816,https://doi.org/10.1016/s0092-8674(00)80143-9
39868219_ref7,39868219,7,"Stability constraints and protein evolution: the role of chain length, composition and disulfide bonds",Protein Eng Des Sel,2005,10.1093/protein/gzi045,16085657,https://doi.org/10.1093/protein/gzi045
39868219_ref8,39868219,8,Frequencies of amino acid strings in globular protein sequences indicate suppression of blocks of consecutive hydrophobic residues,Protein Sci,2001,10.1110/ps.33201,11316883,https://doi.org/10.1110/ps.33201
39868219_ref9,39868219,9,Properties of protein unfolded states suggest broad selection for expanded conformational ensembles,Proc Natl Acad Sci U S A,2020,10.1073/pnas.2003773117,32879005,https://doi.org/10.1073/pnas.2003773117
39868219_ref10,39868219,10,The importance of sequence diversity in the aggregation and evolution of proteins,Nature,2005,10.1038/nature04195,16341018,https://doi.org/10.1038/nature04195
39868219_ref11,39868219,11,Navigating the complexities of multi-domain protein folding,Curr Opin Struct Biol,2024,10.1016/j.sbi.2024.102790,38432063,https://doi.org/10.1016/j.sbi.2024.102790
39868219_ref12,39868219,12,Intermediates: ubiquitous species on folding energy landscapes?,Curr Opin Struct Biol,2007,10.1016/j.sbi.2007.01.003,17239580,https://doi.org/10.1016/j.sbi.2007.01.003
39868219_ref13,39868219,13,Rapid folding with and without populated intermediates in the homologous four-helix proteins Im7 and Im9,J Mol Biol,1999,10.1006/jmbi.1998.2548,10064717,https://doi.org/10.1006/jmbi.1998.2548
39868219_ref14,39868219,14,The mechanism of folding of Im7 reveals competition between functional and kinetic evolutionary constraints,Nat Struct Mol Biol,2009,10.1038/nsmb.1562,19252485,https://doi.org/10.1038/nsmb.1562
39868219_ref15,39868219,15,The immune-evasive proline-283 substitution in influenza nucleoprotein increases aggregation propensity without altering the native structure,Sci Adv,2024,10.1126/sciadv.adl6144,38640233,https://doi.org/10.1126/sciadv.adl6144
39868219_ref16,39868219,16,Energetic landscape of alpha-lytic protease optimizes longevity through kinetic stability,Nature,2002,10.1038/415343a,11797014,https://doi.org/10.1038/415343a
39868219_ref17,39868219,17,Mesophile versus thermophile: insights into the structural mechanisms of kinetic stability,J Mol Biol,2007,10.1016/j.jmb.2007.04.078,17543987,https://doi.org/10.1016/j.jmb.2007.04.078
39868219_ref18,39868219,18,Exploring the sequence and structural determinants of the energy landscape from thermodynamically stable and kinetically trapped subtilisins: ISP1 and SbtE,bioRxiv,2024,10.1101/2024.09.08.611919,40823964,https://doi.org/10.1101/2024.09.08.611919
39868219_ref19,39868219,19,Pertactin beta-helix folding mechanism suggests common themes for the secretion and folding of autotransporter proteins,Proc Natl Acad Sci U S A,2006,10.1073/pnas.0507923103,16549796,https://doi.org/10.1073/pnas.0507923103
39868219_ref20,39868219,20,Structure of Bordetella pertussis virulence factor P.69 pertactin,Nature,1996,10.1038/381090a0,8609998,https://doi.org/10.1038/381090a0
39868219_ref21,39868219,21,When protein folding is simplified to protein coiling: the continuum of solenoid protein structures,Trends Biochem Sci,2000,10.1016/s0968-0004(00)01667-4,11050437,https://doi.org/10.1016/s0968-0004(00)01667-4
39868219_ref22,39868219,22,Slow formation of aggregation-resistant beta-sheet folding intermediates,Proteins,2010,10.1002/prot.22609,19847915,https://doi.org/10.1002/prot.22609
39868219_ref23,39868219,23,Innovative scattering analysis shows that hydrophobic disordered proteins are expanded in water,Science,2017,10.1126/science.aan5774,29026044,https://doi.org/10.1126/science.aan5774
39868219_ref24,39868219,24,Commonly used FRET fluorophores promote collapse of an otherwise disordered protein,Proc Natl Acad Sci U S A,2019,10.1073/pnas.1813038116,30992378,https://doi.org/10.1073/pnas.1813038116
39868219_ref25,39868219,25,ATP-independent control of autotransporter virulence protein transport via the folding properties of the secreted protein,Chem Biol,2012,10.1016/j.chembiol.2011.11.009,22209629,https://doi.org/10.1016/j.chembiol.2011.11.009
39868219_ref26,39868219,26,Autotransporters: The Cellular Environment Reshapes a Folding Mechanism to Promote Protein Transport,J Phys Chem Lett,2012,10.1021/jz201654k,23687560,https://doi.org/10.1021/jz201654k
39868219_ref27,39868219,27,"The notch ankyrin domain folds via a discrete, centralized pathway",Structure,2006,10.1016/j.str.2006.06.013,16905104,https://doi.org/10.1016/j.str.2006.06.013
39868219_ref28,39868219,28,Predicting repeat protein folding kinetics from an experimentally determined folding energy landscape,Protein Sci,2009,10.1002/pro.9,19177351,https://doi.org/10.1002/pro.9
39868219_ref29,39868219,29,In vitro folding pathway of phage P22 tailspike protein,Biochemistry,1991,10.1021/bi00240a032,1828991,https://doi.org/10.1021/bi00240a032
39868219_ref30,39868219,30,Folding kinetics of the protein pectate lyase C reveal fast-forming intermediates and slow proline isomerization,Biochemistry,2002,10.1021/bi0115129,11926834,https://doi.org/10.1021/bi0115129
39868219_ref31,39868219,31,The folding of single domain proteins--have we reached a consensus?,Curr Opin Struct Biol,2011,10.1016/j.sbi.2010.11.002,21144739,https://doi.org/10.1016/j.sbi.2010.11.002
39868219_ref32,39868219,32,Vectorial transport and folding of an autotransporter virulence protein during outer membrane secretion,Mol Microbiol,2009,10.1111/j.1365-2958.2009.06607.x,19170888,https://doi.org/10.1111/j.1365-2958.2009.06607.x
39868219_ref33,39868219,33,Uncovering the folding mechanism of pertactin: A comparative study of isolated and vectorial folding,Biophys J,2023,10.1016/j.bpj.2023.03.021,36960532,https://doi.org/10.1016/j.bpj.2023.03.021
39868219_ref34,39868219,34,Multiple driving forces required for efficient secretion of autotransporter virulence proteins,J Biol Chem,2015,10.1074/jbc.M114.629170,25670852,https://doi.org/10.1074/jbc.M114.629170
39868219_ref35,39868219,35,Contact order and ab initio protein structure prediction,Protein Sci,2002,10.1110/ps.3790102,12142448,https://doi.org/10.1110/ps.3790102
39868219_ref36,39868219,36,"Contact order, transition state placement and the refolding rates of single domain proteins",J Mol Biol,1998,10.1006/jmbi.1998.1645,9545386,https://doi.org/10.1006/jmbi.1998.1645
39868219_ref37,39868219,37,Fiji: an open-source platform for biological-image analysis,Nat Methods,2012,10.1038/nmeth.2019,22743772,https://doi.org/10.1038/nmeth.2019
39670334_ref1,39670334,1,Oxidation with Galactose Oxidase: Multifunctional Enzymatic Catalysis,J. Mol. Catal. B Enzym.,2015,10.1016/j.molcatb.2015.06.006,,https://doi.org/10.1016/j.molcatb.2015.06.006
39670334_ref2,39670334,2,Electrochemical Studies of Galactose Oxidase,Electrochem. Sci. Adv.,2022,10.1002/elsa.202100171,,https://doi.org/10.1002/elsa.202100171
39670334_ref3,39670334,3,Expression and Stabilization of Galactose Oxidase in Escherichia coli by Directed Evolution,Protein Eng. Des. Sel.,2001,10.1093/protein/14.9.699,11707617,https://doi.org/10.1093/protein/14.9.699
39670334_ref4,39670334,4,Modification of Galactose Oxidase to Introduce Glucose 6-Oxidase Activity,ChemBioChem,2002,10.1002/1439-7633(20020802)3:8&#x0003c;781::AID-CBIC781&#x0003e;3.0.CO;2-8,12203977,https://doi.org/10.1002/1439-7633(20020802)3:8&#x0003c;781::AID-CBIC781&#x0003e;3.0.CO;2-8
39670334_ref5,39670334,5,Directed Evolution of Galactose Oxidase: Generation of Enantioselective Secondary Alcohol Oxidases,ChemBioChem,2008,10.1002/cbic.200700689,18330849,https://doi.org/10.1002/cbic.200700689
39670334_ref6,39670334,6,Directed Evolution and Computational Modeling of Galactose Oxidase toward Bulky Benzylic and Alkyl Secondary Alcohols,ACS Catal.,2023,10.1021/acscatal.3c03427,,https://doi.org/10.1021/acscatal.3c03427
39670334_ref7,39670334,7,Toward Scalable Biocatalytic Conversion of 5-Hydroxymethylfurfural by Galactose Oxidase Using Coordinated Reaction and Enzyme Engineering,Nat. Commun.,2021,10.1038/s41467-021-25034-3,34400632,https://doi.org/10.1038/s41467-021-25034-3
39670334_ref8,39670334,8,Glycoprotein Labeling Using Engineered Variants of Galactose Oxidase Obtained by Directed Evolution,J. Am. Chem. Soc.,2011,10.1021/ja2018477,21526835,https://doi.org/10.1021/ja2018477
39670334_ref9,39670334,9,"Catalytic Promiscuity of Galactose Oxidase: A Mild Synthesis of Nitriles from Alcohols, Air, and Ammonia","Angew. Chem., Int. Ed.",2018,10.1002/anie.201809411,30176101,https://doi.org/10.1002/anie.201809411
39670334_ref10,39670334,10,Opportunities and Challenges in Design and Optimization of Protein Function,Nat. Rev. Mol. Cell Biol.,2024,10.1038/s41580-024-00718-y,38565617,https://doi.org/10.1038/s41580-024-00718-y
39670334_ref11,39670334,11,Designed High-Redox Potential Laccases Exhibit High Functional Diversity,ACS Catal.,2022,10.1021/acscatal.2c03006,36366766,https://doi.org/10.1021/acscatal.2c03006
39670334_ref12,39670334,12,Stable and functionally diverse versatile peroxidases by computational design directly from sequence,J. Am. Chem. Soc.,2022,10.1021/jacs.1c12433,35179866,https://doi.org/10.1021/jacs.1c12433
39670334_ref13,39670334,13,Repertoire of Computationally Designed Peroxygenases for Enantiodivergent C–H Oxyfunctionalization Reactions,J. Am. Chem. Soc.,2023,10.1021/jacs.2c11118,36689349,https://doi.org/10.1021/jacs.2c11118
39670334_ref14,39670334,14,When Directed Evolution Met Ancestral Enzyme Resurrection,Microb. Biotechnol.,2017,10.1111/1751-7915.12452,27863072,https://doi.org/10.1111/1751-7915.12452
39670334_ref15,39670334,15,Directed–in vitro-evolution of Precrambrian and extant Rubiscos,Sci. Rep.,2018,10.1038/s41598-018-23869-3,29615759,https://doi.org/10.1038/s41598-018-23869-3
39670334_ref16,39670334,16,Ancestral Resurrection and Directed Evolution of Fungal Mesozoic Laccases,Appl. Environ. Microbiol.,2020,10.1128/AEM.00778-20,32414792,https://doi.org/10.1128/AEM.00778-20
39670334_ref17,39670334,17,Biotechnological and Protein-Engineering Implications of Ancestral Protein Resurrection,Curr. Opin. Struct. Biol.,2018,10.1016/j.sbi.2018.02.007,29660672,https://doi.org/10.1016/j.sbi.2018.02.007
39670334_ref18,39670334,18,Engineering Functional Thermostable Proteins Using Ancestral Sequence Reconstruction,J. Biol. Chem.,2022,10.1016/j.jbc.2022.102435,36041629,https://doi.org/10.1016/j.jbc.2022.102435
39670334_ref19,39670334,19,Automated Structure-and Sequence-Based Design of Proteins for High Bacterial Expression and Stability,Mol. Cell,2016,10.1016/j.molcel.2016.06.012,27425410,https://doi.org/10.1016/j.molcel.2016.06.012
39670334_ref20,39670334,20,Community-Wide Experimental Evaluation of the PROSS Stability-Design Method,J. Mol. Biol.,2021,10.1016/j.jmb.2021.166964,33781758,https://doi.org/10.1016/j.jmb.2021.166964
39670334_ref21,39670334,21,In Vivo Site-Directed Recombination(SDR): An Efficient Tool to Reveal Beneficial Epistasis,Methods in Enzymology,2020,10.1016/bs.mie.2020.04.021,32896276,https://doi.org/10.1016/bs.mie.2020.04.021
39670334_ref22,39670334,22,Comparative Analysis of Reconstructed Ancestral Proteins with Their Extant Counterparts Suggests Primitive Life Had an Alkaline Habitat,Sci. Rep.,2024,10.1038/s41598-023-50828-4,38172176,https://doi.org/10.1038/s41598-023-50828-4
39670334_ref23,39670334,23,Hyperstability and Substrate Promiscuity in Laboratory Resurrections of Precambrian β-Lactamases,J. Am. Chem. Soc.,2013,10.1021/ja311630a,23394108,https://doi.org/10.1021/ja311630a
39670334_ref24,39670334,24,Heterologous Protein Expression in the Methylotrophic Yeast Pichia Pastoris,FEMS Microbiol. Rev.,2000,10.1111/j.1574-6976.2000.tb00532.x,10640598,https://doi.org/10.1111/j.1574-6976.2000.tb00532.x
39670334_ref25,39670334,25,"Messerschmidt A. 8.14 Copper Metalloenzymes; Elsevier: Martinsried, 2010.",8.14 Copper Metalloenzymes,2010,,,
39670334_ref26,39670334,26,Finding the Generalized Molecular Principles of Protein Thermal Stability,Proteins Struct. Funct. Bioinform.,2020,10.1002/prot.25866,31872464,https://doi.org/10.1002/prot.25866
39670334_ref27,39670334,27,AlphaFold Protein Structure Database: Massively Expanding the Structural Coverage of Protein-Sequence Space with High-Accuracy Models,Nucleic Acids Res.,2022,10.1093/nar/gkab1061,34791371,https://doi.org/10.1093/nar/gkab1061
39670334_ref28,39670334,28,SWISS-MODEL: Homology Modelling of Protein Structures and Complexes,Nucleic Acids Res.,2018,10.1093/nar/gky427,29788355,https://doi.org/10.1093/nar/gky427
39670334_ref29,39670334,29,The Radical Chemistry of Galactose Oxidase,Arch. Biochem. Biophys.,2005,10.1016/j.abb.2004.08.034,15581579,https://doi.org/10.1016/j.abb.2004.08.034
39670334_ref30,39670334,30,Toward scalable biocatalytic conversion of 5-hydroxymethylfurfural by galactose oxidase using coordinated reaction and enzyme engineering,Nat. Commun.,2021,10.1038/s41467-021-25034-3,34400632,https://doi.org/10.1038/s41467-021-25034-3
39670334_ref31,39670334,31,Opportunities and Challenges for Machine Learning-Assisted Enzyme Engineering,ACS Cent. Sci.,2024,10.1021/acscentsci.3c01275,38435522,https://doi.org/10.1021/acscentsci.3c01275
39319912_ref1,39319912,1,Retinoblastoma: Review and new insights,Front Oncol,2022,10.3389/fonc.2022.963780,36408154,https://doi.org/10.3389/fonc.2022.963780
39319912_ref2,39319912,2,Danish retinoblastoma patients 1943-2013-genetic testing and clinical implications,Acta Oncol,2016,10.3109/0284186X.2015.1099732,26494512,https://doi.org/10.3109/0284186X.2015.1099732
39319912_ref3,39319912,3,Haik BG “Retinoblastoma management: connecting institutions with telemedicine” Kanagasingam Y Digital teleretinal screening New York Springer 2012 181 192,Digital teleretinal screening,2012,,,
39319912_ref4,39319912,4,Challenge of Retinoblastoma in Mexico in 2020: Perspectives and Solutions,J Ophthalmol,2020,10.1155/2020/1953602,32850140,https://doi.org/10.1155/2020/1953602
39319912_ref5,39319912,5,Global Retinoblastoma Presentation and Analysis by National Income Level,JAMA Oncol,2020,10.1001/jamaoncol.2019.6716,32105305,https://doi.org/10.1001/jamaoncol.2019.6716
39319912_ref6,39319912,6,The Strengthening the Reporting of Observational Studies in Epidemiology(STROBE)statement: guidelines for reporting observational studies,J Clin Epidemiol,2008,10.1016/j.jclinepi.2007.11.008,18313558,https://doi.org/10.1016/j.jclinepi.2007.11.008
39319912_ref7,39319912,7,"The Global Retinoblastoma Outcome Study: a prospective, cluster-based analysis of 4064 patients from 149 countries",Lancet Glob Health,2022,10.1016/S2214-109X(22)00250-9,35839812,https://doi.org/10.1016/S2214-109X(22)00250-9
39319912_ref8,39319912,8,Moran SE Telemedicine in management of retinoblastoma Madhavan R Khalid S Telemedicine IntechOpen 2013[cited 2024 May 27]. Available from: https://www.intechopen.com/chapters/45740,Telemedicine,2013,,,https://www.intechopen.com/chapters/45740
39319912_ref9,39319912,9,Prediagnostic Intervals in Retinoblastoma: Experience at an Oncology Center in Brazil,J Glob Oncol,2016,10.1200/JGO.2016.005595,28831440,https://doi.org/10.1200/JGO.2016.005595
39319912_ref10,39319912,10,Cancer incidence among children and adolescents in Brazil: First report of 14 population-based cancer registries,Int J Cancer,2010,10.1002/ijc.24799,19642142,https://doi.org/10.1002/ijc.24799
39319912_ref11,39319912,11,Survival of retinoblastoma in less-developed countries impact of socioeconomic and health-related indicators,Br J Ophthalmol,2010,10.1136/bjo.2009.168062,20733021,https://doi.org/10.1136/bjo.2009.168062
39319912_ref12,39319912,12,Incidence of retinoblastoma in children and adolescents in Brazil: A population-based study,Front Pediatr,2022,10.3389/fped.2022.1048792,36507141,https://doi.org/10.3389/fped.2022.1048792
39319912_ref13,39319912,13,"Retinoblastoma: emerging concepts in genetics, global disease burden, chemotherapy outcomes, and psychological impact",Eye(Lond),2023,10.1038/s41433-022-01980-0,35217824,https://doi.org/10.1038/s41433-022-01980-0
39319912_ref14,39319912,14,"Trends in eye cancer mortality among children in Brazil, 1980-2002",Pediatr Blood Cancer,2007,10.1002/pbc.20826,16550528,https://doi.org/10.1002/pbc.20826
39319912_ref15,39319912,15,"Retinoblastoma diagnosis: a proposal based on the experience of Centro Infantil Boldrini, Brazil",Pediatr Hematol Oncol,2013,10.3109/08880018.2013.775201,23484635,https://doi.org/10.3109/08880018.2013.775201
39319912_ref16,39319912,16,Screening children at risk for retinoblastoma,Ophthalmology,2018,10.1016/j.ophtha.2017.09.001,29056300,https://doi.org/10.1016/j.ophtha.2017.09.001
39319912_ref17,39319912,17,Importance of red reflex test inclusion on children examination protocol for retinoblastoma early diagnosis,Rev Cienc Salud,2012,,,
39319912_ref18,39319912,18,Retinoblastoma in a pediatric oncology reference center in Southern Brazil,BMC Pediatr,2016,10.1186/s12887-016-0579-9,27038613,https://doi.org/10.1186/s12887-016-0579-9
39319912_ref19,39319912,19,Aspectos clínicos y sobrevida de los pacientes con retinoblastoma atendidos en el Instituto Nacional de Enfermedades Neoplásicas: Enero 2001-agosto 2007,Acta Med Perú,2013,,,
39319912_ref20,39319912,20,Survival and ocular preservation in a long-term cohort of Japanese patients with retinoblastoma,BMC Pediatr,2020,10.1186/s12887-020-1923-7,31992242,https://doi.org/10.1186/s12887-020-1923-7
39319912_ref21,39319912,21,Retinoblastoma and vision,Eye(Lond),2023,10.1038/s41433-021-01845-y,34987197,https://doi.org/10.1038/s41433-021-01845-y
39319912_ref22,39319912,22,Age and lateness of referral as determinants of extra-ocular retinoblastoma,Ophthalmic Paediatr Genet,1989,10.3109/13816818909009874,2587030,https://doi.org/10.3109/13816818909009874
39319912_ref23,39319912,23,Modern treatment of retinoblastoma: A 2020 review,Indian J Ophthalmol,2020,10.4103/ijo.IJO_721_20,33120616,https://doi.org/10.4103/ijo.IJO_721_20
39319912_ref24,39319912,24,Retinoblastoma treatment in a Brazilian population. Presentation and long-term results,Cancer Med,2024,10.1002/cam4.6683,38243643,https://doi.org/10.1002/cam4.6683
39319912_ref25,39319912,25,Clinical spectrum and treatment outcome of retinoblastoma with Group D and E diseases,Medicine,2020,10.1097/MD.0000000000022201,32957352,https://doi.org/10.1097/MD.0000000000022201
39319912_ref26,39319912,26,Defining high-risk retinoblastoma. A multicenter global survey,JAMA Ophthalmol,2022,10.1001/jamaophthalmol.2021.4732,34762098,https://doi.org/10.1001/jamaophthalmol.2021.4732
39319912_ref27,39319912,27,Retinoblastoma: from discovery to clinical management,FEBS J,2022,10.1111/febs.16035,34042282,https://doi.org/10.1111/febs.16035
39319912_ref28,39319912,28,High-Risk Histopathology Features in Primary and Secondary Enucleated International Intraocular Retinoblastoma Classification Group D Eyes,Ophthalmology,2017,10.1016/j.ophtha.2017.01.048,28302322,https://doi.org/10.1016/j.ophtha.2017.01.048
39319912_ref29,39319912,29,Proceedings of the consensus meetings from the International Retinoblastoma Staging Working Group on the pathology guidelines for the examination of enucleated eyes and evaluation of prognostic risk factors in retinoblastoma,Arch Pathol Lab Med,2009,10.5858/133.8.1199,19653709,https://doi.org/10.5858/133.8.1199
39319912_ref30,39319912,30,"Retinoblastoma, the visible CNS tumor: A review",J Neurosci Res,2019,10.1002/jnr.24213,29314142,https://doi.org/10.1002/jnr.24213
41189730_ref1,41189730,1,"M. Arnold, E. Morgan, H. Rumgay, A. Mafra, D. Singh, M. Laversanne, J. Vignat, J. R. Gralow, F. Cardoso, S. Siesling, I. Soerjomataram, Breast 2022, 66, 15. 36084384 10.1016/j.breast.2022.08.010 PMC9465273",Breast,2022,10.1016/j.breast.2022.08.010,36084384,https://doi.org/10.1016/j.breast.2022.08.010
41189730_ref2,41189730,2,"A. C. Garrido‐Castro, N. U. Lin, K. Polyak, Cancer Discovery 2019, 9, 176. 30679171 10.1158/2159-8290.CD-18-1177 PMC6387871",Cancer Discovery,2019,10.1158/2159-8290.CD-18-1177,30679171,https://doi.org/10.1158/2159-8290.CD-18-1177
41189730_ref3,41189730,3,"A. D. Waldman, J. M. Fritz, M. J. Lenardo, Nat. Rev. Immunol. 2020, 20, 651. 32433532 10.1038/s41577-020-0306-5 PMC7238960",Nat. Rev. Immunol.,2020,10.1038/s41577-020-0306-5,32433532,https://doi.org/10.1038/s41577-020-0306-5
41189730_ref4,41189730,4,"S. Luen, B. Virassamy, P. Savas, R. Salgado, S. Loi, Breast 2016, 29, 241. 27481651 10.1016/j.breast.2016.07.015",Breast,2016,10.1016/j.breast.2016.07.015,27481651,https://doi.org/10.1016/j.breast.2016.07.015
41189730_ref5,41189730,5,"T. N. Schumacher, R. D. Schreiber, Science 2015, 348, 69. 25838375 10.1126/science.aaa4971",Science,2015,10.1126/science.aaa4971,25838375,https://doi.org/10.1126/science.aaa4971
41189730_ref6,41189730,6,"R. W. Jenkins, D. A. Barbie, K. T. Flaherty, Br. J. Cancer 2018, 118, 9. 29319049 10.1038/bjc.2017.434 PMC5765236",Br. J. Cancer,2018,10.1038/bjc.2017.434,29319049,https://doi.org/10.1038/bjc.2017.434
41189730_ref7,41189730,7,"V. Debien, A. De Caluwe, X. Wang, M. Piccart‐Gebhart, V. K. Tuohy, E. Romano, L. Buisseret, npj Breast Cancer 2023, 9, 7. 36781869 10.1038/s41523-023-00508-3 PMC9925769",npj Breast Cancer,2023,10.1038/s41523-023-00508-3,36781869,https://doi.org/10.1038/s41523-023-00508-3
41189730_ref8,41189730,8,"a)K. P. Fabian, M. R. Padget, R. Fujii, J. Schlom, J. W. Hodge, J Immunother. Cancer 2021, 9, 001691; 10.1136/jitc-2020-001691 PMC7896589 33602696",J Immunother. Cancer,2021,10.1136/jitc-2020-001691,33602696,https://doi.org/10.1136/jitc-2020-001691
41189730_ref9,41189730,9,"a)I. Gramaglia, A. Jember, S. D. Pippig, A. D. Weinberg, N. Killeen, M. Croft, J. Immunol. 2000, 165, 3043. 10975814 10.4049/jimmunol.165.6.3043",J. Immunol.,2000,10.4049/jimmunol.165.6.3043,10975814,https://doi.org/10.4049/jimmunol.165.6.3043
41189730_ref10,41189730,10,"a)S. Aspeslagh, S. Postel‐Vinay, S. Rusakiewicz, J. C. Soria, L. Zitvogel, A. Marabelle, Eur. J. Cancer 2016, 52, 50. 26645943 10.1016/j.ejca.2015.08.021",Eur. J. Cancer,2016,10.1016/j.ejca.2015.08.021,26645943,https://doi.org/10.1016/j.ejca.2015.08.021
41189730_ref11,41189730,11,"F. Polesso, M. Sarker, A. D. Weinberg, S. E. Murray, A. E. Moran, J. Immunol. 2019, 203, 2011. 31434709 10.4049/jimmunol.1900696",J. Immunol.,2019,10.4049/jimmunol.1900696,31434709,https://doi.org/10.4049/jimmunol.1900696
41189730_ref12,41189730,12,"B. D. Curti, M. Kovacsovics‐Bankowski, N. Morris, E. Walker, L. Chisholm, K. Floyd, J. Walker, I. Gonzalez, T. Meeuwsen, B. A. Fox, T. Moudgil, W. Miller, D. Haley, T. Coffey, B. Fisher, L. Delanty‐Miller, N. Rymarchyk, T. Kelly, T. Crocenzi, E. Bernstein, R. Sanborn, W. J. Urba, A. D. Weinberg, Cancer Res. 2013, 73, 7189. 24177180 10.1158/0008-5472.CAN-12-4174 PMC3922072",Cancer Res.,2013,10.1158/0008-5472.CAN-12-4174,24177180,https://doi.org/10.1158/0008-5472.CAN-12-4174
41189730_ref13,41189730,13,"a)Z. Guo, X. Wang, D. Cheng, Z. Xia, M. Luan, S. Zhang, PLoS One 2014, 9, 89350. 10.1371/journal.pone.0089350 PMC3937343 24586709",PLoS One,2014,10.1371/journal.pone.0089350,24586709,https://doi.org/10.1371/journal.pone.0089350
41189730_ref14,41189730,14,"a)W. L. Redmond, T. Triplett, K. Floyd, A. D. Weinberg, PLoS One 2012, 7, 34467. 10.1371/journal.pone.0034467 PMC3319580 22496812",PLoS One,2012,10.1371/journal.pone.0034467,22496812,https://doi.org/10.1371/journal.pone.0034467
41189730_ref15,41189730,15,"a)S. N. Linch, M. J. Kasiewicz, M. J. McNamara, I. F. Hilgart‐Martiszus, M. Farhad, W. L. Redmond, Proc. Natl. Acad. Sci. U. S. A. 2016, 113, E319. 26729864 10.1073/pnas.1510518113 PMC4725491",Proc. Natl. Acad. Sci. U. S. A.,2016,10.1073/pnas.1510518113,26729864,https://doi.org/10.1073/pnas.1510518113
41189730_ref16,41189730,16,"A. S. Malamas, S. A. Hammond, J. Schlom, J. W. Hodge, Oncotarget 2017, 8, 90825. 29207606 10.18632/oncotarget.19967 PMC5710887",Oncotarget,2017,10.18632/oncotarget.19967,29207606,https://doi.org/10.18632/oncotarget.19967
41189730_ref17,41189730,17,"A. Mougel, M. Terme, C. Tanchot, Front. Immunol. 2019, 10, 467. 30923527 10.3389/fimmu.2019.00467 PMC6426771",Front. Immunol.,2019,10.3389/fimmu.2019.00467,30923527,https://doi.org/10.3389/fimmu.2019.00467
41189730_ref18,41189730,18,"a)H. Katas, H. O. Alpar, J. Control Release 2006, 115, 216. 16959358 10.1016/j.jconrel.2006.07.021",J. Control Release,2006,10.1016/j.jconrel.2006.07.021,16959358,https://doi.org/10.1016/j.jconrel.2006.07.021
41189730_ref19,41189730,19,"a)S. Al‐Qadi, A. Grenha, C. Remuñán‐López, J. Drug Delivery Sci. Technol. 2012, 22, 29.",J. Drug Delivery Sci. Technol.,2012,,,
41189730_ref20,41189730,20,"V. K. Tuohy, R. Jaini, J. M. Johnson, M. G. Loya, D. Wilk, E. Downs‐Kelly, S. Mazumder, Cancers 2016, 8, 56. 27322324 10.3390/cancers8060056 PMC4931621",Cancers,2016,10.3390/cancers8060056,27322324,https://doi.org/10.3390/cancers8060056
41189730_ref21,41189730,21,"a)A. K. Arrington, E. L. Heinrich, W. Lee, M. Duldulao, S. Patel, J. Sanchez, J. Garcia‐Aguilar, J. Kim, Int. J. Mol. Sci. 2012, 13, 12153. 23202889 10.3390/ijms131012153 PMC3497263",Int. J. Mol. Sci.,2012,10.3390/ijms131012153,23202889,https://doi.org/10.3390/ijms131012153
41189730_ref22,41189730,22,"K. T. Hwang, B. H. Kim, S. Oh, S. Y. Park, J. Jung, J. Kim, I. S. Choi, S. Y. Jeon, W. Y. Kim, J. Breast Cancer 2019, 22, 548. 31897329 10.4048/jbc.2019.22.e55 PMC6933029",J. Breast Cancer,2019,10.4048/jbc.2019.22.e55,31897329,https://doi.org/10.4048/jbc.2019.22.e55
41189730_ref23,41189730,23,"D. C. Koboldt, R. S. Fulton, M. D. McLellan, H. Schmidt, J. Kalicki‐Veizer, J. F. McMichael, L. L. Fulton, D. J. Dooling, L. Ding, E. R. Mardis, R. K. Wilson, A. Ally, M. Balasundaram, Y. S. N. Butterfield, R. Carlsen, C. Carter, A. Chu, E. Chuah, H.‐J. E. Chun, R. J. N. Coope, N. Dhalla, R. Guin, C. Hirst, M. Hirst, R. A. Holt, D. Lee, H. I. Li, M. Mayo, R. A. Moore, A. J. Mungall, et al., Nature 2012, 490, 61.23000897",Nature,2012,,,
41189730_ref24,41189730,24,"B. U. Schraml, C. Reis e Sousa, Curr. Opin. Immunol. 2015, 32, 13. 25553392 10.1016/j.coi.2014.11.001",Curr. Opin. Immunol.,2015,10.1016/j.coi.2014.11.001,25553392,https://doi.org/10.1016/j.coi.2014.11.001
41189730_ref25,41189730,25,"S. L. Demento, W. Cui, J. M. Criscione, E. Stern, J. Tulipan, S. M. Kaech, T. M. Fahmy, Biomaterials 2012, 33, 4957. 22484047 10.1016/j.biomaterials.2012.03.041 PMC5724530",Biomaterials,2012,10.1016/j.biomaterials.2012.03.041,22484047,https://doi.org/10.1016/j.biomaterials.2012.03.041
41189730_ref26,41189730,26,"S. K. Sahoo, J. Panyam, S. Prabha, V. Labhasetwar, J. Control Release 2002, 82, 105. 12106981 10.1016/s0168-3659(02)00127-x",J. Control Release,2002,10.1016/s0168-3659(02)00127-x,12106981,https://doi.org/10.1016/s0168-3659(02)00127-x
41189730_ref27,41189730,27,"J. U. Menon, S. Kona, A. S. Wadajkar, F. Desai, A. Vadla, K. T. Nguyen, J. Biomed. Mater. Res., Part A 2012, 100, 1998. 10.1002/jbm.a.34040 22566409","J. Biomed. Mater. Res., Part A",2012,10.1002/jbm.a.34040,22566409,https://doi.org/10.1002/jbm.a.34040
41189730_ref28,41189730,28,"a)C. C. DeMerlis, D. R. Schoneker, Food Chem. Toxicol. 2003, 41, 319. 12504164 10.1016/s0278-6915(02)00258-2",Food Chem. Toxicol.,2003,10.1016/s0278-6915(02)00258-2,12504164,https://doi.org/10.1016/s0278-6915(02)00258-2
41189730_ref29,41189730,29,"a)A. Aruffo, I. Stamenkovic, M. Melnick, C. B. Underhill, B. Seed, Cell 1990, 61, 1303. 1694723 10.1016/0092-8674(90)90694-a",Cell,1990,10.1016/0092-8674(90)90694-a,1694723,https://doi.org/10.1016/0092-8674(90)90694-a
41189730_ref30,41189730,30,"Y. Dai, X. Yu, J. Wei, F. Zeng, Y. Li, X. Yang, Q. Luo, Z. Zhang, Light: Sci. Appl. 2020, 9, 164. 33014359 10.1038/s41377-020-00399-0 PMC7494891",Light: Sci. Appl.,2020,10.1038/s41377-020-00399-0,33014359,https://doi.org/10.1038/s41377-020-00399-0
41189730_ref31,41189730,31,"Y. Do, P. S. Nagarkatti, M. Nagarkatti, J. Immunother. 2004, 27, 1. 14676629 10.1097/00002371-200401000-00001",J. Immunother.,2004,10.1097/00002371-200401000-00001,14676629,https://doi.org/10.1097/00002371-200401000-00001
41189730_ref32,41189730,32,"a)E. C. Carroll, L. Jin, A. Mori, N. Muñoz‐Wolf, E. Oleszycka, H. B. T. Moran, S. Mansouri, C. P. McEntee, E. Lambe, E. M. Agger, P. Andersen, C. Cunningham, P. Hertzog, K. A. Fitzgerald, A. G. Bowie, E. C. Lavelle, Immunity 2016, 44, 597. 26944200 10.1016/j.immuni.2016.02.004 PMC4852885",Immunity,2016,10.1016/j.immuni.2016.02.004,26944200,https://doi.org/10.1016/j.immuni.2016.02.004
41189730_ref33,41189730,33,"G. Gautier, M. Humbert, F. Deauvieau, M. Scuiller, J. Hiscott, E. E. Bates, G. Trinchieri, C. Caux, P. Garrone, J. Exp. Med. 2005, 201, 1435. 15851485 10.1084/jem.20041964 PMC2213193",J. Exp. Med.,2005,10.1084/jem.20041964,15851485,https://doi.org/10.1084/jem.20041964
41189730_ref34,41189730,34,"S. L. Jongbloed, A. J. Kassianos, K. J. McDonald, G. J. Clark, X. Ju, C. E. Angel, C. J. Chen, P. R. Dunbar, R. B. Wadley, V. Jeet, A. J. Vulink, D. N. Hart, K. J. Radford, J. Exp. Med. 2010, 207, 1247. 20479116 10.1084/jem.20092140 PMC2882828",J. Exp. Med.,2010,10.1084/jem.20092140,20479116,https://doi.org/10.1084/jem.20092140
41189730_ref35,41189730,35,"C. Watts, M. A. West, R. Zaru, Curr. Opin. Immunol. 2010, 22, 124. 20083398 10.1016/j.coi.2009.12.005",Curr. Opin. Immunol.,2010,10.1016/j.coi.2009.12.005,20083398,https://doi.org/10.1016/j.coi.2009.12.005
41189730_ref36,41189730,36,"D. Hanahan, L. M. Coussens, Cancer Cell 2012, 21, 309. 22439926 10.1016/j.ccr.2012.02.022",Cancer Cell,2012,10.1016/j.ccr.2012.02.022,22439926,https://doi.org/10.1016/j.ccr.2012.02.022
41189730_ref37,41189730,37,"J. Banchereau, F. Briere, C. Caux, J. Davoust, S. Lebecque, Y. J. Liu, B. Pulendran, K. Palucka, Annu. Rev. Immunol. 2000, 18, 767. 10837075 10.1146/annurev.immunol.18.1.767",Annu. Rev. Immunol.,2000,10.1146/annurev.immunol.18.1.767,10837075,https://doi.org/10.1146/annurev.immunol.18.1.767
41189730_ref38,41189730,38,"S. De Koker, J. Cui, N. Vanparijs, L. Albertazzi, J. Grooten, F. Caruso, B. G. De Geest, Angew. Chem., Int. Ed. Engl. 2016, 55, 1334. 26666207 10.1002/anie.201508626","Angew. Chem., Int. Ed. Engl.",2016,10.1002/anie.201508626,26666207,https://doi.org/10.1002/anie.201508626
41189730_ref39,41189730,39,"a)S. M. Amos, H. J. Pegram, J. A. Westwood, L. B. John, C. Devaud, C. J. Clarke, N. P. Restifo, M. J. Smyth, P. K. Darcy, M. H. Kershaw, Cancer Immunol. Immunother. 2011, 60, 671. 21327636 10.1007/s00262-011-0984-8 PMC3499620",Cancer Immunol. Immunother.,2011,10.1007/s00262-011-0984-8,21327636,https://doi.org/10.1007/s00262-011-0984-8
41189730_ref40,41189730,40,"a)Y. Shirota, H. Shirota, D. M. Klinman, J. Immunol. 2012, 188, 1592. 22231700 10.4049/jimmunol.1101304 PMC3273593",J. Immunol.,2012,10.4049/jimmunol.1101304,22231700,https://doi.org/10.4049/jimmunol.1101304
41189730_ref41,41189730,41,"I. Melero, E. Castanon, M. Alvarez, S. Champiat, A. Marabelle, Nat. Rev. Clin. Oncol. 2021, 18, 558. 34006998 10.1038/s41571-021-00507-y PMC8130796",Nat. Rev. Clin. Oncol.,2021,10.1038/s41571-021-00507-y,34006998,https://doi.org/10.1038/s41571-021-00507-y
41189730_ref42,41189730,42,"Y. Lou, C. Liu, G. Lizée, W. Peng, C. Xu, Y. Ye, B. A. Rabinovich, Y. Hailemichael, A. Gelbard, D. Zhou, W. W. Overwijk, P. Hwu, J. Immunother. 2011, 34, 279. 21389870 10.1097/CJI.0b013e31820d2a05 PMC6119202",J. Immunother.,2011,10.1097/CJI.0b013e31820d2a05,21389870,https://doi.org/10.1097/CJI.0b013e31820d2a05
41189730_ref43,41189730,43,"M. Humbert, L. Guery, D. Brighouse, S. Lemeille, S. Hugues, Cancer Res. 2018, 78, 3280. 29588348 10.1158/0008-5472.CAN-17-2549",Cancer Res.,2018,10.1158/0008-5472.CAN-17-2549,29588348,https://doi.org/10.1158/0008-5472.CAN-17-2549
41189730_ref44,41189730,44,"A. Bachem, S. Güttler, E. Hartung, F. Ebstein, M. Schaefer, A. Tannert, A. Salama, K. Movassaghi, C. Opitz, H. W. Mages, V. Henn, P. M. Kloetzel, S. Gurka, R. A. Kroczek, J. Exp. Med. 2010, 207, 1273. 20479115 10.1084/jem.20100348 PMC2882837",J. Exp. Med.,2010,10.1084/jem.20100348,20479115,https://doi.org/10.1084/jem.20100348
41189730_ref45,41189730,45,"M. Merad, P. Sathe, J. Helft, J. Miller, A. Mortha, Annu. Rev. Immunol. 2013, 31, 563. 23516985 10.1146/annurev-immunol-020711-074950 PMC3853342",Annu. Rev. Immunol.,2013,10.1146/annurev-immunol-020711-074950,23516985,https://doi.org/10.1146/annurev-immunol-020711-074950
41189730_ref46,41189730,46,"S. A. DuPre, K. W. Hunter, Jr., Exp. Mol. Pathol. 2007, 82, 12. 16919266 10.1016/j.yexmp.2006.06.007",Exp. Mol. Pathol.,2007,10.1016/j.yexmp.2006.06.007,16919266,https://doi.org/10.1016/j.yexmp.2006.06.007
41189730_ref47,41189730,47,"J. P. Böttcher, C. Reis e Sousa, Trends Cancer 2018, 4, 784. 30352680 10.1016/j.trecan.2018.09.001 PMC6207145",Trends Cancer,2018,10.1016/j.trecan.2018.09.001,30352680,https://doi.org/10.1016/j.trecan.2018.09.001
41189730_ref48,41189730,48,"D. I. Gabrilovich, Cancer Immunol. Res. 2017, 5, 3. 28052991 10.1158/2326-6066.CIR-16-0297 PMC5426480",Cancer Immunol. Res.,2017,10.1158/2326-6066.CIR-16-0297,28052991,https://doi.org/10.1158/2326-6066.CIR-16-0297
41189730_ref49,41189730,49,"a)J. A. Chesney, R. A. Mitchell, K. Yaddanapudi, J. Leukoc Biol. 2017, 102, 727. 28546500 10.1189/jlb.5VMR1116-458RRR PMC6608049",J. Leukoc Biol.,2017,10.1189/jlb.5VMR1116-458RRR,28546500,https://doi.org/10.1189/jlb.5VMR1116-458RRR
41189730_ref50,41189730,50,"a)S. P. Kasturi, I. Skountzou, R. A. Albrecht, D. Koutsonanos, T. Hua, H. I. Nakaya, R. Ravindran, S. Stewart, M. Alam, M. Kwissa, F. Villinger, N. Murthy, J. Steel, J. Jacob, R. J. Hogan, A. García‐Sastre, R. Compans, B. Pulendran, Nature 2011, 470, 543. 21350488 10.1038/nature09737 PMC3057367",Nature,2011,10.1038/nature09737,21350488,https://doi.org/10.1038/nature09737
41189730_ref51,41189730,51,"a)N. Fu, F. Xie, Z. Sun, Q. Wang, Front. Immunol. 2021, 12, 670637. 34234777 10.3389/fimmu.2021.670637 PMC8256170",Front. Immunol.,2021,10.3389/fimmu.2021.670637,34234777,https://doi.org/10.3389/fimmu.2021.670637
41189730_ref52,41189730,52,"C. Jacquemin, J. F. Augusto, M. Scherlinger, N. Gensous, E. Forcade, I. Douchet, E. Levionnois, C. Richez, E. Lazaro, P. Duffau, M. E. Truchetet, J. Seneschal, L. Couzi, J. L. Pellegrin, J. F. Viallard, T. Schaeverbeke, V. Pascual, C. Contin‐Bordes, P. Blanco, JCI Insight 2018, 3, 122167. 30568041 10.1172/jci.insight.122167 PMC6338386",JCI Insight,2018,10.1172/jci.insight.122167,30568041,https://doi.org/10.1172/jci.insight.122167
41189730_ref53,41189730,53,"a)G. Natarajan, S. Oghumu, C. Terrazas, S. Varikuti, J. C. Byrd, A. R. Satoskar, Oncoimmunology 2016, 5, 1151592. 10.1080/2162402X.2016.1151592 PMC4938315 27471620",Oncoimmunology,2016,10.1080/2162402X.2016.1151592,27471620,https://doi.org/10.1080/2162402X.2016.1151592
41189730_ref54,41189730,54,"I. Sagiv‐Barfi, H. E. Kohrt, D. K. Czerwinski, P. P. Ng, B. Y. Chang, R. Levy, Proc. Natl. Acad. Sci. U. S. A. 2015, 112, E966. 25730880 10.1073/pnas.1500712112 PMC4352777",Proc. Natl. Acad. Sci. U. S. A.,2015,10.1073/pnas.1500712112,25730880,https://doi.org/10.1073/pnas.1500712112
41189730_ref55,41189730,55,"a)J. A. Burger, A. Tedeschi, P. M. Barr, T. Robak, C. Owen, P. Ghia, O. Bairey, P. Hillmen, N. L. Bartlett, J. Li, D. Simpson, S. Grosicki, S. Devereux, H. McCarthy, S. Coutre, H. Quach, G. Gaidano, Z. Maslyak, D. A. Stevens, A. Janssens, F. Offner, J. Mayer, M. O'Dwyer, A. Hellmann, A. Schuh, T. Siddiqi, A. Polliack, C. S. Tam, D. Suri, M. Cheng, et al., N. Engl. J. Med. 2015, 373, 2425. 26639149 10.1056/NEJMoa1509388 PMC4722809",N. Engl. J. Med.,2015,10.1056/NEJMoa1509388,26639149,https://doi.org/10.1056/NEJMoa1509388
41189730_ref56,41189730,56,"I. Sagiv‐Barfi, H. E. Kohrt, L. Burckhardt, D. K. Czerwinski, R. Levy, Blood 2015, 125, 2079. 25662332 10.1182/blood-2014-08-593137 PMC4375105",Blood,2015,10.1182/blood-2014-08-593137,25662332,https://doi.org/10.1182/blood-2014-08-593137
41189730_ref57,41189730,57,"a)A. Gros, P. F. Robbins, X. Yao, Y. F. Li, S. Turcotte, E. Tran, J. R. Wunderlich, A. Mixon, S. Farid, M. E. Dudley, K. Hanada, J. R. Almeida, S. Darko, D. C. Douek, J. C. Yang, S. A. Rosenberg, J. Clin. Invest. 2014, 124, 2246. 24667641 10.1172/JCI73639 PMC4001555",J. Clin. Invest.,2014,10.1172/JCI73639,24667641,https://doi.org/10.1172/JCI73639
41189730_ref58,41189730,58,"S. Simon, V. Vignard, L. Florenceau, B. Dreno, A. Khammari, F. Lang, N. Labarriere, Oncoimmunology 2016, 5, 1104448. 10.1080/2162402X.2015.1104448 PMC4760290 26942093",Oncoimmunology,2016,10.1080/2162402X.2015.1104448,26942093,https://doi.org/10.1080/2162402X.2015.1104448
41189730_ref59,41189730,59,"D. Nobuoka, T. Yoshikawa, M. Takahashi, T. Iwama, K. Horie, M. Shimomura, S. Suzuki, N. Sakemura, M. Nakatsugawa, H. Sadamori, T. Yagi, T. Fujiwara, T. Nakatsura, Cancer Immunol. Immunother. 2013, 62, 639. 23143746 10.1007/s00262-012-1366-6 PMC3624010",Cancer Immunol. Immunother.,2013,10.1007/s00262-012-1366-6,23143746,https://doi.org/10.1007/s00262-012-1366-6
41189730_ref60,41189730,60,"J. J. O'Konek, S. Kato, S. Takao, L. Izhak, Z. Xia, P. Illarionov, G. S. Besra, M. Terabe, J. A. Berzofsky, Clin. Cancer Res. 2013, 19, 4404. 23804426 10.1158/1078-0432.CCR-12-2169 PMC3819527",Clin. Cancer Res.,2013,10.1158/1078-0432.CCR-12-2169,23804426,https://doi.org/10.1158/1078-0432.CCR-12-2169
41189730_ref61,41189730,61,"a)L. F. de Andrade, Y. Lu, A. Luoma, Y. Ito, D. Pan, J. W. Pyrdol, C. H. Yoon, G. C. Yuan, K. W. Wucherpfennig, JCI Insight 2019, 4, 133103; 31801909 10.1172/jci.insight.133103 PMC6962021",JCI Insight,2019,10.1172/jci.insight.133103,31801909,https://doi.org/10.1172/jci.insight.133103
41189730_ref62,41189730,62,"a)C. Denkert, G. von Minckwitz, S. Darb‐Esfahani, B. Lederer, B. I. Heppner, K. E. Weber, J. Budczies, J. Huober, F. Klauschen, J. Furlanetto, W. D. Schmitt, J. U. Blohmer, T. Karn, B. M. Pfitzner, S. Kümmel, K. Engels, A. Schneeweiss, A. Hartmann, A. Noske, P. A. Fasching, C. Jackisch, M. van Mackelenbergh, P. Sinn, C. Schem, C. Hanusch, M. Untch, S. Loibl, Lancet Oncol. 2018, 19, 40. 29233559 10.1016/S1470-2045(17)30904-X",Lancet Oncol.,2018,10.1016/S1470-2045(17)30904-X,29233559,https://doi.org/10.1016/S1470-2045(17)30904-X
41189730_ref63,41189730,63,"C. J. Luckey, D. Bhattacharya, A. W. Goldrath, I. L. Weissman, C. Benoist, D. Mathis, Proc. Natl. Acad. Sci. U. S. A. 2006, 103, 3304. 16492737 10.1073/pnas.0511137103 PMC1413911",Proc. Natl. Acad. Sci. U. S. A.,2006,10.1073/pnas.0511137103,16492737,https://doi.org/10.1073/pnas.0511137103
41189730_ref64,41189730,64,"J. Luo, Semin. Oncol. 2021, 48, 10. 33676749 10.1053/j.seminoncol.2021.02.003 PMC8380752",Semin. Oncol.,2021,10.1053/j.seminoncol.2021.02.003,33676749,https://doi.org/10.1053/j.seminoncol.2021.02.003
41189730_ref65,41189730,65,"S. Dearden, J. Stevens, Y. L. Wu, D. Blowers, Ann. Oncol. 2013, 24, 2371. 23723294 10.1093/annonc/mdt205 PMC3755331",Ann. Oncol.,2013,10.1093/annonc/mdt205,23723294,https://doi.org/10.1093/annonc/mdt205
41189730_ref66,41189730,66,"I. G. Serebriiskii, C. Connelly, G. Frampton, J. Newberg, M. Cooke, V. Miller, S. Ali, J. S. Ross, E. Handorf, S. Arora, C. Lieu, E. A. Golemis, J. E. Meyer, Nat. Commun. 2019, 10, 3722. 31427573 10.1038/s41467-019-11530-0 PMC6700103",Nat. Commun.,2019,10.1038/s41467-019-11530-0,31427573,https://doi.org/10.1038/s41467-019-11530-0
41189730_ref67,41189730,67,"R. H. Arch, C. B. Thompson, Mol. Cell. Biol. 1998, 18, 558. 9418902 10.1128/mcb.18.1.558 PMC121523",Mol. Cell. Biol.,1998,10.1128/mcb.18.1.558,9418902,https://doi.org/10.1128/mcb.18.1.558
41189730_ref68,41189730,68,"A. D. Weinberg, N. P. Morris, M. Kovacsovics‐Bankowski, W. J. Urba, B. D. Curti, Immunol. Rev. 2011, 244, 218. 22017441 10.1111/j.1600-065X.2011.01069.x PMC3622727",Immunol. Rev.,2011,10.1111/j.1600-065X.2011.01069.x,22017441,https://doi.org/10.1111/j.1600-065X.2011.01069.x
41189730_ref69,41189730,69,"Y. Ogawa, M. Yamamoto, H. Okada, T. Yashiki, T. Shimamoto, Chem Pharm Bull 1988, 36, 1095. 10.1248/cpb.36.1095 3136939",Chem Pharm Bull,1988,10.1248/cpb.36.1095,3136939,https://doi.org/10.1248/cpb.36.1095
41189730_ref70,41189730,70,"K. Inaba, M. Inaba, N. Romani, H. Aya, M. Deguchi, S. Ikehara, S. Muramatsu, R. M. Steinman, J. Exp. Med. 1992, 176, 1693. 1460426 10.1084/jem.176.6.1693 PMC2119469",J. Exp. Med.,1992,10.1084/jem.176.6.1693,1460426,https://doi.org/10.1084/jem.176.6.1693
41189730_ref71,41189730,71,"A. C. Gregório, N. A. Fonseca, V. Moura, M. Lacerda, P. Figueiredo, S. Simões, S. Dias, J. N. Moreira, PLoS One 2016, 11, 0165817. 10.1371/journal.pone.0165817 PMC5098815 27820870",PLoS One,2016,10.1371/journal.pone.0165817,27820870,https://doi.org/10.1371/journal.pone.0165817
41189730_ref72,41189730,72,"J. J. Moon, H. H. Chu, J. Hataye, A. J. Pagán, M. Pepper, J. B. McLachlan, T. Zell, M. K. Jenkins, Nat. Protoc. 2009, 4, 565. 19373228 10.1038/nprot.2009.9 PMC3517879",Nat. Protoc.,2009,10.1038/nprot.2009.9,19373228,https://doi.org/10.1038/nprot.2009.9
41189730_ref73,41189730,73,"G. X. Zheng, J. M. Terry, P. Belgrader, P. Ryvkin, Z. W. Bent, R. Wilson, S. B. Ziraldo, T. D. Wheeler, G. P. McDermott, J. Zhu, M. T. Gregory, J. Shuga, L. Montesclaros, J. G. Underwood, D. A. Masquelier, S. Y. Nishimura, M. Schnall‐Levin, P. W. Wyatt, C. M. Hindson, R. Bharadwaj, A. Wong, K. D. Ness, L. W. Beppu, H. J. Deeg, C. McFarland, K. R. Loeb, W. J. Valente, N. G. Ericson, E. A. Stevens, J. P. Radich, et al., Nat. Commun. 2017, 8, 14049. 28091601 10.1038/ncomms14049 PMC5241818",Nat. Commun.,2017,10.1038/ncomms14049,28091601,https://doi.org/10.1038/ncomms14049
41189730_ref74,41189730,74,"Y. Hao, S. Hao, E. Andersen‐Nissen, W. M. Mauck, III, S. Zheng, A. Butler, M. J. Lee, A. J. Wilk, C. Darby, M. Zager, P. Hoffman, M. Stoeckius, E. Papalexi, E. P. Mimitou, J. Jain, A. Srivastava, T. Stuart, L. M. Fleming, B. Yeung, A. J. Rogers, J. M. McElrath, C. A. Blish, R. Gottardo, P. Smibert, R. Satija, Cell 2021, 184, 3573. 34062119 10.1016/j.cell.2021.04.048 PMC8238499",Cell,2021,10.1016/j.cell.2021.04.048,34062119,https://doi.org/10.1016/j.cell.2021.04.048
41189730_ref75,41189730,75,"J. C. Jaton, H. Huser, Y. Blatt, I. Pecht, Biochemistry 1975, 14, 5308. 50 10.1021/bi00695a013",Biochemistry,1975,10.1021/bi00695a013,50,https://doi.org/10.1021/bi00695a013
39756372_ref1,39756372,1,The IASLC Lung Cancer Staging Project: proposals for revision of the TNM stage groupings in the forthcoming(eighth)edition of the TNM classification for lung cancer,J Thorac Oncol,2016,10.1016/j.jtho.2015.09.009,26762738,https://doi.org/10.1016/j.jtho.2015.09.009
39756372_ref2,39756372,2,Surgical outcomes after pulmonary resection for non-small cell lung cancer with localized pleural seeding first detected during surgery,Thorac Cardiovasc Surg,2018,10.1055/s-0035-1564928,26669768,https://doi.org/10.1055/s-0035-1564928
39756372_ref3,39756372,3,Is surgical resection of primary tumour superior to exploratory thoracotomy without resection in treating lung cancer patients with unexpected pleural metastasis detected during operation?,Interact Cardiovasc Thorac Surg,2020,10.1093/icvts/ivz315,31965162,https://doi.org/10.1093/icvts/ivz315
39756372_ref4,39756372,4,Lung adenocarcinoma with intraoperatively diagnosed pleural seeding: is main tumor resection beneficial for prognosis?,J Thorac Cardiovasc Surg,2018,10.1016/j.jtcvs.2017.09.162,29254636,https://doi.org/10.1016/j.jtcvs.2017.09.162
39756372_ref5,39756372,5,Long-term outcomes of upfront surgery in patients with resectable pathological N2 non-small-cell lung cancer,Eur J Cardiothorac Surg,2020,10.1093/ejcts/ezaa042,32155245,https://doi.org/10.1093/ejcts/ezaa042
39756372_ref6,39756372,6,Surgical choice of non-small cell lung cancer with unexpected pleural dissemination intraoperatively,BMC Cancer,2021,10.1186/s12885-021-08180-1,33888088,https://doi.org/10.1186/s12885-021-08180-1
39756372_ref7,39756372,7,"NCCN Guidelines(R)insights: non-small cell lung cancer, version 2.2023",J Natl Compr Canc Netw,2023,10.6004/jnccn.2023.0020,37015337,https://doi.org/10.6004/jnccn.2023.0020
39756372_ref8,39756372,8,Primary tumor resection of non-small cell lung cancer patients with ipsilateral pleural dissemination(M1a)in the era of targeted therapy,Thorac Cancer,2020,10.1111/1759-7714.13649,32946207,https://doi.org/10.1111/1759-7714.13649
39756372_ref9,39756372,9,Effect of postoperative systemic therapy on pulmonary adenocarcinoma with unexpected pleural spread detected during thoracotomy or thoracoscopy,Oncotarget,2018,10.18632/oncotarget.23686,29435191,https://doi.org/10.18632/oncotarget.23686
39756372_ref10,39756372,10,Surgical resection after targeted therapy in stage IV NSCLC: nuances and considerations,J Thorac Oncol,2023,,,
39756372_ref11,39756372,11,Salvage surgery in lung cancer following definitive therapies,J Surg Oncol,2023,10.1002/jso.27155,36630094,https://doi.org/10.1002/jso.27155
41262671_ref1,41262671,1,The antitriple negative breast cancer efficacy of spatholobus suberectus dunn on ROS-induced noncanonical inflammasome pyroptotic pathway,Oxid Med Cell Longev,2021,10.1155/2021/5187569,34659633,https://doi.org/10.1155/2021/5187569
41262671_ref2,41262671,2,Effects and mechanisms of dietary bioactive compounds on breast cancer prevention,Pharmacol Res,2022,10.1016/j.phrs.2021.105974,34818569,https://doi.org/10.1016/j.phrs.2021.105974
41262671_ref3,41262671,3,Deep frying cooking oils promote the high risk of metastases in the breast-A critical review,Food Chem Toxicol,2020,10.1016/j.fct.2020.111648,32745572,https://doi.org/10.1016/j.fct.2020.111648
41262671_ref4,41262671,4,Role of biological mediators of tumor-associated macrophages in breast cancer progression,Curr Med Chem,2022,10.2174/0929867329666220520121711,35619312,https://doi.org/10.2174/0929867329666220520121711
41262671_ref5,41262671,5,Prognostic value of matrix metalloproteinases(MMP-2 and MMP-9)in patients with lymph node-negative breast carcinoma,Breast Cancer Res Treat,2004,10.1007/s10549-004-1200-8,15538048,https://doi.org/10.1007/s10549-004-1200-8
41262671_ref6,41262671,6,New functions for the matrix metalloproteinases in cancer progression,Nat Rev Cancer,2002,10.1038/nrc745,11990853,https://doi.org/10.1038/nrc745
41262671_ref7,41262671,7,Molecular targets of vitexin and isovitexin in cancer therapy: a critical review,Ann N Y Acad Sci,2017,10.1111/nyas.13446,28891090,https://doi.org/10.1111/nyas.13446
41262671_ref8,41262671,8,A critical review on polyphenols and health benefits of black soybeans,Nutrients,2017,10.3390/nu9050455,28471393,https://doi.org/10.3390/nu9050455
41262671_ref9,41262671,9,Dietary compound isoliquiritigenin targets GRP78 to chemosensitize breast cancer stem cells via β-catenin/ABCG2 signaling,Carcinogenesis,2014,10.1093/carcin/bgu187,25194164,https://doi.org/10.1093/carcin/bgu187
41262671_ref10,41262671,10,Dietary compound isoliquiritigenin inhibits breast cancer neoangiogenesis via VEGF/VEGFR-2 signaling pathway,PLoS One,2013,10.1371/journal.pone.0068566,23861918,https://doi.org/10.1371/journal.pone.0068566
41262671_ref11,41262671,11,Dietary compound isoliquiritigenin prevents mammary carcinogenesis by inhibiting breast cancer stem cells through WIF1 demethylation,Oncotarget,2015,10.18632/oncotarget.3396,25918249,https://doi.org/10.18632/oncotarget.3396
41262671_ref12,41262671,12,Inhibitory effects of isoliquiritigenin on the migration and invasion of human breast cancer cells,Expert Opin Ther Targets,2013,10.1517/14728222.2013.756869,23327692,https://doi.org/10.1517/14728222.2013.756869
41262671_ref13,41262671,13,Effect of nystatin and licorice on yeasts isolated from the oral lesions of patients with cancer under chemotherapy(in vitro study),Dent Res J,2022,,36159062,
41262671_ref14,41262671,14,Recent advances in Glycyrrhiza glabra(Licorice)-Containing herbs alleviating radiotherapy-and chemotherapy-induced adverse reactions in cancer treatment,Metabolites,2022,10.3390/metabo12060535,35736467,https://doi.org/10.3390/metabo12060535
41262671_ref15,41262671,15,Meta-analysis of the efficacy of glycyrrhizin for postoperative liver preservation in patients with liver cancer,J Cancer Res Therapeut,2022,10.4103/jcrt.jcrt_1811_21,35645115,https://doi.org/10.4103/jcrt.jcrt_1811_21
41262671_ref16,41262671,16,Isoliquiritigenin nanosuspension enhances cytostatic effects in A549 lung cancer cells,Planta Med,2020,10.1055/a-1134-3378,32294789,https://doi.org/10.1055/a-1134-3378
41262671_ref17,41262671,17,Isoliquiritigenin inhibits ovarian cancer metastasis by reversing epithelial-to-mesenchymal transition,Molecules,2019,10.3390/molecules24203725,31623144,https://doi.org/10.3390/molecules24203725
41262671_ref18,41262671,18,Isoliquiritigenin reverses epithelial-mesenchymal transition through modulation of the TGF-β/smad signaling pathway in endometrial cancer,Cancers,2021,10.3390/cancers13061236,33799801,https://doi.org/10.3390/cancers13061236
41262671_ref19,41262671,19,Isoliquiritigenin-infused electrospun nanofiber inhibits breast cancer proliferation and invasion through downregulation of PI3K/Akt/mTOR and MMP2/9 pathways,J Drug Deliv Sci Technol,2024,,,
41262671_ref20,41262671,20,Triple negative breast cancer cell lines: one tool in the search for better treatment of triple negative breast cancer,Breast Dis,2010,10.3233/BD-2010-0307,21778573,https://doi.org/10.3233/BD-2010-0307
41262671_ref21,41262671,21,Modeling metastatic breast cancer in mice,J Mammary Gland Biol Neoplasia,2007,10.1007/s10911-007-9050-8,17587153,https://doi.org/10.1007/s10911-007-9050-8
41262671_ref22,41262671,22,Imagable 4T1 model for the study of late stage breast cancer,BMC Cancer,2008,10.1186/1471-2407-8-228,18691423,https://doi.org/10.1186/1471-2407-8-228
41262671_ref23,41262671,23,"Isoliquiritigenin attenuates acute renal injury through suppressing oxidative stress, fibrosis and JAK2/STAT3 pathway in streptozotocin-induced diabetic rats",Bioengineered,2021,10.1080/21655979.2021.2006978,34784849,https://doi.org/10.1080/21655979.2021.2006978
41262671_ref24,41262671,24,Preparation of isoliquiritigenin-loaded nanostructured lipid carrier and the in vivo evaluation in tumor-bearing mice,Eur J Pharmaceut Sci,2013,10.1016/j.ejps.2013.04.020,23624327,https://doi.org/10.1016/j.ejps.2013.04.020
41262671_ref25,41262671,25,Isoliquiritigenin derivative regulates miR-374a/BAX Axis to suppress triple-negative breast cancer tumorigenesis and development,Front Pharmacol,2020,10.3389/fphar.2020.00378,32296334,https://doi.org/10.3389/fphar.2020.00378
41262671_ref26,41262671,26,"Prognostic value of negative emotions on the incidence of breast cancer: a systematic review and meta-analysis of 129,621 patients with breast cancer",Cancers,2022,10.3390/cancers14030475,35158744,https://doi.org/10.3390/cancers14030475
41262671_ref27,41262671,27,Clinical outcomes and a nomogram for de novo metastatic breast cancer with lung metastasis: a population-based study,Sci Rep,2022,10.1038/s41598-022-07565-x,35246585,https://doi.org/10.1038/s41598-022-07565-x
41262671_ref28,41262671,28,SREBP-1 is an independent prognostic marker and promotes invasion and migration in breast cancer,Oncol Lett,2016,10.3892/ol.2016.4988,27703522,https://doi.org/10.3892/ol.2016.4988
41262671_ref29,41262671,29,"Isoliquiritigenin inhibits the proliferation, migration and metastasis of Hep3B cells via suppressing cyclin D1 and PI3K/AKT pathway",Biosci Rep,2020,10.1042/BSR20192727,31840737,https://doi.org/10.1042/BSR20192727
41262671_ref30,41262671,30,Isoliquiritigenin suppresses EMT-induced metastasis in triple-negative breast cancer through miR-200c/C-JUN/[Formula: see text]-catenin,Am J Chin Med,2021,10.1142/S0192415X21500233,33641651,https://doi.org/10.1142/S0192415X21500233
41262671_ref31,41262671,31,The dietary flavonoid isoliquiritigenin induced apoptosis and suppressed metastasis in melanoma cells: an in vitro and in vivo study,Life Sci,2021,10.1016/j.lfs.2020.118598,33189818,https://doi.org/10.1016/j.lfs.2020.118598
41262671_ref32,41262671,32,Isoliquiritigenin inhibits proliferation and metastasis of MKN28 gastric cancer cells by suppressing the PI3K/AKT/mTOR signaling pathway,Mol Med Rep,2018,10.3892/mmr.2018.9318,30066879,https://doi.org/10.3892/mmr.2018.9318
41262671_ref33,41262671,33,A tumor-targeted delivery of oral isoliquiritigenin through encapsulated zein phosphatidylcholine hybrid nanoparticles prevents triple-negative breast cancer,J Drug Deliv Sci Technol,2023,,,
41262671_ref34,41262671,34,Isoliquiritigenin modulates miR-374a/PTEN/Akt axis to suppress breast cancer tumorigenesis and metastasis,Sci Rep,2017,10.1038/s41598-017-08422-y,28827662,https://doi.org/10.1038/s41598-017-08422-y
41262671_ref35,41262671,35,Targeting oral cancer stemness and chemoresistance by isoliquiritigenin-mediated GRP78 regulation,Oncotarget,2017,10.18632/oncotarget.21338,29212198,https://doi.org/10.18632/oncotarget.21338
41262671_ref36,41262671,36,Reprogramming induced by isoliquiritigenin diminishes melanoma cachexia through mTORC2-AKT-GSK3β signaling,Oncotarget,2017,10.18632/oncotarget.16655,28410220,https://doi.org/10.18632/oncotarget.16655
41262671_ref37,41262671,37,"Suppression of lung cancer progression by isoliquiritigenin through its metabolite 2, 4, 2', 4'-Tetrahydroxychalcone",J Exp Clin Cancer Res,2018,10.1186/s13046-018-0902-4,30285892,https://doi.org/10.1186/s13046-018-0902-4
41262671_ref38,41262671,38,Structure-based identification of novel CK2 inhibitors with a linear 2-propenone scaffold as anti-cancer agents,Biochem Biophys Res Commun,2019,10.1016/j.bbrc.2019.03.016,30878184,https://doi.org/10.1016/j.bbrc.2019.03.016
41262671_ref39,41262671,39,Protective effects of isoliquiritigenin on LPS-induced acute lung injury by activating PPAR-γ,Inflammation,2018,10.1007/s10753-018-0777-8,29654430,https://doi.org/10.1007/s10753-018-0777-8
41262671_ref40,41262671,40,Perspectives on the role of isoliquiritigenin in cancer,Cancers,2021,10.3390/cancers13010115,33401375,https://doi.org/10.3390/cancers13010115
41262671_ref41,41262671,41,Novel insights into the apoptosis mechanism of DNA topoisomerase I inhibitor isoliquiritigenin on HCC tumor cell,Biochem Biophys Res Commun,2015,10.1016/j.bbrc.2015.07.003,26159926,https://doi.org/10.1016/j.bbrc.2015.07.003
41262671_ref42,41262671,42,Mechanisms underlying isoliquiritigenin-induced apoptosis and cell cycle arrest via ROS-mediated MAPK/STAT3/NF-κB pathways in human hepatocellular carcinoma cells,Drug Dev Res,2019,10.1002/ddr.21518,30698296,https://doi.org/10.1002/ddr.21518
41262671_ref43,41262671,43,Licorice isoliquiritigenin-encapsulated mesoporous silica nanoparticles for osteoclast inhibition and bone loss prevention,Theranostics,2019,10.7150/thno.33376,31410209,https://doi.org/10.7150/thno.33376
41262671_ref44,41262671,44,Isoliquiritigenin triggers developmental toxicity and oxidative stress-mediated apoptosis in zebrafish embryos/larvae via Nrf2-HO1/JNK-ERK/mitochondrion pathway,Chemosphere,2020,10.1016/j.chemosphere.2019.125727,31896010,https://doi.org/10.1016/j.chemosphere.2019.125727
41262671_ref45,41262671,45,Targeting Nrf2/Keap1 signaling pathway by bioactive natural agents: possible therapeutic strategy to combat liver disease,Phytomedicine,2021,10.1016/j.phymed.2021.153755,34583226,https://doi.org/10.1016/j.phymed.2021.153755
41262671_ref46,41262671,46,"Polysaccharide-Zein composite nanoparticles for enhancing cellular uptake and oral bioavailability of curcumin: characterization, anti-colorectal cancer effect, and pharmacokinetics",Front Nutr,2022,10.3389/fnut.2022.846282,35308263,https://doi.org/10.3389/fnut.2022.846282
41262671_ref47,41262671,47,The immunomodulatory potential of selected bioactive plant-based compounds in breast cancer: a review,Anti Cancer Agents Med Chem,2017,10.2174/1871520616666160817111242,27539316,https://doi.org/10.2174/1871520616666160817111242
41262671_ref48,41262671,48,Resveratrol prevents tumor growth and metastasis by inhibiting lymphangiogenesis and M2 macrophage activation and differentiation in tumor-associated macrophages,Nutr Cancer,2016,10.1080/01635581.2016.1158295,27145432,https://doi.org/10.1080/01635581.2016.1158295
41262671_ref49,41262671,49,Resveratrol inhibits the migration and metastasis of MDA-MB-231 human breast cancer by reversing TGF-β1-induced epithelial-mesenchymal transition,Molecules,2019,10.3390/molecules24061131,30901941,https://doi.org/10.3390/molecules24061131
41262671_ref50,41262671,50,"New insights into dietary pterostilbene: sources, metabolism, and health promotion effects",Molecules,2022,10.3390/molecules27196316,36234852,https://doi.org/10.3390/molecules27196316
41262671_ref51,41262671,51,"Expression of matrix metalloproteinase 2 and 9 in breast cancer and breast fibroadenoma: a randomized, double-blind study",Oncotarget,2019,10.18632/oncotarget.27347,31839881,https://doi.org/10.18632/oncotarget.27347
41262671_ref52,41262671,52,Moving targets: emerging roles for MMPs in cancer progression and metastasis,Matrix Biol,2015,10.1016/j.matbio.2015.01.019,25652204,https://doi.org/10.1016/j.matbio.2015.01.019
41262671_ref53,41262671,53,Epidermal growth factor receptor-mediated regulation of matrix metalloproteinase-2 and matrix metalloproteinase-9 in MCF-7 breast cancer cells,Mol Cell Biochem,2019,10.1007/s11010-018-3417-6,30074136,https://doi.org/10.1007/s11010-018-3417-6
41262671_ref54,41262671,54,Targeted regulation of PI3K/Akt/mTOR/NF-κB signaling by indole compounds and their derivatives: mechanistic details and biological implications for cancer therapy,Anti Cancer Agents Med Chem,2013,10.2174/18715206113139990078,23272910,https://doi.org/10.2174/18715206113139990078
41262671_ref55,41262671,55,"Overexpression of Bmi-1 contributes to the invasion and metastasis of hepatocellular carcinoma by increasing the expression of matrix metalloproteinase(MMP)-2, MMP-9 and vascular endothelial growth factor via the PTEN/PI3K/Akt pathway",Int J Oncol,2013,10.3892/ijo.2013.1992,23807724,https://doi.org/10.3892/ijo.2013.1992
41262671_ref56,41262671,56,Expression of PI3K/AKT pathway in gastric cancer and its blockade suppresses tumor growth and metastasis,Int J Immunopathol Pharmacol,2012,10.1177/039463201202500309,23058013,https://doi.org/10.1177/039463201202500309
41262671_ref57,41262671,57,Bmal1 suppresses cancer cell invasion by blocking the phosphoinositide 3-kinase-Akt-MMP-2 signaling pathway,Oncol Rep,2013,10.3892/or.2013.2381,23563360,https://doi.org/10.3892/or.2013.2381
41262671_ref58,41262671,58,Atorvastatin sensitizes human non-small cell lung carcinomas to carboplatin via suppression of AKT activation and upregulation of TIMP-1,Int J Biochem Cell Biol,2012,10.1016/j.biocel.2012.01.015,22305890,https://doi.org/10.1016/j.biocel.2012.01.015
41262671_ref59,41262671,59,Piceatannol suppresses breast cancer cell invasion through the inhibition of MMP-9: involvement of PI3K/AKT and NF-κB pathways,J Agric Food Chem,2012,10.1021/jf205171g,22480333,https://doi.org/10.1021/jf205171g
41262671_ref60,41262671,60,Curcumol suppresses breast cancer cell metastasis by inhibiting MMP-9 via JNK1/2 and akt-dependent NF-κB signaling pathways,Integr Cancer Ther,2016,10.1177/1534735416642865,27125675,https://doi.org/10.1177/1534735416642865
41262671_ref61,41262671,61,Isoliquiritigenin inhibits cell proliferation and migration through the PI3K/AKT signaling pathway in A549 lung cancer cells,Oncol Lett,2018,10.3892/ol.2018.9344,30344755,https://doi.org/10.3892/ol.2018.9344
41262671_ref62,41262671,62,Toca-1 is suppressed by p53 to limit breast cancer cell invasion and tumor metastasis,Breast Cancer Res,2014,10.1186/s13058-014-0503-x,25547174,https://doi.org/10.1186/s13058-014-0503-x
41262671_ref63,41262671,63,Mechanical ventilation promotes lung metastasis in experimental 4T1 breast cancer lung-metastasized models,Cancer Manag Res,2018,10.2147/CMAR.S142650,29593433,https://doi.org/10.2147/CMAR.S142650
41255893_ref1,41255893,1,Tracheal metastasis of lung cancer: CT findings in six patients,AJR Am J Roentgenol,2006,10.2214/AJR.04.1711,16357405,https://doi.org/10.2214/AJR.04.1711
41255893_ref2,41255893,2,Endotracheal and endobronchial metastases in a patient with stage I lung adenocarcinoma,Ann Thorac Surg,2014,10.1016/j.athoracsur.2013.09.064,24792301,https://doi.org/10.1016/j.athoracsur.2013.09.064
41255893_ref3,41255893,3,Population based cancer registry analysis of primary tracheal carcinoma,Am J Clin Oncol,2011,10.1097/COC.0b013e3181cae8ab,20087156,https://doi.org/10.1097/COC.0b013e3181cae8ab
41255893_ref4,41255893,4,Endotracheal/endobronchial metastases:clinicopathologic study with special reference to developmental modes,Chest,2001,10.1378/chest.119.3.768,11243955,https://doi.org/10.1378/chest.119.3.768
41255893_ref5,41255893,5,Endobronchial metastases,South Med J,1977,10.1097/00007611-197704000-00022,557844,https://doi.org/10.1097/00007611-197704000-00022
41255893_ref6,41255893,6,Diagnosis of diseases of the chest,,1999,,,
41255893_ref7,41255893,7,Endobronchial metastatic disease:analysis of 32 cases,J Surg Oncol,1996,10.1002/(SICI)1096-9098(199608)62:4<249::AID-JSO4>3.0.CO;2-6,8691837,https://doi.org/10.1002/(SICI)1096-9098(199608)62:4<249::AID-JSO4>3.0.CO;2-6
41255893_ref8,41255893,8,Metastatic malignancies from distant sites to the tracheobronchial tree,J Thorac Cardiovasc Surg,1980,,7359928,
41255893_ref9,41255893,9,A rare cause of acute airway obstruction:tracheal malignant melanoma,Current Thoracic Surg,2022,,,
41255902_ref1,41255902,1,Cervical cancer,Lancet,2003,10.1016/S0140-6736(03)13778-6,12842378,https://doi.org/10.1016/S0140-6736(03)13778-6
41255902_ref2,41255902,2,FIGO staging classifications and clinical practice guidelines in the management of gynecologic cancers. FIGO Committee on Gynecologic Oncology,Int J Gynaecol Obstet,2000,,11041682,
41255902_ref3,41255902,3,Discrepancies between clinical staging and pathological findings of operable cervical carcinoma with stage IB-IIB:a retrospective analysis of 818 patients,Aust N Z J Obstet Gynaecol,2009,10.1111/j.1479-828X.2009.01065.x,19780741,https://doi.org/10.1111/j.1479-828X.2009.01065.x
41255902_ref4,41255902,4,Recent developments in defining microinvasive and early invasive carcinoma of the uterine cervix,J Low Genit Tract Dis,2011,10.1097/LGT.0b013e3181fb425d,21317805,https://doi.org/10.1097/LGT.0b013e3181fb425d
41255902_ref5,41255902,5,"Gastric metastasis of cervix uteri carcinoma, rare cause of lower gastric stenosis",Chirurgia(Bucur),2012,,23294965,
41255902_ref6,41255902,6,Gastric metastasis from cervix carcer:a case report,Pathologica,2017,,29449732,
41255902_ref7,41255902,7,Hematogenous gastric metastasis of pancreatic cancer,Case Rep Gastroenterol,2016,10.1159/000444249,27403106,https://doi.org/10.1159/000444249
41255902_ref8,41255902,8,Primary gastric squamous cell carcinoma,Cureus,2018,10.7759/cureus.2389,29850384,https://doi.org/10.7759/cureus.2389
41255902_ref9,41255902,9,A rare case of gastric squamous-cell carcinoma metastasized from the cervix,Clin J Gastroenterol,2020,10.1007/s12328-020-01191-8,32712841,https://doi.org/10.1007/s12328-020-01191-8
41255902_ref10,41255902,10,Gastric and colonic metastasis from cancer cervix: An unusual progression with an uncommon cause of mortality,South Asian J Cancer,2015,10.4103/2278-330X.149959,25839029,https://doi.org/10.4103/2278-330X.149959
39633221_ref1,39633221,1,Ashrafizadeh M et al(2022)Long noncoding RNAs(lncRNAs)in pancreatic cancer progression. Drug Discov Today 27(8):2181–2198 35589014 10.1016/j.drudis.2022.05.012,,,10.1016/j.drudis.2022.05.012,35589014,https://doi.org/10.1016/j.drudis.2022.05.012
39633221_ref2,39633221,2,"Babooa N, Shi WJ, Chen C(2017)Factors relating caesarean section to persistent pulmonary hypertension of the newborn. World J Pediatr 13(6):517–527 29058246 10.1007/s12519-017-0056-z",,,10.1007/s12519-017-0056-z,29058246,https://doi.org/10.1007/s12519-017-0056-z
39633221_ref3,39633221,3,Ball MK et al(2023)Evidence-based guidelines for acute stabilization and management of neonates with persistent pulmonary hypertension of the newborn. Am J Perinatol 40(14):1495–1508 34852367 10.1055/a-1711-0778 PMC12131203,,,10.1055/a-1711-0778,34852367,https://doi.org/10.1055/a-1711-0778
39633221_ref4,39633221,4,Bauters C et al(1995)Recovery of disturbed endothelium-dependent flow in the collateral-perfused rabbit ischemic hindlimb after administration of vascular endothelial growth factor. Circulation 91(11):2802–2809 7758187 10.1161/01.cir.91.11.2802,,,10.1161/01.cir.91.11.2802,7758187,https://doi.org/10.1161/01.cir.91.11.2802
39633221_ref5,39633221,5,Boucherat O et al(2017)The cancer theory of pulmonary arterial hypertension. Pulm Circ 7(2):285–299 28597757 10.1177/2045893217701438 PMC5467931,,,10.1177/2045893217701438,28597757,https://doi.org/10.1177/2045893217701438
39633221_ref6,39633221,6,"Bridges MC, Daulagala AC, Kourtidis A(2021)LNCcation: lncRNA localization and function. J Cell Biol. 10.1083/jcb.202009045 33464299 10.1083/jcb.202009045 PMC7816648",,,10.1083/jcb.202009045,33464299,https://doi.org/10.1083/jcb.202009045
39633221_ref7,39633221,7,Chelladurai P et al(2022)Epigenetic reactivation of transcriptional programs orchestrating fetal lung development in human pulmonary hypertension. Scie Transl Med. 10.1126/scitranslmed.abe5407 10.1126/scitranslmed.abe5407 35675437,,,10.1126/scitranslmed.abe5407,35675437,https://doi.org/10.1126/scitranslmed.abe5407
39633221_ref8,39633221,8,Chen X et al(2021)Muc5ac production inhibited by decreased lncRNA H19 via PI3K/Akt/NF-kB in asthma. J Asthma Allergy 14:1033–1043 34421304 10.2147/JAA.S316250 PMC8373259,,,10.2147/JAA.S316250,34421304,https://doi.org/10.2147/JAA.S316250
39633221_ref9,39633221,9,Chetan C et al(2022)Oral versus intravenous sildenafil for pulmonary hypertension in neonates: a randomized trial. BMC Pediatr 22(1):311 35624452 10.1186/s12887-022-03366-3 PMC9137149,,,10.1186/s12887-022-03366-3,35624452,https://doi.org/10.1186/s12887-022-03366-3
39633221_ref10,39633221,10,Christou H et al(1998)Increased vascular endothelial growth factor production in the lungs of rats with hypoxia-induced pulmonary hypertension. Am J Respir Cell Mol Biol 18(6):768–776 9618381 10.1165/ajrcmb.18.6.2980,,,10.1165/ajrcmb.18.6.2980,9618381,https://doi.org/10.1165/ajrcmb.18.6.2980
39633221_ref11,39633221,11,Dakshinamurti S(2005)Pathophysiologic mechanisms of persistent pulmonary hypertension of the newborn. Pediatr Pulmonol 39(6):492–503 15789439 10.1002/ppul.20201,,,10.1002/ppul.20201,15789439,https://doi.org/10.1002/ppul.20201
39633221_ref12,39633221,12,Fang H et al(2021)Long noncoding RNA H19 overexpression protects against hypoxic-ischemic brain damage by inhibiting miR-107 and up-regulating vascular endothelial growth factor. Am J Pathol 191(3):503–514 33608066 10.1016/j.ajpath.2020.11.014,,,10.1016/j.ajpath.2020.11.014,33608066,https://doi.org/10.1016/j.ajpath.2020.11.014
39633221_ref13,39633221,13,Fortas F et al(2021)Life-threatening PPHN refractory to nitric oxide: proposal for a rational therapeutic algorithm. Eur J Pediatr 180(8):2379–2387 34091748 10.1007/s00431-021-04138-4 PMC8179956,,,10.1007/s00431-021-04138-4,34091748,https://doi.org/10.1007/s00431-021-04138-4
39633221_ref14,39633221,14,Grover TR et al(2003)Intrauterine hypertension decreases lung VEGF expression and VEGF inhibition causes pulmonary hypertension in the ovine fetus. Am J Physiol Lung Cell Mol Physiol 284(3):L508–L517 12573989 10.1152/ajplung.00135.2002,,,10.1152/ajplung.00135.2002,12573989,https://doi.org/10.1152/ajplung.00135.2002
39633221_ref15,39633221,15,Grover TR et al(2005)rhVEGF treatment preserves pulmonary vascular reactivity and structure in an experimental model of pulmonary hypertension in fetal sheep. Am J Physiol Lung Cell Mol Physiol 289(2):L315–L321 15833763 10.1152/ajplung.00038.2005,,,10.1152/ajplung.00038.2005,15833763,https://doi.org/10.1152/ajplung.00038.2005
39633221_ref16,39633221,16,Hoffmann J et al(2016)Microarray analysis in pulmonary hypertension. Eur Respir J 48(1):229–241 27076594 10.1183/13993003.02030-2015 PMC5009873,,,10.1183/13993003.02030-2015,27076594,https://doi.org/10.1183/13993003.02030-2015
39633221_ref17,39633221,17,Jathar S et al(2017)Technological Developments in lncRNA Biology. Adv Exp Med Biol 1008:283–323 28815544 10.1007/978-981-10-5203-3_10,,,10.1007/978-981-10-5203-3_10,28815544,https://doi.org/10.1007/978-981-10-5203-3_10
39633221_ref18,39633221,18,Jia P et al(2016)Long non-coding RNA H19 regulates glioma angiogenesis and the biological behavior of glioma-associated endothelial cells by inhibiting microRNA-29a. Cancer Lett 381(2):359–369 27543358 10.1016/j.canlet.2016.08.009,,,10.1016/j.canlet.2016.08.009,27543358,https://doi.org/10.1016/j.canlet.2016.08.009
39633221_ref19,39633221,19,Jiang Y et al(2015)Increased SUMO-1 expression in response to hypoxia: interaction with HIF-1α in hypoxic pulmonary hypertension. Int J Mol Med 36(1):271–281 25976847 10.3892/ijmm.2015.2209,,,10.3892/ijmm.2015.2209,25976847,https://doi.org/10.3892/ijmm.2015.2209
39633221_ref20,39633221,20,Johns RA et al(2016)Hypoxia-inducible factor 1α Is a critical downstream mediator for hypoxia-induced mitogenic factor(FIZZ1/RELMα)-induced pulmonary hypertension. Arterioscler Thromb Vasc Biol 36(1):134–144 26586659 10.1161/ATVBAHA.115.306710 PMC5518796,,,10.1161/ATVBAHA.115.306710,26586659,https://doi.org/10.1161/ATVBAHA.115.306710
39633221_ref21,39633221,21,Kim J(2014)Apelin-APJ signaling: a potential therapeutic target for pulmonary arterial hypertension. Mol Cells 37(3):196–201 24608803 10.14348/molcells.2014.2308 PMC3969039,,,10.14348/molcells.2014.2308,24608803,https://doi.org/10.14348/molcells.2014.2308
39633221_ref22,39633221,22,Kipfmueller F et al(2022)Echocardiographic assessment of pulmonary hypertension in neonates with congenital diaphragmatic hernia using pulmonary artery flow characteristics. J Clin Med. 10.3390/jcm11113038 35683426 10.3390/jcm11113038 PMC9181044,,,10.3390/jcm11113038,35683426,https://doi.org/10.3390/jcm11113038
39633221_ref23,39633221,23,"Krishnan U, Rosenzweig EB(2015)Pulmonary hypertension in chronic lung disease of infancy. Curr Opin Pediatr 27(2):177–183 25689457 10.1097/MOP.0000000000000205",,,10.1097/MOP.0000000000000205,25689457,https://doi.org/10.1097/MOP.0000000000000205
39633221_ref24,39633221,24,"Kroll J, Waltenberger J(1998)VEGF-A induces expression of eNOS and iNOS in endothelial cells via VEGF receptor-2(KDR). Biochem Biophys Res Commun 252(3):743–746 9837777 10.1006/bbrc.1998.9719",,,10.1006/bbrc.1998.9719,9837777,https://doi.org/10.1006/bbrc.1998.9719
39633221_ref25,39633221,25,"Lassus P et al(2001)Pulmonary vascular endothelial growth factor and Flt-1 in fetuses, in acute and chronic lung disease, and in persistent pulmonary hypertension of the newborn. Am J Respir Crit Care Med 164(10 Pt 1):1981–1987 11734455 10.1164/ajrccm.164.10.2012036",,,10.1164/ajrccm.164.10.2012036,11734455,https://doi.org/10.1164/ajrccm.164.10.2012036
39633221_ref26,39633221,26,Li ZF et al(2019)Effect of lncRNA H19 on the apoptosis of vascular endothelial cells in arteriosclerosis obliterans via the NF-κB pathway. Eur Rev Med Pharmacol Sci 23(10):4491–4497 31173326 10.26355/eurrev_201905_17961,,,10.26355/eurrev_201905_17961,31173326,https://doi.org/10.26355/eurrev_201905_17961
39633221_ref27,39633221,27,Li B et al(2020)The MSC-derived exosomal lncRNA H19 promotes wound healing in diabetic foot ulcers by upregulating PTEN via MicroRNA-152-3p. Mol Ther Nucleic Acids 19:814–826 31958697 10.1016/j.omtn.2019.11.034 PMC7005423,,,10.1016/j.omtn.2019.11.034,31958697,https://doi.org/10.1016/j.omtn.2019.11.034
39633221_ref28,39633221,28,Lin JR et al(2021)Long non-coding RNA H19 promotes myoblast fibrogenesis via regulating the miR-20a-5p-Tgfbr2 axis. Clin Exp Pharmacol Physiol 48(6):921–931 33615521 10.1111/1440-1681.13489,,,10.1111/1440-1681.13489,33615521,https://doi.org/10.1111/1440-1681.13489
39633221_ref29,39633221,29,Liu J et al(2018)IL-33 initiates vascular remodelling in hypoxic pulmonary hypertension by up-regulating HIF-1α and VEGF expression in vascular endothelial cells. EBioMedicine 33:196–210 29921553 10.1016/j.ebiom.2018.06.003 PMC6085568,,,10.1016/j.ebiom.2018.06.003,29921553,https://doi.org/10.1016/j.ebiom.2018.06.003
39633221_ref30,39633221,30,Lu S et al(2023)Arsenic sulfide inhibits hepatocellular carcinoma metastasis by suppressing the HIF-1α/VEGF pathway. Front Biosci(Landmark Ed)28(7):152 37525902 10.31083/j.fbl2807152,,,10.31083/j.fbl2807152,37525902,https://doi.org/10.31083/j.fbl2807152
39633221_ref31,39633221,31,Makker K et al(2019)Altered hypoxia-inducible factor-1α(HIF-1α)signaling contributes to impaired angiogenesis in fetal lambs with persistent pulmonary hypertension of the newborn(PPHN). Physiol Rep 7(3):e13986 30706701 10.14814/phy2.13986 PMC6355993,,,10.14814/phy2.13986,30706701,https://doi.org/10.14814/phy2.13986
39633221_ref32,39633221,32,"Maron BA, Machado RF, Shimoda L(2016)Pulmonary vascular and ventricular dysfunction in the susceptible patient(2015 Grover Conference series). Pulm Circ 6(4):426–438 28090285 10.1086/688315 PMC5210067",,,10.1086/688315,28090285,https://doi.org/10.1086/688315
39633221_ref33,39633221,33,Müller V et al(2019)Interplay of lncRNA H19/miR-675 and lncRNA NEAT1/miR-204 in breast cancer. Mol Oncol 13(5):1137–1149 30803129 10.1002/1878-0261.12472 PMC6487715,,,10.1002/1878-0261.12472,30803129,https://doi.org/10.1002/1878-0261.12472
39633221_ref34,39633221,34,Nadeau S et al(2005)Changes in expression of vascular endothelial growth factor and its receptors in neonatal hypoxia-induced pulmonary hypertension. Pediatr Res 58(2):199–205 16006432 10.1203/01.PDR.0000169969.18669.D2,,,10.1203/01.PDR.0000169969.18669.D2,16006432,https://doi.org/10.1203/01.PDR.0000169969.18669.D2
39633221_ref35,39633221,35,"Nair J, Lakshminrusimha S(2014)Update on PPHN: mechanisms and treatment. Semin Perinatol 38(2):78–91 24580763 10.1053/j.semperi.2013.11.004 PMC3942674",,,10.1053/j.semperi.2013.11.004,24580763,https://doi.org/10.1053/j.semperi.2013.11.004
39633221_ref36,39633221,36,Partovian C et al(1998)Heart and lung VEGF mRNA expression in rats with monocrotaline-or hypoxia-induced pulmonary hypertension. Am J Physiol 275(6):H1948–H1956 9843792 10.1152/ajpheart.1998.275.6.H1948,,,10.1152/ajpheart.1998.275.6.H1948,9843792,https://doi.org/10.1152/ajpheart.1998.275.6.H1948
39633221_ref37,39633221,37,"Paulin R, Michelakis ED(2014)The metabolic theory of pulmonary arterial hypertension. Circ Res 115(1):148–164 24951764 10.1161/CIRCRESAHA.115.301130",,,10.1161/CIRCRESAHA.115.301130,24951764,https://doi.org/10.1161/CIRCRESAHA.115.301130
39633221_ref38,39633221,38,Pels A et al(2022)Neonatal pulmonary hypertension after severe early-onset fetal growth restriction: post hoc reflections on the Dutch STRIDER study. Eur J Pediatr 181(4):1709–1718 35018508 10.1007/s00431-021-04355-x PMC8964651,,,10.1007/s00431-021-04355-x,35018508,https://doi.org/10.1007/s00431-021-04355-x
39633221_ref39,39633221,39,Pugliese SC et al(2015)The role of inflammation in hypoxic pulmonary hypertension: from cellular mechanisms to clinical phenotypes. Am J Physiol Lung Cell Mol Physiol 308(3):L229–L252 25416383 10.1152/ajplung.00238.2014 PMC4338929,,,10.1152/ajplung.00238.2014,25416383,https://doi.org/10.1152/ajplung.00238.2014
39633221_ref40,39633221,40,Qin S et al(2020)Sex differences in the proliferation of pulmonary artery endothelial cells: implications for plexiform arteriopathy. J Cell Sci. 10.1242/jcs.237776 32409569 10.1242/jcs.237776 PMC7240306,,,10.1242/jcs.237776,32409569,https://doi.org/10.1242/jcs.237776
39633221_ref41,39633221,41,Qin Y et al(2021)Overexpressed lncRNA AC068039.4 contributes to proliferation and cell cycle progression of pulmonary artery smooth muscle cells via sponging miR-26a-5p/TRPC6 in hypoxic pulmonary arterial hypertension. Shock 55(2):244–255 33026218 10.1097/SHK.0000000000001606,,,10.1097/SHK.0000000000001606,33026218,https://doi.org/10.1097/SHK.0000000000001606
39633221_ref42,39633221,42,Rashid M et al(2021)Up-down regulation of HIF-1α in cancer progression. Gene 798:145796 34175393 10.1016/j.gene.2021.145796,,,10.1016/j.gene.2021.145796,34175393,https://doi.org/10.1016/j.gene.2021.145796
39633221_ref43,39633221,43,Rubin R(2022)New device okayed for treating pulmonary hypertension in newborns. JAMA 328(7):612 35972500 10.1001/jama.2022.13680,,,10.1001/jama.2022.13680,35972500,https://doi.org/10.1001/jama.2022.13680
39633221_ref44,39633221,44,Ruoss JL et al(2022)Management of cardiac dysfunction in neonates with pulmonary hypertension and the role of the ductus arteriosus. Semin Fetal Neonatal Med 27(4):101368 35798649 10.1016/j.siny.2022.101368,,,10.1016/j.siny.2022.101368,35798649,https://doi.org/10.1016/j.siny.2022.101368
39633221_ref45,39633221,45,"Sankaran D, Lakshminrusimha S(2022)Pulmonary hypertension in the newborn-etiology and pathogenesis. Semin Fetal Neonatal Med 27(4):101381 35963740 10.1016/j.siny.2022.101381 PMC11866099",,,10.1016/j.siny.2022.101381,35963740,https://doi.org/10.1016/j.siny.2022.101381
39633221_ref46,39633221,46,"Shifren JL et al(1994)In the human fetus, vascular endothelial growth factor is expressed in epithelial cells and myocytes, but not vascular endothelium: implications for mode of action. J Clin Endocrinol Metab 79(1):316–322 8027247 10.1210/jcem.79.1.8027247",,,10.1210/jcem.79.1.8027247,8027247,https://doi.org/10.1210/jcem.79.1.8027247
39633221_ref47,39633221,47,"Singh Y, Lakshminrusimha S(2021)Pathophysiology and management of persistent pulmonary hypertension of the newborn. Clin Perinatol 48(3):595–618 34353582 10.1016/j.clp.2021.05.009 PMC8351908",,,10.1016/j.clp.2021.05.009,34353582,https://doi.org/10.1016/j.clp.2021.05.009
39633221_ref48,39633221,48,Song S et al(2023)HIF-1α increases the osteogenic capacity of ADSCs by coupling angiogenesis and osteogenesis via the HIF-1α/VEGF/AKT/mTOR signaling pathway. J Nanobiotechnology 21(1):257 37550736 10.1186/s12951-023-02020-z PMC10405507,,,10.1186/s12951-023-02020-z,37550736,https://doi.org/10.1186/s12951-023-02020-z
39633221_ref49,39633221,49,Su H et al(2018)LncRNA H19 promotes the proliferation of pulmonary artery smooth muscle cells through AT(1)R via sponging let-7b in monocrotaline-induced pulmonary arterial hypertension. Respir Res 19(1):254 30547791 10.1186/s12931-018-0956-z PMC6295077,,,10.1186/s12931-018-0956-z,30547791,https://doi.org/10.1186/s12931-018-0956-z
39633221_ref50,39633221,50,Sun W et al(2019)Long noncoding RNA H19 promotes vascular remodeling by sponging let-7a to upregulate the expression of cyclin D1. Biochem Biophys Res Commun 508(4):1038–1042 30551879 10.1016/j.bbrc.2018.11.185,,,10.1016/j.bbrc.2018.11.185,30551879,https://doi.org/10.1016/j.bbrc.2018.11.185
39633221_ref51,39633221,51,Tan Y et al(2021)Ginsenoside Rb3 alleviates smoke-induced lung injury via the H19/miR-29b-3p/HGMB1/TLR4 signalling pathway. J Cell Mol Med 25(5):2725–2729 33523607 10.1111/jcmm.15844 PMC7933968,,,10.1111/jcmm.15844,33523607,https://doi.org/10.1111/jcmm.15844
39633221_ref52,39633221,52,"Thompson AAR, Lawrie A(2017)Targeting vascular remodeling to treat pulmonary arterial hypertension. Trends Mol Med 23(1):31–45 27989641 10.1016/j.molmed.2016.11.005",,,10.1016/j.molmed.2016.11.005,27989641,https://doi.org/10.1016/j.molmed.2016.11.005
39633221_ref53,39633221,53,"Tuder RM, Flook BE, Voelkel NF(1995)Increased gene expression for VEGF and the VEGF receptors KDR/Flk and Flt in lungs exposed to acute or to chronic hypoxia. Modulation of gene expression by nitric oxide. J Clin Invest 95(4):1798–1807 7706486 10.1172/JCI117858 PMC295709",,,10.1172/JCI117858,7706486,https://doi.org/10.1172/JCI117858
39633221_ref54,39633221,54,"Voelkel NF, Gomez-Arroyo J(2014)The role of vascular endothelial growth factor in pulmonary arterial hypertension. The angiogenesis paradox. Am J Respir Cell Mol Biol 51(4):474–484 24932885 10.1165/rcmb.2014-0045TR",,,10.1165/rcmb.2014-0045TR,24932885,https://doi.org/10.1165/rcmb.2014-0045TR
39633221_ref55,39633221,55,Wang R et al(2018)Identifying involvement of H19-miR-675-3p-IGF1R and H19-miR-200a-PDCD4 in treating pulmonary hypertension with melatonin. Mol Ther Nucleic Acids 13:44–54 30240970 10.1016/j.omtn.2018.08.015 PMC6146608,,,10.1016/j.omtn.2018.08.015,30240970,https://doi.org/10.1016/j.omtn.2018.08.015
39633221_ref56,39633221,56,Wang X et al(2019)Knockdown of long noncoding RNA H19 represses the progress of pulmonary fibrosis through the transforming growth factor β/Smad3 pathway by regulating MicroRNA 140. Mol Cell Biol. 10.1128/MCB.00143-19 30988156 10.1128/MCB.00143-19 PMC6549464,,,10.1128/MCB.00143-19,30988156,https://doi.org/10.1128/MCB.00143-19
39633221_ref57,39633221,57,"Wedgwood S, Steinhorn RH, Lakshminrusimha S(2019)Optimal oxygenation and role of free radicals in PPHN. Free Radic Biol Med 142:97–106 30995536 10.1016/j.freeradbiomed.2019.04.001 PMC6761018",,,10.1016/j.freeradbiomed.2019.04.001,30995536,https://doi.org/10.1016/j.freeradbiomed.2019.04.001
39633221_ref58,39633221,58,"Wiszniak S, Schwarz Q(2021)Exploring the intracrine functions of VEGF-A. Biomolecules. 10.3390/biom11010128 33478167 10.3390/biom11010128 PMC7835749",,,10.3390/biom11010128,33478167,https://doi.org/10.3390/biom11010128
39633221_ref59,39633221,59,Xie J et al(2022)Targeting non-coding RNA H19: a potential therapeutic approach in pulmonary diseases. Front Pharmacol 13:978151 36188624 10.3389/fphar.2022.978151 PMC9523668,,,10.3389/fphar.2022.978151,36188624,https://doi.org/10.3389/fphar.2022.978151
39633221_ref60,39633221,60,Zhang W et al(2017)Differential long noncoding RNA/mRNA expression profiling and functional network analysis during osteogenic differentiation of human bone marrow mesenchymal stem cells. Stem Cell Res Ther 8(1):30 28173844 10.1186/s13287-017-0485-6 PMC5297123,,,10.1186/s13287-017-0485-6,28173844,https://doi.org/10.1186/s13287-017-0485-6
39633221_ref61,39633221,61,Zhang L et al(2018)H19 knockdown suppresses proliferation and induces apoptosis by regulating miR-148b/WNT/β-catenin in ox-LDL-stimulated vascular smooth muscle cells. J Biomed Sci 25(1):11 29415742 10.1186/s12929-018-0418-4 PMC5804091,,,10.1186/s12929-018-0418-4,29415742,https://doi.org/10.1186/s12929-018-0418-4
39633221_ref62,39633221,62,Zhang R et al(2022)Curcumenol triggered ferroptosis in lung cancer cells via lncRNA H19/miR-19b-3p/FTH1 axis. Bioact Mater 13:23–36 35224289 10.1016/j.bioactmat.2021.11.013 PMC8843976,,,10.1016/j.bioactmat.2021.11.013,35224289,https://doi.org/10.1016/j.bioactmat.2021.11.013
41169943_ref1,41169943,1,Recent advances in polymeric transdermal drug delivery systems,J Contr Release,2022,10.1016/j.jconrel.2021.11.025,34813879,https://doi.org/10.1016/j.jconrel.2021.11.025
41169943_ref2,41169943,2,"Transdermal patches: history, development and pharmacology",Br J Pharmacol,2015,10.1111/bph.13059,25560046,https://doi.org/10.1111/bph.13059
41169943_ref3,41169943,3,Future of the transdermal drug delivery market--have we barely touched the surface?,Expet Opin Drug Deliv,2016,10.1517/17425247.2016.1130034,26646399,https://doi.org/10.1517/17425247.2016.1130034
41169943_ref4,41169943,4,"Wu S.X. Liyue Pianwen 2018 China Medical Science and Technology Press Beijing, China",,2018,,,
41169943_ref5,41169943,5,"Pharmacopoeia Committee of China, Chinese Pharmacopoeia 2020 China Medical Science Press Beijing, China","Pharmacopoeia Committee of China, Chinese Pharmacopoeia",2020,,,
41169943_ref6,41169943,6,"Tubiechong：A review on ethnomedicinal uses, bioactive chemical constituents and pharmacological activities",J Ethnopharmacol,2022,10.1016/j.jep.2022.115642,35973633,https://doi.org/10.1016/j.jep.2022.115642
41169943_ref7,41169943,7,Experimental study of Tubiechong promoting fracture healing. China,J Orthop Trauma,1992,,,
41169943_ref8,41169943,8,Fracture nonunion in long bones: a literature review of risk factors and surgical management,Injury,2021,10.1016/j.injury.2020.11.029,33221036,https://doi.org/10.1016/j.injury.2020.11.029
41169943_ref9,41169943,9,Strategies for transdermal drug delivery against bone disorders: a preclinical and clinical update,J Contr Release,2021,10.1016/j.jconrel.2021.06.035,34175368,https://doi.org/10.1016/j.jconrel.2021.06.035
41169943_ref10,41169943,10,Research progress on Chinese materia medica gel plaster and its application in product development,Chin Tradit Herb Drugs,2018,,,
41169943_ref11,41169943,11,Application of traditional Chinese medicine in film drug delivery system,Front Pharmacol,2022,10.3389/fphar.2022.956264,36299878,https://doi.org/10.3389/fphar.2022.956264
41169943_ref12,41169943,12,Composition and clinical application of Chinese medicinal cataplasms: a review,Mod. Chin. Med.,2021,,,
41169943_ref13,41169943,13,Tubiechong patching promotes tibia fracture healing in rats by regulating angiogenesis through the VEGF/ERK1/2 signaling pathway,J Ethnopharmacol,2023,10.1016/j.jep.2022.115851,36273748,https://doi.org/10.1016/j.jep.2022.115851
41169943_ref14,41169943,14,Optimization of Tuyuan cataplasma prescription by Box-Behnken design and response surface methodology,Mod. Chin. Med.,2021,,,
41169943_ref15,41169943,15,Usefulness of rat skin as a substitute for human skin in the in vitro skin permeation study,Exp Anim,2011,10.1538/expanim.60.373,21791877,https://doi.org/10.1538/expanim.60.373
41169943_ref16,41169943,16,Changes in bone mass and bone turnover following tibial shaft fracture,Osteoporos Int: a journal established as result of cooperation between the European Foundation for Osteoporosis and the National Osteoporosis Foundation of the USA,2016,10.1007/s00198-005-2025-y,16362144,https://doi.org/10.1007/s00198-005-2025-y
41169943_ref17,41169943,17,"Fracture-induced changes in biomarkers CTX, PINP, OC, and BAP-a systematic review",Osteoporos Int,2019,10.1007/s00198-019-05132-1,31446441,https://doi.org/10.1007/s00198-019-05132-1
41169943_ref18,41169943,18,Bone-turnover markers in fracture healing,J Bone Joint Surg Br,2010,10.1302/0301-620X.92B3.22787,20190300,https://doi.org/10.1302/0301-620X.92B3.22787
41169943_ref19,41169943,19,New insights into the biology of osteocalcin,Bone,2016,10.1016/j.bone.2015.05.046,26055108,https://doi.org/10.1016/j.bone.2015.05.046
41169943_ref20,41169943,20,Quantitative measurement of the splice variants 120 and 164 of the angiogenic peptide vascular endothelial growth factor in the time flow of fracture healing: a study in the rat,Cell Tissue Res,2002,10.1007/s00441-002-0605-0,12195295,https://doi.org/10.1007/s00441-002-0605-0
41169943_ref21,41169943,21,Dose-dependent enhancement effects of azone on skin permeability,Pharm Res(N Y),1989,10.1023/a:1015931715829,2813277,https://doi.org/10.1023/a:1015931715829
41169943_ref22,41169943,22,Enhancement strategies for transdermal drug delivery systems: current trends and applications,Drug Deliv. Transl. Res.,2022,10.1007/s13346-021-00909-6,33474709,https://doi.org/10.1007/s13346-021-00909-6
41169943_ref23,41169943,23,Transdermal drug delivery: efficacy and potential applications of the penetration enhancer Azone,Drug Des Deliv,1990,,2080983,
41169943_ref24,41169943,24,In vitro and in vivo evaluations of the efficacy and safety of skin permeation enhancers using flurbiprofen as a model drug,Int J Pharm,2003,10.1016/s0378-5173(03)00086-3,12672611,https://doi.org/10.1016/s0378-5173(03)00086-3
41169943_ref25,41169943,25,Bone remodeling during fracture repair: the cellular picture,Semin Cell Dev Biol,2008,10.1016/j.semcdb.2008.07.004,18692584,https://doi.org/10.1016/j.semcdb.2008.07.004
41169943_ref26,41169943,26,Fracture healing: mechanisms and interventions,Nat Rev Rheumatol,2015,10.1038/nrrheum.2014.164,25266456,https://doi.org/10.1038/nrrheum.2014.164
41169943_ref27,41169943,27,Coupling of angiogenesis and osteogenesis by a specific vessel subtype in bone,Nature,2014,10.1038/nature13145,24646994,https://doi.org/10.1038/nature13145
41169943_ref28,41169943,28,"Effect of water extract of Eupolyphaga sinensis on cell proliferation of MC3T3-E1, PC12 and HUVEC cells and H2O2 damage repair",Cent. South Pharm.,2020,,,
41103331_ref1,41103331,1,The growing role of precision and personalized medicine for cancer treatment.,Technology(Singap World Sci).,2018,10.1142/S2339547818300020,30713991,https://doi.org/10.1142/S2339547818300020
41103331_ref2,41103331,2,Precision medicine: Where have we reached and where are we headed?,Sultan Qaboos Univ Med J.,2017,10.18295/squmj.2017.17.03.001,29062546,https://doi.org/10.18295/squmj.2017.17.03.001
41103331_ref3,41103331,3,Health-related quality of life in Her2-positive early breast cancer woman using trastuzumab: A systematic review and meta-analysis.,Front Pharmacol.,2023,10.3389/fphar.2023.1090326,37124232,https://doi.org/10.3389/fphar.2023.1090326
41103331_ref4,41103331,4,The importance of patient preferences in treatment decisions--challenges for doctors.,BMJ.,2003,10.1136/bmj.327.7414.542,12958116,https://doi.org/10.1136/bmj.327.7414.542
41103331_ref5,41103331,5,Participation in medical decision making: the patients' perspective.,Med Decis Making.,2007,10.1177/0272989X07306784,17873253,https://doi.org/10.1177/0272989X07306784
41103331_ref6,41103331,6,Listening to the patient voice adds value to cancer clinical trials.,J Natl Cancer Inst.,2022,10.1093/jnci/djac128,35900186,https://doi.org/10.1093/jnci/djac128
41103331_ref7,41103331,7,Demand for precision medicine: A discrete-choice experiment and external validation study.,Pharmacoeconomics.,2020,10.1007/s40273-019-00834-0,31489595,https://doi.org/10.1007/s40273-019-00834-0
41103331_ref8,41103331,8,"Consumer familiarity, perspectives and expected value of personalized medicine with a focus on applications in oncology.",Per Med.,2015,10.2217/pme.14.74,25620993,https://doi.org/10.2217/pme.14.74
41103331_ref9,41103331,9,Hensher DA Rose JM Greene WH Applied Choice Analysis. 2015 Cambridge University Press,Applied Choice Analysis.,2015,,,
41103331_ref10,41103331,10,Preferred reporting items for systematic reviews and meta-analyses: the PRISMA statement.,BMJ.,2009,10.1136/bmj.b2535,19622551,https://doi.org/10.1136/bmj.b2535
41103331_ref11,41103331,11,"Delbecq AL Van de Ven AH Gustafson DH Group Techniques for Program Planning: A Guide to Nominal Group and Delphi Processes. 1975 Glenview, Illinois, United States Scott, Foresman",Group Techniques for Program Planning: A Guide to Nominal Group and Delphi Processes.,1975,,,
41103331_ref12,41103331,12,"Consensus development methods, and their use in clinical guideline development: A review.",Health Technol Assess.,1998,10.3310/hta2030,9561895,https://doi.org/10.3310/hta2030
41103331_ref13,41103331,13,"Kerlinger FN Foundations of behavioral research. 2nd ed 1973 New York Holt, Rinehart and Winston",Foundations of behavioral research.,1973,,,
41103331_ref14,41103331,14,Consensus from an expert panel on how to identify and support food insecurity during pregnancy: A modified Delphi study.,BMC Health Serv Res.,2022,10.1186/s12913-022-08587-x,36199090,https://doi.org/10.1186/s12913-022-08587-x
41103331_ref15,41103331,15,Patients' and healthcare professionals' views on pharmacogenetic testing and its future delivery in the NHS.,Pharmacogenomics.,2007,10.2217/14622416.8.11.1511,18034616,https://doi.org/10.2217/14622416.8.11.1511
41103331_ref16,41103331,16,Consumer Preferences for Precision Medicine Technologies: Evidence from A Discrete Choice Experiment.,Value Health.,2018,10.1016/j.jval.2018.04.059,,https://doi.org/10.1016/j.jval.2018.04.059
41103331_ref17,41103331,17,What US Healthcare Providers Value in Genomic Precision Medicine: A Discrete Choice Experiment.,Value Health.,2018,10.1016/j.jval.2018.04.748,,https://doi.org/10.1016/j.jval.2018.04.748
41103331_ref18,41103331,18,Criteria influencing the clinical uptake of pharmacogenomic strategies.,Bmj.,2004,10.1136/bmj.328.7454.1482,15205293,https://doi.org/10.1136/bmj.328.7454.1482
41103331_ref19,41103331,19,Patient choice in colorectal cancer treatment-A systematic review and narrative synthesis of attribute-based stated preference studies.,Colorectal Dis.,2022,10.1111/codi.16242,35776854,https://doi.org/10.1111/codi.16242
41103331_ref20,41103331,20,Does attribute framing in discrete choice experiments influence willingness to pay? Results from a discrete choice experiment in screening for colorectal cancer.,Value Health.,2009,10.1111/j.1524-4733.2008.00417.x,18657102,https://doi.org/10.1111/j.1524-4733.2008.00417.x
41103331_ref21,41103331,21,Patient preferences and predicted relative uptake for targeted therapies in metastatic colorectal cancer: a discrete choice experiment.,Curr Med Res Opin.,2020,10.1080/03007995.2020.1790348,32609014,https://doi.org/10.1080/03007995.2020.1790348
41103331_ref22,41103331,22,Pcn297 Attribute Development for a Discrete Choice Experiment(Dce)Exploring Willingness To Pay(Wtp)for Curing Cancer.,Value Health.,2019,10.1016/j.jval.2019.09.492,,https://doi.org/10.1016/j.jval.2019.09.492
41103331_ref23,41103331,23,"Patient preferences do matter: a discrete choice experiment conducted with breast cancer patients in six European countries, with latent class analysis.",Int J Technol Assess Health Care.,2023,10.1017/s0266462323000168,37074007,https://doi.org/10.1017/s0266462323000168
41103331_ref24,41103331,24,Patients' preferences for the management of non-metastatic prostate cancer: discrete choice experiment.,Bmj.,2004,10.1136/bmj.37972.497234.44,14751919,https://doi.org/10.1136/bmj.37972.497234.44
41103331_ref25,41103331,25,A protocol for a discrete choice experiment: understanding preferences of patients with cancer towards their cancer care across metropolitan and rural regions in Australia.,BMJ Open.,2014,10.1136/bmjopen-2014-006661,25344489,https://doi.org/10.1136/bmjopen-2014-006661
41103331_ref26,41103331,26,How Do Treatment Preferences of Patients With Cancer Compare With Those of Oncologists and Family Members? Evidence From a Discrete Choice Experiment in China.,Value Health.,2022,10.1016/j.jval.2022.05.003,35710892,https://doi.org/10.1016/j.jval.2022.05.003
41103331_ref27,41103331,27,Discrete choice experiment to estimate breast cancer patients' preferences and willingness to pay for prophylactic granulocyte colony-stimulating factors.,Value Health.,2014,10.1016/j.jval.2014.01.002,24968998,https://doi.org/10.1016/j.jval.2014.01.002
41103331_ref28,41103331,28,Patients' preferences: a discrete-choice experiment for treatment of non-small-cell lung cancer.,Eur J Health Econ.,2015,10.1007/s10198-014-0622-4,25135768,https://doi.org/10.1007/s10198-014-0622-4
41103331_ref29,41103331,29,Patient Preferences for Metastatic Hormone-Sensitive Prostate Cancer Treatments: A Discrete Choice Experiment Among Men in Three European Countries.,Adv Ther.,2019,10.1007/s12325-018-0861-3,30617763,https://doi.org/10.1007/s12325-018-0861-3
41103331_ref30,41103331,30,Line of therapy and patient preferences regarding lung cancer treatment: a discrete-choice experiment.,Curr Med Res Opin.,2021,10.1080/03007995.2021.1888707,33571024,https://doi.org/10.1080/03007995.2021.1888707
41103331_ref31,41103331,31,Patient Preferences for Lung Cancer Treatments: A Study Protocol for a Preference Survey Using Discrete Choice Experiment and Swing Weighting.,Front Med(Lausanne).,2021,10.3389/fmed.2021.689114,34409049,https://doi.org/10.3389/fmed.2021.689114
41103331_ref32,41103331,32,Stated Preferences in Non-Small-Cell Lung Cancer: A Discrete Choice Experiment.,Patient Prefer Adherence.,2021,10.2147/ppa.s302394,33958859,https://doi.org/10.2147/ppa.s302394
41103331_ref33,41103331,33,Patient Preferences for Attributes of Chemotherapy for Lung Cancer: Discrete Choice Experiment Study in Japan.,Front Pharmacol.,2021,10.3389/fphar.2021.697711,34354590,https://doi.org/10.3389/fphar.2021.697711
41103331_ref34,41103331,34,Stated preferences of patients with cancer for health-related quality-of-life(HRQOL)domains during treatment.,Qual Life Res.,2006,10.1007/s11136-005-0580-5,16468082,https://doi.org/10.1007/s11136-005-0580-5
41103331_ref35,41103331,35,PCN84 patients' preferences for the treatment of colorectal cancer: A discrete choice experiment(DCE)survey.,Value Health.,2011,10.1016/j.jval.2011.02.939,,https://doi.org/10.1016/j.jval.2011.02.939
41103331_ref36,41103331,36,Therapy preferences of patients with lung and colon cancer: a discrete choice experiment.,Patient Prefer Adherence.,2017,10.2147/ppa.s138863,29033552,https://doi.org/10.2147/ppa.s138863
41103331_ref37,41103331,37,Patient and physician preferences for anticancer drugs for the treatment of metastatic colorectal cancer: a discrete-choice experiment.,Cancer Manag Res.,2017,10.2147/cmar.s125245,28490902,https://doi.org/10.2147/cmar.s125245
41103331_ref38,41103331,38,Patients' and urologists' preferences for prostate cancer treatment: a discrete choice experiment.,Br J Cancer.,2013,10.1038/bjc.2013.370,23860533,https://doi.org/10.1038/bjc.2013.370
41103331_ref39,41103331,39,Patient and General Population Preferences Regarding the Benefits and Harms of Treatment for Metastatic Prostate Cancer: A Discrete Choice Experiment.,Eur Urol Open Sci.,2023,10.1016/j.euros.2023.03.001,37187724,https://doi.org/10.1016/j.euros.2023.03.001
41103331_ref40,41103331,40,Patient preferences for features of HER2-targeted treatment of advanced or metastatic breast cancer: a discrete-choice experiment study.,Breast Cancer.,2023,10.1007/s12282-022-01394-6,36074320,https://doi.org/10.1007/s12282-022-01394-6
41103331_ref41,41103331,41,Quality of life versus length of life considerations in cancer patients: A systematic literature review.,Psychooncology.,2019,10.1002/pon.5054,30838697,https://doi.org/10.1002/pon.5054
41103331_ref42,41103331,42,Individualized approach to cancer screening in older adults.,Clin Geriatr Med.,2018,10.1016/j.cger.2017.09.002,29129211,https://doi.org/10.1016/j.cger.2017.09.002
41103331_ref43,41103331,43,Finding out what matters in decision-making related to genomics and personalized medicine in pediatric oncology: Developing attributes to include in a discrete choice experiment.,Patient.,2020,10.1007/s40271-020-00411-0,32037479,https://doi.org/10.1007/s40271-020-00411-0
41103331_ref44,41103331,44,Current practice in and considerations for personalized medicine in lung cancer: From the patient's molecular biology to patient values and preferences.,Maturitas.,2015,10.1016/j.maturitas.2015.04.008,25981825,https://doi.org/10.1016/j.maturitas.2015.04.008
41103331_ref45,41103331,45,Personalized medicine and cancer.,J Pers Med.,2012,10.3390/jpm2010001,25562699,https://doi.org/10.3390/jpm2010001
41103331_ref46,41103331,46,Payer preferences and willingness to pay for genomic precision medicine: A discrete choice experiment.,J Manag Care Spec Pharm.,2020,10.18553/jmcp.2020.26.4.529,32223606,https://doi.org/10.18553/jmcp.2020.26.4.529
41103331_ref47,41103331,47,"Cancer patients acceptance, understanding, and willingness-to-pay for pharmacogenomic testing.",Pharmacogenet Genomics.,2014,10.1097/FPC.0000000000000061,24911662,https://doi.org/10.1097/FPC.0000000000000061
41103331_ref48,41103331,48,Willingness-to-pay as a measure of benefits. Relevant questions in the context of public decisionmaking about health care programs.,Med Care.,1991,,1745082,
41103331_ref49,41103331,49,A pilot study to evaluate the feasibility of using willingness to pay as a measure of value in cancer supportive care: an assessment of amifostine cytoprotection.,Support Care Cancer.,1997,10.1007/s005200050118,9406363,https://doi.org/10.1007/s005200050118
41103331_ref50,41103331,50,Impact of economic sanctions on access to noncommunicable diseases medicines in the Islamic Republic of Iran.,East Mediterr Health J.,2018,,29658620,
41103331_ref51,41103331,51,Access to personalized medicine: factors influencing the use and value of gene expression profiling in breast cancer treatment.,Curr Oncol.,2014,10.3747/co.21.1782,24940102,https://doi.org/10.3747/co.21.1782
41103331_ref52,41103331,52,Equal access to innovative therapies and precision cancer care.,Nat Rev Clin Oncol.,2016,10.1038/nrclinonc.2016.31,27000960,https://doi.org/10.1038/nrclinonc.2016.31
41103331_ref53,41103331,53,Personalized medicine and access to health care: potential for inequitable access?,Eur J Hum Genet.,2013,10.1038/ejhg.2012.149,22781088,https://doi.org/10.1038/ejhg.2012.149
41103331_ref54,41103331,54,"Secretary of State for Health High quality care for all: NHS next stage review final aeport. 2008 updated June 2008 Available from: https://assets.publishing.service.gov.uk/government/uploads/system/uploads/attachment_data/file/228836/7432.pdf London, UK Secretary of State for Health, Department of Health",High quality care for all: NHS next stage review final aeport.,2008,,,https://assets.publishing.service.gov.uk/government/uploads/system/uploads/attachment_data/file/228836/7432.pdf
41103331_ref55,41103331,55,"Secretary of State for Health Our health, our care, our say: A new direction for community services. 2006 updated January 2006 Available from: https://assets.publishing.service.gov.uk/government/uploads/system/uploads/attachment_data/file/272238/6737.pdf London, UK Secretary of State for Health, Department of Health","Our health, our care, our say: A new direction for community services.",2006,,,https://assets.publishing.service.gov.uk/government/uploads/system/uploads/attachment_data/file/272238/6737.pdf
35156633_ref1,35156633,1,Malignancy and biologic therapy in rheumatoid arthritis,Curr Opin Rheumatol,2008,10.1097/BOR.0b013e3282f7c706,18388527,https://doi.org/10.1097/BOR.0b013e3282f7c706
35156633_ref2,35156633,2,Acute promyelocytic leukaemia(APL)in a patient with Crohn’s disease and exposure to infliximab: A rare clinical presentation and review of the literature,BMJ Case Rep,2014,10.1136/bcr-2013-203318,24842356,https://doi.org/10.1136/bcr-2013-203318
35156633_ref3,35156633,3,Ankylosing spondylitis and the risk of cancer,Oncol Lett,2017,10.3892/ol.2017.6368,28789346,https://doi.org/10.3892/ol.2017.6368
35156633_ref4,35156633,4,Infliximab therapy together with tyrosine kinase inhibition targets leukemic stem cells in chronic myeloid leukemia,BMC Cancer,2019,10.1186/s12885-019-5871-2,31272418,https://doi.org/10.1186/s12885-019-5871-2
35156633_ref5,35156633,5,TGF-a and IL-6 plasma levels selectively identify CML patients who fail to achieve an early molecular response or progress in the first year of therapy,Leukemia,2016,10.1038/leu.2016.34,26898188,https://doi.org/10.1038/leu.2016.34
35156633_ref6,35156633,6,Systematic review of recommendations on the use of disease-modifying antirheumatic drugs in patients with rheumatoid arthritis and cancer,Arthritis Care Res,2020,10.1002/acr.23865,30821928,https://doi.org/10.1002/acr.23865
39375945_ref1,39375945,1,"Cancer statistics, 2023",CA Cancer J Clin,2023,10.3322/caac.21763,36633525,https://doi.org/10.3322/caac.21763
39375945_ref2,39375945,2,A clinical decision support system to predict the efficacy for EGFR-TKIs based on artificial neural network,J Cancer Res Clin Oncol,2023,10.1007/s00432-023-05104-3,37434091,https://doi.org/10.1007/s00432-023-05104-3
39375945_ref3,39375945,3,Tumor immunology and immunotherapy of non-small-cell lung cancer,Cold Spring Harb Perspect Med,2022,10.1101/cshperspect.a037895,34580079,https://doi.org/10.1101/cshperspect.a037895
39375945_ref4,39375945,4,Targeted therapies for lung cancer patients with oncogenic driver molecular alterations,J Clin Oncol,2022,10.1200/JCO.21.01626,34985916,https://doi.org/10.1200/JCO.21.01626
39375945_ref5,39375945,5,Management of acquired resistance to EGFR TKI-targeted therapy in advanced non-small cell lung cancer,Mol Cancer,2018,10.1186/s12943-018-0777-1,29455650,https://doi.org/10.1186/s12943-018-0777-1
39375945_ref6,39375945,6,Analysis of acquired resistance mechanisms to osimertinib in patients with EGFR-mutated advanced non-small cell lung cancer from the AURA3 trial,Nat Commun,2023,10.1038/s41467-023-35962-x,36849516,https://doi.org/10.1038/s41467-023-35962-x
39375945_ref7,39375945,7,Mechanisms of resistance to EGFR tyrosine kinase inhibitors,Acta Pharm Sin B,2015,10.1016/j.apsb.2015.07.001,26579470,https://doi.org/10.1016/j.apsb.2015.07.001
39375945_ref8,39375945,8,Therapeutic strategies for EGFR-mutated non-small cell lung cancer patients with osimertinib resistance,J Hematol Oncol,2022,10.1186/s13045-022-01391-4,36482474,https://doi.org/10.1186/s13045-022-01391-4
39375945_ref9,39375945,9,Targeting FGFR overcomes EMT-mediated resistance in EGFR mutant non-small cell lung cancer,Oncogene,2019,10.1038/s41388-019-0887-2,31324888,https://doi.org/10.1038/s41388-019-0887-2
39375945_ref10,39375945,10,Drug resistance mechanisms and progress in the treatment of EGFR-mutated lung adenocarcinoma,Oncol Lett,2022,10.3892/ol.2022.13528,36245822,https://doi.org/10.3892/ol.2022.13528
39375945_ref11,39375945,11,Anlotinib: A novel multi-targeting tyrosine kinase inhibitor in clinical development,J Hematol Oncol,2018,10.1186/s13045-018-0664-7,30231931,https://doi.org/10.1186/s13045-018-0664-7
39375945_ref12,39375945,12,Role of anlotinib-induced CCL2 decrease in anti-angiogenesis and response prediction for nonsmall cell lung cancer therapy,Eur Respir J,2019,10.1183/13993003.01562-2018,30578392,https://doi.org/10.1183/13993003.01562-2018
39375945_ref13,39375945,13,Effect of anlotinib as a third-line or further treatment on overall survival of patients with advanced non-small cell lung cancer: The ALTER 0303 phase 3 randomized clinical trial,JAMA Oncol,2018,10.1001/jamaoncol.2018.3039,30098152,https://doi.org/10.1001/jamaoncol.2018.3039
39375945_ref14,39375945,14,Anlotinib combined with osimertinib reverses acquired osimertinib resistance in NSCLC by targeting the c-MET/MYC/AXL axis,Pharmacol Res,2023,10.1016/j.phrs.2023.106668,36681369,https://doi.org/10.1016/j.phrs.2023.106668
39375945_ref15,39375945,15,"Anlotinib inhibits angiogenesis via suppressing the activation of VEGFR2, PDGFRβ and FGFR1",Gene,2018,10.1016/j.gene.2018.02.026,29454091,https://doi.org/10.1016/j.gene.2018.02.026
39375945_ref16,39375945,16,Osimertinib and other third-generation EGFR TKI in EGFR-mutant NSCLC patients,Ann Oncol,2018,10.1093/annonc/mdx704,29462255,https://doi.org/10.1093/annonc/mdx704
39375945_ref17,39375945,17,Epidermal growth factor receptor cell proliferation signaling pathways,Cancers(Basel),2017,10.3390/cancers9050052,28513565,https://doi.org/10.3390/cancers9050052
39375945_ref18,39375945,18,Third-generation EGFR and ALK inhibitors: Mechanisms of resistance and management,Nat Rev Clin Oncol,2022,10.1038/s41571-022-00639-9,35534623,https://doi.org/10.1038/s41571-022-00639-9
39375945_ref19,39375945,19,Driven by mutations: The predictive value of mutation subtype in EGFR-mutated non-small cell lung cancer,J Thorac Oncol,2017,10.1016/j.jtho.2016.12.014,28017789,https://doi.org/10.1016/j.jtho.2016.12.014
39375945_ref20,39375945,20,"AZD9291, an irreversible EGFR TKI, overcomes T790M-mediated resistance to EGFR inhibitors in lung cancer",Cancer Discov,2014,10.1158/2159-8290.CD-14-0337,24893891,https://doi.org/10.1158/2159-8290.CD-14-0337
39375945_ref21,39375945,21,AZD9291 in EGFR inhibitor-resistant non-small-cell lung cancer,N Engl J Med,2015,10.1056/NEJMoa1411817,25923549,https://doi.org/10.1056/NEJMoa1411817
39375945_ref22,39375945,22,Erlotinib versus gemcitabine plus cisplatin as neoadjuvant treatment of stage ⅢA-N2 EGFR-mutant non-small-cell lung cancer: Final overall survival analysis of the EMERGING-CTONG 1103 randomised phase Ⅱ trial,Signal Transduct Target Ther,2023,10.1038/s41392-022-01286-3,36823150,https://doi.org/10.1038/s41392-022-01286-3
39375945_ref23,39375945,23,Tissue and plasma EGFR mutation analysis in the FLAURA trial: Osimertinib versus comparator EGFR tyrosine kinase inhibitor as first-line treatment in patients with EGFR-mutated advanced non-small cell lung cancer,Clin Cancer Res,2019,10.1158/1078-0432.CCR-19-1126,31439584,https://doi.org/10.1158/1078-0432.CCR-19-1126
39375945_ref24,39375945,24,Osimertinib in resected EGFR-mutated non-small-cell lung cancer,N Engl J Med,2020,10.1056/NEJMoa2027071,32955177,https://doi.org/10.1056/NEJMoa2027071
39375945_ref25,39375945,25,Tackling osimertinib resistance in EGFR-mutant non-small cell lung cancer,Clin Cancer Res,2023,10.1158/1078-0432.CCR-22-1912,37093192,https://doi.org/10.1158/1078-0432.CCR-22-1912
39375945_ref26,39375945,26,Allosteric mutant-selective fourth-generation EGFR inhibitors as an efficient combination therapeutic in the treatment of non-small cell lung carcinoma,Drug Discov Today,2021,10.1016/j.drudis.2021.02.005,33581322,https://doi.org/10.1016/j.drudis.2021.02.005
39375945_ref27,39375945,27,Mechanisms of osimertinib resistance and emerging treatment options,Lung Cancer,2020,10.1016/j.lungcan.2020.07.014,32693293,https://doi.org/10.1016/j.lungcan.2020.07.014
39375945_ref28,39375945,28,"Anlotinib plus icotinib as a potential treatment option for EGFR-mutated advanced non-squamous non-small cell lung cancer with concurrent mutations: Final analysis of the prospective phase 2, multicenter ALTER-L004 study",Mol Cancer,2023,10.1186/s12943-023-01823-w,37543587,https://doi.org/10.1186/s12943-023-01823-w
39375945_ref29,39375945,29,Survival benefit of anlotinib in T790M-positive non-small-cell lung cancer patients with acquired osimertinib resistance: A multicenter retrospective study and exploratory in vitro study,Cancer Med,2023,10.1002/cam4.6232,37387596,https://doi.org/10.1002/cam4.6232
39375945_ref30,39375945,30,Concurrent use of anlotinib overcomes acquired resistance to EGFR-TKI in patients with advanced EGFR-mutant non-small cell lung cancer,Thorac Cancer,2021,10.1111/1759-7714.14141,34510760,https://doi.org/10.1111/1759-7714.14141
39375945_ref31,39375945,31,EML4-ALK G1202R mutation induces EMT and confers resistance to ceritinib in NSCLC cells via activation of STAT3/Slug signaling,Cell Signal,2022,10.1016/j.cellsig.2022.110264,35085771,https://doi.org/10.1016/j.cellsig.2022.110264
39375945_ref32,39375945,32,RHOJ controls EMT-associated resistance to chemotherapy,Nature,2023,10.1038/s41586-023-05838-7,36949199,https://doi.org/10.1038/s41586-023-05838-7
39375945_ref33,39375945,33,Targeting the EMT transcription factor TWIST1 overcomes resistance to EGFR inhibitors in EGFR-mutant non-small-cell lung cancer,Oncogene,2019,10.1038/s41388-018-0482-y,30171258,https://doi.org/10.1038/s41388-018-0482-y
39375945_ref34,39375945,34,"Loss of E-cadherin activates EGFR-MEK/ERK signaling, which promotes invasion via the ZEB1/MMP2 axis in non-small cell lung cancer",Oncotarget,2013,10.18632/oncotarget.1463,24318272,https://doi.org/10.18632/oncotarget.1463
39375945_ref35,39375945,35,Loss of key EMT-regulating miRNAs highlight the role of ZEB1 in EGFR tyrosine kinase inhibitor-resistant NSCLC,Int J Mol Sci,2023,10.3390/ijms241914742,37834189,https://doi.org/10.3390/ijms241914742
39390833_ref1,39390833,1,Adrenal metastasis as first presentation of hepatocellular carcinoma.,World J. Surg. Oncol.,2005,10.1186/1477-7819-3-50,16042808,https://doi.org/10.1186/1477-7819-3-50
39390833_ref2,39390833,2,Adrenal metastasis of hepatocellular carcinoma in patients following liver resection or liver transplantation: Experience from a tertiary referral center.,Int. J. Surg. Oncol.,2018,10.1155/2018/4195076,30151282,https://doi.org/10.1155/2018/4195076
39390833_ref3,39390833,3,Isolated adrenal metastasis for hepatocellular carcinoma: a case report and literature review.,AME Case Rep.,2022,10.21037/acr-21-75,35475017,https://doi.org/10.21037/acr-21-75
39390833_ref4,39390833,4,Management of isolated adrenal lesions in cancer patients.,Cancer Contr.,2011,10.1177/107327481101800206,21451454,https://doi.org/10.1177/107327481101800206
39390833_ref5,39390833,5,Survival after adrenalectomy for metastatic hepatocellular carcinoma: A 25-year institutional experience.,World J. Surg.,2021,10.1007/s00268-020-05909-0,33354731,https://doi.org/10.1007/s00268-020-05909-0
39390833_ref6,39390833,6,SAT-183 right adrenal mass: An unusual presentation.,J. Endocr. Soc.,2020,10.1210/jendso/bvaa046.1588,,https://doi.org/10.1210/jendso/bvaa046.1588
39390833_ref7,39390833,7,Metástasis adrenal como presentación de un hepatocarcinoma.,Gastroenterol. Hepatol.,2019,10.1016/j.gastrohep.2018.03.001,29650454,https://doi.org/10.1016/j.gastrohep.2018.03.001
39390833_ref8,39390833,8,Metastatic diseases to the adrenal gland: A comprehensive study from an academic institution with emphasis on clinical occult cases.,Pathol. Res. Pract.,2024,10.1016/j.prp.2024.155487,39079382,https://doi.org/10.1016/j.prp.2024.155487
39390833_ref9,39390833,9,Pathology of hepatocellular carcinoma in Japan: 232 consecutive cases autopsied in ten years.,Cancer,1983,10.1002/1097-0142(19830301)51:5&#x0003c;863::AID-CNCR2820510520&#x0003e;3.0.CO;2-D,6295617,https://doi.org/10.1002/1097-0142(19830301)51:5&#x0003c;863::AID-CNCR2820510520&#x0003e;3.0.CO;2-D
39390833_ref10,39390833,10,Extrahepatic metastases of hepatocellular carcinoma.,Radiology,2000,10.1148/radiology.216.3.r00se24698,10966697,https://doi.org/10.1148/radiology.216.3.r00se24698
39390833_ref11,39390833,11,Extrahepatic spread of hepatocellular carcinoma: A pictorial review.,Eur. Radiol.,2003,10.1007/s00330-002-1519-7,12664129,https://doi.org/10.1007/s00330-002-1519-7
39390833_ref12,39390833,12,A case of adrenal metastasis of hepatocellular carcinoma diagnosed by endoscopic ultrasound-guided fine-needle aspiration.,DEN Open,2024,10.1002/deo2.362,38601272,https://doi.org/10.1002/deo2.362
39390833_ref13,39390833,13,Case report: 65-year-old man with metachronous left sided adrenal metastasis of hepatocellular carcinoma.,Int. J. Surg. Case Rep.,2024,10.1016/j.ijscr.2024.109683,38688153,https://doi.org/10.1016/j.ijscr.2024.109683
39390833_ref14,39390833,14,Hepatocellular carcinoma recurrence as isolated adrenal metastasis.,ACG Case Rep. J.,2023,10.14309/crj.0000000000001065,38549945,https://doi.org/10.14309/crj.0000000000001065
39390833_ref15,39390833,15,Right adrenal metastases of hepatocarcinoma after liver transplantation: Case report and literature review.,Transplant. Proc.,2009,10.1016/j.transproceed.2009.02.018,19376429,https://doi.org/10.1016/j.transproceed.2009.02.018
39390833_ref16,39390833,16,What is the best treatment modality for adrenal metastasis from hepatocellular carcinoma?,J. Surg. Oncol.,2007,10.1002/jso.20773,17345596,https://doi.org/10.1002/jso.20773
39390833_ref17,39390833,17,Unresectable adrenal metastases: Clinical outcomes of radiofrequency ablation.,Radiology,2015,10.1148/radiol.2015142029,25997031,https://doi.org/10.1148/radiol.2015142029
39390833_ref18,39390833,18,Clinical efficacy of chemoembolization with simultaneous radiofrequency ablation for treatment of adrenal metastases from hepatocellular carcinoma.,Cancer Imaging,2018,10.1186/s40644-018-0157-5,30064514,https://doi.org/10.1186/s40644-018-0157-5
39390833_ref19,39390833,19,Surgical management for adrenal gland metastasis of hepatocellular carcinoma.,Hepatogastroenterol.,1999,,10370663,
39390833_ref20,39390833,20,Subcutaneous seeding after percutaneous ethanol injection of liver metastasis.,Radiology,1992,10.1148/radiology.183.3.1584934,1584934,https://doi.org/10.1148/radiology.183.3.1584934
39390833_ref21,39390833,21,Ectopic hepatocellular carcinoma presenting as a right adrenal mass with IVC thrombus: Case report and review of the literature.,Urol. Case Rep.,2022,10.1016/j.eucr.2021.101900,34712591,https://doi.org/10.1016/j.eucr.2021.101900
39390833_ref22,39390833,22,Isolated unilateral adrenal metastasis as a presenting feature of occult hepatocellular carcinoma.,Saudi. Surg. J.,2016,10.4103/2320-3846.183702,,https://doi.org/10.4103/2320-3846.183702
39390833_ref23,39390833,23,Radiologically occult hepatocellular carcinoma in a cirrhotic liver presenting with bilateral adrenal metastases.,Med. J. Malaysia,2015,,26358025,
39390833_ref24,39390833,24,Hepatocellular carcinoma presenting as primary extrahepatic mass on CT.,AJR Am. J. Roentgenol.,1986,10.2214/ajr.146.5.1005,3008540,https://doi.org/10.2214/ajr.146.5.1005
39390833_ref25,39390833,25,Diffuse cirrhosis-like hepatocellular carcinoma: a clinically and radiographically undetected variant mimicking cirrhosis.,Am. J. Surg. Pathol.,2010,10.1097/PAS.0b013e3181ddf52f,20463569,https://doi.org/10.1097/PAS.0b013e3181ddf52f
39390833_ref26,39390833,26,Cirrhotomimetic hepatocellular carcinoma: experience of a single institution and review of the literature.,Hepat. Oncol.,2021,10.2217/hep-2020-0015,33680429,https://doi.org/10.2217/hep-2020-0015
39390833_ref27,39390833,27,Effects of atezolizumab and bevacizumab on adrenal gland metastasis of hepatocellular carcinoma: A case report and review of literature.,Intern. Med.,2022,10.2169/internalmedicine.9341-22,35431306,https://doi.org/10.2169/internalmedicine.9341-22
38570403_ref1,38570403,1,"Campbell KL, Winters-Stone KM, Wiskemann J, May AM, Schwartz AL, Courneya KS, Zucker DS, Matthews CE, Ligibel JA, Gerber LH, et al. Exercise guidelines for cancer survivors: consensus statement from international multidisciplinary roundtable. Med Sci Sports Exerc. 2019;51(11):2375–90. 31626055 10.1249/MSS.0000000000002116 PMC8576825",,,10.1249/MSS.0000000000002116,31626055,https://doi.org/10.1249/MSS.0000000000002116
38570403_ref2,38570403,2,"Morris M, Crank H, Loosemore M, Stevinson C. Identification of research priorities in exercise oncology: a consensus study. J Cancer. 2020;11(9):2702–7. 32201540 10.7150/jca.42992 PMC7066012",,,10.7150/jca.42992,32201540,https://doi.org/10.7150/jca.42992
38570403_ref3,38570403,3,"Courneya KS, Booth CM. Exercise as cancer treatment: a clinical oncology framework for exercise oncology research. Front Oncol. 2022;12:957135. 36119508 10.3389/fonc.2022.957135 PMC9480835",,,10.3389/fonc.2022.957135,36119508,https://doi.org/10.3389/fonc.2022.957135
38570403_ref4,38570403,4,"Tudur Smith C, Hickey H, Clarke M, Blazeby J, Williamson P. The trials methodological research agenda: results from a priority setting exercise. Trials. 2014;15:32. 24456928 10.1186/1745-6215-15-32 PMC3904160",,,10.1186/1745-6215-15-32,24456928,https://doi.org/10.1186/1745-6215-15-32
38570403_ref5,38570403,5,"Reynolds SA, O'Connor L, McGee A, Kilcoyne AQ, Connolly A, Mockler D, Guinan E, O'Neill L. Recruitment rates and strategies in exercise trials in cancer survivorship: a systematic review. J Cancer Surviv. 2023. 10.1007/s11764-023-01363-8 PMC11324688 37022641",,,10.1007/s11764-023-01363-8,37022641,https://doi.org/10.1007/s11764-023-01363-8
38570403_ref6,38570403,6,"Gillies K, Kearney A, Keenan C, Treweek S, Hudson J, Brueton VC, Conway T, Hunter A, Murphy L, Carr PJ, et al. Strategies to improve retention in randomised trials. Cochrane Database Syst Rev. 2021;3(3):Mr000032. 33675536 10.1002/14651858.MR000032.pub3 PMC8092429",,,10.1002/14651858.MR000032.pub3,33675536,https://doi.org/10.1002/14651858.MR000032.pub3
38570403_ref7,38570403,7,"Parkinson B, Meacock R, Sutton M, Fichera E, Mills N, Shorter GW, Treweek S, Harman NL, Brown RCH, Gillies K, et al. Designing and using incentives to support recruitment and retention in clinical trials: a scoping review and a checklist for design. Trials. 2019;20(1):624. 31706324 10.1186/s13063-019-3710-z PMC6842495",,,10.1186/s13063-019-3710-z,31706324,https://doi.org/10.1186/s13063-019-3710-z
38570403_ref8,38570403,8,"Sheill G, Guinan E, Brady L, Hevey D, Hussey J. Exercise interventions for patients with advanced cancer: a systematic review of recruitment, attrition, and exercise adherence rates. Palliat Support Care. 2019;17(6):686–96. 31109383 10.1017/S1478951519000312",,,10.1017/S1478951519000312,31109383,https://doi.org/10.1017/S1478951519000312
38570403_ref9,38570403,9,"West MA, Loughney L, Lythgoe D, Barben CP, Sripadam R, Kemp GJ, Grocott MP, Jack S. Effect of prehabilitation on objectively measured physical fitness after neoadjuvant treatment in preoperative rectal cancer patients: a blinded interventional pilot study. Br J Anaesth. 2015;114(2):244–51. 25274049 10.1093/bja/aeu318",,,10.1093/bja/aeu318,25274049,https://doi.org/10.1093/bja/aeu318
38570403_ref10,38570403,10,"Brunsdon D, Biesty L, Brocklehurst P, Brueton V, Devane D, Elliott J, Galvin S, Gamble C, Gardner H, Healy P, et al. What are the most important unanswered research questions in trial retention? A James Lind Alliance Priority Setting Partnership: the PRioRiTy II(Prioritising Retention in Randomised Trials)study. Trials. 2019;20(1):593. 31615577 10.1186/s13063-019-3687-7 PMC6794792",,,10.1186/s13063-019-3687-7,31615577,https://doi.org/10.1186/s13063-019-3687-7
38570403_ref11,38570403,11,"Treweek S, Bevan S, Bower P, Campbell M, Christie J, Clarke M, Collett C, Cotton S, Devane D, El Feky A, et al. Trial Forge Guidance 1: what is a Study Within A Trial(SWAT)? Trials. 2018;19(1):139. 29475444 10.1186/s13063-018-2535-5 PMC5824570",,,10.1186/s13063-018-2535-5,29475444,https://doi.org/10.1186/s13063-018-2535-5
38570403_ref12,38570403,12,"Casla S, López-Tarruella S, Jerez Y, Marquez-Rodas I, Galvão DA, Newton RU, Cubedo R, Calvo I, Sampedro J, Barakat R, Martín M. Supervised physical exercise improves VO 2max, quality of life, and health in early stage breast cancer patients: a randomized controlled trial. Breast Cancer Res Treat. 2015;153(2):371–82. 10.1007/s10549-015-3541-x. 10.1007/s10549-015-3541-x 26293147",,,10.1007/s10549-015-3541-x,26293147,https://doi.org/10.1007/s10549-015-3541-x
38570403_ref13,38570403,13,"Dieli-Conwright CM, Courneya KS, Demark-Wahnefried W, Sami N, Lee K, Buchanan TA, Spicer DV, Tripathy D, Bernstein L, Mortimer JE. Effects of aerobic and resistance exercise on metabolic syndrome, sarcopenic obesity, and circulating biomarkers in overweight or obese survivors of breast cancer: a randomized controlled trial. J Clin Oncol. 2018;36(9):875–83. 10.1200/JCO.2017.75.7526. Erratum in: J Clin Oncol. 2020;38(12):1370. Erratum in: J Clin Oncol. 2020;38(18):2115. 10.1200/JCO.2017.75.7526 PMC5858524 29356607",,,10.1200/JCO.2017.75.7526,29356607,https://doi.org/10.1200/JCO.2017.75.7526
38570403_ref14,38570403,14,"Martin EA, Battaglini CL, Hands B, Naumann F. Higher-intensity exercise results in more sustainable improvements for vo2peak for breast and prostate cancer survivors. Oncol Nurs Forum. 2015;42(3):241–9. 10.1188/15.ONF.42-03AP. 10.1188/15.ONF.42-03AP 25901376",,,10.1188/15.ONF.42-03AP,25901376,https://doi.org/10.1188/15.ONF.42-03AP
38570403_ref15,38570403,15,"Broderick JM, Guinan E, Kennedy MJ, Hollywood D, Courneya KS, Culos-Reed SN, Bennett K. DM OD, Hussey J: Feasibility and efficacy of a supervised exercise intervention in de-conditioned cancer survivors during the early survivorship phase: the PEACH trial. J Cancer Surviv. 2013;7(4):551–62. 23749688 10.1007/s11764-013-0294-6",,,10.1007/s11764-013-0294-6,23749688,https://doi.org/10.1007/s11764-013-0294-6
38570403_ref16,38570403,16,"Cantarero-Villanueva I, Fernández-Lao C, Díaz-Rodriguez L, Fernández-de-las-Peñas C, Del Moral-Avila R, Arroyo-Morales M. A multimodal exercise program and multimedia support reduce cancer-related fatigue in breast cancer survivors: a randomised controlled clinical trial. European J Integr Med. 2011;3(3):e189–200.",,,,,
38570403_ref17,38570403,17,"Guinan E, Hussey J, Broderick JM, Lithander FE, O’Donnell D, Kennedy MJ, Connolly EM. The effect of aerobic exercise on metabolic and inflammatory markers in breast cancer survivors—a pilot study. Support Care Cancer. 2013;21(7):1983–92. 23430010 10.1007/s00520-013-1743-5",,,10.1007/s00520-013-1743-5,23430010,https://doi.org/10.1007/s00520-013-1743-5
38570403_ref18,38570403,18,"Sagen Å, Kåresen R, Risberg MA. Physical activity for the affected limb and arm lymphedema after breast cancer surgery. A prospective, randod controlled trial with two years follow-up. Acta Oncologica. 2009;48(8):1102–10. 19863217 10.3109/02841860903061683",,,10.3109/02841860903061683,19863217,https://doi.org/10.3109/02841860903061683
38570403_ref19,38570403,19,"Santa Mina D, Alibhai SMH, Matthew AG, Guglietti CL, Pirbaglou M, Trachtenberg J, Ritvo P. A randomized trial of aerobic versus resistance exercise in prostate cancer survivors. J Aging Phys Act. 2013;21(4):455–78. 23238110 10.1123/japa.21.4.455",,,10.1123/japa.21.4.455,23238110,https://doi.org/10.1123/japa.21.4.455
38570403_ref20,38570403,20,"Anderson RT, Kimmick GG, McCoy TP, Hopkins J, Levine E, Miller G, Ribisl P, Mihalko SL. A randomized trial of exercise on well-being and function following breast cancer surgery: the RESTORE trial. J Cancer Surviv. 2012;6(2):172–81. 22160629 10.1007/s11764-011-0208-4 PMC3900279",,,10.1007/s11764-011-0208-4,22160629,https://doi.org/10.1007/s11764-011-0208-4
38570403_ref21,38570403,21,"Greenlee HA, Crew KD, Mata JM, McKinley PS, Rundle AG, Zhang W, Liao Y, Tsai WY, Hershman DL. A pilot randomized controlled trial of a commercial diet and exercise weight loss program in minority breast cancer survivors. Obesity. 2013;21(1):65–76. 23505170 10.1002/oby.20245 PMC4705911",,,10.1002/oby.20245,23505170,https://doi.org/10.1002/oby.20245
38570403_ref22,38570403,22,"Pinto BM, Papandonatos GD, Goldstein MG, Marcus BH, Farrell N. Home-based physical activity intervention for colorectal cancer survivors. Psychooncology. 2013;22(1):54–64. 21905158 10.1002/pon.2047",,,10.1002/pon.2047,21905158,https://doi.org/10.1002/pon.2047
38570403_ref23,38570403,23,"McNeely ML, Parliament MB, Seikaly H, Jha N, Magee DJ, Haykowsky MJ, Courneya KS. Sustainability of outcomes after a randomized crossover trial of resistance exercise for shoulder dysfunction in survivors of head and neck cancer. Physiother Can. 2015;67(1):85–93. 25931658 10.3138/ptc.2014-13O PMC4403331",,,10.3138/ptc.2014-13O,25931658,https://doi.org/10.3138/ptc.2014-13O
38570403_ref24,38570403,24,"Brocki BC, Andreasen J, Nielsen LR, Nekrasas V, Gorst-Rasmussen A, Westerdahl E. Short and long-term effects of supervised versus unsupervised exercise training on health-related quality of life and functional outcomes following lung cancer surgery—a randomized controlled trial. Lung Cancer. 2014;83(1):102–8. 24246508 10.1016/j.lungcan.2013.10.015",,,10.1016/j.lungcan.2013.10.015,24246508,https://doi.org/10.1016/j.lungcan.2013.10.015
38570403_ref25,38570403,25,"Daley AJ, Crank H, Saxton JM, Mutrie N, Coleman R, Roalfe A. Randomized trial of exercise therapy in women treated for breast cancer. J Clin Oncol. 2007;25(13):1713–21. 17470863 10.1200/JCO.2006.09.5083",,,10.1200/JCO.2006.09.5083,17470863,https://doi.org/10.1200/JCO.2006.09.5083
38570403_ref26,38570403,26,"Kampshoff CS, van Mechelen W, Schep G, Nijziel MR, Witlox L, Bosman L, Chinapaw MJ, Brug J, Buffart LM. Participation in and adherence to physical exercise after completion of primary cancer treatment. Int J Behav Nutr Phys Act. 2016;13(1):100. 27612561 10.1186/s12966-016-0425-3 PMC5016937",,,10.1186/s12966-016-0425-3,27612561,https://doi.org/10.1186/s12966-016-0425-3
38570403_ref27,38570403,27,"Kneis S, Wehrle A, Müller J, et al. It’s never too late-balance and endurance training improves functional performance, quality of life, and alleviates neuropathic symptoms in cancer survivors suffering from chemotherapy-induced peripheral neuropathy: results of a randomized controlled trial. BMC Cancer. 2019;19:414. 10.1186/s12885-019-5522-7. 10.1186/s12885-019-5522-7 PMC6498676 31046719",,,10.1186/s12885-019-5522-7,31046719,https://doi.org/10.1186/s12885-019-5522-7
38570403_ref28,38570403,28,"Gothe NP, Erlenbach E. Feasibility of a yoga, aerobic and stretching-toning exercise program for adult cancer survivors: the STAYFit trial. J Cancer Surviv: Res Pract. 2022;16(5):1107–16. 10.1007/s11764-021-01101-y PMC8402960 34455545",,,10.1007/s11764-021-01101-y,34455545,https://doi.org/10.1007/s11764-021-01101-y
38570403_ref29,38570403,29,"Papadopoulos E, Gillen J, Moore D, Au D, Kurgan N, Klentrou P, Finelli A, Alibhai SMH, Santa Mina D. High-intensity interval training or resistance training versus usual care in men with prostate cancer on active surveillance: a 3-arm feasibility randomized controlled trial. Applied physiology, nutrition, and metabolism = Physiologie appliquee, nutrition et metabolisme. 2021;46(12):1535–44. 34380000 10.1139/apnm-2021-0365",,,10.1139/apnm-2021-0365,34380000,https://doi.org/10.1139/apnm-2021-0365
38570403_ref30,38570403,30,"Harris LK, Skou ST, Juhl CB, Jäger M, Bricca A. Recruitment and retention rates in randomised controlled trials of exercise therapy in people with multimorbidity: a systematic review and meta-analysis. Trials. 2021;22(1):396. 34127042 10.1186/s13063-021-05346-x PMC8204443",,,10.1186/s13063-021-05346-x,34127042,https://doi.org/10.1186/s13063-021-05346-x
38570403_ref31,38570403,31,"Kearney N, Connolly D, Begic S, Mockler D, Guinan E. Feasibility metrics of exercise interventions during chemotherapy: a systematic review. Crit Rev Oncol Hematol. 2024;195:104272. 10.1016/j.critrevonc.2024.104272. 10.1016/j.critrevonc.2024.104272 38272152",,,10.1016/j.critrevonc.2024.104272,38272152,https://doi.org/10.1016/j.critrevonc.2024.104272
38570403_ref32,38570403,32,"Meneses-Echavez JF, Rodriguez-Prieto I, Elkins M, Martínez-Torres J, Nguyen L, Bidonde J. Analysis of reporting completeness in exercise cancer trials: a systematic review. BMC Med Res Methodol. 2019;19(1):220. 31791246 10.1186/s12874-019-0871-0 PMC6889190",,,10.1186/s12874-019-0871-0,31791246,https://doi.org/10.1186/s12874-019-0871-0
38570403_ref33,38570403,33,"Bland KA, Neil-Sztramko SE, Zadravec K, Medysky ME, Kong J, Winters-Stone KM, Campbell KL. Attention to principles of exercise training: an updated systematic review of randomized controlled trials in cancers other than breast and prostate. BMC Cancer. 2021;21(1):1179. 34740332 10.1186/s12885-021-08701-y PMC8569988",,,10.1186/s12885-021-08701-y,34740332,https://doi.org/10.1186/s12885-021-08701-y
38570403_ref34,38570403,34,Good clinical practice. Consolidated guideline. In: International conference on harmonisation of technical requirements for registration of pharaceuticals for human use. 1996.,,,,,
38570403_ref35,38570403,35,https://www.hrb.ie/fileadmin/1._Non-plugin_related_files/RSF_files/Policies_and_principles/Grant_Policies/HRB_Policy_on_Clinical_Trials_and_Interventions_Governance.pdf.,,,,,https://www.hrb.ie/fileadmin/1._Non-plugin_related_files/RSF_files/Policies_and_principles/Grant_Policies/HRB_Policy_on_Clinical_Trials_and_Interventions_Governance.pdf
38570403_ref36,38570403,36,"Spence RR, Sandler CX, Jones TL, McDonald N, Dunn RM, Hayes SC. Practical suggestions for harms reporting in exercise oncology: the Exercise Harms Reporting Method(ExHaRM). BMJ Open. 2022;12(12):e067998. 36600391 10.1136/bmjopen-2022-067998 PMC9743394",,,10.1136/bmjopen-2022-067998,36600391,https://doi.org/10.1136/bmjopen-2022-067998
38570403_ref37,38570403,37,"Nilsen TS, Scott JM, Michalski M, Capaci C, Thomas S, Herndon JE 2nd, Sasso J, Eves ND, Jones LW. Novel methods for reporting of exercise dose and adherence: an exploratory analysis. Med Sci Sports Exerc. 2018;50(6):1134–41. 29315168 10.1249/MSS.0000000000001545 PMC5953772",,,10.1249/MSS.0000000000001545,29315168,https://doi.org/10.1249/MSS.0000000000001545
38570403_ref38,38570403,38,"Fairman CM, Nilsen TS, Newton RU, Taaffe DR, Spry N, Joseph D, Chambers SK, Robinson ZP, Hart NH, Zourdos MC, et al. Reporting of resistance training dose, adherence, and tolerance in exercise oncology. Med Sci Sports Exerc. 2020;52(2):315–22. 31436734 10.1249/MSS.0000000000002127 PMC12376820",,,10.1249/MSS.0000000000002127,31436734,https://doi.org/10.1249/MSS.0000000000002127
38570403_ref39,38570403,39,"O'Neill L, Murphy F, Reidy D, et al. Development and initial implementation of a clinical monitoring strategy in a non-regulated trial: a research note from the ReStOre II trial[version 2; peer review: 2 approved with reservations]. HRB Open Res. 2023;6:46. 10.12688/hrbopenres.13763.2. 10.12688/hrbopenres.13763.3 PMC11401978 39280895",,,10.12688/hrbopenres.13763.3,39280895,https://doi.org/10.12688/hrbopenres.13763.3
41035572_ref1,41035572,1,Patient-oriented gene set analysis for cancer mutation data,Genome Biol.,2010,10.1186/gb-2010-11-11-r112,21092299,https://doi.org/10.1186/gb-2010-11-11-r112
41035572_ref2,41035572,2,An analysis of genetic heterogeneity in untreated cancers,Nat Rev Cancer,2019,10.1038/s41568-019-0185-x,31455892,https://doi.org/10.1038/s41568-019-0185-x
41035572_ref3,41035572,3,Cliques and Schisms of Cancer Genes,Cancer Cell,2017,10.1016/j.ccell.2017.07.009,28810139,https://doi.org/10.1016/j.ccell.2017.07.009
41035572_ref4,41035572,4,Are Parallel Proliferation Pathways Redundant?,Trends Biochem. Sci.,2020,10.1016/j.tibs.2020.03.013,32345469,https://doi.org/10.1016/j.tibs.2020.03.013
41035572_ref5,41035572,5,Drugging multiple same-allele driver mutations in cancer,Expert Opin. Drug Discov.,2021,10.1080/17460441.2021.1905628,33769165,https://doi.org/10.1080/17460441.2021.1905628
41035572_ref6,41035572,6,Identifying Epistasis in Cancer Genomes: A Delicate Affair,Cell,2019,10.1016/j.cell.2019.05.005,31150618,https://doi.org/10.1016/j.cell.2019.05.005
41035572_ref7,41035572,7,A New View of Activating Mutations in Cancer,Cancer Res.,2022,10.1158/0008-5472.CAN-22-2125,36069825,https://doi.org/10.1158/0008-5472.CAN-22-2125
41035572_ref8,41035572,8,"Allostery, and how to define and measure signal transduction",Biophys. Chem.,2022,10.1016/j.bpc.2022.106766,35121384,https://doi.org/10.1016/j.bpc.2022.106766
41035572_ref9,41035572,9,Oncogene-induced senescence underlies the mutual exclusive nature of oncogenic KRAS and BRAF,Oncogene,2016,10.1038/onc.2015.186,26028035,https://doi.org/10.1038/onc.2015.186
41035572_ref10,41035572,10,Oncogene-induced senescence as a new mechanism of disease: the paradigm of erdheim-chester disease,Front. Immunol.,2014,10.3389/fimmu.2014.00281,24982657,https://doi.org/10.3389/fimmu.2014.00281
41035572_ref11,41035572,11,PI3K Driver Mutations: A Biophysical Membrane-Centric Perspective,Cancer Res.,2021,10.1158/0008-5472.CAN-20-0911,33046444,https://doi.org/10.1158/0008-5472.CAN-20-0911
41035572_ref12,41035572,12,A new theory on cancer-inducing mechanism,Br. J. Cancer,1953,10.1038/bjc.1953.8,13051507,https://doi.org/10.1038/bjc.1953.8
41035572_ref13,41035572,13,The two “hit” and multiple “hit” theories of carcinogenesis,Br. J. Cancer,1969,10.1038/bjc.1969.41,5788039,https://doi.org/10.1038/bjc.1969.41
41035572_ref14,41035572,14,Mutation and cancer: statistical study of retinoblastoma,Proc. Natl. Acad. Sci. U. S. A.,1971,10.1073/pnas.68.4.820,5279523,https://doi.org/10.1073/pnas.68.4.820
41035572_ref15,41035572,15,How many mutations does it take to make a tumor?,Proc. Natl. Acad. Sci. U. S. A.,1999,10.1073/pnas.96.26.14675,10611270,https://doi.org/10.1073/pnas.96.26.14675
41035572_ref16,41035572,16,How many mutations in a cancer?,Am. J. Pathol.,2002,10.1016/S0002-9440(10)64896-1,11891172,https://doi.org/10.1016/S0002-9440(10)64896-1
41035572_ref17,41035572,17,Only three driver gene mutations are required for the development of lung and colorectal cancers,Proc. Natl. Acad. Sci. U. S. A.,2015,10.1073/pnas.1421839112,25535351,https://doi.org/10.1073/pnas.1421839112
41035572_ref18,41035572,18,Precision medicine review: rare driver mutations and their biophysical classification,Biophys. Rev.,2019,10.1007/s12551-018-0496-2,30610579,https://doi.org/10.1007/s12551-018-0496-2
41035572_ref19,41035572,19,Clinical Acquired Resistance to RAF Inhibitor Combinations in BRAF-Mutant Colorectal Cancer through MAPK Pathway Alterations,Cancer Discov.,2015,10.1158/2159-8290.CD-14-1518,25673644,https://doi.org/10.1158/2159-8290.CD-14-1518
41035572_ref20,41035572,20,Tumorigenesis: RAF/RAS oncogenes and mismatch-repair status,Nature,2002,10.1038/418934a,12198537,https://doi.org/10.1038/418934a
41035572_ref21,41035572,21,What makes oncogenes mutually exclusive?,Small GTPases,2017,10.1080/21541248.2016.1212689,27416373,https://doi.org/10.1080/21541248.2016.1212689
41035572_ref22,41035572,22,Senescence and cancer — role and therapeutic opportunities,Nat. Rev. Clin. Oncol.,2022,10.1038/s41571-022-00668-4,36045302,https://doi.org/10.1038/s41571-022-00668-4
41035572_ref23,41035572,23,Senescent Cells in Cancer Therapy: Friends or Foes?,Trends Cancer Res.,2020,,,
41035572_ref24,41035572,24,Oncogene-induced senescence: a double edged sword in cancer,Acta Pharmacol. Sin.,2018,10.1038/aps.2017.198,29620049,https://doi.org/10.1038/aps.2017.198
41035572_ref25,41035572,25,Oncogene-induced senescence: From biology to therapy,Mech. Ageing Dev.,2020,10.1016/j.mad.2020.111229,32171687,https://doi.org/10.1016/j.mad.2020.111229
41035572_ref26,41035572,26,mTOR kinase leads to PTEN-loss-induced cellular senescence by phosphorylating p53,Oncogene,2019,10.1038/s41388-018-0521-8,30337688,https://doi.org/10.1038/s41388-018-0521-8
41035572_ref27,41035572,27,A functional genetic screen defines the AKT-induced senescence signaling network,Cell Death Differ.,2020,10.1038/s41418-019-0384-8,31285545,https://doi.org/10.1038/s41418-019-0384-8
41035572_ref28,41035572,28,"RAS, cellular senescence and transformation: the BRCA1 DNA repair pathway at the crossroads",Small GTPases,2012,10.4161/sgtp.19884,22751483,https://doi.org/10.4161/sgtp.19884
41035572_ref29,41035572,29,Identifying mutual exclusivity across cancer genomes: computational approaches to discover genetic interaction and reveal tumor vulnerability,Brief. Bioinform.,2019,10.1093/bib/bbx109,28968730,https://doi.org/10.1093/bib/bbx109
41035572_ref30,41035572,30,Oncogenic context shapes the fitness landscape of tumor suppression,Nat. Commun.,2023,10.1038/s41467-023-42156-y,37828026,https://doi.org/10.1038/s41467-023-42156-y
41035572_ref31,41035572,31,Higher order genetic interactions switch cancer genes from two-hit to one-hit drivers,Nat. Commun.,2021,10.1038/s41467-020-20314-w,33397941,https://doi.org/10.1038/s41467-020-20314-w
41035572_ref32,41035572,32,Mutational landscape of cancer-driver genes across human cancers,Sci Rep,2023,10.1038/s41598-023-39608-2,37550388,https://doi.org/10.1038/s41598-023-39608-2
41035572_ref33,41035572,33,CHASMplus Reveals the Scope of Somatic Missense Mutations Driving Human Cancers,Cell Syst,2019,10.1016/j.cels.2019.05.005,31202631,https://doi.org/10.1016/j.cels.2019.05.005
41035572_ref34,41035572,34,A quantitative and multiplexed approach to uncover the fitness landscape of tumor suppression in vivo,Nat. Methods,2017,10.1038/nmeth.4297,28530655,https://doi.org/10.1038/nmeth.4297
41035572_ref35,41035572,35,The molecular pathology of cancer,Nat. Rev. Clin. Oncol.,2010,10.1038/nrclinonc.2010.41,20351699,https://doi.org/10.1038/nrclinonc.2010.41
41035572_ref36,41035572,36,Oncogenic Signaling Pathways in The Cancer Genome Atlas,Cell,2018,10.1016/j.cell.2018.03.035,29625050,https://doi.org/10.1016/j.cell.2018.03.035
41035572_ref37,41035572,37,MEScan: a powerful statistical framework for genome-scale mutual exclusivity analysis of cancer mutations,Bioinformatics,2021,10.1093/bioinformatics/btaa957,33165532,https://doi.org/10.1093/bioinformatics/btaa957
41035572_ref38,41035572,38,MEGSA: A Powerful and Flexible Framework for Analyzing Mutual Exclusivity of Tumor Mutations,Am. J. Hum. Genet.,2016,10.1016/j.ajhg.2015.12.021,26899600,https://doi.org/10.1016/j.ajhg.2015.12.021
41035572_ref39,41035572,39,CoMEt: a statistical approach to identify combinations of mutually exclusive alterations in cancer,Genome Biol.,2015,10.1186/s13059-015-0700-7,26253137,https://doi.org/10.1186/s13059-015-0700-7
41035572_ref40,41035572,40,Using MEMo to discover mutual exclusivity modules in cancer,Curr. Protoc. Bioinformatics,2013,,,
41035572_ref41,41035572,41,Discovery of co-occurring driver pathways in cancer,BMC Bioinformatics,2014,10.1186/1471-2105-15-271,25106096,https://doi.org/10.1186/1471-2105-15-271
41035572_ref42,41035572,42,Conditional Selection of Genomic Alterations Dictates Cancer Evolution and Oncogenic Dependencies,Cancer Cell,2017,10.1016/j.ccell.2017.06.010,28756993,https://doi.org/10.1016/j.ccell.2017.06.010
41035572_ref43,41035572,43,Mutations at protein-protein interfaces: Small changes over big surfaces have large impacts on human health,Prog. Biophys. Mol. Biol.,2017,10.1016/j.pbiomolbio.2016.10.002,27913149,https://doi.org/10.1016/j.pbiomolbio.2016.10.002
41035572_ref44,41035572,44,Comprehensive characterization of protein-protein interactions perturbed by disease mutations,Nat. Genet.,2021,10.1038/s41588-020-00774-y,33558758,https://doi.org/10.1038/s41588-020-00774-y
41035572_ref45,41035572,45,Personal Mutanomes Meet Modern Oncology Drug Discovery and Precision Health,Pharmacol. Rev.,2019,10.1124/pr.118.016253,30545954,https://doi.org/10.1124/pr.118.016253
41035572_ref46,41035572,46,"Review: Precision medicine and driver mutations: Computational methods, functional assays and conformational principles for interpreting cancer drivers",PLoS Comput. Biol.,2019,10.1371/journal.pcbi.1006658,30921324,https://doi.org/10.1371/journal.pcbi.1006658
41035572_ref47,41035572,47,Explore Protein-Protein Interactions for Cancer Target Discovery Using the OncoPPi Portal,Methods Mol. Biol.,2020,10.1007/978-1-4939-9873-9_12,31583637,https://doi.org/10.1007/978-1-4939-9873-9_12
41035572_ref48,41035572,48,The OncoPPi Portal: an integrative resource to explore and prioritize protein-protein interactions for cancer target discovery,Bioinformatics,2018,10.1093/bioinformatics/btx743,29186335,https://doi.org/10.1093/bioinformatics/btx743
41035572_ref49,41035572,49,Anticancer drug resistance: An update and perspective,Drug Resist. Updat.,2021,10.1016/j.drup.2021.100796,34953682,https://doi.org/10.1016/j.drup.2021.100796
41035572_ref50,41035572,50,Molecular Profiles and Metastasis Markers in Chinese Patients with Gastric Carcinoma,Sci. Rep.,2019,10.1038/s41598-019-50171-7,31570735,https://doi.org/10.1038/s41598-019-50171-7
41035572_ref51,41035572,51,TERT promoter mutation is an objective clinical marker for disease progression in chondrosarcoma,Mod. Pathol.,2021,10.1038/s41379-021-00848-0,34108637,https://doi.org/10.1038/s41379-021-00848-0
41035572_ref52,41035572,52,Systematic pan-cancer analysis of mutation-treatment interactions using large real-world clinicogenomics data,Nat. Med.,2022,10.1038/s41591-022-01873-5,35773542,https://doi.org/10.1038/s41591-022-01873-5
41035572_ref53,41035572,53,"Prognostic Mutational Signatures of NSCLC Patients treated with chemotherapy, immunotherapy and chemoimmunotherapy",NPJ Precis Oncol,2023,10.1038/s41698-023-00373-0,36973365,https://doi.org/10.1038/s41698-023-00373-0
41035572_ref54,41035572,54,Co-occurring genomic alterations and immunotherapy efficacy in NSCLC,NPJ Precis Oncol,2022,10.1038/s41698-021-00243-7,35042953,https://doi.org/10.1038/s41698-021-00243-7
41035572_ref55,41035572,55,Pan-cancer whole-genome comparison of primary and metastatic solid tumours,Nature,2023,10.1038/s41586-023-06054-z,37165194,https://doi.org/10.1038/s41586-023-06054-z
41035572_ref56,41035572,56,The cBio cancer genomics portal: an open platform for exploring multidimensional cancer genomics data,Cancer Discov.,2012,10.1158/2159-8290.CD-12-0095,22588877,https://doi.org/10.1158/2159-8290.CD-12-0095
41035572_ref57,41035572,57,AACR Project GENIE: Powering Precision Medicine through an International Consortium,Cancer Discov.,2017,10.1158/2159-8290.CD-17-0151,28572459,https://doi.org/10.1158/2159-8290.CD-17-0151
41035572_ref58,41035572,58,Cancer Genome Interpreter annotates the biological and clinical relevance of tumor alterations,Genome Med.,2018,10.1186/s13073-018-0531-8,29592813,https://doi.org/10.1186/s13073-018-0531-8
41035572_ref59,41035572,59,KEGG: kyoto encyclopedia of genes and genomes,Nucleic Acids Res,2000,10.1093/nar/28.1.27,10592173,https://doi.org/10.1093/nar/28.1.27
41035572_ref60,41035572,60,Make Interactive Complex Heatmaps in R,Bioinformatics,2022,10.1093/bioinformatics/btab806,34864868,https://doi.org/10.1093/bioinformatics/btab806
41035572_ref61,41035572,61,Mining frequent patterns without candidate generation,ACM SIGMOD Record,2000,,,
41035572_ref62,41035572,62,Dominich S.(2008)The Modern Algebra of Information Retrieval. Springer Science & Business Media.,The Modern Algebra of Information Retrieval,2008,,,
41035572_ref63,41035572,63,"(2008)Exploring Network Structure, Dynamics, and Function Using Networkx.","Exploring Network Structure, Dynamics, and Function Using Networkx",2008,,,
41035572_ref64,41035572,64,OmniPath: guidelines and gateway for literature-curated signaling pathway resources,Nat Methods,2016,10.1038/nmeth.4077,27898060,https://doi.org/10.1038/nmeth.4077
41035572_ref65,41035572,65,The mutation rate and cancer,Proc. Natl. Acad. Sci. U. S. A.,1996,10.1073/pnas.93.25.14800,8962135,https://doi.org/10.1073/pnas.93.25.14800
41035572_ref66,41035572,66,"Genomic characterization of metastatic patterns from prospective clinical sequencing of 25,000 patients",Cell,2022,10.1016/j.cell.2022.01.003,35120664,https://doi.org/10.1016/j.cell.2022.01.003
41035572_ref67,41035572,67,ESR1 mutation as an emerging clinical biomarker in metastatic hormone receptor-positive breast cancer,Breast Cancer Res.,2021,10.1186/s13058-021-01462-3,34392831,https://doi.org/10.1186/s13058-021-01462-3
41035572_ref68,41035572,68,Mutations in normal tissues—some diagnostic and clinical implications,BMC Med.,2020,10.1186/s12916-019-1443-1,31898501,https://doi.org/10.1186/s12916-019-1443-1
41035572_ref69,41035572,69,Pathogenic missense protein variants affect different functional pathways and proteomic features than healthy population variants,PLoS Biol,2021,10.1371/journal.pbio.3001207,33909605,https://doi.org/10.1371/journal.pbio.3001207
41035572_ref70,41035572,70,Not all cancers are created equal: Tissue specificity in cancer genes and pathways,Curr. Opin. Cell Biol.,2020,10.1016/j.ceb.2020.01.005,32092639,https://doi.org/10.1016/j.ceb.2020.01.005
41035572_ref71,41035572,71,Tissue-specific tumorigenesis: context matters,Nat. Rev. Cancer,2017,10.1038/nrc.2017.5,28256574,https://doi.org/10.1038/nrc.2017.5
41035572_ref72,41035572,72,Pan-cancer clinical impact of latent drivers from double mutations,Communications Biology,2023,10.1038/s42003-022-04154-6,36596887,https://doi.org/10.1038/s42003-022-04154-6
41035572_ref73,41035572,73,Functional significance of co-occurring mutations in and in breast cancer,Oncotarget,2018,10.18632/oncotarget.25118,29765551,https://doi.org/10.18632/oncotarget.25118
41035572_ref74,41035572,74,KRAS and PIK3CA bi-mutations predict a poor prognosis in colorectal cancer patients: A single-site report,Transl. Oncol.,2020,10.1016/j.tranon.2020.100874,32947236,https://doi.org/10.1016/j.tranon.2020.100874
41035572_ref75,41035572,75,Clinico-pathological associations and concomitant mutations of the RAS/RAF pathway in metastatic colorectal cancer,J. Transl. Med.,2019,10.1186/s12967-019-1879-2,31036005,https://doi.org/10.1186/s12967-019-1879-2
41035572_ref76,41035572,76,Combination of KRAS and SMAD4 mutations in formalin-fixed paraffin-embedded tissues as a biomarker for pancreatic cancer,Cancer Sci.,2020,10.1111/cas.14425,32314446,https://doi.org/10.1111/cas.14425
41035572_ref77,41035572,77,Network motifs: theory and experimental approaches,Nat. Rev. Genet.,2007,10.1038/nrg2102,17510665,https://doi.org/10.1038/nrg2102
41035572_ref78,41035572,78,CancerGeneNet: linking driver genes to cancer hallmarks,Nucleic Acids Res.,2020,10.1093/nar/gkz871,31598703,https://doi.org/10.1093/nar/gkz871
41035572_ref79,41035572,79,Phase and context shape the function of composite oncogenic mutations,Nature,2020,10.1038/s41586-020-2315-8,32461694,https://doi.org/10.1038/s41586-020-2315-8
41035572_ref80,41035572,80,"Specificity protein(Sp)transcription factors Sp1, Sp3 and Sp4 are non-oncogene addiction genes in cancer cells",Oncotarget,2016,10.18632/oncotarget.7925,26967243,https://doi.org/10.18632/oncotarget.7925
41035572_ref81,41035572,81,Transcription factors specificity protein and nuclear receptor 4A1 in pancreatic cancer,World J. Gastroenterol.,2021,10.3748/wjg.v27.i38.6387,34720529,https://doi.org/10.3748/wjg.v27.i38.6387
41035572_ref82,41035572,82,Oncogenic Recruits an Expansive Transcriptional Network through Mutant p53 to Drive Pancreatic Cancer Metastasis,Cancer Discov.,2021,10.1158/2159-8290.CD-20-1228,33839689,https://doi.org/10.1158/2159-8290.CD-20-1228
41035572_ref83,41035572,83,TP53 missense mutation reveals gain-of-function properties in small-sized KRAS transformed pancreatic ductal adenocarcinoma,J. Transl. Med.,2023,10.1186/s12967-023-04742-y,38037073,https://doi.org/10.1186/s12967-023-04742-y
41035572_ref84,41035572,84,A structural basis for mutational inactivation of the tumour suppressor Smad4,Nature,1997,10.1038/40431,9214508,https://doi.org/10.1038/40431
41035572_ref85,41035572,85,Gene set enrichment analysis: a knowledge-based approach for interpreting genome-wide expression profiles,Proc. Natl. Acad. Sci. U. S. A.,2005,10.1073/pnas.0506580102,16199517,https://doi.org/10.1073/pnas.0506580102
41035572_ref86,41035572,86,PGC-1alpha-responsive genes involved in oxidative phosphorylation are coordinately downregulated in human diabetes,Nat. Genet.,2003,10.1038/ng1180,12808457,https://doi.org/10.1038/ng1180
41035572_ref87,41035572,87,"WebGestalt 2017: a more comprehensive, powerful, flexible and interactive gene set enrichment analysis toolkit",Nucleic Acids Res.,2017,10.1093/nar/gkx356,28472511,https://doi.org/10.1093/nar/gkx356
41035572_ref88,41035572,88,Role and therapeutic potential of G-protein coupled receptors in breast cancer progression and metastases,Eur. J. Pharmacol.,2015,10.1016/j.ejphar.2015.05.011,25981295,https://doi.org/10.1016/j.ejphar.2015.05.011
41035572_ref89,41035572,89,GPCRs and cancer,Acta Pharmacol. Sin.,2012,10.1038/aps.2011.183,22266725,https://doi.org/10.1038/aps.2011.183
41035572_ref90,41035572,90,Treatment of Breast Cancer With Gonadotropin-Releasing Hormone Analogs,Front. Oncol,2019,10.3389/fonc.2019.00943,31632902,https://doi.org/10.3389/fonc.2019.00943
41035572_ref91,41035572,91,"Conventional and new proposals of GnRH therapy for ovarian, breast, and prostatic cancers",Front. Endocrinol.,2023,,,
41035572_ref92,41035572,92,Chemokines at the crossroads of tumor-fibroblast interactions that promote malignancy,J. Leukoc. Biol.,2011,10.1189/jlb.0310182,20628066,https://doi.org/10.1189/jlb.0310182
41035572_ref93,41035572,93,Chemokines and Chemokine Receptors: New Targets for Cancer Immunotherapy,Front. Immunol.,2019,10.3389/fimmu.2019.00379,30894861,https://doi.org/10.3389/fimmu.2019.00379
41035572_ref94,41035572,94,The mechanism of in lung adenocarcinoma through the SDF-1/CXCR4 pathway,Transl. Cancer Res.,2022,10.21037/tcr-21-2903,35402179,https://doi.org/10.21037/tcr-21-2903
41035572_ref95,41035572,95,High CXC Chemokine Ligand 16(CXCL16)Expression Promotes Proliferation and Metastasis of Lung Cancer via Regulating the NF-κB Pathway,Med. Sci. Monit.,2018,10.12659/MSM.906230,29353287,https://doi.org/10.12659/MSM.906230
41035572_ref96,41035572,96,Chemokines and chemokine receptors: A new strategy for breast cancer therapy,Cancer Med,2020,10.1002/cam4.3014,32253815,https://doi.org/10.1002/cam4.3014
41035572_ref97,41035572,97,The dynamics of Rho GTPase signaling and implications for targeting cancer and the tumor microenvironment,Small GTPases,2015,10.4161/21541248.2014.973749,26103062,https://doi.org/10.4161/21541248.2014.973749
41035572_ref98,41035572,98,Genomic alterations link Rho family of GTPases to the highly invasive phenotype of pancreas cancer,Proc. Natl. Acad. Sci. U. S. A.,2008,10.1073/pnas.0809966105,19050074,https://doi.org/10.1073/pnas.0809966105
41035572_ref99,41035572,99,Targeting Rho GTPase effector p21 activated kinase 4(PAK4)suppresses p-Bad-microRNA drug resistance axis leading to inhibition of pancreatic ductal adenocarcinoma proliferation,Small GTPases,2019,10.1080/21541248.2017.1329694,28641032,https://doi.org/10.1080/21541248.2017.1329694
41035572_ref100,41035572,100,Challenges and Opportunities Associated With Platelets in Pancreatic Cancer,Front. Oncol.,2022,10.3389/fonc.2022.850485,35494001,https://doi.org/10.3389/fonc.2022.850485
41035572_ref101,41035572,101,Pancreatic Cancer and Platelets Crosstalk: A Potential Biomarker and Target,Front Cell Dev Biol,2021,10.3389/fcell.2021.749689,34858977,https://doi.org/10.3389/fcell.2021.749689
41035572_ref102,41035572,102,Early and multiple origins of metastatic lineages within primary tumors,Proc. Natl. Acad. Sci. U. S. A.,2016,10.1073/pnas.1525677113,26858460,https://doi.org/10.1073/pnas.1525677113
41035572_ref103,41035572,103,Genomics alterations of metastatic and primary tissues across 15 cancer types,Sci. Rep.,2017,10.1038/s41598-017-13650-3,29038591,https://doi.org/10.1038/s41598-017-13650-3
41035572_ref104,41035572,104,Cancer Genome Evolutionary Trajectories in Metastasis,Cancer Cell,2020,10.1016/j.ccell.2019.12.004,31935374,https://doi.org/10.1016/j.ccell.2019.12.004
41035572_ref105,41035572,105,Genomic control of metastasis,Br. J. Cancer,2021,10.1038/s41416-020-01127-6,33144692,https://doi.org/10.1038/s41416-020-01127-6
41035572_ref106,41035572,106,Treatment Represents a Key Driver of Metastatic Cancer Evolution,Cancer Res.,2022,10.1158/0008-5472.CAN-22-0562,35731928,https://doi.org/10.1158/0008-5472.CAN-22-0562
41035572_ref107,41035572,107,GATA3 acts upstream of FOXA1 in mediating ESR1 binding by shaping enhancer accessibility,Genome Res.,2013,10.1101/gr.139469.112,23172872,https://doi.org/10.1101/gr.139469.112
41035572_ref108,41035572,108,Pan-cancer whole-genome analyses of metastatic solid tumours,Nature,2019,10.1038/s41586-019-1689-y,31645765,https://doi.org/10.1038/s41586-019-1689-y
41035572_ref109,41035572,109,"Low-Grade Astrocytoma Mutations in IDH1, P53, and ATRX Cooperate to Block Differentiation of Human Neural Stem Cells via Repression of SOX2",Cell Rep,2017,10.1016/j.celrep.2017.10.009,29091765,https://doi.org/10.1016/j.celrep.2017.10.009
41035572_ref110,41035572,110,"Correlation between IDH, ATRX, and TERT promoter mutations in glioma",Brain Tumor Pathol.,2020,10.1007/s10014-020-00360-4,32227259,https://doi.org/10.1007/s10014-020-00360-4
41035572_ref111,41035572,111,Landscape and function of multiple mutations within individual oncogenes,Nature,2020,10.1038/s41586-020-2175-2,32494066,https://doi.org/10.1038/s41586-020-2175-2
41035572_ref112,41035572,112,Multiple mutations within individual oncogenes,Cancer Sci.,2021,10.1111/cas.14699,33073435,https://doi.org/10.1111/cas.14699
41035572_ref113,41035572,113,Double mutations in cis increase oncogenicity and sensitivity to PI3Kα inhibitors,Science,2019,10.1126/science.aaw9032,31699932,https://doi.org/10.1126/science.aaw9032
41035572_ref114,41035572,114,The Pioneer Transcription Factor FoxA Maintains an Accessible Nucleosome Configuration at Enhancers for Tissue-Specific Gene Activation,Mol. Cell,2016,10.1016/j.molcel.2016.03.001,27058788,https://doi.org/10.1016/j.molcel.2016.03.001
41035572_ref115,41035572,115,Mutual exclusivity analysis identifies oncogenic network modules,Genome Res.,2012,10.1101/gr.125567.111,21908773,https://doi.org/10.1101/gr.125567.111
41035572_ref116,41035572,116,Personalized cancer therapy prioritization based on driver alteration co-occurrence patterns,Genome Med.,2020,10.1186/s13073-020-00774-x,32907621,https://doi.org/10.1186/s13073-020-00774-x
41035572_ref117,41035572,117,Targeting mutations in cancer,J Clin Invest,2022,,,
41035572_ref118,41035572,118,"The combination of NPM1, DNMT3A, and IDH1/2 mutations leads to inferior overall survival in AML",Am. J. Hematol.,2019,10.1002/ajh.25517,31145495,https://doi.org/10.1002/ajh.25517
41035572_ref119,41035572,119,RNF43 mutation is associated with aggressive tumor biology along with BRAF V600E mutation in right-sided colorectal cancer,Oncol. Rep.,2020,10.3892/or.2020.7561,32236609,https://doi.org/10.3892/or.2020.7561
41035572_ref120,41035572,120,Mutation-Driven Signals of ARID1A and PI3K Pathways in Ovarian Carcinomas: Alteration Is An Opportunity,Int. J. Mol. Sci.,2019,,,
41035572_ref121,41035572,121,Insulin-PI3K signalling: an evolutionarily insulated metabolic driver of cancer,Nat. Rev. Endocrinol.,2020,10.1038/s41574-020-0329-9,32127696,https://doi.org/10.1038/s41574-020-0329-9
41035572_ref122,41035572,122,Interaction of the pioneer transcription factor GATA3 with nucleosomes,Nat. Commun.,2020,10.1038/s41467-020-17959-y,32811816,https://doi.org/10.1038/s41467-020-17959-y
41035572_ref123,41035572,123,My personal mutanome: a computational genomic medicine platform for searching network perturbing alleles linking genotype to phenotype,Genome Biol.,2021,10.1186/s13059-021-02269-3,33514395,https://doi.org/10.1186/s13059-021-02269-3
41035572_ref124,41035572,124,A network-based deep learning methodology for stratification of tumor mutations,Bioinformatics,2021,10.1093/bioinformatics/btaa1099,33416857,https://doi.org/10.1093/bioinformatics/btaa1099
41035572_ref125,41035572,125,Systematic profiling of conditional pathway activation identifies context-dependent synthetic lethalities,Nat Genet,2023,10.1038/s41588-023-01515-7,37749246,https://doi.org/10.1038/s41588-023-01515-7
39816803_ref1,39816803,1,Global Cancer Statistics 2020: GLOBOCAN Estimates of Incidence and Mortality Worldwide for 36 Cancers in 185 Countries,CA. Cancer J. Clin.,2021,10.3322/caac.21660,33538338,https://doi.org/10.3322/caac.21660
39816803_ref2,39816803,2,"Approaches to Treat Immune Hot, Altered and Cold Tumours with Combination Immunotherapies",Nat. Rev. Drug Discovery,2019,10.1038/s41573-018-0007-y,30610226,https://doi.org/10.1038/s41573-018-0007-y
39816803_ref3,39816803,3,Combinatorial Immunotherapies for Metastatic Colorectal Cancer,Cancers,2020,10.3390/cancers12071875,32664619,https://doi.org/10.3390/cancers12071875
39816803_ref4,39816803,4,Transforming Growth Factor-β Signaling in Immunity and Cancer,Immunity,2019,10.1016/j.immuni.2019.03.024,30995507,https://doi.org/10.1016/j.immuni.2019.03.024
39816803_ref5,39816803,5,TGFβ drives immune evasion in genetically reconstituted colon cancer metastasis,Nature,2018,10.1038/nature25492,29443964,https://doi.org/10.1038/nature25492
39816803_ref6,39816803,6,Overcoming TGFβ-mediated immune evasion in cancer,Nat. Rev. Cancer,2022,10.1038/s41568-021-00413-6,34671117,https://doi.org/10.1038/s41568-021-00413-6
39816803_ref7,39816803,7,TGFβ biology in cancer progression and immunotherapy,Nat. Rev. Clin. Oncol.,2021,10.1038/s41571-020-0403-1,32710082,https://doi.org/10.1038/s41571-020-0403-1
39816803_ref8,39816803,8,Dependency of Colorectal Cancer on a TGF-β-Driven Program in Stromal Cells for Metastasis Initiation,Cancer Cell,2012,10.1016/j.ccr.2012.08.013,23153532,https://doi.org/10.1016/j.ccr.2012.08.013
39816803_ref9,39816803,9,Stromal Gene Expression Defines Poor-Prognosis Subtypes in Colorectal Cancer,Nat. Genet.,2015,10.1038/ng.3225,25706628,https://doi.org/10.1038/ng.3225
39816803_ref10,39816803,10,TGFβ attenuates tumour response to PD-L1 blockade by contributing to exclusion of T cells,Nature,2018,10.1038/nature25501,29443960,https://doi.org/10.1038/nature25501
39816803_ref11,39816803,11,Targeting TGF-β signal transduction for fibrosis and cancer therapy,Mol. Cancer,2022,10.1186/s12943-022-01569-x,35461253,https://doi.org/10.1186/s12943-022-01569-x
39816803_ref12,39816803,12,TGF-β1 Signaling and Tissue Fibrosis,Cold Spring Harb. Perspect. Biol.,2018,10.1101/cshperspect.a022293,28432134,https://doi.org/10.1101/cshperspect.a022293
39816803_ref13,39816803,13,Novel therapies emerging in oncology to target the TGF-β pathway,J. Hematol. Oncol.J. Hematol Oncol,2021,10.1186/s13045-021-01053-x,33823905,https://doi.org/10.1186/s13045-021-01053-x
39816803_ref14,39816803,14,Induction of Heart Valve Lesions by Small-Molecule ALK5 Inhibitors,Toxicol. Pathol.,2011,10.1177/0192623311416259,21859884,https://doi.org/10.1177/0192623311416259
39816803_ref15,39816803,15,"Preclinical assessment of galunisertib(LY2157299 monohydrate), a first-in-class transforming growth factor-β receptor type I inhibitor",Oncotarget,2018,10.18632/oncotarget.23795,29467918,https://doi.org/10.18632/oncotarget.23795
39816803_ref16,39816803,16,Optimization of a Dihydropyrrolopyrazole Series of Transforming Growth Factor-β Type I Receptor Kinase Domain Inhibitors: Discovery of an Orally Bioavailable Transforming Growth Factor-β Receptor Type I Inhibitor as Antitumor Agent,J. Med. Chem.,2008,10.1021/jm701199p,18314943,https://doi.org/10.1021/jm701199p
39816803_ref17,39816803,17,"Clinical Development of Galunisertib(LY2157299 Monohydrate), a Small Molecule Inhibitor of Transforming Growth Factor-Beta Signaling Pathway",Drug Des. Devel. Ther.,2015,10.2147/DDDT.S86621,26309397,https://doi.org/10.2147/DDDT.S86621
39816803_ref18,39816803,18,"Discovery of N-((4-([1,2,4]Triazolo[1,5-a]Pyridin-6-Yl)-5-(6-Methylpyridin-2-Yl)-1 H-Imidazole-2-Yl)Methyl)-2-Fluoroaniline(EW-7197): A Highly Potent, Selective, and Orally Bioavailable Inhibitor of TGF-β Type I Receptor Kinase as Cancer Immunotherapeutic/Antifibrotic Agent",J. Med. Chem.,2014,10.1021/jm500115w,24786585,https://doi.org/10.1021/jm500115w
39816803_ref19,39816803,19,Clinical Pharmacokinetics and Metabolism of Irinotecan(CPT-11),Clin. Cancer Res. Off. J. Am. Assoc. Cancer Res.,2001,,11489791,
39816803_ref20,39816803,20,Direct Binding of Smad3 and Smad4 to Critical TGFβ-Inducible Elements in the Promoter of Human Plasminogen Activator Inhibitor-Type 1 Gene,EMBO Journal,1998,10.1093/emboj/17.11.3091,9606191,https://doi.org/10.1093/emboj/17.11.3091
39816803_ref21,39816803,21,Novel oral transforming growth factor-β signaling inhibitor EW-7197 eradicates CML-initiating cells,Cancer Sci.,2016,10.1111/cas.12849,26583567,https://doi.org/10.1111/cas.12849
39816803_ref22,39816803,22,Reducing Safety-Related Drug Attrition: The Use of in Vitro Pharmacological Profiling,Nat. Rev. Drug Discovery,2012,10.1038/nrd3845,23197038,https://doi.org/10.1038/nrd3845
39816803_ref23,39816803,23,"QPatch The Past, Present and Future of Automated Patch Clamp",Expert Opin. Ther. Targets,2006,10.1517/14728222.10.2.319,16548779,https://doi.org/10.1517/14728222.10.2.319
39816803_ref24,39816803,24,Nonclinical Safety Evaluation of a Transforming Growth Factor β Receptor I Kinase Inhibitor in Fischer 344 Rats and Beagle Dogs,J. Clin. Toxicol.,2014,10.4172/2161-0495.196,,https://doi.org/10.4172/2161-0495.196
39816803_ref25,39816803,25,Inhibition of ALK5 Signaling Induces Physeal Dysplasia in Rats,Toxicol. Pathol.,2007,10.1080/01926230701198469,17366323,https://doi.org/10.1080/01926230701198469
39816803_ref26,39816803,26,Selective inhibition of TGFβ1 activation overcomes primary resistance to checkpoint blockade therapy by altering tumor immune landscape,Sci. Transl. Med.,2020,10.1126/scitranslmed.aay8456,32213632,https://doi.org/10.1126/scitranslmed.aay8456
39816803_ref27,39816803,27,Metastatic Recurrence in Colorectal Cancer Arises from Residual EMP1+ Cells,Nature,2022,10.1038/s41586-022-05402-9,36352230,https://doi.org/10.1038/s41586-022-05402-9
39816803_ref28,39816803,28,Mex3a Marks Drug-Tolerant Persister Colorectal Cancer Cells That Mediate Relapse after Chemotherapy,Nat. Cancer,2022,10.1038/s43018-022-00402-0,35773527,https://doi.org/10.1038/s43018-022-00402-0
39816803_ref29,39816803,29,Simultaneous Loss of Both Atypical Protein Kinase C Genes in the Intestinal Epithelium Drives Serrated Intestinal Cancer by Impairing Immunosurveillance,Immunity,2018,10.1016/j.immuni.2018.09.013,30552022,https://doi.org/10.1016/j.immuni.2018.09.013
39816803_ref30,39816803,30,Stromal SOX2 Upregulation Promotes Tumorigenesis through the Generation of a SFRP1/2-Expressing Cancer-Associated Fibroblast Population,Dev. Cell,2021,10.1016/j.devcel.2020.10.014,33207226,https://doi.org/10.1016/j.devcel.2020.10.014
39816803_ref31,39816803,31,Microbiota-Dependent Activation of the Myeloid Calcineurin-NFAT Pathway Inhibits B7H3-and B7H4-Dependent Anti-Tumor Immunity in Colorectal Cancer,Immunity,2022,10.1016/j.immuni.2022.03.008,35364006,https://doi.org/10.1016/j.immuni.2022.03.008
39816803_ref32,39816803,32,Hyaluronan Driven by Epithelial aPKC Deficiency Remodels the Microenvironment and Creates a Vulnerability in Mesenchymal Colorectal Cancer,Cancer Cell,2023,10.1016/j.ccell.2022.11.016,36525970,https://doi.org/10.1016/j.ccell.2022.11.016
39816803_ref33,39816803,33,Current Treatments of Metastatic Colorectal Cancer with Immune Checkpoint Inhibitors—2020 Update,J. Clin. Med.,2020,10.3390/jcm9113520,33142689,https://doi.org/10.3390/jcm9113520
39816803_ref34,39816803,34,Tumor in the Crossfire: Inhibiting TGF-β to Enhance Cancer Immunotherapy,BioDrugs,2022,10.1007/s40259-022-00521-1,35353346,https://doi.org/10.1007/s40259-022-00521-1
39816803_ref35,39816803,35,An Update on the Importance of Plasma Protein Binding in Drug Discovery and Development,Expert Opin. Drug Discovery,2021,10.1080/17460441.2021.1961741,34403271,https://doi.org/10.1080/17460441.2021.1961741
39816803_ref36,39816803,36,High-Dose Administration of Tyrosine Kinase Inhibitors to Improve Clinical Benefit: A Systematic Review,Cancer Treat. Rev.,2021,10.1016/j.ctrv.2021.102171,33823432,https://doi.org/10.1016/j.ctrv.2021.102171
39816803_ref37,39816803,37,"1453P Safety and efficacy of vactosertib, a TGF-βR1 kinase inhibitor, in combination with paclitaxel in patients with metastatic gastric adenocarcinoma",Ann. Oncol.,2020,10.1016/j.annonc.2020.08.1959,,https://doi.org/10.1016/j.annonc.2020.08.1959
39816803_ref38,39816803,38,The TGFβ type I receptor kinase inhibitor vactosertib in combination with pomalidomide in relapsed/refractory multiple myeloma: a phase 1b trial,Nat. Commun.,2024,10.1038/s41467-024-51442-2,39191755,https://doi.org/10.1038/s41467-024-51442-2
39816803_ref39,39816803,39,Clinical Activity of TGF-β Inhibitor Vactosertib in Combination with Imatinib in Desmoid Tumors: A Multicenter Phase Ib/II Study,Clin. Cancer Res.,2024,10.1158/1078-0432.CCR-23-2823,38363333,https://doi.org/10.1158/1078-0432.CCR-23-2823
39816803_ref40,39816803,40,A simple practice guide for dose conversion between animals and human,J. Basic Clin. Pharm.,2016,10.4103/0976-0105.177703,27057123,https://doi.org/10.4103/0976-0105.177703
39816803_ref41,39816803,41,Mismatch Repair Deficiency Predicts Response of Solid Tumors to PD-1 Blockade,Science,2017,10.1126/science.aan6733,28596308,https://doi.org/10.1126/science.aan6733
39816803_ref42,39816803,42,Dual targeting of TGF-β and PD-L1 via a bifunctional anti-PD-L1/TGF-βRII agent: status of preclinical and clinical advances,J. Immunother. Cancer,2020,10.1136/jitc-2019-000433,32079617,https://doi.org/10.1136/jitc-2019-000433
39816803_ref43,39816803,43,"Enhanced preclinical antitumor activity of M7824, a bifunctional fusion protein simultaneously targeting PD-L1 and TGF-β",Sci. Transl. Med.,2018,10.1126/scitranslmed.aan5488,29343622,https://doi.org/10.1126/scitranslmed.aan5488
39816803_ref44,39816803,44,"A pyridin quinolin substituted pyrrolo[1,2-b]pyrazole monohydrate as tgf-beta inhibitor",,2007,,,
39816803_ref45,39816803,45,Dae-Kee KimYung-Jue BangHun-Taek KimIl-Sang ChoMyoung-Soon ParkYoung Jae AnJoon Hun Choi. 2-pyridyl substituted imidazoles as therapeutic ALK5 and/or ALK4 inhibitors,,2012,,,
39816803_ref46,39816803,46,The Preparation of 4-Methylquinolines,J. Am. Chem. Soc.,1945,10.1021/ja01217a031,,https://doi.org/10.1021/ja01217a031
39816803_ref47,39816803,47,Solvent-Promoted and-Controlled Aza-Michael Reaction with Aromatic Amines,J. Org. Chem.,2009,10.1021/jo9012699,19621888,https://doi.org/10.1021/jo9012699
39816803_ref48,39816803,48,TGFβ INHIBITOR AND PRODRUGS,,2020,,,
41000584_ref1,41000584,1,"Inclusion, diversity, equity, and access(IDEA)in gynecologic cancer clinical trials: a joint statement from GOG Foundation and Society of Gynecologic Oncology(SGO)",Gynecol Oncol,2023,10.1016/j.ygyno.2023.05.006,37315373,https://doi.org/10.1016/j.ygyno.2023.05.006
41000584_ref2,41000584,2,Enrollment of individuals from racial and ethnic minority groups in gynecologic cancer precision oncology trials,Obstet Gynecol,2022,10.1097/aog.0000000000004917,36075065,https://doi.org/10.1097/aog.0000000000004917
41000584_ref3,41000584,3,Minority participation in Gynecologic Oncology Group(GOG)studies,Gynecol Oncol,2015,10.1016/j.ygyno.2015.05.014,26013697,https://doi.org/10.1016/j.ygyno.2015.05.014
41000584_ref4,41000584,4,“When offered to participate”: a systematic review and meta-analysis of patient agreement to participate in cancer clinical trials,J Natl Cancer Inst,2021,10.1093/jnci/djaa155,33022716,https://doi.org/10.1093/jnci/djaa155
41000584_ref5,41000584,5,Minority enrollment on clinical trials enhances scientific rigor but requires structural changes and commitment,Gynecol Oncol,2020,10.1016/j.ygyno.2020.04.682,32389197,https://doi.org/10.1016/j.ygyno.2020.04.682
41000584_ref6,41000584,6,Association of remote technology use and other decentralization tools with patient likelihood to enroll in cancer clinical trials,JAMA Netw Open,2022,10.1001/jamanetworkopen.2022.20053,35788672,https://doi.org/10.1001/jamanetworkopen.2022.20053
41000584_ref7,41000584,7,At what cost to clinical trial enrollment? A retrospective study of patient travel burden in cancer clinical trials,Oncologist,2018,10.1634/theoncologist.2017-0628,29700209,https://doi.org/10.1634/theoncologist.2017-0628
41000584_ref8,41000584,8,Demographic and health behavior factors associated with clinical trial invitation and participation in the United States,JAMA Netw Open,2021,10.1001/jamanetworkopen.2021.27792,34586365,https://doi.org/10.1001/jamanetworkopen.2021.27792
41001603_ref1,41001603,1,Taking tele behind the scenes: remote clinical trial monitoring comes of age during the COVID-19 pandemic,JCO Oncol Pract,2021,10.1200/OP.21.00524,34379519,https://doi.org/10.1200/OP.21.00524
41001603_ref2,41001603,2,Rethinking cancer clinical trials for COVID-19 and beyond,Nat Cancer,2020,10.1038/s43018-020-0083-x,35121973,https://doi.org/10.1038/s43018-020-0083-x
41001603_ref3,41001603,3,"FDA guidance on conduct of clinical trials of medical products during COVID-19 pandemic: guidance for industry, investigators, and institutional review boards",,,,,https://www.hhs.gov/ohrp/sites/default/files/fda-covid-guidance-2apr2020.pdf
41001603_ref4,41001603,4,Lessons from the impact of the COVID-19 pandemic at the National Cancer Institute: cancer research and care,Cancer J,2022,10.1097/PPO.0000000000000584,35333496,https://doi.org/10.1097/PPO.0000000000000584
41001603_ref5,41001603,5,Anti-cancer therapy and clinical trial considerations for gynecologic oncology patients during the COVID-19 pandemic crisis,Gynecol Oncol,2020,10.1016/j.ygyno.2020.04.694,32386911,https://doi.org/10.1016/j.ygyno.2020.04.694
41001603_ref6,41001603,6,"Telehealth.HHS.gov. Telehealth policy changes after the COVID-19 public health emergency. Accessed October 23, 2023. https://telehealth.hhs.gov/providers/telehealth-policy/policy-changes-after-the-covid-19-public-health-emergency",Telehealth policy changes after the COVID-19 public health emergency,,,,https://telehealth.hhs.gov/providers/telehealth-policy/policy-changes-after-the-covid-19-public-health-emergency
41001603_ref7,41001603,7,The impact of COVID-19 on cancer care and oncology clinical research: an experts' perspective,ESMO Open,2022,10.1016/j.esmoop.2021.100339,34953404,https://doi.org/10.1016/j.esmoop.2021.100339
41001603_ref8,41001603,8,A look at the gynecologic oncologist workforce–are we meeting patient demand?,Gynecol Oncol,2021,10.1016/j.ygyno.2021.08.013,34456058,https://doi.org/10.1016/j.ygyno.2021.08.013
41001603_ref9,41001603,9,Expediting telehealth use in clinical research studies: recommendations for overcoming barriers in North America,NPJ Parkinsons Dis,2021,10.1038/s41531-021-00177-8,33846349,https://doi.org/10.1038/s41531-021-00177-8
41001603_ref10,41001603,10,Association of remote technology use and other decentralization tools with patient likelihood to enroll in cancer clinical trials,JAMA Netw Open,2022,10.1001/jamanetworkopen.2022.20053,35788672,https://doi.org/10.1001/jamanetworkopen.2022.20053
41001603_ref11,41001603,11,Gynecologic oncology patients are ready for telemedicine in routine care: results from a pre-COVID survey,Gynecol Oncol Rep,2021,10.1016/j.gore.2021.100871,34646930,https://doi.org/10.1016/j.gore.2021.100871
41001603_ref12,41001603,12,Patient perspectives of telemedicine in gynecologic oncology during COVID,Gynecol Oncol Rep,2022,10.1016/j.gore.2022.101071,36185100,https://doi.org/10.1016/j.gore.2022.101071
41001603_ref13,41001603,13,Telemedicine and gynecologic oncology: caring for patients remotely during a global pandemic,AJOG Glob Rep,2022,10.1016/j.xagr.2022.100124,36451896,https://doi.org/10.1016/j.xagr.2022.100124
41001603_ref14,41001603,14,Patient perception of telehealth services for breast and gynecologic oncology care during the COVID-19 pandemic: a single center survey-based study,J Breast Cancer,2020,10.4048/jbc.2020.23.e56,33154829,https://doi.org/10.4048/jbc.2020.23.e56
41001603_ref15,41001603,15,Impact of COVID-19 on oncology clinical trials,Nat Rev Drug Discov,2020,10.1038/d41573-020-00093-1,32424343,https://doi.org/10.1038/d41573-020-00093-1
41001603_ref16,41001603,16,Development of the Telehealth Usability Questionnaire(TUQ),Int J Telerehabil,2016,10.5195/ijt.2016.6196,27563386,https://doi.org/10.5195/ijt.2016.6196
41001603_ref17,41001603,17,Barriers to recruiting underrepresented populations to cancer clinical trials: a systematic review,Cancer,2008,10.1002/cncr.23157,18008363,https://doi.org/10.1002/cncr.23157
41001603_ref18,41001603,18,"American Society of Clinical Oncology. Facts & figures: diversity in oncology. Accessed October 31, 2024. https://society.asco.org/news-initiatives/current-initiatives/diversity-oncology-initiative/facts-figures#:∼:text=Underrepresentation%20of%20Minority%20Physicians&text=According%20to%20the%20most%20recent,oncologists%20self%2Didentified%20as%20Hispanic",Facts & figures: diversity in oncology,,,,"https://society.asco.org/news-initiatives/current-initiatives/diversity-oncology-initiative/facts-figures#:%7E:text=Underrepresentation%20of%20Minority%20Physicians%26text=According%20to%20the%20most%20recent,oncologists%20self%2Didentified%20as%20Hispanic"
41001603_ref19,41001603,19,A qualitative study of patients' attitudes towards telemedicine for gynecologic cancer care,Gynecol Oncol,2022,10.1016/j.ygyno.2022.01.035,35148890,https://doi.org/10.1016/j.ygyno.2022.01.035
41001603_ref20,41001603,20,Medical oncology professionals' perceptions of telehealth video visits,JAMA Netw Open,2021,10.1001/jamanetworkopen.2020.33967,33443581,https://doi.org/10.1001/jamanetworkopen.2020.33967
41001603_ref21,41001603,21,Telehealth adoption in cancer clinical trials: an Australian perspective,Asia Pac J Clin Oncol,2023,10.1111/ajco.13899,36480425,https://doi.org/10.1111/ajco.13899
39602041_ref1,39602041,1,"Tien FM, Lu HH, Lin SY, Tsai HC(2023)Epigenetic remodeling of the immune landscape in cancer: therapeutic hurdles and opportunities. J Biomed Sci 30:3 36627707 10.1186/s12929-022-00893-0 PMC9832644",,,10.1186/s12929-022-00893-0,36627707,https://doi.org/10.1186/s12929-022-00893-0
39602041_ref2,39602041,2,"Lodewijk I, Nunes SP, Henrique R, Jerónimo C, Dueñas M, Paramio JM(2021)Tackling tumor microenvironment through epigenetic tools to improve cancer immunotherapy. Clin Epigenetics 13:1–24 33761971 10.1186/s13148-021-01046-0 PMC7992805",,,10.1186/s13148-021-01046-0,33761971,https://doi.org/10.1186/s13148-021-01046-0
39602041_ref3,39602041,3,"Li C, Jiang P, Wei S, Xu X, Wang J(2020)Regulatory T cells in tumor microenvironment: new mechanisms, potential therapeutic strategies and future prospects. Mol Cancer 19:116 32680511 10.1186/s12943-020-01234-1 PMC7367382",,,10.1186/s12943-020-01234-1,32680511,https://doi.org/10.1186/s12943-020-01234-1
39602041_ref4,39602041,4,"Pili R, Quinn DI, Hammers HJ, Monk P, George S, Dorff TB, Olencki T, Shen L, Orillion A, Lamonica D, Fragomeni RS, Szabo Z, Hutson A, Groman A, Perkins SM, Piekarz R, Carducci MA(2017)Immunomodulation by entinostat in renal cell carcinoma patients receiving high-dose interleukin 2: A multicenter, single-arm, phase I/II trial(NCI-CTEP#7870). Clin Cancer Res 23:7199–7208 28939740 10.1158/1078-0432.CCR-17-1178 PMC5712266",,,10.1158/1078-0432.CCR-17-1178,28939740,https://doi.org/10.1158/1078-0432.CCR-17-1178
39602041_ref5,39602041,5,"Orillion A, Hashimoto A, Damayanti N, Shen L, Adelaiye-Ogala R, Arisa S, Chintala S, Ordentlich P, Kao C, Elzey B, Gabrilovich D, Pili R(2017)Entinostat neutralizes myeloid-derived suppressor cells and enhances the antitumor effect of pd-1 inhibition in murine models of lung and renal cell carcinoma. Clin Cancer Res 23:5187–5201 28698201 10.1158/1078-0432.CCR-17-0741 PMC5723438",,,10.1158/1078-0432.CCR-17-0741,28698201,https://doi.org/10.1158/1078-0432.CCR-17-0741
39602041_ref6,39602041,6,"Goldmann O, Nwofor OV, Chen Q, Medina E(2024)Mechanisms underlying immunosuppression by regulatory cells. Front Immunol 15:1328193 38380317 10.3389/fimmu.2024.1328193 PMC10876998",,,10.3389/fimmu.2024.1328193,38380317,https://doi.org/10.3389/fimmu.2024.1328193
39602041_ref7,39602041,7,"Bezu L, Chuang AW, Liu P, Kroemer G, Kepp O(2019)Immunological effects of epigenetic modifiers. Cancers 11:1911 31805711 10.3390/cancers11121911 PMC6966579",,,10.3390/cancers11121911,31805711,https://doi.org/10.3390/cancers11121911
39602041_ref8,39602041,8,"Gadewal N, Natu A, Sen S, Rauniyar S, Bastikar V, Gupta S(2024)Integrative epigenome-transcriptome analysis unravels cancer-specific over-expressed genes potentially regulating immune microenvironment in clear cell renal cell carcinoma. Biochim et Biophys Acta Gener Subj. 10.1016/j.bbagen.2024.130596 10.1016/j.bbagen.2024.130596 38471632",,,10.1016/j.bbagen.2024.130596,38471632,https://doi.org/10.1016/j.bbagen.2024.130596
39602041_ref9,39602041,9,"Sammarco E, Manfredi F, Nuzzo A, Ferrari M, Bonato A, Salfi A, Serafin D, Zatteri L, Antonuzzo A, Galli L(2023)Immune checkpoint inhibitor rechallenge in renal cell carcinoma: current evidence and future directions. Cancers 15:3172 37370782 10.3390/cancers15123172 PMC10296725",,,10.3390/cancers15123172,37370782,https://doi.org/10.3390/cancers15123172
39602041_ref10,39602041,10,Schapira M(2011)Structural chemistry of human SET domain protein methyltransferases. Curr Chem Genom 5:85–94 10.2174/1875397301005010085 PMC3178901 21966348,,,10.2174/1875397301005010085,21966348,https://doi.org/10.2174/1875397301005010085
39602041_ref11,39602041,11,"Kwon T, Chang JH, Kwak E, Lee CW, Joachimiak A, Kim YC, Lee J, Cho Y(2003)Mechanism of histone lysine methyl transfer revealed by the structure of SET7/9-AdoMet. EMBO J 22:292–303 12514135 10.1093/emboj/cdg025 PMC140100",,,10.1093/emboj/cdg025,12514135,https://doi.org/10.1093/emboj/cdg025
39602041_ref12,39602041,12,"Dillon SC, Zhang X, Trievel RC, Cheng X(2005)The SET-domain protein superfamily: protein lysine methyltransferases. Genome Biol 6:227 16086857 10.1186/gb-2005-6-8-227 PMC1273623",,,10.1186/gb-2005-6-8-227,16086857,https://doi.org/10.1186/gb-2005-6-8-227
39602041_ref13,39602041,13,"Barsyte-Lovejoy D, Li F, Oudhoff MJ, Tatlock JH, Dong A, Zeng H, Wu H, Freeman SA, Schapira M, Senisterra GA(2014)(R)-PFI-2 is a potent and selective inhibitor of SETD7 methyltransferase activity in cells. Proc Natl Acad Sci 111:12853–12858 25136132 10.1073/pnas.1407358111 PMC4156762",,,10.1073/pnas.1407358111,25136132,https://doi.org/10.1073/pnas.1407358111
39602041_ref14,39602041,14,"Hirano T, Fujiwara T, Niwa H, Hirano M, Ohira K, Okazaki Y, Sato S, Umehara T, Maemoto Y, Ito A, Yoshida M, Kagechika H(2018)Development of novel inhibitors for histone methyltransferase SET7/9 based on cyproheptadine. ChemMedChem 13:1530–1540 29882380 10.1002/cmdc.201800233",,,10.1002/cmdc.201800233,29882380,https://doi.org/10.1002/cmdc.201800233
39602041_ref15,39602041,15,"Hou Z, Min W, Zhang R, Niu A, Li Y, Cao L, Han J, Luo C, Yang P, Ding H(2020)Lead discovery, chemical optimization, and biological evaluation studies of novel histone methyltransferase SET7 small-molecule inhibitors. Bioorg Med Chem Lett 30:127061 32173197 10.1016/j.bmcl.2020.127061",,,10.1016/j.bmcl.2020.127061,32173197,https://doi.org/10.1016/j.bmcl.2020.127061
39602041_ref16,39602041,16,"Kashyap S, Sandler J, Peters U, Martinez EJ, Kapoor TM(2014)Using “biased-privileged” scaffolds to identify lysine methyltransferase inhibitors. Bioorg Med Chem 22:2253–2260 24650704 10.1016/j.bmc.2014.02.024 PMC4038709",,,10.1016/j.bmc.2014.02.024,24650704,https://doi.org/10.1016/j.bmc.2014.02.024
39602041_ref17,39602041,17,"Lenstra DC, Damen E, Leenders RG, Blaauw RH, Rutjes FP, Wegert A, Mecinović J(2018)Structure-activity relationship studies on(R)-PFI-2 analogues as inhibitors of histone lysine methyltransferase SETD7. ChemMedChem 13:1405–1413 29869845 10.1002/cmdc.201800242",,,10.1002/cmdc.201800242,29869845,https://doi.org/10.1002/cmdc.201800242
39602041_ref18,39602041,18,"Spannhoff A, Sippl W, Jung M(2009)Cancer treatment of the future: inhibitors of histone methyltransferases. Int J Biochem Cell Biol 41:4–11 18773966 10.1016/j.biocel.2008.07.024",,,10.1016/j.biocel.2008.07.024,18773966,https://doi.org/10.1016/j.biocel.2008.07.024
39602041_ref19,39602041,19,"Meng F, Cheng S, Ding H, Liu S, Liu Y, Zhu K, Chen S, Lu J, Xie Y, Li L, Liu R, Shi Z, Zhou Y, Liu YC, Zheng M, Jiang H, Lu W, Liu H, Luo C(2015)Discovery and optimization of novel, selective histone methyltransferase SET7 inhibitors by pharmacophore-and docking-based virtual screening. J Med Chem 58:8166–8181 26390175 10.1021/acs.jmedchem.5b01154",,,10.1021/acs.jmedchem.5b01154,26390175,https://doi.org/10.1021/acs.jmedchem.5b01154
39602041_ref20,39602041,20,"Gilson MK, Liu T, Baitaluk M, Nicola G, Hwang L, Chong J, BindingDB in,(2015)A public database for medicinal chemistry, computational chemistry and systems pharmacology. Nucleic Acids Res 44(2016):D1045-1053 26481362 10.1093/nar/gkv1072 PMC4702793",,,10.1093/nar/gkv1072,26481362,https://doi.org/10.1093/nar/gkv1072
39602041_ref21,39602041,21,"Wishart DS, Knox C, Guo AC, Shrivastava S, Hassanali M, Stothard P, Chang Z, Woolsey J(2006)DrugBank: a comprehensive resource for in silico drug discovery and exploration. Nucleic Acids Res 34:D668-672 16381955 10.1093/nar/gkj067 PMC1347430",,,10.1093/nar/gkj067,16381955,https://doi.org/10.1093/nar/gkj067
39602041_ref22,39602041,22,"Gaulton A, Bellis LJ, Bento AP, Chambers J, Davies M, Hersey A, Light Y, McGlinchey S, Michalovich D, Al-Lazikani B, Overington JP(2012)ChEMBL: a large-scale bioactivity database for drug discovery. Nucleic Acids Res 40:D1100-1107 21948594 10.1093/nar/gkr777 PMC3245175",,,10.1093/nar/gkr777,21948594,https://doi.org/10.1093/nar/gkr777
39602041_ref23,39602041,23,"ChemAxon, in.",,,,,
39602041_ref24,39602041,24,"LigPrep(2022)Schrödinger. LLC, New York",,,,,
39602041_ref25,39602041,25,"Vivek-Ananth RP, Mohanraj K, Sahoo AK, Samal A(2023)IMPPAT 20: an enhanced and expanded phytochemical atlas of indian medicinal plants. ACS Omega 8:8827–8845 36910986 10.1021/acsomega.3c00156 PMC9996785",,,10.1021/acsomega.3c00156,36910986,https://doi.org/10.1021/acsomega.3c00156
39602041_ref26,39602041,26,"QikProp, in, Schrödinger, LLC, New York, NY, 2015.",,,,,
39602041_ref27,39602041,27,"K.J. Bowers, E. Chow, H. Xu, R.O. Dror, M.P. Eastwood, B.A. Gregersen, J.L. Klepeis, I. Kolossvary, M.A. Moraes, F.D. Sacerdoti, 2006 Scalable algorithms for molecular dynamics simulations on commodity clusters, In: Proceedings of the 2006 ACM/IEEE Conference on Supercomputing, pp. 84–es",,,,,
39602041_ref28,39602041,28,"Price DJ, Brooks CL 3rd(2004)A modified TIP3P water potential for simulation with ewald summation. J Chem Phys 121:10096–10103 15549884 10.1063/1.1808117",,,10.1063/1.1808117,15549884,https://doi.org/10.1063/1.1808117
39602041_ref29,39602041,29,"Jorgensen WL, Maxwell DS, Tirado-Rives J(1996)Development and testing of the OPLS all-atom force field on conformational energetics and properties of organic liquids. J Am Chem Soc 118:11225–11236",,,,,
39602041_ref30,39602041,30,"Kumar BK, Faheem K, Sekhar R, Ojha VK, Prajapati A, Pai S(2022)Murugesan, pharmacophore based virtual screening, molecular docking, molecular dynamics and MM-GBSA approach for identification of prospective SARS-CoV-2 inhibitor from natural product databases. J Biomol Struct Dyn 40:1363–1386 32981461 10.1080/07391102.2020.1824814 PMC7544939",,,10.1080/07391102.2020.1824814,32981461,https://doi.org/10.1080/07391102.2020.1824814
39602041_ref31,39602041,31,"Pandya V, Rao P, Prajapati J, Rawal RM, Goswami D(2024)Pinpointing top inhibitors for GSK3β from pool of indirubin derivatives using rigorous computational workflow and their validation using molecular dynamics(MD)simulations. Sci Rep 14:49 38168595 10.1038/s41598-023-50992-7 PMC10761884",,,10.1038/s41598-023-50992-7,38168595,https://doi.org/10.1038/s41598-023-50992-7
39602041_ref32,39602041,32,"Xiao B, Jing C, Wilson JR, Walker PA, Vasisht N, Kelly G, Howell S, Taylor IA, Blackburn GM, Gamblin SJ(2003)Structure and catalytic mechanism of the human histone methyltransferase SET7/9. Nature 421:652–656 12540855 10.1038/nature01378",,,10.1038/nature01378,12540855,https://doi.org/10.1038/nature01378
39602041_ref33,39602041,33,"Verma K, Deep P, Srivastava V, Dwivedi J, Verma S(2022)Pharmacognostical properties and medicinal uses of broussonetia papyrifera(Moraceae): a review. Int J Pharm Sci Rev Res 74:96–101",,,,,
39602041_ref34,39602041,34,"Vasanth N, Melchias G, Kumaravel P(2017)Biogenic silver nanoparticles mediated by Broussonetia Papyrifera: anticancer and antimicrobial activity against pathogenic organisms. Asian J Pharm Clin Res 1:93–98",,,,,
39602041_ref35,39602041,35,"Huang H, Lee S, Chen I(2008)Chemical constituents from a cytotoxic root extract of Anneslea lanceolata. Planta Medica. 10.1055/s-0028-108444819031362",,,,,
39602041_ref36,39602041,36,"Jones J, Juengel E, Mickuckyte A, Hudak L, Wedel S, Jonas D, Hintereder G, Blaheta RA(2009)Valproic acid blocks adhesion of renal cell carcinoma cells to endothelium and extracellular matrix. J Cell Mol Med 13:2342–2352 19067765 10.1111/j.1582-4934.2008.00603.x PMC6529979",,,10.1111/j.1582-4934.2008.00603.x,19067765,https://doi.org/10.1111/j.1582-4934.2008.00603.x
39602041_ref37,39602041,37,"Aspeslagh S, Morel D, Soria J-C, Postel-Vinay S(2018)Epigenetic modifiers as new immunomodulatory therapies in solid tumours. Ann Oncol 29:812–824 29432557 10.1093/annonc/mdy050",,,10.1093/annonc/mdy050,29432557,https://doi.org/10.1093/annonc/mdy050
39602041_ref38,39602041,38,"Yu X, Zhao H, Wang R, Chen Y, Ouyang X, Li W, Sun Y, Peng A(2024)Cancer epigenetics: from laboratory studies and clinical trials to precision medicine. Cell Death Discov 10:28 38225241 10.1038/s41420-024-01803-z PMC10789753",,,10.1038/s41420-024-01803-z,38225241,https://doi.org/10.1038/s41420-024-01803-z
39602041_ref39,39602041,39,"Wang Z, Petricca J, Liu M, Zhang S, Chen S, Li M, Besschetnova A, Patalano S, Venkataramani K, Siegfried KR(2023)SETD7 functions as a transcription repressor in prostate cancer via methylating FOXA1. Proc Natl Acad Sci 120:e2220472120 37549269 10.1073/pnas.2220472120 PMC10438836",,,10.1073/pnas.2220472120,37549269,https://doi.org/10.1073/pnas.2220472120
39602041_ref40,39602041,40,"Oudhoff MJ, Braam MJS, Freeman SA, Wong D, Rattray DG, Wang J, Antignano F, Snyder K, Refaeli I, Hughes MR, McNagny KM, Gold MR, Arrowsmith CH, Sato T, Rossi FMV, Tatlock JH, Owen DR, Brown PJ, Zaph C(2016)SETD7 controls intestinal regeneration and tumorigenesis by regulating Wnt/beta-catenin and hippo/YAP signaling. Dev Cell 37:47–57 27046831 10.1016/j.devcel.2016.03.002",,,10.1016/j.devcel.2016.03.002,27046831,https://doi.org/10.1016/j.devcel.2016.03.002
39602041_ref41,39602041,41,"Zhang J, Duan B, Li F, Jing X, Li R, Cai S, Cao L, Jiang Q, Zhou J, Zhou J, Qin Y, Wang X, Tong D, Huang C(2024)SETD7 promotes cell proliferation and migration via methylation-mediated TAF7 in clear cell renal cell carcinoma. Int J Biol Sci 20:3008–3027 38904013 10.7150/ijbs.93201 PMC11186372",,,10.7150/ijbs.93201,38904013,https://doi.org/10.7150/ijbs.93201
39602041_ref42,39602041,42,"Kovacs SA, Fekete JT, Gyorffy B(2023)Predictive biomarkers of immunotherapy response with pharmacological applications in solid tumors. Acta Pharmacol Sin 44:1879–1889 37055532 10.1038/s41401-023-01079-6 PMC10462766",,,10.1038/s41401-023-01079-6,37055532,https://doi.org/10.1038/s41401-023-01079-6
39602041_ref43,39602041,43,"Yang S, Wang X, Bai J, Duan B(2023)The role of SET domain containing lysine methyltransferase 7 in tumorigenesis and development. Cell Cycle 22:269–275 36101480 10.1080/15384101.2022.2122257 PMC9851238",,,10.1080/15384101.2022.2122257,36101480,https://doi.org/10.1080/15384101.2022.2122257
37338497_ref1,37338497,1,`Ome Sweet `Omics--A genealogical treasury of words,Scientist,2001,,,
37338497_ref2,37338497,2,The human intestinal microbiome in health and disease,N Engl J Med,2016,10.1056/NEJMra1600266,27974040,https://doi.org/10.1056/NEJMra1600266
37338497_ref3,37338497,3,Gut microbiome and depression: How microbes affect the way we think,Cureus,2020,10.7759/cureus.9966,32983670,https://doi.org/10.7759/cureus.9966
37338497_ref4,37338497,4,The microbiome and human cancer,Science,2021,10.1126/science.abc4552,33766858,https://doi.org/10.1126/science.abc4552
37338497_ref5,37338497,5,Pharmacomicrobiomics: Exploiting the drug-microbiota interactions in anticancer therapies,Microbiome,2018,10.1186/s40168-018-0483-7,29789015,https://doi.org/10.1186/s40168-018-0483-7
37338497_ref6,37338497,6,Microbes and cancer,Annu Rev Immunol,2017,10.1146/annurev-immunol-051116-052133,28142322,https://doi.org/10.1146/annurev-immunol-051116-052133
37338497_ref7,37338497,7,Fecal microbiota transplant promotes response in immunotherapy-refractory melanoma patients,Science,2021,10.1126/science.abb5920,33303685,https://doi.org/10.1126/science.abb5920
37338497_ref8,37338497,8,Gut microbiome modulates response to anti-PD-1 immunotherapy in melanoma patients,Science,2018,10.1126/science.aan4236,29097493,https://doi.org/10.1126/science.aan4236
37338497_ref9,37338497,9,Human gut microbiome viewed across age and geography,Nature,2012,10.1038/nature11053,22699611,https://doi.org/10.1038/nature11053
37338497_ref10,37338497,10,"Joint effects of pregnancy, sociocultural, and environmental factors on early life gut microbiome structure and diversity",Sci Rep,2016,10.1038/srep31775,27558272,https://doi.org/10.1038/srep31775
37338497_ref11,37338497,11,Sex differences in the gut microbiome drive hormone-dependent regulation of autoimmunity,Science,2013,10.1126/science.1233521,23328391,https://doi.org/10.1126/science.1233521
37338497_ref12,37338497,12,Diet rapidly and reproducibly alters the human gut microbiome,Nature,2014,10.1038/nature12820,24336217,https://doi.org/10.1038/nature12820
37338497_ref13,37338497,13,Impact of different types of diet on gut microbiota profiles and cancer prevention and treatment,Medicina(Kaunas),2019,10.3390/medicina55040084,30934960,https://doi.org/10.3390/medicina55040084
37338497_ref14,37338497,14,Inhibition of histone deacetylase activity by butyrate,J Nutr,2003,10.1093/jn/133.7.2485S,12840228,https://doi.org/10.1093/jn/133.7.2485S
37338497_ref15,37338497,15,Butyrate decreases its own oxidation in colorectal cancer cells through inhibition of histone deacetylases,Oncotarget,2018,10.18632/oncotarget.25546,29930765,https://doi.org/10.18632/oncotarget.25546
37338497_ref16,37338497,16,The pancreatic cancer microbiome promotes oncogenesis by induction of innate and adaptive immune suppression,Cancer Discov,2018,10.1158/2159-8290.CD-17-1134,29567829,https://doi.org/10.1158/2159-8290.CD-17-1134
37338497_ref17,37338497,17,Association of breast and gut microbiota dysbiosis and the risk of breast cancer: A case-control clinical study,BMC Cancer,2019,10.1186/s12885-019-5660-y,31126257,https://doi.org/10.1186/s12885-019-5660-y
37338497_ref18,37338497,18,The microbiome and breast cancer: A review,Breast Cancer Res Treat,2019,10.1007/s10549-019-05407-5,31456069,https://doi.org/10.1007/s10549-019-05407-5
37338497_ref19,37338497,19,Cancer-associated fibroblasts induce epithelial-mesenchymal transition of bladder cancer cells through paracrine IL-6 signalling,BMC Cancer,2019,10.1186/s12885-019-5353-6,30744595,https://doi.org/10.1186/s12885-019-5353-6
37338497_ref20,37338497,20,Influence of diet on the gut microbiome and implications for human health,J Transl Med,2017,10.1186/s12967-017-1175-y,28388917,https://doi.org/10.1186/s12967-017-1175-y
37338497_ref21,37338497,21,Smokers with active Crohn's disease have a clinically relevant dysbiosis of the gastrointestinal microbiota,Inflamm Bowel Dis,2012,10.1002/ibd.21864,22102318,https://doi.org/10.1002/ibd.21864
37338497_ref22,37338497,22,Stress and the gut-brain axis: Regulation by the microbiome,Neurobiol Stress,2017,10.1016/j.ynstr.2017.03.001,29276734,https://doi.org/10.1016/j.ynstr.2017.03.001
37338497_ref23,37338497,23,Microbiota alteration is associated with the development of stress-induced despair behavior,Sci Rep,2017,10.1038/srep43859,28266612,https://doi.org/10.1038/srep43859
37338497_ref24,37338497,24,"Stress and the gut-brain axis: Implications for cancer, inflammation and sepsis",J Surg Res,2021,10.1016/j.jss.2021.02.055,34062291,https://doi.org/10.1016/j.jss.2021.02.055
37338497_ref25,37338497,25,US Immigration westernizes the human gut microbiome,Cell,2018,10.1016/j.cell.2018.10.029,30388453,https://doi.org/10.1016/j.cell.2018.10.029
37338497_ref26,37338497,26,Body weight and mortality among men and women in China,JAMA,2006,10.1001/jama.295.7.776,16478900,https://doi.org/10.1001/jama.295.7.776
37338497_ref27,37338497,27,Association between body-mass index and risk of death in more than 1 million Asians,N Engl J Med,2011,10.1056/NEJMoa1010679,21345101,https://doi.org/10.1056/NEJMoa1010679
37338497_ref28,37338497,28,Regional variation limits applications of healthy gut microbiome reference ranges and disease models,Nat Med,2018,10.1038/s41591-018-0164-x,30150716,https://doi.org/10.1038/s41591-018-0164-x
37338497_ref29,37338497,29,The microbiome influence,Nat Med,2018,10.1038/s41591-018-0285-2,30523317,https://doi.org/10.1038/s41591-018-0285-2
37338497_ref30,37338497,30,Gut microbiota composition reflects disease severity and dysfunctional immune responses in patients with COVID-19,Gut,2021,10.1136/gutjnl-2020-323020,33431578,https://doi.org/10.1136/gutjnl-2020-323020
37338497_ref31,37338497,31,Further evidence to support judicious use of antibiotics in patients with cancer,Ann Oncol,2018,10.1093/annonc/mdy153,29688263,https://doi.org/10.1093/annonc/mdy153
37338497_ref32,37338497,32,Gut microbiome as a potential factor for modulating resistance to cancer immunotherapy,Front Immunol,2019,10.3389/fimmu.2019.02989,32010123,https://doi.org/10.3389/fimmu.2019.02989
37338497_ref33,37338497,33,Modulatory effects of gut microbiome in cancer immunotherapy: A novel paradigm for blockade of immune checkpoint inhibitors,Cancer Med,2021,10.1002/cam4.3694,33369247,https://doi.org/10.1002/cam4.3694
37338497_ref34,37338497,34,Anticancer immunotherapy by CTLA-4 blockade relies on the gut microbiota,Science,2015,10.1126/science.aad1329,26541610,https://doi.org/10.1126/science.aad1329
37338497_ref35,37338497,35,Commensal Bifidobacterium promotes antitumor immunity and facilitates anti-PD-L1 efficacy,Science,2015,10.1126/science.aac4255,26541606,https://doi.org/10.1126/science.aac4255
37338497_ref36,37338497,36,The gut microbiota influences anticancer immunosurveillance and general health,Nat Rev Clin Oncol,2018,10.1038/s41571-018-0006-2,29636538,https://doi.org/10.1038/s41571-018-0006-2
37338497_ref37,37338497,37,Gut microbiome influences efficacy of PD-1-based immunotherapy against epithelial tumors,Science,2018,10.1126/science.aan3706,29097494,https://doi.org/10.1126/science.aan3706
37338497_ref38,37338497,38,The commensal microbiome is associated with anti-PD-1 efficacy in metastatic melanoma patients,Science,2018,10.1126/science.aao3290,29302014,https://doi.org/10.1126/science.aao3290
37338497_ref39,37338497,39,Safety and tumor responses with lambrolizumab(anti-PD-1)in melanoma,N Engl J Med,2013,10.1056/NEJMoa1305133,23724846,https://doi.org/10.1056/NEJMoa1305133
37338497_ref40,37338497,40,Synbiotic intervention of Bifidobacterium lactis and resistant starch protects against colorectal cancer development in rats,Carcinogenesis,2010,10.1093/carcin/bgp197,19696163,https://doi.org/10.1093/carcin/bgp197
37338497_ref41,37338497,41,Consumption of prebiotic inulin enriched with oligofructose in combination with the probiotics Lactobacillus rhamnosus and Bifidobacterium lactis has minor effects on selected immune parameters in polypectomised and colon cancer patients,Br J Nutr,2007,10.1017/S0007114507450292,17349080,https://doi.org/10.1017/S0007114507450292
37338497_ref42,37338497,42,Baseline gut microbiota predicts clinical response and colitis in metastatic melanoma patients treated with ipilimumab,Ann Oncol,2017,10.1093/annonc/mdx108,28368458,https://doi.org/10.1093/annonc/mdx108
37338497_ref43,37338497,43,Probiotic yogurt improves antioxidant status in type 2 diabetic patients,Nutrition,2012,10.1016/j.nut.2011.08.013,22129852,https://doi.org/10.1016/j.nut.2011.08.013
37338497_ref44,37338497,44,Lactobacillus fermentum: A bacterial species with potential for food preservation and biomedical applications,Crit Rev Food Sci Nutr,2020,10.1080/10408398.2019.1688250,31729242,https://doi.org/10.1080/10408398.2019.1688250
37338497_ref45,37338497,45,Lactobacillus supplementation for diarrhoea related to chemotherapy of colorectal cancer: A randomised study,Br J Cancer,2007,10.1038/sj.bjc.6603990,17895895,https://doi.org/10.1038/sj.bjc.6603990
37338497_ref46,37338497,46,MASCC/ISOO clinical practice guidelines for the management of mucositis secondary to cancer therapy,Cancer,2020,10.1002/cncr.33100,32786044,https://doi.org/10.1002/cncr.33100
37338497_ref47,37338497,47,Gut bacteria composition drives primary resistance to cancer immunotherapy in renal cell carcinoma patients,Eur Urol,2020,10.1016/j.eururo.2020.04.044,32376136,https://doi.org/10.1016/j.eururo.2020.04.044
37338497_ref48,37338497,48,Negative association of antibiotics on clinical activity of immune checkpoint inhibitors in patients with advanced renal cell and non-small-cell lung cancer,Ann Oncol,2018,10.1093/annonc/mdy103,29617710,https://doi.org/10.1093/annonc/mdy103
37338497_ref49,37338497,49,Gut microbiota diversity across ethnicities in the United States,PLoS Biol,2018,10.1371/journal.pbio.2006842,30513082,https://doi.org/10.1371/journal.pbio.2006842
37338497_ref50,37338497,50,Ethnic and diet-related differences in the healthy infant microbiome,Genome Med,2017,10.1186/s13073-017-0421-5,28356137,https://doi.org/10.1186/s13073-017-0421-5
37338497_ref51,37338497,51,ClinicalTrials.gov Available from: https://clinicaltrials.gov/ Last accessed on 2022 Feb 07,,,,,
37338497_ref52,37338497,52,Public human microbiome data are dominated by highly developed countries,PLoS Biol,2022,10.1371/journal.pbio.3001536,35167588,https://doi.org/10.1371/journal.pbio.3001536
37338497_ref53,37338497,53,"Studies of human microbiome have ignored the developing world, potentially compromising treatments",Science,2022,,,
37338497_ref54,37338497,54,Artificial intelligence and its potential in oncology,Drug Discov Today,2019,10.1016/j.drudis.2018.10.005,30342246,https://doi.org/10.1016/j.drudis.2018.10.005
37338497_ref55,37338497,55,Big data and machine learning algorithms for health-care delivery,Lancet Oncol,2019,10.1016/S1470-2045(19)30149-4,31044724,https://doi.org/10.1016/S1470-2045(19)30149-4
37338497_ref56,37338497,56,Development of genome-derived tumor type prediction to inform clinical cancer care,JAMA Oncol,2020,10.1001/jamaoncol.2019.3985,31725847,https://doi.org/10.1001/jamaoncol.2019.3985
37338497_ref57,37338497,57,Persistent microbiome alterations modulate the rate of post-dieting weight regain,Nature,2016,10.1038/nature20796,27906159,https://doi.org/10.1038/nature20796
37338497_ref58,37338497,58,The human microbiome project,Nature,2007,10.1038/nature06244,17943116,https://doi.org/10.1038/nature06244
37338497_ref59,37338497,59,The integrative human microbiome project,Nature,2019,10.1038/s41586-019-1238-8,31142853,https://doi.org/10.1038/s41586-019-1238-8
39602893_ref1,39602893,1,Atezolizumab for first-line treatment of metastatic nonsquamous NSCLC,N Engl J Med,2018,10.1056/NEJMoa1716948,29863955,https://doi.org/10.1056/NEJMoa1716948
39602893_ref2,39602893,2,Polatuzumab vedotin in previously untreated diffuse large B-cell lymphoma,N Engl J Med,2022,10.1056/NEJMoa2115304,34904799,https://doi.org/10.1056/NEJMoa2115304
39602893_ref3,39602893,3,"National Academies of Sciences, Engineering, and Medicine. Innovation in electronic health records for oncology care, research, and surveillance: Proceedings of a workshop. Washington, DC: The National Academies Press; 2023. 36383705","Innovation in electronic health records for oncology care, research, and surveillance: Proceedings of a workshop",2023,,36383705,
39602893_ref4,39602893,4,Usage and usability of a national e-library for chemotherapy regimens: mixed methods study,JMIR Hum Factors,2022,10.2196/33651,35175199,https://doi.org/10.2196/33651
39602893_ref5,39602893,5,"Principles of safe practice using an oncology EHR system for chemotherapy ordering, preparation, and administration, Part 1 of 2",J Oncol Pract,2008,10.1200/JOP.0847501,29447501,https://doi.org/10.1200/JOP.0847501
39602893_ref6,39602893,6,"Principles of safe practice using an oncology EHR system for chemotherapy ordering, preparation, and administration, Part 2 of 2",J Oncol Pract,2008,10.1200/JOP.0857501,29452528,https://doi.org/10.1200/JOP.0857501
39602893_ref7,39602893,7,Antineoplastic therapy administration safety standards for adult and pediatric oncology: ASCO-ONS standards,JCO Oncol Pract,2024,10.1200/OP.24.00216,38776491,https://doi.org/10.1200/OP.24.00216
39602893_ref8,39602893,8,Effects of guideline-based computerized provider order entry systems on the chemotherapy order process: a systematic review,Acta Inform Med,2022,10.5455/aim.2022.30.61-68,35800912,https://doi.org/10.5455/aim.2022.30.61-68
39602893_ref9,39602893,9,Computer programs used in the field of hospital pharmacy for the management of dangerous drugs: systematic review of literature,Front Public Health,2023,10.3389/fpubh.2023.1233264,37711235,https://doi.org/10.3389/fpubh.2023.1233264
39602893_ref10,39602893,10,"2016 updated American society of clinical oncology/oncology nursing society chemotherapy administration safety standards, including standards for pediatric oncology",J Oncol Pract,2016,10.1200/JOP.2016.017905,27868581,https://doi.org/10.1200/JOP.2016.017905
39602893_ref11,39602893,11,Safe implementation of computerized provider order entry for adult oncology,Appl Clin Inform,2015,10.4338/ACI-2015-03-RA-0027,26767061,https://doi.org/10.4338/ACI-2015-03-RA-0027
39602893_ref12,39602893,12,Chemotherapy medication errors,Lancet Oncol,2018,10.1016/S1470-2045(18)30094-9,29611527,https://doi.org/10.1016/S1470-2045(18)30094-9
39602893_ref13,39602893,13,A systematic review of clinical decision support systems for clinical oncology practice,J Natl Compr Canc Netw,2019,10.6004/jnccn.2018.7104,30959468,https://doi.org/10.6004/jnccn.2018.7104
39602893_ref14,39602893,14,Conversion from paper to electronic acute care chemotherapy orders,Am J Health Syst Pharm,2020,10.1093/ajhp/zxaa201,32699883,https://doi.org/10.1093/ajhp/zxaa201
39602893_ref15,39602893,15,Effect of an electronic health record on the culture of an outpatient medical oncology practice in a four-hospital integrated health care system: 5-year experience,J Oncol Pract,2011,10.1200/JOP.2011.000260,22043197,https://doi.org/10.1200/JOP.2011.000260
39602893_ref16,39602893,16,"Computerized provider order entry in pediatric oncology: design, implementation, and outcomes",J Oncol Pract,2011,10.1200/JOP.2011.000344,22043183,https://doi.org/10.1200/JOP.2011.000344
39602893_ref17,39602893,17,Avoiding chemotherapy prescribing errors: analysis and innovative strategies,Cancer,2019,10.1002/cncr.31950,30695105,https://doi.org/10.1002/cncr.31950
39602893_ref18,39602893,18,Frequency of chemotherapy medication errors: a systematic review,J Pharmacol Pharmacother,2018,,,
39602893_ref19,39602893,19,Evaluation of clinical decision support systems in oncology: an updated systematic review,Crit Rev Oncol Hematol,2023,10.1016/j.critrevonc.2023.104143,37742884,https://doi.org/10.1016/j.critrevonc.2023.104143
39602893_ref20,39602893,20,Oncology treatment plan updates in EPIC-beacon,,2024,,,
39602893_ref21,39602893,21,European Society for Medical Oncology(ESMO)position paper on supportive and palliative care,Ann Oncol,2018,10.1093/annonc/mdx757,29253069,https://doi.org/10.1093/annonc/mdx757
39602893_ref22,39602893,22,Immunoglobulin substitution in patients with secondary antibody deficiency in chronic lymphocytic leukemia and multiple myeloma: a representative analysis of guideline adherence and infections,Support Care Cancer,2022,10.1007/s00520-022-06920-y,35257229,https://doi.org/10.1007/s00520-022-06920-y
39602893_ref23,39602893,23,Clinical and economic impact of medication reconciliation in cancer patients: a systematic review,Support Care Cancer,2020,10.1007/s00520-020-05400-5,32189099,https://doi.org/10.1007/s00520-020-05400-5
39602893_ref24,39602893,24,Clinical pharmacy in onco-hematology and bone marrow transplant: a valuable contribution to improving patient safety,J Oncol Pharm Pract,2021,10.1177/1078155220943964,32715916,https://doi.org/10.1177/1078155220943964
39602893_ref25,39602893,25,Digitalisierte therapieprotokolle,Forum,2019,,,
39602893_ref26,39602893,26,Challenge of implementing clinical practice guidelines. Getting ESMOʼs guidelines even closer to the bedside: introducing the ESMO Practising Oncologistsʼ checklists and knowledge and practice questions,ESMO Open,2018,10.1136/esmoopen-2018-000385,30094071,https://doi.org/10.1136/esmoopen-2018-000385
39602893_ref27,39602893,27,"Adherence to treatment guidelines and survival in triple-negative breast cancer: a retrospective multi-center cohort study with 9,156 patients",BMC Cancer,2013,10.1186/1471-2407-13-487,24138748,https://doi.org/10.1186/1471-2407-13-487
39602893_ref28,39602893,28,Adherence to breast cancer guidelines is associated with better survival outcomes: a systematic review and meta-analysis of observational studies in EU countries,BMC Health Serv Res,2020,10.1186/s12913-020-05753-x,33028324,https://doi.org/10.1186/s12913-020-05753-x
39602893_ref29,39602893,29,Effect of adherence to treatment guidelines on overall survival in elderly non-small-cell lung cancer patients,Lung Cancer,2022,10.1016/j.lungcan.2022.07.006,35863255,https://doi.org/10.1016/j.lungcan.2022.07.006
39602893_ref30,39602893,30,Lag time between evidence and guidelines: can clinical pathways bridge the gap?,J Oncol Pract,2019,10.1200/JOP.18.00430,30526227,https://doi.org/10.1200/JOP.18.00430
39602893_ref31,39602893,31,Clinicians’ attitudes and perceived barriers and facilitators to cancer treatment clinical practice guideline adherence: a systematic review of qualitative and quantitative literature,Implement Sci,2020,10.1186/s13012-020-00991-3,32460797,https://doi.org/10.1186/s13012-020-00991-3
39602893_ref32,39602893,32,The effectiveness of clinical guideline implementation strategies in oncology—a systematic review,BMC Health Serv Res,2023,10.1186/s12913-023-09189-x,37024867,https://doi.org/10.1186/s12913-023-09189-x
39602893_ref33,39602893,33,How quickly are novel cancer therapies adopted after FDA approval and incorporation into EHR-embedded clinical decision support tools? A description of ordering patterns between users and non-users of an EHR-embedded oncology CDS tool,JCO Oncol Pract,2023,,,
39602041_ref1,39602041,1,"Tien FM, Lu HH, Lin SY, Tsai HC(2023)Epigenetic remodeling of the immune landscape in cancer: therapeutic hurdles and opportunities. J Biomed Sci 30:3 36627707 10.1186/s12929-022-00893-0 PMC9832644",,,10.1186/s12929-022-00893-0,36627707,https://doi.org/10.1186/s12929-022-00893-0
39602041_ref2,39602041,2,"Lodewijk I, Nunes SP, Henrique R, Jerónimo C, Dueñas M, Paramio JM(2021)Tackling tumor microenvironment through epigenetic tools to improve cancer immunotherapy. Clin Epigenetics 13:1–24 33761971 10.1186/s13148-021-01046-0 PMC7992805",,,10.1186/s13148-021-01046-0,33761971,https://doi.org/10.1186/s13148-021-01046-0
39602041_ref3,39602041,3,"Li C, Jiang P, Wei S, Xu X, Wang J(2020)Regulatory T cells in tumor microenvironment: new mechanisms, potential therapeutic strategies and future prospects. Mol Cancer 19:116 32680511 10.1186/s12943-020-01234-1 PMC7367382",,,10.1186/s12943-020-01234-1,32680511,https://doi.org/10.1186/s12943-020-01234-1
39602041_ref4,39602041,4,"Pili R, Quinn DI, Hammers HJ, Monk P, George S, Dorff TB, Olencki T, Shen L, Orillion A, Lamonica D, Fragomeni RS, Szabo Z, Hutson A, Groman A, Perkins SM, Piekarz R, Carducci MA(2017)Immunomodulation by entinostat in renal cell carcinoma patients receiving high-dose interleukin 2: A multicenter, single-arm, phase I/II trial(NCI-CTEP#7870). Clin Cancer Res 23:7199–7208 28939740 10.1158/1078-0432.CCR-17-1178 PMC5712266",,,10.1158/1078-0432.CCR-17-1178,28939740,https://doi.org/10.1158/1078-0432.CCR-17-1178
39602041_ref5,39602041,5,"Orillion A, Hashimoto A, Damayanti N, Shen L, Adelaiye-Ogala R, Arisa S, Chintala S, Ordentlich P, Kao C, Elzey B, Gabrilovich D, Pili R(2017)Entinostat neutralizes myeloid-derived suppressor cells and enhances the antitumor effect of pd-1 inhibition in murine models of lung and renal cell carcinoma. Clin Cancer Res 23:5187–5201 28698201 10.1158/1078-0432.CCR-17-0741 PMC5723438",,,10.1158/1078-0432.CCR-17-0741,28698201,https://doi.org/10.1158/1078-0432.CCR-17-0741
39602041_ref6,39602041,6,"Goldmann O, Nwofor OV, Chen Q, Medina E(2024)Mechanisms underlying immunosuppression by regulatory cells. Front Immunol 15:1328193 38380317 10.3389/fimmu.2024.1328193 PMC10876998",,,10.3389/fimmu.2024.1328193,38380317,https://doi.org/10.3389/fimmu.2024.1328193
39602041_ref7,39602041,7,"Bezu L, Chuang AW, Liu P, Kroemer G, Kepp O(2019)Immunological effects of epigenetic modifiers. Cancers 11:1911 31805711 10.3390/cancers11121911 PMC6966579",,,10.3390/cancers11121911,31805711,https://doi.org/10.3390/cancers11121911
39602041_ref8,39602041,8,"Gadewal N, Natu A, Sen S, Rauniyar S, Bastikar V, Gupta S(2024)Integrative epigenome-transcriptome analysis unravels cancer-specific over-expressed genes potentially regulating immune microenvironment in clear cell renal cell carcinoma. Biochim et Biophys Acta Gener Subj. 10.1016/j.bbagen.2024.130596 10.1016/j.bbagen.2024.130596 38471632",,,10.1016/j.bbagen.2024.130596,38471632,https://doi.org/10.1016/j.bbagen.2024.130596
39602041_ref9,39602041,9,"Sammarco E, Manfredi F, Nuzzo A, Ferrari M, Bonato A, Salfi A, Serafin D, Zatteri L, Antonuzzo A, Galli L(2023)Immune checkpoint inhibitor rechallenge in renal cell carcinoma: current evidence and future directions. Cancers 15:3172 37370782 10.3390/cancers15123172 PMC10296725",,,10.3390/cancers15123172,37370782,https://doi.org/10.3390/cancers15123172
39602041_ref10,39602041,10,Schapira M(2011)Structural chemistry of human SET domain protein methyltransferases. Curr Chem Genom 5:85–94 10.2174/1875397301005010085 PMC3178901 21966348,,,10.2174/1875397301005010085,21966348,https://doi.org/10.2174/1875397301005010085
39602041_ref11,39602041,11,"Kwon T, Chang JH, Kwak E, Lee CW, Joachimiak A, Kim YC, Lee J, Cho Y(2003)Mechanism of histone lysine methyl transfer revealed by the structure of SET7/9-AdoMet. EMBO J 22:292–303 12514135 10.1093/emboj/cdg025 PMC140100",,,10.1093/emboj/cdg025,12514135,https://doi.org/10.1093/emboj/cdg025
39602041_ref12,39602041,12,"Dillon SC, Zhang X, Trievel RC, Cheng X(2005)The SET-domain protein superfamily: protein lysine methyltransferases. Genome Biol 6:227 16086857 10.1186/gb-2005-6-8-227 PMC1273623",,,10.1186/gb-2005-6-8-227,16086857,https://doi.org/10.1186/gb-2005-6-8-227
39602041_ref13,39602041,13,"Barsyte-Lovejoy D, Li F, Oudhoff MJ, Tatlock JH, Dong A, Zeng H, Wu H, Freeman SA, Schapira M, Senisterra GA(2014)(R)-PFI-2 is a potent and selective inhibitor of SETD7 methyltransferase activity in cells. Proc Natl Acad Sci 111:12853–12858 25136132 10.1073/pnas.1407358111 PMC4156762",,,10.1073/pnas.1407358111,25136132,https://doi.org/10.1073/pnas.1407358111
39602041_ref14,39602041,14,"Hirano T, Fujiwara T, Niwa H, Hirano M, Ohira K, Okazaki Y, Sato S, Umehara T, Maemoto Y, Ito A, Yoshida M, Kagechika H(2018)Development of novel inhibitors for histone methyltransferase SET7/9 based on cyproheptadine. ChemMedChem 13:1530–1540 29882380 10.1002/cmdc.201800233",,,10.1002/cmdc.201800233,29882380,https://doi.org/10.1002/cmdc.201800233
39602041_ref15,39602041,15,"Hou Z, Min W, Zhang R, Niu A, Li Y, Cao L, Han J, Luo C, Yang P, Ding H(2020)Lead discovery, chemical optimization, and biological evaluation studies of novel histone methyltransferase SET7 small-molecule inhibitors. Bioorg Med Chem Lett 30:127061 32173197 10.1016/j.bmcl.2020.127061",,,10.1016/j.bmcl.2020.127061,32173197,https://doi.org/10.1016/j.bmcl.2020.127061
39602041_ref16,39602041,16,"Kashyap S, Sandler J, Peters U, Martinez EJ, Kapoor TM(2014)Using “biased-privileged” scaffolds to identify lysine methyltransferase inhibitors. Bioorg Med Chem 22:2253–2260 24650704 10.1016/j.bmc.2014.02.024 PMC4038709",,,10.1016/j.bmc.2014.02.024,24650704,https://doi.org/10.1016/j.bmc.2014.02.024
39602041_ref17,39602041,17,"Lenstra DC, Damen E, Leenders RG, Blaauw RH, Rutjes FP, Wegert A, Mecinović J(2018)Structure-activity relationship studies on(R)-PFI-2 analogues as inhibitors of histone lysine methyltransferase SETD7. ChemMedChem 13:1405–1413 29869845 10.1002/cmdc.201800242",,,10.1002/cmdc.201800242,29869845,https://doi.org/10.1002/cmdc.201800242
39602041_ref18,39602041,18,"Spannhoff A, Sippl W, Jung M(2009)Cancer treatment of the future: inhibitors of histone methyltransferases. Int J Biochem Cell Biol 41:4–11 18773966 10.1016/j.biocel.2008.07.024",,,10.1016/j.biocel.2008.07.024,18773966,https://doi.org/10.1016/j.biocel.2008.07.024
39602041_ref19,39602041,19,"Meng F, Cheng S, Ding H, Liu S, Liu Y, Zhu K, Chen S, Lu J, Xie Y, Li L, Liu R, Shi Z, Zhou Y, Liu YC, Zheng M, Jiang H, Lu W, Liu H, Luo C(2015)Discovery and optimization of novel, selective histone methyltransferase SET7 inhibitors by pharmacophore-and docking-based virtual screening. J Med Chem 58:8166–8181 26390175 10.1021/acs.jmedchem.5b01154",,,10.1021/acs.jmedchem.5b01154,26390175,https://doi.org/10.1021/acs.jmedchem.5b01154
39602041_ref20,39602041,20,"Gilson MK, Liu T, Baitaluk M, Nicola G, Hwang L, Chong J, BindingDB in,(2015)A public database for medicinal chemistry, computational chemistry and systems pharmacology. Nucleic Acids Res 44(2016):D1045-1053 26481362 10.1093/nar/gkv1072 PMC4702793",,,10.1093/nar/gkv1072,26481362,https://doi.org/10.1093/nar/gkv1072
39602041_ref21,39602041,21,"Wishart DS, Knox C, Guo AC, Shrivastava S, Hassanali M, Stothard P, Chang Z, Woolsey J(2006)DrugBank: a comprehensive resource for in silico drug discovery and exploration. Nucleic Acids Res 34:D668-672 16381955 10.1093/nar/gkj067 PMC1347430",,,10.1093/nar/gkj067,16381955,https://doi.org/10.1093/nar/gkj067
39602041_ref22,39602041,22,"Gaulton A, Bellis LJ, Bento AP, Chambers J, Davies M, Hersey A, Light Y, McGlinchey S, Michalovich D, Al-Lazikani B, Overington JP(2012)ChEMBL: a large-scale bioactivity database for drug discovery. Nucleic Acids Res 40:D1100-1107 21948594 10.1093/nar/gkr777 PMC3245175",,,10.1093/nar/gkr777,21948594,https://doi.org/10.1093/nar/gkr777
39602041_ref23,39602041,23,"ChemAxon, in.",,,,,
39602041_ref24,39602041,24,"LigPrep(2022)Schrödinger. LLC, New York",,,,,
39602041_ref25,39602041,25,"Vivek-Ananth RP, Mohanraj K, Sahoo AK, Samal A(2023)IMPPAT 20: an enhanced and expanded phytochemical atlas of indian medicinal plants. ACS Omega 8:8827–8845 36910986 10.1021/acsomega.3c00156 PMC9996785",,,10.1021/acsomega.3c00156,36910986,https://doi.org/10.1021/acsomega.3c00156
39602041_ref26,39602041,26,"QikProp, in, Schrödinger, LLC, New York, NY, 2015.",,,,,
39602041_ref27,39602041,27,"K.J. Bowers, E. Chow, H. Xu, R.O. Dror, M.P. Eastwood, B.A. Gregersen, J.L. Klepeis, I. Kolossvary, M.A. Moraes, F.D. Sacerdoti, 2006 Scalable algorithms for molecular dynamics simulations on commodity clusters, In: Proceedings of the 2006 ACM/IEEE Conference on Supercomputing, pp. 84–es",,,,,
39602041_ref28,39602041,28,"Price DJ, Brooks CL 3rd(2004)A modified TIP3P water potential for simulation with ewald summation. J Chem Phys 121:10096–10103 15549884 10.1063/1.1808117",,,10.1063/1.1808117,15549884,https://doi.org/10.1063/1.1808117
39602041_ref29,39602041,29,"Jorgensen WL, Maxwell DS, Tirado-Rives J(1996)Development and testing of the OPLS all-atom force field on conformational energetics and properties of organic liquids. J Am Chem Soc 118:11225–11236",,,,,
39602041_ref30,39602041,30,"Kumar BK, Faheem K, Sekhar R, Ojha VK, Prajapati A, Pai S(2022)Murugesan, pharmacophore based virtual screening, molecular docking, molecular dynamics and MM-GBSA approach for identification of prospective SARS-CoV-2 inhibitor from natural product databases. J Biomol Struct Dyn 40:1363–1386 32981461 10.1080/07391102.2020.1824814 PMC7544939",,,10.1080/07391102.2020.1824814,32981461,https://doi.org/10.1080/07391102.2020.1824814
39602041_ref31,39602041,31,"Pandya V, Rao P, Prajapati J, Rawal RM, Goswami D(2024)Pinpointing top inhibitors for GSK3β from pool of indirubin derivatives using rigorous computational workflow and their validation using molecular dynamics(MD)simulations. Sci Rep 14:49 38168595 10.1038/s41598-023-50992-7 PMC10761884",,,10.1038/s41598-023-50992-7,38168595,https://doi.org/10.1038/s41598-023-50992-7
39602041_ref32,39602041,32,"Xiao B, Jing C, Wilson JR, Walker PA, Vasisht N, Kelly G, Howell S, Taylor IA, Blackburn GM, Gamblin SJ(2003)Structure and catalytic mechanism of the human histone methyltransferase SET7/9. Nature 421:652–656 12540855 10.1038/nature01378",,,10.1038/nature01378,12540855,https://doi.org/10.1038/nature01378
39602041_ref33,39602041,33,"Verma K, Deep P, Srivastava V, Dwivedi J, Verma S(2022)Pharmacognostical properties and medicinal uses of broussonetia papyrifera(Moraceae): a review. Int J Pharm Sci Rev Res 74:96–101",,,,,
39602041_ref34,39602041,34,"Vasanth N, Melchias G, Kumaravel P(2017)Biogenic silver nanoparticles mediated by Broussonetia Papyrifera: anticancer and antimicrobial activity against pathogenic organisms. Asian J Pharm Clin Res 1:93–98",,,,,
39602041_ref35,39602041,35,"Huang H, Lee S, Chen I(2008)Chemical constituents from a cytotoxic root extract of Anneslea lanceolata. Planta Medica. 10.1055/s-0028-108444819031362",,,,,
39602041_ref36,39602041,36,"Jones J, Juengel E, Mickuckyte A, Hudak L, Wedel S, Jonas D, Hintereder G, Blaheta RA(2009)Valproic acid blocks adhesion of renal cell carcinoma cells to endothelium and extracellular matrix. J Cell Mol Med 13:2342–2352 19067765 10.1111/j.1582-4934.2008.00603.x PMC6529979",,,10.1111/j.1582-4934.2008.00603.x,19067765,https://doi.org/10.1111/j.1582-4934.2008.00603.x
39602041_ref37,39602041,37,"Aspeslagh S, Morel D, Soria J-C, Postel-Vinay S(2018)Epigenetic modifiers as new immunomodulatory therapies in solid tumours. Ann Oncol 29:812–824 29432557 10.1093/annonc/mdy050",,,10.1093/annonc/mdy050,29432557,https://doi.org/10.1093/annonc/mdy050
39602041_ref38,39602041,38,"Yu X, Zhao H, Wang R, Chen Y, Ouyang X, Li W, Sun Y, Peng A(2024)Cancer epigenetics: from laboratory studies and clinical trials to precision medicine. Cell Death Discov 10:28 38225241 10.1038/s41420-024-01803-z PMC10789753",,,10.1038/s41420-024-01803-z,38225241,https://doi.org/10.1038/s41420-024-01803-z
39602041_ref39,39602041,39,"Wang Z, Petricca J, Liu M, Zhang S, Chen S, Li M, Besschetnova A, Patalano S, Venkataramani K, Siegfried KR(2023)SETD7 functions as a transcription repressor in prostate cancer via methylating FOXA1. Proc Natl Acad Sci 120:e2220472120 37549269 10.1073/pnas.2220472120 PMC10438836",,,10.1073/pnas.2220472120,37549269,https://doi.org/10.1073/pnas.2220472120
39602041_ref40,39602041,40,"Oudhoff MJ, Braam MJS, Freeman SA, Wong D, Rattray DG, Wang J, Antignano F, Snyder K, Refaeli I, Hughes MR, McNagny KM, Gold MR, Arrowsmith CH, Sato T, Rossi FMV, Tatlock JH, Owen DR, Brown PJ, Zaph C(2016)SETD7 controls intestinal regeneration and tumorigenesis by regulating Wnt/beta-catenin and hippo/YAP signaling. Dev Cell 37:47–57 27046831 10.1016/j.devcel.2016.03.002",,,10.1016/j.devcel.2016.03.002,27046831,https://doi.org/10.1016/j.devcel.2016.03.002
39602041_ref41,39602041,41,"Zhang J, Duan B, Li F, Jing X, Li R, Cai S, Cao L, Jiang Q, Zhou J, Zhou J, Qin Y, Wang X, Tong D, Huang C(2024)SETD7 promotes cell proliferation and migration via methylation-mediated TAF7 in clear cell renal cell carcinoma. Int J Biol Sci 20:3008–3027 38904013 10.7150/ijbs.93201 PMC11186372",,,10.7150/ijbs.93201,38904013,https://doi.org/10.7150/ijbs.93201
39602041_ref42,39602041,42,"Kovacs SA, Fekete JT, Gyorffy B(2023)Predictive biomarkers of immunotherapy response with pharmacological applications in solid tumors. Acta Pharmacol Sin 44:1879–1889 37055532 10.1038/s41401-023-01079-6 PMC10462766",,,10.1038/s41401-023-01079-6,37055532,https://doi.org/10.1038/s41401-023-01079-6
39602041_ref43,39602041,43,"Yang S, Wang X, Bai J, Duan B(2023)The role of SET domain containing lysine methyltransferase 7 in tumorigenesis and development. Cell Cycle 22:269–275 36101480 10.1080/15384101.2022.2122257 PMC9851238",,,10.1080/15384101.2022.2122257,36101480,https://doi.org/10.1080/15384101.2022.2122257
40662150_ref1,40662150,1,Systematic functional analysis of kinases in the fungal pathogen Cryptococcus neoformans,Nature communications,2016,10.1038/ncomms12766,27677328,https://doi.org/10.1038/ncomms12766
40662150_ref2,40662150,2,Cryptococcus neoformans Infection in the Central Nervous System: The Battle between Host and Pathogen,J Fungi,2022,10.3390/jof8101069,36294634,https://doi.org/10.3390/jof8101069
40662150_ref3,40662150,3,Genetics of Cryptococcus neoformans,Annu Rev Genet,2002,10.1146/annurev.genet.36.052402.152652,12429703,https://doi.org/10.1146/annurev.genet.36.052402.152652
40662150_ref4,40662150,4,The casein kinase I protein Cck1 regulates multiple signaling pathways and is essential for cell integrity and fungal virulence in Cryptococcus neoformans,Eukaryot Cell,2011,10.1128/EC.05207-11,21926330,https://doi.org/10.1128/EC.05207-11
40662150_ref5,40662150,5,Prevalence of Crytpococcal Infection in Patients Clinically Diagnosed to Have Meningitis in Ethiopia,Clin Med Res,2016,,,
40662150_ref6,40662150,6,C. neoformans Infection Statistics | Fungal Diseases | CDC 2022,,,,,
40662150_ref7,40662150,7,Analyses of the Global Multilocus Genotypes of the Human Pathogenic Yeast Cryptococcus neoformans Species Complex,Genes,2022,10.3390/genes13112045,36360282,https://doi.org/10.3390/genes13112045
40662150_ref8,40662150,8,"Recent Advances in the Ecoepidemiology, Virulence and Diagnosis of Cryptococcus neoformans and Cryptococcus gattii Species Complexes",Open Microbiol J,2023,,,
40662150_ref9,40662150,9,Risk Factors for Invasive Cryptococcus neoformans Diseases: A Case-Control Study,PLOS ONE,2015,10.1371/journal.pone.0119090,25747471,https://doi.org/10.1371/journal.pone.0119090
40662150_ref10,40662150,10,Symptoms of C. neoformans Infection | Fungal Diseases | CDC 2021,,,,,
40662150_ref11,40662150,11,Cryptococcosis in patients with liver cirrhosis: Death risk factors and predictive value of prognostic models,Hepatobiliary Pancreat Dis Int HBPD INT,2021,10.1016/j.hbpd.2021.06.006,34233849,https://doi.org/10.1016/j.hbpd.2021.06.006
40662150_ref12,40662150,12,Fungal CNS Infections in Africa: The Neuroimmunology of Cryptococcal Meningitis,Front Immunol,2022,10.3389/fimmu.2022.804674,35432326,https://doi.org/10.3389/fimmu.2022.804674
40662150_ref13,40662150,13,Cryptococcus neoformans: size range of infectious particles from aerosolized soil,Infect Immun,1977,10.1128/iai.17.3.634-638.1977,332630,https://doi.org/10.1128/iai.17.3.634-638.1977
40662150_ref14,40662150,14,"Pescador Ruschel MA Thapa B Cryptococcal Meningitis 2024 StatPearls, Treasure Island(FL)StatPearls Publishing 30252242",Cryptococcal Meningitis,2024,,30252242,
40662150_ref15,40662150,15,Treatment of Cryptococcal Meningitis: How Have We Got Here and Where are We Going?,Drugs,2022,10.1007/s40265-022-01757-5,36112342,https://doi.org/10.1007/s40265-022-01757-5
40662150_ref16,40662150,16,Combatting the evolution of antifungal resistance in Cryptococcus neoformans,Mol Microbiol,2020,10.1111/mmi.14565,32697029,https://doi.org/10.1111/mmi.14565
40662150_ref17,40662150,17,"Structural analysis of fungal pathogenicity-related casein kinase α subunit, Cka1, in the human fungal pathogen Cryptococcus neoformans",Sci Rep,2019,10.1038/s41598-019-50678-z,31591414,https://doi.org/10.1038/s41598-019-50678-z
40662150_ref18,40662150,18,Protein kinase CK2: a potential therapeutic target for diverse human diseases,Signal Transduct Target Ther,2021,10.1038/s41392-021-00567-7,33994545,https://doi.org/10.1038/s41392-021-00567-7
40662150_ref19,40662150,19,CX-4945: the protein kinase CK2 inhibitor and anti-cancer drug shows anti-fungal activity,Mol Cell Biochem,2017,10.1007/s11010-017-3068-z,28501934,https://doi.org/10.1007/s11010-017-3068-z
40662150_ref20,40662150,20,Signalling pathways in the pathogenesis of Cryptococcus,Cell Microbiol,2009,10.1111/j.1462-5822.2008.01273.x,19170685,https://doi.org/10.1111/j.1462-5822.2008.01273.x
40662150_ref21,40662150,21,NCBI GEO: archive for functional genomics data sets--update,Nucleic Acids Res,2013,10.1093/nar/gks1193,23193258,https://doi.org/10.1093/nar/gks1193
40662150_ref22,40662150,22,The STRING database in 2023: protein-protein association networks and functional enrichment analyses for any sequenced genome of interest,Nucleic Acids Res,2023,10.1093/nar/gkac1000,36370105,https://doi.org/10.1093/nar/gkac1000
40662150_ref23,40662150,23,Cytoscape Automation: empowering workflow-based network analysis,Genome Biol,2019,10.1186/s13059-019-1758-4,31477170,https://doi.org/10.1186/s13059-019-1758-4
40662150_ref24,40662150,24,Enrichr: a comprehensive gene set enrichment analysis web server 2016 update,Nucleic Acids Res,2016,10.1093/nar/gkw377,27141961,https://doi.org/10.1093/nar/gkw377
40662150_ref25,40662150,25,RCSB Protein Data Bank(RCSB.org): delivery of experimentally-determined PDB structures alongside one million computed structure models of proteins from artificial intelligence/machine learning,Nucleic Acids Res,2023,10.1093/nar/gkac1077,36420884,https://doi.org/10.1093/nar/gkac1077
40662150_ref26,40662150,26,AlphaFold Protein Structure Database: massively expanding the structural coverage of protein-sequence space with high-accuracy models,Nucleic Acids Res,2022,10.1093/nar/gkab1061,34791371,https://doi.org/10.1093/nar/gkab1061
40662150_ref27,40662150,27,InterPro in. 2022,Nucleic Acids Res,2023,10.1093/nar/gkac993,36350672,https://doi.org/10.1093/nar/gkac993
40662150_ref28,40662150,28,ChEMBL: a large-scale bioactivity database for drug discovery,Nucleic Acids Res,2012,10.1093/nar/gkr777,21948594,https://doi.org/10.1093/nar/gkr777
40662150_ref29,40662150,29,"TIPdb: a database of anticancer, antiplatelet, and antituberculosis phytochemicals from indigenous plants in Taiwan",ScientificWorldJournal,2013,10.1155/2013/736386,23766708,https://doi.org/10.1155/2013/736386
40662150_ref30,40662150,30,GNINA 1.0: molecular docking with deep learning,J Cheminformatics,2021,10.1186/s13321-021-00522-2,34108002,https://doi.org/10.1186/s13321-021-00522-2
40662150_ref31,40662150,31,Antifungal Drug Resistance: Molecular Mechanisms in Candida albicans and Beyond,Chem Rev,2021,10.1021/acs.chemrev.0c00199,32441527,https://doi.org/10.1021/acs.chemrev.0c00199
40662150_ref32,40662150,32,Pathogenicity of Cryptococcus neoformans: virulence factors and immunological mechanisms,Microbes Infect,1999,10.1016/s1286-4579(99)80025-2,10602663,https://doi.org/10.1016/s1286-4579(99)80025-2
40662150_ref33,40662150,33,Casein kinase 2 complex: a central regulator of multiple pathobiological signaling pathways in Cryptococcus neoformans,mBio,2024,10.1128/mbio.03275-23,38193728,https://doi.org/10.1128/mbio.03275-23
40662150_ref34,40662150,34,Lipid metabolism in Cryptococcus neoformans,FEMS Yeast Res,2006,10.1111/j.1567-1364.2006.00080.x,16696643,https://doi.org/10.1111/j.1567-1364.2006.00080.x
40662150_ref35,40662150,35,Multiple-Omics Techniques Reveal the Role of Glycerophospholipid Metabolic Pathway in the Response of Saccharomyces cerevisiae Against Hypoxic Stress,Front Microbiol,2019,10.3389/fmicb.2019.01398,31316482,https://doi.org/10.3389/fmicb.2019.01398
40662150_ref36,40662150,36,Glycosylphosphatidylinositol Anchor Biosynthesis Pathway-Related Protein GPI7 Is Required for the Vegetative Growth and Pathogenicity of Colletotrichum graminicola,Int J Mol Sci,2022,10.3390/ijms23062985,35328406,https://doi.org/10.3390/ijms23062985
40662150_ref37,40662150,37,Amphotericin B mediates killing in Cryptococcus neoformans through the induction of a strong oxidative burst,Microbes Infect,2011,10.1016/j.micinf.2011.01.015,21310262,https://doi.org/10.1016/j.micinf.2011.01.015
40662150_ref38,40662150,38,Delivery strategies of amphotericin B for invasive fungal infections,Acta Pharm Sin B,2021,10.1016/j.apsb.2021.04.010,34522599,https://doi.org/10.1016/j.apsb.2021.04.010
40662150_ref39,40662150,39,Enzyme-catalyzed reductive activation of anticancer drugs ıdarubicin and mitomycin c,,‏ 2008,,,
40662150_ref40,40662150,40,The DNA-topoisomerase Inhibitors in Cancer Therapy,Biomed Pharmacol J,2022,,,
40662150_ref41,40662150,41,In vitro antifungal activity of DNA topoisomerase inhibitors,Med Mycol,2012,10.3109/13693786.2011.609186,21939347,https://doi.org/10.3109/13693786.2011.609186
40420790_ref1,40420790,1,Ultrasound-promoted synthesis of 4-pyrimidinols and their tosyl derivatives.,Synthesis,2016,10.1055/s-0035-1562788,,https://doi.org/10.1055/s-0035-1562788
40420790_ref2,40420790,2,Cu-catalyzed[3 + 3]annulation for the synthesis of pyrimidines via β-c(sp3)–h functionalization of saturated ketones.,J. Org. Chem.,2016,10.1021/acs.joc.6b02181,27805404,https://doi.org/10.1021/acs.joc.6b02181
40420790_ref3,40420790,3,Iron catalysis for modular pyrimidine synthesis through β-ammoniation/cyclization of saturated carbonyl compounds with amidines.,J. Org. Chem.,2017,10.1021/acs.joc.6b02767,28032761,https://doi.org/10.1021/acs.joc.6b02767
40420790_ref4,40420790,4,Efficient synthesis of imidazole and pyrimidine derivatives.,Chem. Heterocycl. Compd.,2020,10.1007/s10593-020-02818-x,,https://doi.org/10.1007/s10593-020-02818-x
40420790_ref5,40420790,5,"Dihydroazolopyrimidines: Past, present and perspectives in synthesis, green chemistry and drug discovery.",Chem. Rec.,,10.1002/tcr.202300244,37668291,https://doi.org/10.1002/tcr.202300244
40420790_ref6,40420790,6,"Synthesis of novel derivatives of 5,6,7,8-tetrahydro-quinazolines using of α-aminoamidines and in silico screening of their biological activity.",Int. J. Mol. Sci.,2022,10.3390/ijms23073781,35409144,https://doi.org/10.3390/ijms23073781
40420790_ref7,40420790,7,Synthesis of multitopic verdazyl radical ligands. Paramagnetic supramolecular synthons.,Org. Lett.,2004,10.1021/ol049746i,15176775,https://doi.org/10.1021/ol049746i
40420790_ref8,40420790,8,Stereoselective and catalytic access to β-enaminones: an entry to pyrimidines.,J. Org. Chem.,2012,10.1021/jo301675g,23006434,https://doi.org/10.1021/jo301675g
40420790_ref9,40420790,9,Reaction of bromoenones with amidines: A simple catalyst-free approach to trifluoromethylated pyrimidines.,Synthesis,2020,10.1055/s-0040-1707969,,https://doi.org/10.1055/s-0040-1707969
40420790_ref10,40420790,10,"2,6-di(pyrimidin-4-yl)pyridine ligands with nitrogen-containing auxiliaries: The formation of functionalized molecular clefts upon metal coordination.",Inorg. Chem.,2003,10.1021/ic034823b,14686844,https://doi.org/10.1021/ic034823b
40420790_ref11,40420790,11,"Identification of NVP-TNKS656: The use of structure-efficiency relationships to generate a highly potent, selective, and orally active tankyrase inhibitor.",J. Med. Chem.,2013,10.1021/jm400807n,23844574,https://doi.org/10.1021/jm400807n
40420790_ref12,40420790,12,Prospective biologically active compounds based on 5-formylthiazole.,Funct. Mater.,2021,10.15407/fm28.02.1,,https://doi.org/10.15407/fm28.02.1
40420790_ref13,40420790,13,Synthesis of pyrimidine based metal ligands.,Tetrahedron Lett.,2001,10.1016/S0040-4039(01)00091-0,,https://doi.org/10.1016/S0040-4039(01)00091-0
40420790_ref14,40420790,14,Synthesis of 4-(5-benzyl-2-phenylpyrimidin-4-yl)morpholines as novel PI3K inhibitors via acetates of baylis-hillman adducts and benzamidines.,Lett. Org. Chem.,2009,10.2174/157017809787582816,,https://doi.org/10.2174/157017809787582816
40420790_ref15,40420790,15,Diastereoselective synthesis of cyclopropane amino acids using diazo compounds generated in situ.,J. Org. Chem.,2003,10.1021/jo035060c,14629169,https://doi.org/10.1021/jo035060c
40420790_ref16,40420790,16,"Chebanov V.A. Desenko S.M. Gurley T.W. Azaheterocycles Based on α,β-Unsaturated Carbonyls. Berlin, Heidelberg Springer-Verlag 2008","Azaheterocycles Based on α,β-Unsaturated Carbonyls.",2008,,,
40420790_ref17,40420790,17,Automated docking of flexible ligands: Applications of autodock.,J. Mol. Recognit.,1996,10.1002/(sici)1099-1352(199601)9:1<1::aid-jmr241>3.0.co;2-6,8723313,https://doi.org/10.1002/(sici)1099-1352(199601)9:1<1::aid-jmr241>3.0.co;2-6
40420790_ref18,40420790,18,"AutoDock Vina: Improving the speed and accuracy of docking with a new scoring function, efficient optimization, and multithreading.",J. Comput. Chem.,2010,10.1002/jcc.21334,19499576,https://doi.org/10.1002/jcc.21334
40420790_ref19,40420790,19,"Identification and characterization of NVP-BKM120, an orally available pan-class I PI3-kinase inhibitor.",Mol. Cancer Ther.,2012,10.1158/1535-7163.MCT-11-0474,22188813,https://doi.org/10.1158/1535-7163.MCT-11-0474
40420790_ref20,40420790,20,Deconvolution of Buparlisib’s mechanism of action defines specific PI3K and tubulin inhibitors for therapeutic intervention.,Nat. Commun.,2017,10.1038/ncomms14683,28276440,https://doi.org/10.1038/ncomms14683
40420790_ref21,40420790,21,VMD: Visual molecular dynamics.,"J. Mol. Graph.,",1996,10.1016/0263-7855(96)00018-5,8744570,https://doi.org/10.1016/0263-7855(96)00018-5
40420790_ref22,40420790,22,Recent advances in computational drug discovery for therapy against coronavirus SARS-CoV-2. ScienceRise.,Pharm. Sci.,2023,10.15587/2519-4852.2023.290318,,https://doi.org/10.15587/2519-4852.2023.290318
40420790_ref23,40420790,23,"Synthesis and modification of 7-aroyl derivatives of 4,7-dihydro-[1,2,4]triazolo-[1,5-a]-pyrimidine as potent inhibitors of sirtuin-2.",Funct. Mater.,2024,10.15407/fm31.02.260,,https://doi.org/10.15407/fm31.02.260
40420790_ref24,40420790,24,Discovery of novel n-acylhydrazone derivatives as potent inhibitors of sirtuin-1.,SynOpen,2024,10.1055/s-0043-1763747,,https://doi.org/10.1055/s-0043-1763747
40420790_ref25,40420790,25,Structure-based rational design and virtual screening of valsartan drug analogs towards developing novel inhibitors of angiotensin ii type 1 receptor.,Biointerface Res. Appl. Chem.,2023,10.33263/BRIAC135.440,,https://doi.org/10.33263/BRIAC135.440
40420790_ref26,40420790,26,Imidazole derivatives as potent inhibitors of sirtuin-1.,Functional Materials,2023,10.15407/fm30.04.486,,https://doi.org/10.15407/fm30.04.486
40420790_ref27,40420790,27,"Identification of NVP-BKM120 as a potent, selective, orally bioavailable class I PI3 kinase inhibitor for treating cancer.",ACS Med. Chem. Lett.,2011,10.1021/ml200156t,24900266,https://doi.org/10.1021/ml200156t
40420790_ref28,40420790,28,Discovery of the highly potent PI3K/MTOR dual inhibitor PF-04979064 through structure-based drug design.,ACS Med. Chem. Lett.,2013,10.1021/ml300309h,24900568,https://doi.org/10.1021/ml300309h
40420790_ref29,40420790,29,"Design and synthesis of 1,3,5-triazines or pyrimidines containing dithiocarbamate moiety as PI3Kα selective inhibitors.",ACS Med. Chem. Lett.,2023,10.1021/acsmedchemlett.3c00287,37736169,https://doi.org/10.1021/acsmedchemlett.3c00287
40420790_ref30,40420790,30,Structure-based drug design and synthesis of PI3Kα-selective inhibitor(PF-06843195).,J. Med. Chem.,2021,10.1021/acs.jmedchem.0c01652,33356246,https://doi.org/10.1021/acs.jmedchem.0c01652
40420790_ref31,40420790,31,Recent advances in PI3K/PKB/mTOR inhibitors as new anticancer agents.,Eur. J. Med. Chem.,2023,10.1016/j.ejmech.2022.114971,36462440,https://doi.org/10.1016/j.ejmech.2022.114971
40420790_ref32,40420790,32,"Anticancer drugs acting on signaling pathways, part 2: Inhibitors of serine-threonine kinases and miscellaneous signaling pathways. In: Medicinal Chemistry of Anticancer Drugs, 3rd ed; 565-635.Elsevier,",,2023,10.1016/B978-0-12-818549-0.00011-X,,https://doi.org/10.1016/B978-0-12-818549-0.00011-X
40420790_ref33,40420790,33,Class 1 PI3K clinical candidates and recent inhibitor design strategies: A medicinal chemistry perspective.,J. Med. Chem.,2019,10.1021/acs.jmedchem.8b01492,30582807,https://doi.org/10.1021/acs.jmedchem.8b01492
40420790_ref34,40420790,34,Dual-target kinase drug design: Current strategies and future directions in cancer therapy.,Eur. J. Med. Chem.,2020,10.1016/j.ejmech.2019.112025,31931340,https://doi.org/10.1016/j.ejmech.2019.112025
40420790_ref35,40420790,35,"Bis(morpholino-1,3,5-triazine)derivatives: Potent adenosine 5′-triphosphate competitive phosphatidylinositol-3-kinase/mammalian target of rapamycin inhibitors: discovery of compound 26(PKI-587), a highly efficacious dual inhibitor.",J. Med. Chem.,2010,10.1021/jm901830p,20166697,https://doi.org/10.1021/jm901830p
40420790_ref36,40420790,36,Molecular hybrids: A five-year survey on structures of multiple targeted hybrids of protein kinase inhibitors for cancer therapy.,Eur. J. Med. Chem.,2021,10.1016/j.ejmech.2021.113768,34450497,https://doi.org/10.1016/j.ejmech.2021.113768
40420790_ref37,40420790,37,"Small molecule targeted therapies for endometrial cancer: Progress, challenges, and opportunities.",RSC Med. Chem.,2024,10.1039/D4MD00089G,38911148,https://doi.org/10.1039/D4MD00089G
40420790_ref38,40420790,38,Discovery of nanomolar phosphoinositide 3-kinase gamma(PI3Kγ)inhibitors using ligand-based modeling and virtual screening followed by in vitro analysis.,Eur. J. Med. Chem.,2014,10.1016/j.ejmech.2014.07.056,25050878,https://doi.org/10.1016/j.ejmech.2014.07.056
40420790_ref39,40420790,39,Targeting the phosphoinositide 3-kinase pathway in cancer.,Nat. Rev. Drug Discov.,2009,10.1038/nrd2926,19644473,https://doi.org/10.1038/nrd2926
40420790_ref40,40420790,40,"In-silico molecular modelling, MM/GBSA binding free energy and molecular dynamics simulation study of novel pyrido fused imidazo[4,5-c]quinolines as potential anti-tumor agents.",Front Chem.,2022,10.3389/fchem.2022.991369,36247684,https://doi.org/10.3389/fchem.2022.991369
40420790_ref41,40420790,41,"Design, synthesis, docking study, cytotoxicity evaluation, and PI3K inhibitory activity of novel di-thiazoles, and bis(di-thiazoles).",J. Mol. Struct.,2024,10.1016/j.molstruc.2023.137379,,https://doi.org/10.1016/j.molstruc.2023.137379
40420790_ref42,40420790,42,"Dft and in-silico investigations, along with in-vitro antitumor and antimicrobial assessments of pharmacological molecules.",Curr. Org. Synth.,2023,10.2174/1570179419666220913141629,36100991,https://doi.org/10.2174/1570179419666220913141629
40420790_ref43,40420790,43,A phase i study of the oral dual-acting pan-PI3K/MTOR inhibitor bimiralisib in patients with advanced solid tumors.,Cancers(Basel),2024,10.3390/cancers16061137,38539472,https://doi.org/10.3390/cancers16061137
40420790_ref44,40420790,44,Small-molecule inhibitors of breast cancer-related targets: Potential therapeutic agents for breast cancer.,Eur. J. Med. Chem.,2021,10.1016/j.ejmech.2020.112954,33158576,https://doi.org/10.1016/j.ejmech.2020.112954
40420790_ref45,40420790,45,Structure-based discovery and rational design of microtubule-targeting agents.,Curr. Opin. Struct. Biol.,2024,10.1016/j.sbi.2024.102845,38805950,https://doi.org/10.1016/j.sbi.2024.102845
39715975_ref1,39715975,1,"Alexander M, Kim SY, Cheng H(2020)Update 2020: management of non-small cell lung cancer. Lung 198:897–907. 10.1007/s00408-020-00407-5 33175991 10.1007/s00408-020-00407-5 PMC7656891",,,10.1007/s00408-020-00407-5,33175991,https://doi.org/10.1007/s00408-020-00407-5
39715975_ref2,39715975,2,"Molina JR, Yang P, Cassivi SD, Schild SE, Adjei AA(2008)Non-small cell lung cancer: epidemiology, risk factors, treatment, and survivorship. Paper Present Mayo Clin Proc 83:584–594. 10.4065/83.5.584 10.4065/83.5.584 PMC2718421 18452692",,,10.4065/83.5.584,18452692,https://doi.org/10.4065/83.5.584
39715975_ref3,39715975,3,"Rath B, Plangger A, Hamilton G(2020)Non-small cell lung cancer-small cell lung cancer transformation as mechanism of resistance to tyrosine kinase inhibitors in lung cancer. Cancer Drug Resist 3(171–1783):171. 10.20517/cdr.2019.85 35582610 10.20517/cdr.2019.85 PMC9090586",,,10.20517/cdr.2019.85,35582610,https://doi.org/10.20517/cdr.2019.85
39715975_ref4,39715975,4,"Siegel RL, Giaquinto AN, Jemal A(2024)Cancer statistics, 2024. CA Cancer J Clin 74:12–49. 10.3322/caac.21820 38230766 10.3322/caac.21820",,,10.3322/caac.21820,38230766,https://doi.org/10.3322/caac.21820
39715975_ref5,39715975,5,"Singh R, Manna S, Nandanwar H, Purohit R(2024)Bioactives from medicinal herb against bedaquiline resistant tuberculosis: removing the dark clouds from the horizon. Microbes Infect 26:105279. 10.1016/j.micinf.2023.105279 38128751 10.1016/j.micinf.2023.105279",,,10.1016/j.micinf.2023.105279,38128751,https://doi.org/10.1016/j.micinf.2023.105279
39715975_ref6,39715975,6,"Tanwar G, Purohit R(2019)Gain of native conformation of Aurora A S155R mutant by small molecules. J Cell Biochem 120:11104–11114. 10.1002/jcb.28387 30746758 10.1002/jcb.28387",,,10.1002/jcb.28387,30746758,https://doi.org/10.1002/jcb.28387
39715975_ref7,39715975,7,"Bhardwaj V, Singh R, Singh P, Purohit R, Kumar S(2020)Elimination of bitter-off taste of stevioside through structure modification and computational interventions. J Theor Biol 486:110094. 10.1016/j.jtbi.2019.110094 31783061 10.1016/j.jtbi.2019.110094",,,10.1016/j.jtbi.2019.110094,31783061,https://doi.org/10.1016/j.jtbi.2019.110094
39715975_ref8,39715975,8,"Rajasekaran R, George Priya Doss C, Sudandiradoss C, Ramanathan K, Purohit R, Sethumadhavan R(2008)Effect of deleterious nsSNP on the HER2 receptor based on stability and binding affinity with herceptin: a computational approach. CR Biol 331:409–417. 10.1016/j.crvi.2008.03.004 10.1016/j.crvi.2008.03.004 18510993",,,10.1016/j.crvi.2008.03.004,18510993,https://doi.org/10.1016/j.crvi.2008.03.004
39715975_ref9,39715975,9,"Imyanitov EN, Iyevleva AG, Levchenko EV(2021)Molecular testing and targeted therapy for non-small cell lung cancer: current status and perspectives. Crit Rev Oncol Hematol 157:103194. 10.1016/j.critrevonc.2020.103194 33316418 10.1016/j.critrevonc.2020.103194",,,10.1016/j.critrevonc.2020.103194,33316418,https://doi.org/10.1016/j.critrevonc.2020.103194
39715975_ref10,39715975,10,"Passaro A, Leighl N, Blackhall F, Popat S, Kerr K, Ahn M, Arcila M, Arrieta O, Planchard D, De Marinis F(2022)ESMO expert consensus statements on the management of EGFR mutant non-small-cell lung cancer. Ann Oncol 33:466–487. 10.1016/j.annonc.2022.02.003 35176458 10.1016/j.annonc.2022.02.003",,,10.1016/j.annonc.2022.02.003,35176458,https://doi.org/10.1016/j.annonc.2022.02.003
39715975_ref11,39715975,11,"Drilon A, Camidge DR, Lin JJ, Kim S-W, Solomon BJ, Dziadziuszko R, Besse B, Goto K, de Langen AJ, Wolf J(2024)Repotrectinib in ROS1 fusion–positive non–small-cell lung cancer. N Engl J Med 390:118–131. 10.1056/nejmoa2302299 38197815 10.1056/NEJMoa2302299 PMC11702311",,,10.1056/NEJMoa2302299,38197815,https://doi.org/10.1056/NEJMoa2302299
39715975_ref12,39715975,12,"Halani V, Sharayah A, Beck B, Patolia S(2024)“New targets in non–small-cell lung cancer”—RET, HER2, and KRAS. Am J Respir Crit Care Med 209:748–750. 10.1164/rccm.202208-1596rr 38190703 10.1164/rccm.202208-1596RR",,,10.1164/rccm.202208-1596RR,38190703,https://doi.org/10.1164/rccm.202208-1596RR
39715975_ref13,39715975,13,"Uehara Y, Watanabe K, Hakozaki T, Yomota M, Hosomi Y(2022)Efficacy of first-line immune checkpoint inhibitors in patients with advanced NSCLC with KRAS, MET, FGFR, RET, BRAF, and HER2 alterations. Thorac Cancer 13:1703–1711. 10.1111/1759-7714.14448 35491960 10.1111/1759-7714.14448 PMC9161348",,,10.1111/1759-7714.14448,35491960,https://doi.org/10.1111/1759-7714.14448
39715975_ref14,39715975,14,"Huang M-Y, Jiang X-M, Wang B-L, Sun Y, Lu J-J(2021)Combination therapy with PD-1/PD-L1 blockade in non-small cell lung cancer: strategies and mechanisms. Pharmacol Ther 219:107694. 10.1016/j.pharmthera.2020.107694 32980443 10.1016/j.pharmthera.2020.107694",,,10.1016/j.pharmthera.2020.107694,32980443,https://doi.org/10.1016/j.pharmthera.2020.107694
39715975_ref15,39715975,15,"Liu Z, Ma L, Sun Y, Yu W, Wang X(2021)Targeting STAT3 signaling overcomes gefitinib resistance in non-small cell lung cancer. Cell Death Dis 12:561. 10.1038/s41419-021-03844-z 34059647 10.1038/s41419-021-03844-z PMC8166856",,,10.1038/s41419-021-03844-z,34059647,https://doi.org/10.1038/s41419-021-03844-z
39715975_ref16,39715975,16,"Yu H, Lee H, Herrmann A, Buettner R, Jove R(2014)Revisiting STAT3 signalling in cancer: new and unexpected biological functions. Nat Rev Cancer 14:736–746. 10.1038/nrc3818 25342631 10.1038/nrc3818",,,10.1038/nrc3818,25342631,https://doi.org/10.1038/nrc3818
39715975_ref17,39715975,17,"Liu Z-y, Zhang Y-w, Zhuang H-x, Ou Y-j, Jiang Q-y, Li P-f, He Y-m, Ren Y, Mao X-l(2024)Inhibiting the otub1/phosphorylated STAT3 axis for the treatment of non-small cell lung cancer. Acta Pharmacol Sin. 10.1038/s41401-024-01366-w 39198663 10.1038/s41401-024-01366-w PMC11697133",,,10.1038/s41401-024-01366-w,39198663,https://doi.org/10.1038/s41401-024-01366-w
39715975_ref18,39715975,18,"Dong J, Cheng X-D, Zhang W-D, Qin J-J(2021)Recent update on development of small-molecule STAT3 inhibitors for cancer therapy: from phosphorylation inhibition to protein degradation. J Med Chem 64:8884–8915. 10.1021/acs.jmedchem.1c00629 34170703 10.1021/acs.jmedchem.1c00629",,,10.1021/acs.jmedchem.1c00629,34170703,https://doi.org/10.1021/acs.jmedchem.1c00629
39715975_ref19,39715975,19,"Wang Z, Hui C, Xie Y(2021)Natural STAT3 inhibitors: a mini perspective. Bioorg Chem 115:105169. 10.1016/j.bioorg.2021.105169 34333418 10.1016/j.bioorg.2021.105169",,,10.1016/j.bioorg.2021.105169,34333418,https://doi.org/10.1016/j.bioorg.2021.105169
39715975_ref20,39715975,20,"Zhang C-C, Wu T, Guan L, Wang Y-J, Yao R-Q, Gao D-S, Li F(2022)Effects of STAT3 inhibitor BP-1-102 on the proliferation, invasiveness, apoptosis and neurosphere formation of glioma cells in vitro. Cell Biochem Biophys 80:723–735. 10.1007/s12013-022-01088-y 35994220 10.1007/s12013-022-01088-y",,,10.1007/s12013-022-01088-y,35994220,https://doi.org/10.1007/s12013-022-01088-y
39715975_ref21,39715975,21,"Brambilla L, Lahiri T, Cammer M, Levy DE(2020)STAT3 inhibitor OPB-51602 is cytotoxic to tumor cells through inhibition of complex I and ROS induction. iScience 23:101822. 10.1016/j.isci.2020.101822 33305182 10.1016/j.isci.2020.101822 PMC7708861",,,10.1016/j.isci.2020.101822,33305182,https://doi.org/10.1016/j.isci.2020.101822
39715975_ref22,39715975,22,"Liang D, Wang Q, Zhang W, Tang H, Song C, Yan Z, Liang Y, Wang H(2024)JAK/STAT in leukemia: a clinical update. Mol Cancer 23:25. 10.1186/s12943-023-01929-1 38273387 10.1186/s12943-023-01929-1 PMC10811937",,,10.1186/s12943-023-01929-1,38273387,https://doi.org/10.1186/s12943-023-01929-1
39715975_ref23,39715975,23,"Du Y, Jamasb AR, Guo J, Fu T, Harris C, Wang Y, Duan C, Liò P, Schwaller P, Blundell TL(2024)Machine learning-aided generative molecular design. Nat Mach Intell. 10.1038/s42256-024-00843-5",,,,,
39715975_ref24,39715975,24,"Arooj M, Shehadi I, Nassab CN, Mohamed AA(2022)Computational insights into binding mechanism of drugs as potential inhibitors against SARS-CoV-2 targets. Chem Pap 76:111–121. 10.1007/s11696-021-01843-0 10.1007/s11696-021-01843-0 PMC8404755 34483461",,,10.1007/s11696-021-01843-0,34483461,https://doi.org/10.1007/s11696-021-01843-0
39715975_ref25,39715975,25,"Arooj M, Kim S, Sakkiah S, Cao GP, Lee Y, Lee KW(2013)Molecular modeling study for inhibition mechanism of human chymase and its application in inhibitor design. PLoS ONE 8:e62740. 10.1371/journal.pone.0062740 23638140 10.1371/journal.pone.0062740 PMC3636146",,,10.1371/journal.pone.0062740,23638140,https://doi.org/10.1371/journal.pone.0062740
39715975_ref26,39715975,26,Martinelli DD(2022)Generative machine learning for de novo drug discovery: a systematic review. Comput Biol Med 145:105403. 10.1016/j.compbiomed.2022.105403 35339849 10.1016/j.compbiomed.2022.105403,,,10.1016/j.compbiomed.2022.105403,35339849,https://doi.org/10.1016/j.compbiomed.2022.105403
39715975_ref27,39715975,27,"Gou R, Yang J, Guo M, Chen Y, Xue W(2024)CNSMolGen: a bidirectional recurrent neural network-based generative model for de novo central nervous system drug design. J Chem Inf Model 64:4059–4070. 10.1021/acs.jcim.4c00504 38739718 10.1021/acs.jcim.4c00504",,,10.1021/acs.jcim.4c00504,38739718,https://doi.org/10.1021/acs.jcim.4c00504
39715975_ref28,39715975,28,"Weller JA, Rohs R(2024)Structure-based drug design with a deep hierarchical generative model. J Chem Inf Model 64:6450–6463. 10.1021/acs.jcim.4c01193 39058534 10.1021/acs.jcim.4c01193 PMC11350878",,,10.1021/acs.jcim.4c01193,39058534,https://doi.org/10.1021/acs.jcim.4c01193
39715975_ref29,39715975,29,"Lv Q, Zhou F, Liu X, Zhi L(2023)Artificial intelligence in small molecule drug discovery from 2018 to 2023: does it really work? Bioorg Chem 141:106894. 10.1016/j.bioorg.2023.106894 37776682 10.1016/j.bioorg.2023.106894",,,10.1016/j.bioorg.2023.106894,37776682,https://doi.org/10.1016/j.bioorg.2023.106894
39715975_ref30,39715975,30,"Jiang R, Gogineni T, Kammeraad J, He Y, Tewari A, Zimmerman PM(2022)Conformer-RL: a deep reinforcement learning library for conformer generation. J Comput Chem 43:1880–1886. 10.1002/jcc.26984 36000759 10.1002/jcc.26984 PMC9542157",,,10.1002/jcc.26984,36000759,https://doi.org/10.1002/jcc.26984
39715975_ref31,39715975,31,"Arooj M, Sakkiah S, Cao GP, Kim S, Arulalapperumal V, Lee KW(2015)Finding off-targets, biological pathways, and target diseases for chymase inhibitors via structure-based systems biology approach. Proteins 83:1209–1224. 10.1002/prot.24677 25143259 10.1002/prot.24677",,,10.1002/prot.24677,25143259,https://doi.org/10.1002/prot.24677
39715975_ref32,39715975,32,"Liao J, Wu M, Gao J, Chen C(2024)Calculation of solvation force in molecular dynamics simulation by deep-learning method. Biophys J 123:2830–2838. 10.1016/j.bpj.2024.02.029 38444159 10.1016/j.bpj.2024.02.029 PMC11393703",,,10.1016/j.bpj.2024.02.029,38444159,https://doi.org/10.1016/j.bpj.2024.02.029
39715975_ref33,39715975,33,"Tam B, Qin Z, Zhao B, Wang SM, Lei CL(2023)Integration of deep learning with Ramachandran plot molecular dynamics simulation for genetic variant classification. iScience 26:106122. 10.1016/j.isci.2023.106122 36879825 10.1016/j.isci.2023.106122 PMC9984559",,,10.1016/j.isci.2023.106122,36879825,https://doi.org/10.1016/j.isci.2023.106122
39715975_ref34,39715975,34,"Zhou G, Rusnac D-V, Park H, Canzani D, Nguyen HM, Stewart L, Bush MF, Nguyen PT, Wulff H, Yarov-Yarovoy V(2024)An artificial intelligence accelerated virtual screening platform for drug discovery. Nat Commun 15:7761. 10.1038/s41467-024-52061-7 39237523 10.1038/s41467-024-52061-7 PMC11377542",,,10.1038/s41467-024-52061-7,39237523,https://doi.org/10.1038/s41467-024-52061-7
39715975_ref35,39715975,35,"Li Y, Zhang L, Wang Y, Zou J, Yang R, Luo X, Wu C, Yang W, Tian C, Xu H(2022)Generative deep learning enables the discovery of a potent and selective RIPK1 inhibitor. Nat Commun 13:6891. 10.1038/s41467-022-34692-w 36371441 10.1038/s41467-022-34692-w PMC9653409",,,10.1038/s41467-022-34692-w,36371441,https://doi.org/10.1038/s41467-022-34692-w
39715975_ref36,39715975,36,"Bai L, Zhou H, Xu R, Zhao Y, Chinnaswamy K, McEachern D, Chen J, Yang CY, Liu Z, Wang M, Liu L, Jiang H, Wen B, Kumar P, Meagher JL, Sun D, Stuckey JA, Wang S(2019)A potent and selective small-molecule degrader of STAT3 achieves complete tumor regression in vivo. Cancer Cell 36:498-511.e417. 10.1016/j.ccell.2019.10.002 31715132 10.1016/j.ccell.2019.10.002 PMC6880868",,,10.1016/j.ccell.2019.10.002,31715132,https://doi.org/10.1016/j.ccell.2019.10.002
39715975_ref37,39715975,37,"Gupta A, Purohit R(2024)Identification of potent BRD4-BD1 inhibitors using classical and steered molecular dynamics based free energy analysis. J Cell Biochem 125:e30532. 10.1002/jcb.30532 38317535 10.1002/jcb.30532",,,10.1002/jcb.30532,38317535,https://doi.org/10.1002/jcb.30532
39715975_ref38,39715975,38,"Cao Y, Li L(2014)Improved protein-ligand binding affinity prediction by using a curvature-dependent surface-area model. Bioinformatics 30:1674–1680. 10.1093/bioinformatics/btu104 24563257 10.1093/bioinformatics/btu104",,,10.1093/bioinformatics/btu104,24563257,https://doi.org/10.1093/bioinformatics/btu104
39715975_ref39,39715975,39,"Yang X, Liu Y, Gan J, Xiao ZX, Cao Y(2022)FitDock: protein-ligand docking by template fitting. Brief Bioinform 23:bbac087. 10.1093/bib/bbac087 35289358 10.1093/bib/bbac087",,,10.1093/bib/bbac087,35289358,https://doi.org/10.1093/bib/bbac087
39715975_ref40,39715975,40,"McInnes L, Healy J,Melville J(2018)Umap: uniform manifold approximation and projection for dimension reduction. Preprint at 10.48550/arXiv.1802.03426",,,,,
39715975_ref41,39715975,41,"Rugard M, Jaylet T, Taboureau O, Tromelin A, Audouze K(2021)Smell compounds classification using UMAP to increase knowledge of odors and molecular structures linkages. PLoS ONE 16:e0252486. 10.1371/journal.pone.0252486 34048487 10.1371/journal.pone.0252486 PMC8162648",,,10.1371/journal.pone.0252486,34048487,https://doi.org/10.1371/journal.pone.0252486
39715975_ref42,39715975,42,"Yang T, Huo J, Xu R, Su Q, Tang W, Zhang D, Zhu M, Zhan Y, Dai B, Zhang Y(2021)Selenium sulfide disrupts the PLAGL2/C-MET/STAT3-induced resistance against mitochondrial apoptosis in hepatocellular carcinoma. Clin Transl Med 11:e536. 10.1002/ctm2.536 34586726 10.1002/ctm2.536 PMC8441139",,,10.1002/ctm2.536,34586726,https://doi.org/10.1002/ctm2.536
39715975_ref43,39715975,43,"Jia Y, Wang Q, Liang M, Huang K(2022)KPNA2 promotes angiogenesis by regulating STAT3 phosphorylation. J Transl Med 20:627. 10.1186/s12967-022-03841-6 36578083 10.1186/s12967-022-03841-6 PMC9798605",,,10.1186/s12967-022-03841-6,36578083,https://doi.org/10.1186/s12967-022-03841-6
39715975_ref44,39715975,44,"Liu Y, Xu Q, Deng F, Zheng Z, Luo J, Wang P, Zhou J, Lu X, Zhang L, Chen Z, Zhang Q, Chen Q, Zuo D(2023)HERC2 promotes inflammation-driven cancer stemness and immune evasion in hepatocellular carcinoma by activating STAT3 pathway. J Exp Clin Cancer Res: CR 42:38. 10.1186/s13046-023-02609-0 36721234 10.1186/s13046-023-02609-0 PMC9890722",,,10.1186/s13046-023-02609-0,36721234,https://doi.org/10.1186/s13046-023-02609-0
39715975_ref45,39715975,45,"Yu H, Pardoll D, Jove R(2009)STATs in cancer inflammation and immunity: a leading role for STAT3. Nat Rev Cancer 9:798–809. 10.1038/nrc2734 19851315 10.1038/nrc2734 PMC4856025",,,10.1038/nrc2734,19851315,https://doi.org/10.1038/nrc2734
39715975_ref46,39715975,46,"Zegeye MM, Lindkvist M, Fälker K, Kumawat AK, Paramel G, Grenegård M, Sirsjö A, Ljungberg LU(2018)Activation of the JAK/STAT3 and PI3K/AKT pathways are crucial for IL-6 trans-signaling-mediated pro-inflammatory response in human vascular endothelial cells. Cell Commun Signal 16:55. 10.1186/s12964-018-0268-4 30185178 10.1186/s12964-018-0268-4 PMC6125866",,,10.1186/s12964-018-0268-4,30185178,https://doi.org/10.1186/s12964-018-0268-4
39715975_ref47,39715975,47,"Johnson DE, O’Keefe RA, Grandis JR(2018)Targeting the IL-6/JAK/STAT3 signalling axis in cancer. Nat Rev Clin Oncol 15:234–248. 10.1038/nrclinonc.2018.8 29405201 10.1038/nrclinonc.2018.8 PMC5858971",,,10.1038/nrclinonc.2018.8,29405201,https://doi.org/10.1038/nrclinonc.2018.8
39715975_ref48,39715975,48,"Genini D, Brambilla L, Laurini E, Merulla J, Civenni G, Pandit S, D’Antuono R, Perez L, Levy DE, Pricl S, Carbone GM, Catapano CV(2017)Mitochondrial dysfunction induced by a SH2 domain-targeting STAT3 inhibitor leads to metabolic synthetic lethality in cancer cells. Proc Natl Acad Sci USA 114:E4924-e4933. 10.1073/pnas.1615730114 28584133 10.1073/pnas.1615730114 PMC5488915",,,10.1073/pnas.1615730114,28584133,https://doi.org/10.1073/pnas.1615730114
39715975_ref49,39715975,49,"Zhang X, Yue P, Fletcher S, Zhao W, Gunning PT, Turkson J(2010)A novel small-molecule disrupts Stat3 SH2 domain-phosphotyrosine interactions and Stat3-dependent tumor processes. Biochem Pharmacol 79:1398–1409. 10.1016/j.bcp.2010.01.001 20067773 10.1016/j.bcp.2010.01.001 PMC3188443",,,10.1016/j.bcp.2010.01.001,20067773,https://doi.org/10.1016/j.bcp.2010.01.001
39715975_ref50,39715975,50,"Gabriele E, Ricci C, Meneghetti F, Ferri N, Asai A, Sparatore A(2017)Methanethiosulfonate derivatives as ligands of the STAT3-SH2 domain. J Enzyme Inhib Med Chem 32:337–344. 10.1080/14756366.2016.1252757 28097912 10.1080/14756366.2016.1252757 PMC6009886",,,10.1080/14756366.2016.1252757,28097912,https://doi.org/10.1080/14756366.2016.1252757
39715975_ref51,39715975,51,"Chen H, Bian A, Zhou W, Miao Y, Ye J, Li J, He P, Zhang Q, Sun Y, Sun Z, Ti C, Chen Y, Yi Z, Liu M(2024)Discovery of the highly selective and potent STAT3 inhibitor for pancreatic cancer treatment. ACS Cent Sci 10:579–594. 10.1021/acscentsci.3c01440 38559310 10.1021/acscentsci.3c01440 PMC10979493",,,10.1021/acscentsci.3c01440,38559310,https://doi.org/10.1021/acscentsci.3c01440
39715975_ref52,39715975,52,"Zhou C, Tang KJ, Cho BC, Liu B, Paz-Ares L, Cheng S, Kitazono S, Thiagarajan M, Goldman JW, Sabari JK, Sanborn RE, Mansfield AS, Hung JY, Boyer M, Popat S, Mourão Dias J, Felip E, Majem M, Gumus M, Kim SW, Ono A, Xie J, Bhattacharya A, Agrawal T, Shreeve SM, Knoblauch RE, Park K, Girard N(2023)Amivantamab plus chemotherapy in NSCLC with EGFR exon 20 insertions. N Engl J Med 389:2039–2051. 10.1056/NEJMoa2306441 37870976 10.1056/NEJMoa2306441",,,10.1056/NEJMoa2306441,37870976,https://doi.org/10.1056/NEJMoa2306441
39715975_ref53,39715975,53,"Cooper AJ, Sequist LV, Lin JJ(2022)Third-generation EGFR and ALK inhibitors: mechanisms of resistance and management. Nat Rev Clin Oncol 19:499–514. 10.1038/s41571-022-00639-9 35534623 10.1038/s41571-022-00639-9 PMC9621058",,,10.1038/s41571-022-00639-9,35534623,https://doi.org/10.1038/s41571-022-00639-9
39715975_ref54,39715975,54,"Passaro A, Brahmer J, Antonia S, Mok T, Peters S(2022)Managing resistance to immune checkpoint inhibitors in lung cancer: treatment and novel strategies. J Clin Oncol 40:598–610. 10.1200/jco.21.01845 34985992 10.1200/JCO.21.01845",,,10.1200/JCO.21.01845,34985992,https://doi.org/10.1200/JCO.21.01845
38437501_ref1,38437501,1,"Colistin-and Carbapenem-Resistant Escherichia Coli Harboring Mcr-1 and Bla NDM‑5, Causing a Complicated Urinary Tract Infection in a Patient from the United States",mBio,2016,10.1128/mBio.01191-16,27578755,https://doi.org/10.1128/mBio.01191-16
38437501_ref2,38437501,2,Epidemiology of β-Lactamase-Producing Pathogens,Clin. Microbiol. Rev.,2020,10.1128/CMR.00047-19,32102899,https://doi.org/10.1128/CMR.00047-19
38437501_ref3,38437501,3,Waves of Resistance: Staphylococcus Aureus in the Antibiotic Era,Nat. Rev. Microbiol.,2009,10.1038/nrmicro2200,19680247,https://doi.org/10.1038/nrmicro2200
38437501_ref4,38437501,4,"Centers for Disease Control and Prevention. Antibiotic Resistance Threats in the United States, 2019, US Department of Health and Human Services, Centres for Disease Control 2019.","Antibiotic Resistance Threats in the United States, 2019",2019,,,
38437501_ref5,38437501,5,Ten health issues WHO will tackle this year,,2022,,,
38437501_ref6,38437501,6,"Bad Bugs, No Drugs: No ESKAPE! An Update from the Infectious Diseases Society of America",Clin. Infect. Dis.,2009,10.1086/595011,19035777,https://doi.org/10.1086/595011
38437501_ref7,38437501,7,"Discovery, Research, and Development of New Antibiotics: The WHO Priority List of Antibiotic-Resistant Bacteria and Tuberculosis",Lancet Infect. Dis.,2018,10.1016/S1473-3099(17)30753-3,29276051,https://doi.org/10.1016/S1473-3099(17)30753-3
38437501_ref8,38437501,8,Challenges of Antibacterial Discovery,Clin. Microbiol. Rev.,2011,10.1128/CMR.00030-10,21233508,https://doi.org/10.1128/CMR.00030-10
38437501_ref9,38437501,9,Narrow-Spectrum Antibacterial Agents,MedChemComm,2018,10.1039/C7MD00528H,29527285,https://doi.org/10.1039/C7MD00528H
38437501_ref10,38437501,10,Targeting Virulence: A New Paradigm for Antimicrobial Therapy,Nat. Chem. Biol.,2007,10.1038/nchembio.2007.24,17710100,https://doi.org/10.1038/nchembio.2007.24
38437501_ref11,38437501,11,Machine-Learning Techniques Applied to Antibacterial Drug Discovery,Chem. Biol. Drug Des.,2015,10.1111/cbdd.12423,25521642,https://doi.org/10.1111/cbdd.12423
38437501_ref12,38437501,12,Simultaneous Virtual Prediction of Anti-Escherichia Coli Activities and ADMET Profiles: A Chemoinformatic Complementary Approach for High-Throughput Screening,ACS Comb. Sci.,2014,10.1021/co400115s,24383958,https://doi.org/10.1021/co400115s
38437501_ref13,38437501,13,Computer-Aided Discovery in Antimicrobial Research: In Silico Model for Virtual Screening of Potent and Safe Anti-Pseudomonas Agents,Comb. Chem. High Throughput Screening,2015,10.2174/1386207318666150305144249,25747443,https://doi.org/10.2174/1386207318666150305144249
38437501_ref14,38437501,14,Simultaneous Modeling of Antimycobacterial Activities and ADMET Profiles: A Chemoinformatic Approach to Medicinal Chemistry,Curr. Top. Med. Chem.,2013,10.2174/15680266113139990116,23889052,https://doi.org/10.2174/15680266113139990116
38437501_ref15,38437501,15,AntiBac-Pred: A Web Application for Predicting Antibacterial Activity of Chemical Compounds,J. Chem. Inf. Model.,2019,10.1021/acs.jcim.9b00436,31661960,https://doi.org/10.1021/acs.jcim.9b00436
38437501_ref16,38437501,16,Performance of(Consensus)kNN QSAR for Predicting Estrogenic Activity in a Large Diverse Set of Organic Compounds,SAR QSAR Environ. Res.,2004,10.1080/1062936032000169642,15113066,https://doi.org/10.1080/1062936032000169642
38437501_ref17,38437501,17,Consensus QSAR Modeling of Phosphor-Containing Chiral AChE Inhibitors,QSAR Comb. Sci.,2009,10.1002/qsar.200860117,,https://doi.org/10.1002/qsar.200860117
38437501_ref18,38437501,18,A Deep Learning Approach to Antibiotic Discovery,Cell,2020,10.1016/j.cell.2020.01.021,32084340,https://doi.org/10.1016/j.cell.2020.01.021
38437501_ref19,38437501,19,ZINC 15–Ligand Discovery for Everyone,J. Chem. Inf. Model.,2015,10.1021/acs.jcim.5b00559,26479676,https://doi.org/10.1021/acs.jcim.5b00559
38437501_ref20,38437501,20,Discovery of a Structural Class of Antibiotics with Explainable Deep Learning,Nature,2023,10.1038/s41586-023-06887-8,38123686,https://doi.org/10.1038/s41586-023-06887-8
38437501_ref21,38437501,21,The Brazilian Compound Library(BraCoLi)Database: A Repository of Chemical and Biological Information for Drug Design,Mol. Diversity,2022,10.1007/s11030-022-10386-9,35089481,https://doi.org/10.1007/s11030-022-10386-9
38437501_ref22,38437501,22,Development of a Natural Products Database from the Biodiversity of Brazil,J. Nat. Prod.,2013,10.1021/np3006875,23330984,https://doi.org/10.1021/np3006875
38437501_ref23,38437501,23,NuBBEDB: An Updated Database to Uncover Chemical and Biological Information from Brazilian Biodiversity,Sci. Rep.,2017,10.1038/s41598-017-07451-x,28775335,https://doi.org/10.1038/s41598-017-07451-x
38437501_ref24,38437501,24,The ChEMBL Database in 2017,Nucleic Acids Res.,2017,10.1093/nar/gkw1074,27899562,https://doi.org/10.1093/nar/gkw1074
38437501_ref25,38437501,25,"Antibacterial Activity of Synthetic 1, 3-Bis(Aryloxy)Propan-2-Amines against Gram-Positive Bacteria",MicrobiologyOpen,2019,10.1002/mbo3.814,30773849,https://doi.org/10.1002/mbo3.814
38437501_ref26,38437501,26,Virtual Screening of Antibacterial Compounds by Similarity Search of Enoyl-ACP Reductase(FabI)Inhibitors,Future Med. Chem.,2020,10.4155/fmc-2019-0158,31729258,https://doi.org/10.4155/fmc-2019-0158
38437501_ref27,38437501,27,RDKit,,2022,,,
38437501_ref28,38437501,28,KNIME: The Konstanz Information Miner,"Data Analysis, Machine Learning and Applications",2008,,,
38437501_ref29,38437501,29,PaDEL-Descriptor: An Open Source Software to Calculate Molecular Descriptors and Fingerprints,J. Comput. Chem.,2011,10.1002/jcc.21707,21425294,https://doi.org/10.1002/jcc.21707
38437501_ref30,38437501,30,Conformer Generation with OMEGA: Algorithm and Validation Using High Quality Structures from the Protein Databank and Cambridge Structural Database,J. Chem. Inf. Model.,2010,10.1021/ci100031x,20235588,https://doi.org/10.1021/ci100031x
38437501_ref31,38437501,31,"OMEGA, 2013.",,2013,,,
38437501_ref32,38437501,32,"QUACPAC, 2013.",,2013,,,
38437501_ref33,38437501,33,MASSA Algorithm: An Automated Rational Sampling of Training and Test Subsets for QSAR Modeling,J. Comput.-Aided Mol. Des.,2023,10.1007/s10822-023-00536-y,37804393,https://doi.org/10.1007/s10822-023-00536-y
38437501_ref34,38437501,34,ALK-5 Inhibition: A Molecular Interpretation of the Main Physicochemical Properties Related to Bioactive Ligands,J. Braz. Chem. Soc.,2015,10.5935/0103-5053.20150172,,https://doi.org/10.5935/0103-5053.20150172
38437501_ref35,38437501,35,2D QSAR Studies on a Series of Bifonazole Derivatives with Antifungal Activity,J. Braz. Chem. Soc.,2009,10.1590/S0103-50532009000300007,,https://doi.org/10.1590/S0103-50532009000300007
38437501_ref36,38437501,36,Multivariate SAR/QSAR of 3-Aryl-4-Hydroxyquinolin-2­(1H)-One Derivatives as Type I Fatty Acid Synthase(FAS)Inhibitors,Eur. J. Med. Chem.,2010,10.1016/j.ejmech.2010.09.044,20965618,https://doi.org/10.1016/j.ejmech.2010.09.044
38437501_ref37,38437501,37,Feature Selection Methods in QSAR Studies,J. AOAC Int.,2012,10.5740/jaoacint.SGE_Goodarzi,22816254,https://doi.org/10.5740/jaoacint.SGE_Goodarzi
38437501_ref38,38437501,38,Classification of Staphylococcus Aureus FabI Inhibitors by Machine Learning Techniques,Int. J. Quant. Struct.-Prop. Relat.,2019,10.4018/IJQSPR.2019100101,,https://doi.org/10.4018/IJQSPR.2019100101
38437501_ref39,38437501,39,Molecular Insights on ABL Kinase Activation Using Tree-Based Machine Learning Models and Molecular Docking,Mol. Diversity,2021,10.1007/s11030-021-10261-z,34191245,https://doi.org/10.1007/s11030-021-10261-z
38437501_ref40,38437501,40,Scikit-Learn: Machine Learning in Python,J. Mach. Learn. Res.,2011,,,
38437501_ref41,38437501,41,SciPy 1.0: Fundamental Algorithms for Scientific Computing in Python,Nat. Methods,2020,10.1038/s41592-019-0686-2,32015543,https://doi.org/10.1038/s41592-019-0686-2
38437501_ref42,38437501,42,Escherichia Coli ATCC 35218 as a Quality Control Isolate for Susceptibility Testing of Haemophilus Influenzae with Haemophilus Test Medium,Antimicrob. Agents Chemother.,1999,10.1128/AAC.43.2.283,9925519,https://doi.org/10.1128/AAC.43.2.283
38437501_ref43,38437501,43,Potential Spread of Methicillin-Resistant Staphylococcus Aureus Recovered from Patients with Bloodstream Infection,Chemother.: Open Access,2015,10.4172/2167-7700.1000149,,https://doi.org/10.4172/2167-7700.1000149
38437501_ref44,38437501,44,Performance Standards for Antimicrobial Susceptibility Testing,CLSI supplement M100,2017,,,
38437501_ref45,38437501,45,Pitfalls in QSAR,J. Mol. Struct.: THEOCHEM,2003,10.1016/S0166-1280(02)00616-4,,https://doi.org/10.1016/S0166-1280(02)00616-4
38437501_ref46,38437501,46,"OECD Principles for the Validation, for Regulatory Purposes, of(Quantitative)Structure-Activity Relationship Models",,2021,,,
38437501_ref47,38437501,47,Are the Physicochemical Properties of Antibacterial Compounds Really Different from Other Drugs?,J. Cheminf.,2016,10.1186/s13321-016-0143-5,27274770,https://doi.org/10.1186/s13321-016-0143-5
38437501_ref48,38437501,48,Synthesis and Cytotoxicity Evaluation of Glycosidic Derivatives of Lawsone against Breast Cancer Cell Lines,Bioorg. Med. Chem. Lett.,2020,10.1016/j.bmcl.2019.126817,31810778,https://doi.org/10.1016/j.bmcl.2019.126817
38437501_ref49,38437501,49,"Synthesis and Antileishmanial Activity of 1,3-Bis­(Aryloxy)­Propan-2-Amines",Med. Chem. Res.,2017,10.1007/s00044-017-1805-1,,https://doi.org/10.1007/s00044-017-1805-1
38437501_ref50,38437501,50,Metabolism Characterization and Chemical and Plasma Stability of Casearin B and Caseargrewiin F,Planta Med.,2023,10.1055/a-2078-5920,37084791,https://doi.org/10.1055/a-2078-5920
38437501_ref51,38437501,51,Synthesis and Biological Evaluation of Lipophilic Nucleoside Analogues as Inhibitors of Aminoacyl-tRNA Synthetases,Antibiotics,2019,10.3390/antibiotics8040180,31600972,https://doi.org/10.3390/antibiotics8040180
38437501_ref52,38437501,52,Structure-Activity and Lipophilicity Relationships of Selected Antibacterial Natural Flavones and Flavanones of Chilean Flora,Molecules,2017,10.3390/molecules22040608,28394271,https://doi.org/10.3390/molecules22040608
38437501_ref53,38437501,53,Relationship between Structure and Antibacterial Activity of Lipophilic N-Acyldiamines,Biomed. Pharmacother.,2010,10.1016/j.biopha.2009.09.013,19942397,https://doi.org/10.1016/j.biopha.2009.09.013
38437501_ref54,38437501,54,Folk Uses and Pharmacological Properties of Casearia Sylvestris: A Medicinal Review,An. Acad. Bras. Cienc.,2011,10.1590/S0001-37652011005000040,22159347,https://doi.org/10.1590/S0001-37652011005000040
38437501_ref55,38437501,55,In Vitro and in Vivo Anti-Helicobacter Pylori Activity of Casearia Sylvestris Leaf Derivatives,J. Ethnopharmacol.,2019,10.1016/j.jep.2018.12.032,30594606,https://doi.org/10.1016/j.jep.2018.12.032
38437501_ref56,38437501,56,Antimicrobial and Antibiofilm Activities of Casearia Sylvestris Extracts from Distinct Brazilian Biomes against Streptococcus Mutans and Candida Albicans,BMC Complementary Altern. Med.,2019,10.1186/s12906-019-2717-z,31718633,https://doi.org/10.1186/s12906-019-2717-z
38437501_ref57,38437501,57,Antimicrobial Activity of Ethanol Extract from Leaves of Casearia Sylvestris,Pharm. Biol.,2008,10.1080/13880200801887963,,https://doi.org/10.1080/13880200801887963
38437501_ref58,38437501,58,A Comparative Study of Cytotoxicity of Topical Antimicrobials to Cultured Human Keratinocytes and Fibroblasts,Korean J. Dermatol.,1995,,,
38437501_ref59,38437501,59,Cytotoxicity of Topical Antimicrobial Agents Used in Burn Wounds in Australasia,ANZ J. Surg.,2004,10.1046/j.1445-2197.2004.02916.x,14996161,https://doi.org/10.1046/j.1445-2197.2004.02916.x
38437501_ref60,38437501,60,Biocompatibility Index of Antiseptic Agents by Parallel Assessment of Antimicrobial Activity and Cellular Cytotoxicity,J. Antimicrob. Chemother.,2008,10.1093/jac/dkn125,18364400,https://doi.org/10.1093/jac/dkn125
38437501_ref61,38437501,61,Topical and Transdermal Drug Delivery: From Simple Potions to Smart Technologies,Curr. Drug Delivery,2019,10.2174/1567201816666190201143457,30714524,https://doi.org/10.2174/1567201816666190201143457
38437501_ref62,38437501,62,Colonization and Infection of the Skin by S. Aureus: Immune System Evasion and the Response to Cationic Antimicrobial Peptides,Int. J. Mol. Sci.,2014,10.3390/ijms15058753,24840573,https://doi.org/10.3390/ijms15058753
38437501_ref63,38437501,63,The Effect of Lipophilicity on the Antibacterial Activity of Some 1-Benzylbenzimidazole Derivatives,J. Serb. Chem. Soc.,2008,10.2298/JSC0810967P,,https://doi.org/10.2298/JSC0810967P
38437501_ref64,38437501,64,Insights into the Molecular Properties Underlying Antibacterial Activity of Prenylated(Iso)­Flavonoids against MRSA,Sci. Rep.,2021,10.1038/s41598-021-92964-9,34244528,https://doi.org/10.1038/s41598-021-92964-9
38437501_ref65,38437501,65,Modifying the Lipophilic Part of Phenylthiazole Antibiotics to Control Their Drug-Likeness,Eur. J. Med. Chem.,2020,10.1016/j.ejmech.2019.111830,31718945,https://doi.org/10.1016/j.ejmech.2019.111830
38437501_ref66,38437501,66,"Synthesis, Antileishmanial Activity and QSAR Studies of 2-Chloro-N-Arylacetamides",Braz. J. Pharm. Sci.,2017,10.1590/s2175-97902017000116067,,https://doi.org/10.1590/s2175-97902017000116067
38437501_ref67,38437501,67,Structure-Based Virtual Screening and Discovery of New PPARδ/γ Dual Agonist and PPARδ and γ Agonists,PLoS One,2015,10.1371/journal.pone.0118790,25767888,https://doi.org/10.1371/journal.pone.0118790
38437501_ref68,38437501,68,Structure-Based Discovery of Thiosemicarbazones as SARS-CoV-2 Main Protease Inhibitors,Future Med. Chem.,2023,10.4155/fmc-2023-0034,37435731,https://doi.org/10.4155/fmc-2023-0034
39740163_ref1,39740163,1,Chronic inflammation in the etiology of disease across the life span,Nat. Med.,2019,10.1038/s41591-019-0675-0,31806905,https://doi.org/10.1038/s41591-019-0675-0
39740163_ref2,39740163,2,Mesenchymal cells in the Lung: Evolving concepts and their role in fibrosis,Gene,2023,10.1016/j.gene.2022.147142,36603696,https://doi.org/10.1016/j.gene.2022.147142
39740163_ref3,39740163,3,Small-molecule-mediated OGG1 inhibition attenuates pulmonary inflammation and lung fibrosis in a murine lung fibrosis model,Nat. Commun.,2023,10.1038/s41467-023-36314-5,36746968,https://doi.org/10.1038/s41467-023-36314-5
39740163_ref4,39740163,4,Idiopathic pulmonary fibrosis,Nat. Rev. Dis Primers,2017,10.1038/nrdp.2017.74,29052582,https://doi.org/10.1038/nrdp.2017.74
39740163_ref5,39740163,5,Efficacy and safety of nintedanib in idiopathic pulmonary fibrosis,N Engl J. Med.,2014,10.1056/NEJMoa1402584,24836310,https://doi.org/10.1056/NEJMoa1402584
39740163_ref6,39740163,6,A phase 3 trial of pirfenidone in patients with idiopathic pulmonary fibrosis,N Engl J. Med.,2014,10.1056/NEJMoa1402582,24836312,https://doi.org/10.1056/NEJMoa1402582
39740163_ref7,39740163,7,Long-Term Follow-Up of Patients With Idiopathic Pulmonary Fibrosis Treated With Pirfenidone or Nintedanib: A Real-Life Comparison Study,Front Mol. Biosci,2020,10.3389/fmolb.2020.581828,33102528,https://doi.org/10.3389/fmolb.2020.581828
39740163_ref8,39740163,8,Effectiveness and safety of pirfenidone for idiopathic pulmonary fibrosis,Eur. J. Hosp Pharm.,2020,10.1136/ejhpharm-2018-001806,33020058,https://doi.org/10.1136/ejhpharm-2018-001806
39740163_ref9,39740163,9,"Contextual determinants of TGFbeta action in development, immunity and cancer",Nat. Rev. Mol. Cell Biol.,2018,10.1038/s41580-018-0007-0,29643418,https://doi.org/10.1038/s41580-018-0007-0
39740163_ref10,39740163,10,Transforming growth factor-beta in tissue fibrosis,J. Exp Med.,2020,10.1084/jem.20190103,32997468,https://doi.org/10.1084/jem.20190103
39740163_ref11,39740163,11,The study of a novel CDK8 inhibitor E966–0530–45418 that inhibits prostate cancer metastasis in vitro and in vivo,Biomed Pharmacother,2023,10.1016/j.biopha.2023.114667,37037092,https://doi.org/10.1016/j.biopha.2023.114667
39740163_ref12,39740163,12,Autocrine TGF-beta-positive feedback in profibrotic AT2-lineage cells plays a crucial role in non-inflammatory lung fibrogenesis,Nat. Commun.,2023,10.1038/s41467-023-40617-y,37653024,https://doi.org/10.1038/s41467-023-40617-y
39740163_ref13,39740163,13,Angel or Devil?-CDK8 as the new drug target,Eur. J. Med. Chem.,2021,10.1016/j.ejmech.2020.113043,33257171,https://doi.org/10.1016/j.ejmech.2020.113043
39740163_ref14,39740163,14,"TGF-beta signaling in health, disease, and therapeutics",Signal Transduct Target Ther,2024,10.1038/s41392-024-01764-w,38514615,https://doi.org/10.1038/s41392-024-01764-w
39740163_ref15,39740163,15,"Design, synthesis, and biological evaluation of indolin-2-one derivatives as novel cyclin-dependent protein kinase 8(CDK8)inhibitors",Biomed Pharmacother,2023,10.1016/j.biopha.2023.114258,36708700,https://doi.org/10.1016/j.biopha.2023.114258
39740163_ref16,39740163,16,Nuclear CDKs drive Smad transcriptional activation and turnover in BMP and TGF-beta pathways,Cell,2009,10.1016/j.cell.2009.09.035,19914168,https://doi.org/10.1016/j.cell.2009.09.035
39740163_ref17,39740163,17,Strategy toward Kinase-Selective Drug Discovery,J. Chem. Theory Comput,2023,10.1021/acs.jctc.2c01171,36815703,https://doi.org/10.1021/acs.jctc.2c01171
39740163_ref18,39740163,18,"Schrödinger Release 2022–2: Maestro; Schrödinger, LLC: New York, NY, 2024.",Schrödinger Release 2022–2,2024,,,
39740163_ref19,39740163,19,The Protein Data Bank,Nucleic Acids Res.,2000,10.1093/nar/28.1.235,10592235,https://doi.org/10.1093/nar/28.1.235
39740163_ref20,39740163,20,"Glide: a new approach for rapid, accurate docking and scoring. 1. Method and assessment of docking accuracy",J. Med. Chem.,2004,10.1021/jm0306430,15027865,https://doi.org/10.1021/jm0306430
39740163_ref21,39740163,21,Seven Year Itch: Pan-Assay Interference Compounds(PAINS)in 2017-Utility and Limitations,ACS Chem. Biol.,2018,10.1021/acschembio.7b00903,29202222,https://doi.org/10.1021/acschembio.7b00903
39740163_ref22,39740163,22,Experimental and computational approaches to estimate solubility and permeability in drug discovery and development settings,Adv. Drug Deliv Rev.,2001,10.1016/S0169-409X(00)00129-0,11259830,https://doi.org/10.1016/S0169-409X(00)00129-0
39740163_ref23,39740163,23,Molecular properties that influence the oral bioavailability of drug candidates,J. Med. Chem.,2002,10.1021/jm020017n,12036371,https://doi.org/10.1021/jm020017n
39740163_ref24,39740163,24,How Ligands Interact with the Kinase Hinge,ACS Med. Chem. Lett.,2023,10.1021/acsmedchemlett.3c00212,37974950,https://doi.org/10.1021/acsmedchemlett.3c00212
39740163_ref25,39740163,25,"Pipeline Pilot release 2021; BIOVIA, Dassault Systèmes: San Diego, https://www.3ds.com/products-services/biovia/products/data-science/pipeline-pilot/.",Pipeline Pilot release 2021,,,,
39740163_ref26,39740163,26,"The PyMOL Molecular Graphics System; Schrödinger, LLC: New York, NY, 2024.: https://pymol.org.",The PyMOL Molecular Graphics System,2024,,,
39740163_ref27,39740163,27,KinFragLib: Exploring the Kinase Inhibitor Space Using Subpocket-Focused Fragmentation and Recombination,J. Chem. Inf Model,2020,10.1021/acs.jcim.0c00839,33155465,https://doi.org/10.1021/acs.jcim.0c00839
39740163_ref28,39740163,28,Hoyt C. T.; Lin J. H. Y.; Rafael; Gadiya Y. cthoyt/chembl-downloader: v0.4.5(v0.4.5). Zenodo 2024. DOI: 10.5281/zenodo.10594346.,cthoyt/chembl-downloader: v0.4.5,2024,10.5281/zenodo.10594346,,https://doi.org/10.5281/zenodo.10594346
39740163_ref29,39740163,29,Mary H.; Noutahi E.; DomInvivo L.; Zhu L.; Moreau M.; Pak S.; Gilmour D.; Whitfield S.; Valence-JonnyHsu; datamol-io/datamol: 0.12.3(0.12.3). Zenodo 2024. DOI: 10.5281/zenodo.5131279.,datamol-io/datamol: 0.12.3,2024,10.5281/zenodo.5131279,,https://doi.org/10.5281/zenodo.5131279
39740163_ref30,39740163,30,Seaborn: statistical data visualization,Journal of Open Source Software,2021,10.21105/joss.03021,,https://doi.org/10.21105/joss.03021
39740163_ref31,39740163,31,Protein-based virtual screening of chemical databases. 1. Evaluation of different docking/scoring combinations,J. Med. Chem.,2000,10.1021/jm001044l,11123984,https://doi.org/10.1021/jm001044l
39740163_ref32,39740163,32,Properties of FDA-approved small molecule protein kinase inhibitors: A 2024 update,Pharmacol. Res.,2024,10.1016/j.phrs.2024.107059,38216005,https://doi.org/10.1016/j.phrs.2024.107059
39740163_ref33,39740163,33,KLIFS: a structural kinase-ligand interaction database,Nucleic Acids Res.,2016,10.1093/nar/gkv1082,26496949,https://doi.org/10.1093/nar/gkv1082
39740163_ref34,39740163,34,"Pyrido[2,3-b][1,5]benzoxazepin-5(6H)-one derivatives as CDK8 inhibitors",Eur. J. Med. Chem.,2020,10.1016/j.ejmech.2020.112443,32599324,https://doi.org/10.1016/j.ejmech.2020.112443
39740163_ref35,39740163,35,Structure-kinetic relationship study of CDK8/CycC specific compounds,Proc. Natl. Acad. Sci. U. S. A.,2013,10.1073/pnas.1305378110,23630251,https://doi.org/10.1073/pnas.1305378110
39740163_ref36,39740163,36,Design and Development of a Series of Potent and Selective Type II Inhibitors of CDK8,ACS Med. Chem. Lett.,2016,10.1021/acsmedchemlett.6b00044,27326333,https://doi.org/10.1021/acsmedchemlett.6b00044
39740163_ref37,39740163,37,Classification of small molecule protein kinase inhibitors based upon the structures of their drug-enzyme complexes,Pharmacol. Res.,2016,10.1016/j.phrs.2015.10.021,26529477,https://doi.org/10.1016/j.phrs.2015.10.021
39740163_ref38,39740163,38,Kinase drug discovery 20 years after imatinib: progress and future directions,Nat. Rev. Drug Discov,2021,10.1038/s41573-021-00195-4,34002056,https://doi.org/10.1038/s41573-021-00195-4
39740163_ref39,39740163,39,Why is Tanimoto index an appropriate choice for fingerprint-based similarity calculations?,J. Cheminform,2015,10.1186/s13321-015-0069-3,26052348,https://doi.org/10.1186/s13321-015-0069-3
39740163_ref40,39740163,40,"Drug Discovery Maps, a Machine Learning Model That Visualizes and Predicts Kinome-Inhibitor Interaction Landscapes",J. Chem. Inf Model,2019,10.1021/acs.jcim.8b00640,30372617,https://doi.org/10.1021/acs.jcim.8b00640
39740163_ref41,39740163,41,Nonlinear dimensionality reduction and mapping of compound libraries for drug discovery,J. Mol. Graph Model,2012,10.1016/j.jmgm.2011.12.006,22326864,https://doi.org/10.1016/j.jmgm.2011.12.006
39740163_ref42,39740163,42,Aberrant N-cadherin expression in cancer,Biomed Pharmacother,2019,10.1016/j.biopha.2019.109320,31545265,https://doi.org/10.1016/j.biopha.2019.109320
39740163_ref43,39740163,43,CDK8/19 Mediator kinases potentiate induction of transcription by NFkappaB,Proc. Natl. Acad. Sci. U. S. A.,2017,10.1073/pnas.1710467114,28855340,https://doi.org/10.1073/pnas.1710467114
39740163_ref44,39740163,44,"Cortistatin A is a high-affinity ligand of protein kinases ROCK, CDK8, and CDK11","Angew. Chem., Int. Ed. Engl.",2009,10.1002/anie.200904778,19844931,https://doi.org/10.1002/anie.200904778
39740163_ref45,39740163,45,"Discovery of Potent, Selective, and Orally Bioavailable Small-Molecule Modulators of the Mediator Complex-Associated Kinases CDK8 and CDK19",J. Med. Chem.,2016,10.1021/acs.jmedchem.5b01685,26796641,https://doi.org/10.1021/acs.jmedchem.5b01685
39740163_ref46,39740163,46,Discovery of a novel cyclin-dependent kinase 8 inhibitor with an oxindole core for anti-inflammatory treatment,Biomed Pharmacother,2022,10.1016/j.biopha.2021.112459,34953394,https://doi.org/10.1016/j.biopha.2021.112459
39740163_ref47,39740163,47,An ensemble machine learning model generates a focused screening library for the identification of CDK8 inhibitors,Protein Sci.,2024,10.1002/pro.5007,38723187,https://doi.org/10.1002/pro.5007
39740163_ref48,39740163,48,Phosphorylation status at Smad3 linker region modulates transforming growth factor-beta-induced epithelial-mesenchymal transition and cancer progression,Cancer Sci.,2019,10.1111/cas.13922,30589983,https://doi.org/10.1111/cas.13922
39740163_ref49,39740163,49,Inhibition of TGF-beta1/Smad3 signaling by compound 5aa: A potential treatment for idiopathic pulmonary fibrosis,Bioorg Chem.,2024,10.1016/j.bioorg.2024.107374,38636433,https://doi.org/10.1016/j.bioorg.2024.107374
39850657_ref1,39850657,1,"Protein-protein interactions: detection, reliability assessment and applications",Brief Bioinform,2017,10.1093/bib/bbw066,27444371,https://doi.org/10.1093/bib/bbw066
39850657_ref2,39850657,2,Recent advances in the development of protein–protein interactions modulators: mechanisms and clinical trials,Signal Transduct Targeted Ther,2020,10.1038/s41392-020-00315-3,32968059,https://doi.org/10.1038/s41392-020-00315-3
39850657_ref3,39850657,3,Protein complex detection using interaction reliability assessment and weighted clustering coefficient,BMC Bioinform,2013,10.1186/1471-2105-14-163,23688127,https://doi.org/10.1186/1471-2105-14-163
39850657_ref4,39850657,4,Highly accurate protein structure prediction with AlphaFold,Nature,2021,10.1038/s41586-021-03819-2,34265844,https://doi.org/10.1038/s41586-021-03819-2
39850657_ref5,39850657,5,Protein complex prediction: a survey,Genomics,2020,10.1016/j.ygeno.2019.01.011,30660789,https://doi.org/10.1016/j.ygeno.2019.01.011
39850657_ref6,39850657,6,Improved prediction of protein-protein interactions using AlphaFold2,Nat Commun,2022,10.1038/s41467-022-28865-w,35273146,https://doi.org/10.1038/s41467-022-28865-w
39850657_ref7,39850657,7,Protein complex prediction with AlphaFold-Multimer,,,,,10.1101/2021.10.04.463034
39850657_ref8,39850657,8,Accurate structure prediction of biomolecular interactions with AlphaFold3,Nature,May 2024,10.1038/s41586-024-07487-w,38718835,https://doi.org/10.1038/s41586-024-07487-w
39850657_ref9,39850657,9,LZerD protein-protein docking webserver enhanced with de novo structure prediction,Front Mol Biosci,2021,10.3389/fmolb.2021.724947,34466411,https://doi.org/10.3389/fmolb.2021.724947
39850657_ref10,39850657,10,ZDOCK server: interactive docking prediction of protein-protein complexes and symmetric multimers,Bioinformatics,2014,10.1093/bioinformatics/btu097,24532726,https://doi.org/10.1093/bioinformatics/btu097
39850657_ref11,39850657,11,The RosettaDock server for local protein-protein docking,Nucleic Acids Res,2008,10.1093/nar/gkn216,18442991,https://doi.org/10.1093/nar/gkn216
39850657_ref12,39850657,12,AF2Complex predicts direct physical interactions in multimeric proteins with deep learning,Nat Commun,2022,10.1038/s41467-022-29394-2,35365655,https://doi.org/10.1038/s41467-022-29394-2
39850657_ref13,39850657,13,Sampling and scoring: a marriage made in heaven,Proteins,2013,10.1002/prot.24343,23775627,https://doi.org/10.1002/prot.24343
39850657_ref14,39850657,14,Energy-based graph convolutional networks for scoring protein docking models,Proteins,2020,10.1002/prot.25888,32144844,https://doi.org/10.1002/prot.25888
39850657_ref15,39850657,15,TRScore: a 3D RepVGG-based scoring method for ranking protein docking models,Bioinformatics,2022,10.1093/bioinformatics/btac120,35199137,https://doi.org/10.1093/bioinformatics/btac120
39850657_ref16,39850657,16,Deep residual learning for image recognition,,Dec. 2015,,,https://arxiv.org/abs/1512.03385
39850657_ref17,39850657,17,Protein docking model evaluation by graph neural networks,Front Mol Biosci,2021,10.3389/fmolb.2021.647915,34113650,https://doi.org/10.3389/fmolb.2021.647915
39850657_ref18,39850657,18,An introduction to convolutional neural networks,,Dec. 2015,,,https://arxiv.org/abs/1511.08458
39850657_ref19,39850657,19,Evaluating protein binding interfaces with transformer networks,Nat Mach Intell,2023,10.1038/s42256-023-00715-4,,https://doi.org/10.1038/s42256-023-00715-4
39850657_ref20,39850657,20,Graph neural networks: a review of methods and applications,AI Open,2020,10.1016/j.aiopen.2021.01.001,,https://doi.org/10.1016/j.aiopen.2021.01.001
39850657_ref21,39850657,21,Graph neural networks: a bibliometrics overview,Mach Learn Appl,2022,10.1016/j.mlwa.2022.100401,,https://doi.org/10.1016/j.mlwa.2022.100401
39850657_ref22,39850657,22,PIQLE: protein-protein interface quality estimation by deep graph learning of multimeric interaction geometries,Adv Bioinform,2023,10.1093/bioadv/vbad070,37351310,https://doi.org/10.1093/bioadv/vbad070
39850657_ref23,39850657,23,Graph attention networks,,Feb. 2018,,,https://arxiv.org/abs/1710.10903
39850657_ref24,39850657,24,VoroIF-GNN: Voronoi tessellation-derived protein-protein interface assessment using a graph neural network,Proteins,Jul. 2023,10.1002/prot.26554,37482904,https://doi.org/10.1002/prot.26554
39850657_ref25,39850657,25,EuDockScore: Euclidean graph neural networks for scoring protein–protein interfaces,Bioinformatics,2024,10.1093/bioinformatics/btae636,39441796,https://doi.org/10.1093/bioinformatics/btae636
39850657_ref26,39850657,26,A gated graph transformer for protein complex structure quality assessment and its performance in CASP15,Bioinformatics,2023,10.1093/bioinformatics/btad203,37387159,https://doi.org/10.1093/bioinformatics/btad203
39850657_ref27,39850657,27,GDockScore: a graph-based protein-protein docking scoring function,Adv Bioinform,2023,10.1093/bioadv/vbad072,37359726,https://doi.org/10.1093/bioadv/vbad072
39850657_ref28,39850657,28,ProtTrans: toward understanding the language of life through self-supervised learning,IEEE Trans Pattern Anal Mach Intell,2022,10.1109/TPAMI.2021.3095381,34232869,https://doi.org/10.1109/TPAMI.2021.3095381
39850657_ref29,39850657,29,ProtGPT2 is a deep unsupervised language model for protein design,Nat Commun,2022,10.1038/s41467-022-32007-7,35896542,https://doi.org/10.1038/s41467-022-32007-7
39850657_ref30,39850657,30,Biological structure and function emerge from scaling unsupervised learning to 250 million protein sequences,Proc Natl Acad Sci,2021,10.1073/pnas.2016239118,33876751,https://doi.org/10.1073/pnas.2016239118
39850657_ref31,39850657,31,Evolutionary-scale prediction of atomic-level protein structure with a language model,Science,2023,10.1126/science.ade2574,36927031,https://doi.org/10.1126/science.ade2574
39850657_ref32,39850657,32,Single-sequence protein structure prediction using a language model and deep learning,Nat Biotechnol,2022,10.1038/s41587-022-01432-w,36192636,https://doi.org/10.1038/s41587-022-01432-w
39850657_ref33,39850657,33,Large language models generate functional protein sequences across diverse families,Nat Biotechnol,2023,10.1038/s41587-022-01618-2,36702895,https://doi.org/10.1038/s41587-022-01618-2
39850657_ref34,39850657,34,Recent advances in machine learning variant effect prediction tools for protein engineering,Ind Eng Chem Res,2022,10.1021/acs.iecr.1c04943,36051311,https://doi.org/10.1021/acs.iecr.1c04943
39850657_ref35,39850657,35,Integration of pre-trained protein language models into geometric deep learning networks,Commun Biol,2023,10.1038/s42003-023-05133-1,37626165,https://doi.org/10.1038/s42003-023-05133-1
39850657_ref36,39850657,36,Assessing protein model quality based on deep graph coupled networks using protein language model,Brief Bioinform,2024,10.1093/bib/bbad420,38018909,https://doi.org/10.1093/bib/bbad420
39850657_ref37,39850657,37,DeepRank-GNN: a graph neural network framework to learn patterns in protein–protein interfaces,Bioinformatics,2023,10.1093/bioinformatics/btac759,36420989,https://doi.org/10.1093/bioinformatics/btac759
39850657_ref38,39850657,38,"Yun S. Jeong M. Kim R. Kang J. Kim H.J. Graph transformer networks Advances in neural information processing systems vol. 32 2019 Curran Associates, Inc. https://proceedings.neurips.cc/paper/2019/hash/9d63484abb477c97640154d40595a3bb-Abstract.html",,2019,,,https://proceedings.neurips.cc/paper/2019/hash/9d63484abb477c97640154d40595a3bb-Abstract.html
39850657_ref39,39850657,39,Rotationally equivariant 3D object detection,IEEE Comput Soc,2022,10.1109/CVPR52688.2022.00151,,https://doi.org/10.1109/CVPR52688.2022.00151
39850657_ref40,39850657,40,E(n)equivariant graph neural networks,,Feb. 2022,,,https://arxiv.org/abs/2102.09844
39850657_ref41,39850657,41,3D-equivariant graph neural networks for protein model quality assessment,Bioinformatics,2023,10.1093/bioinformatics/btad030,36637199,https://doi.org/10.1093/bioinformatics/btad030
39850657_ref42,39850657,42,EquiPNAS: improved protein-nucleic acid binding site prediction using protein-language-model-informed equivariant deep graph neural networks,Nucleic Acids Res,2024,10.1093/nar/gkae039,38281252,https://doi.org/10.1093/nar/gkae039
39850657_ref43,39850657,43,ColabFold: making protein folding accessible to all,Nat Methods,2022,10.1038/s41592-022-01488-1,35637307,https://doi.org/10.1038/s41592-022-01488-1
39850657_ref44,39850657,44,Clustering huge protein sequence sets in linear time,Nat Commun,2018,10.1038/s41467-018-04964-5,29959318,https://doi.org/10.1038/s41467-018-04964-5
39850657_ref45,39850657,45,A combination of rescoring and refinement significantly improves protein docking performance,Proteins,2008,10.1002/prot.21920,18214977,https://doi.org/10.1002/prot.21920
39850657_ref46,39850657,46,ResPRE: high-accuracy protein contact prediction by coupling precision matrix with deep residual neural networks,Bioinformatics,2019,10.1093/bioinformatics/btz291,31070716,https://doi.org/10.1093/bioinformatics/btz291
39850657_ref47,39850657,47,Dictionary of protein secondary structure: pattern recognition of hydrogen-bonded and geometrical features,Biopolymers,1983,10.1002/bip.360221211,6667333,https://doi.org/10.1002/bip.360221211
39850657_ref48,39850657,48,Deep learning methods for protein torsion angle prediction,BMC Bioinform,2017,10.1186/s12859-017-1834-2,28923002,https://doi.org/10.1186/s12859-017-1834-2
39850657_ref49,39850657,49,Ultrafast shape recognition to search compound databases for similar molecular shapes,J Comput Chem,2007,10.1002/jcc.20681,17342716,https://doi.org/10.1002/jcc.20681
39850657_ref50,39850657,50,DeepUMQA: ultrafast shape recognition-based protein model quality assessment using deep learning,Bioinformatics,2022,10.1093/bioinformatics/btac056,35134108,https://doi.org/10.1093/bioinformatics/btac056
39850657_ref51,39850657,51,Fast and effective protein model refinement using deep graph neural networks,Nat Comput Sci,2021,10.1038/s43588-021-00098-9,35321360,https://doi.org/10.1038/s43588-021-00098-9
39850657_ref52,39850657,52,ROSETTA3: an object-oriented software suite for the simulation and design of macromolecules,Methods Enzymol,2011,10.1016/B978-0-12-381270-4.00019-6,21187238,https://doi.org/10.1016/B978-0-12-381270-4.00019-6
39850657_ref53,39850657,53,Protein structure prediction using Rosetta,Methods Enzymol,2004,10.1016/S0076-6879(04)83004-0,15063647,https://doi.org/10.1016/S0076-6879(04)83004-0
39850657_ref54,39850657,54,QDeep: distance-based protein model quality estimation by residue-level ensemble error classifications using stacked deep residual neural networks,Bioinformatics,2020,10.1093/bioinformatics/btaa455,32657397,https://doi.org/10.1093/bioinformatics/btaa455
39850657_ref55,39850657,55,Improved protein structure prediction using predicted interresidue orientations,Proc Natl Acad Sci USA,2020,10.1073/pnas.1914677117,31896580,https://doi.org/10.1073/pnas.1914677117
39850657_ref56,39850657,56,Dockground: a comprehensive data resource for modeling of protein complexes,Protein Sci,2018,10.1002/pro.3295,28891124,https://doi.org/10.1002/pro.3295
39850657_ref57,39850657,57,DockQ: a quality measure for protein-protein docking models,PLoS ONE,2016,10.1371/journal.pone.0161879,27560519,https://doi.org/10.1371/journal.pone.0161879
39850657_ref58,39850657,58,"Docking, scoring, and affinity prediction in CAPRI","Proteins, Struct Funct Bioinform",2013,10.1002/prot.24428,24115211,https://doi.org/10.1002/prot.24428
39850657_ref59,39850657,59,Davis J. Goadrich M. The relationship between Precision-Recall and ROC curves ICML 2006 10.1145/1143844.1143874,ICML,2006,10.1145/1143844.1143874,,https://doi.org/10.1145/1143844.1143874
39850657_ref60,39850657,60,Protein docking model evaluation by 3D deep convolutional neural networks,Bioinformatics,2020,10.1093/bioinformatics/btz870,31746961,https://doi.org/10.1093/bioinformatics/btz870
39850657_ref61,39850657,61,State-of-the-art estimation of protein model accuracy using AlphaFold,Phys Rev Lett,2022,10.1103/PhysRevLett.129.238101,36563190,https://doi.org/10.1103/PhysRevLett.129.238101
39850657_ref62,39850657,62,"Deep graph library: a graph-centric, highly-performant package for graph neural networks",,Aug. 2020,,,https://arxiv.org/abs/1909.01315
39850657_ref63,39850657,63,Adam: a method for stochastic optimization,,Dec. 2014,,,10.48550/arXiv.1412.6980
39811675_ref1,39811675,1,The biology and chemistry of hyperlipidemia,Bioorg Med Chem,2007,10.1016/j.bmc.2007.04.031,17521912,https://doi.org/10.1016/j.bmc.2007.04.031
39811675_ref2,39811675,2,Lipoprotein management in patients with cardiometabolic risk: consensus conference report from the American Diabetes Association and the American College of Cardiology Foundation,J Am Coll Cardiol,2008,10.1016/j.jacc.2008.02.034,18402913,https://doi.org/10.1016/j.jacc.2008.02.034
39811675_ref3,39811675,3,An atomic-level perspective of HMG-CoA-reductase: the target enzyme to treat hypercholesterolemia,Molecules,2020,10.3390/molecules25173891,32859023,https://doi.org/10.3390/molecules25173891
39811675_ref4,39811675,4,2016 ESC/EAS guidelines for the management of dyslipidaemias,Eur Heart J,2016,10.1093/eurheartj/ehw272,27567407,https://doi.org/10.1093/eurheartj/ehw272
39811675_ref5,39811675,5,Advances in research on marine-derived lipid-lowering active substances and their molecular mechanisms,Nutrients,2023,10.3390/nu15245118,38140377,https://doi.org/10.3390/nu15245118
39811675_ref6,39811675,6,Bioactive peptides derived from marine sources: biological and functional properties,Trends Food Sci Technol,2022,10.1016/j.tifs.2021.08.017,,https://doi.org/10.1016/j.tifs.2021.08.017
39811675_ref7,39811675,7,"Marine-derived bioactive proteins and peptides: a review of current knowledge on anticancer potentials, clinical trials, and future prospects",Nat Prod Commun,2024,10.1177/1934578X241239825,,https://doi.org/10.1177/1934578X241239825
39811675_ref8,39811675,8,Novel synthesis of phytosterol ferulate using acidic ionic liquids as a catalyst and its hypolipidemic activity,J Agric Food Chem,2024,10.1021/acs.jafc.3c09148,38252882,https://doi.org/10.1021/acs.jafc.3c09148
39811675_ref9,39811675,9,In vivo anti-lipidemic and antioxidant potential of collagen peptides obtained from great hammerhead shark skin waste,J Food Sci Technol,2021,10.1007/s13197-021-05118-0,35185213,https://doi.org/10.1007/s13197-021-05118-0
39811675_ref10,39811675,10,Hypolipidemic activities of two pentapeptides(VIAPW and IRWWW)from miiuy croaker(Miichthys miiuy)muscle on lipid accumulation in HepG2 cells through regulation of AMPK pathway,Appl Sci,2020,10.3390/app10030817,,https://doi.org/10.3390/app10030817
39811675_ref11,39811675,11,A review of protein hydrolysates and bioactive peptides deriving from wastes generated by fish processing,Food Bioprocess Technol,2018,10.1007/s11947-017-1940-1,,https://doi.org/10.1007/s11947-017-1940-1
39811675_ref12,39811675,12,Virtual screening techniques in drug discovery: review and recent applications,Curr Top Med Chem,2019,10.2174/1568026619666190816101948,31418662,https://doi.org/10.2174/1568026619666190816101948
39811675_ref13,39811675,13,Marine organisms as a rich source of biologically active peptides,Front Mar Sci,2021,10.3389/fmars.2021.667764,,https://doi.org/10.3389/fmars.2021.667764
39811675_ref14,39811675,14,Nutrition and feeds for abalone: current knowledge and future directions,Rev Aquac,2024,10.1111/raq.12911,,https://doi.org/10.1111/raq.12911
39811675_ref15,39811675,15,Potential skin health benefits of abalone by-products suggested by their effects on MAPKS and PI3K/AKT/NF-kB signaling pathways in HDF and HaCaT cells,Food Secur,2024,10.3390/foods13182902,39335831,https://doi.org/10.3390/foods13182902
39811675_ref16,39811675,16,Lipid deposition in abalone Haliotis discus hannai affected by dietary lipid levels through AMPKα2/PPARα and JNK/mTOR/SREBP-1c pathway,Aquaculture,2021,10.1016/j.aquaculture.2020.736040,,https://doi.org/10.1016/j.aquaculture.2020.736040
39811675_ref17,39811675,17,Hypolipidemic and anti-atherogenic activities of crude polysaccharides from abalone viscera,Food Sci Nutr,2020,10.1002/fsn3.1548,32405408,https://doi.org/10.1002/fsn3.1548
39811675_ref18,39811675,18,Study on the hypolipidemic activity of rapeseed protein-derived peptides,Food Chem,2023,10.1016/j.foodchem.2023.136315,37167672,https://doi.org/10.1016/j.foodchem.2023.136315
39811675_ref19,39811675,19,Anti-hypercholesterolemic activity of standardized fermented Allium cepa L. var aggregatum extract: in vitro and in vivo studies,J Herbmed Pharmacol,2022,10.34172/jhp.2022.44,,https://doi.org/10.34172/jhp.2022.44
39811675_ref20,39811675,20,"AutoDock Vina 1.2.0: new docking methods, expanded force field, and python bindings",J Chem Inf Model,2021,10.1021/acs.jcim.1c00203,34278794,https://doi.org/10.1021/acs.jcim.1c00203
39811675_ref21,39811675,21,"Bowers KJ Chow DE Xu H Dror RO Eastwood MP Gregersen BA. “Molecular dynamics—scalable algorithms for molecular dynamics simulations on commodity clusters, SC 2006.” In Proceedings of the 2006 ACM/IEEE Conference on Supercomputing,(2006),(pp. 84–97).",,2006,,,
39811675_ref22,39811675,22,Exploration of natural product ingredients as inhibitors of human HMG-CoA reductase through structure-based virtual screening,Drug Des Devel Ther,2015,10.2147/DDDT.S84641,26170618,https://doi.org/10.2147/DDDT.S84641
39811675_ref23,39811675,23,"Design, synthesis, and molecular dynamics simulation studies of some novel kojic acid fused 2-amino-3-cyano-4h-pyran derivatives as tyrosinase inhibitors",BMC Chem,2024,10.1186/s13065-024-01134-1,38388934,https://doi.org/10.1186/s13065-024-01134-1
39811675_ref24,39811675,24,Plant polyphenols and their potential benefits on cardiovascular health: a review,Molecules,2023,10.3390/molecules28176403,37687232,https://doi.org/10.3390/molecules28176403
39811675_ref25,39811675,25,Mechanisms of regulation of glycolipid metabolism by natural compounds in plants: effects on short-chain fatty acids,Nutr Metab,2024,10.1186/s12986-024-00829-5,39026248,https://doi.org/10.1186/s12986-024-00829-5
39811675_ref26,39811675,26,Research progress in lipid metabolic regulation of bioactive peptides,Food Prod Process Nutr,2023,10.1186/s43014-022-00123-y,,https://doi.org/10.1186/s43014-022-00123-y
39811675_ref27,39811675,27,Flavonoids as natural phenolic compounds and their role in therapeutics: an overview,Futur J Pharm Sci,2021,10.1186/s43094-020-00161-8,33495733,https://doi.org/10.1186/s43094-020-00161-8
39811675_ref28,39811675,28,"Twenty years of the Merops database of proteolytic enzymes, their substrates and inhibitors",Nucleic Acids Res,2016,10.1093/nar/gkv1118,26527717,https://doi.org/10.1093/nar/gkv1118
39811675_ref29,39811675,29,Krill oil inhibits cholesterol synthesis and stimulated cholesterol excretion in hypercholesterolemic rats,Mar Drugs,2022,10.3390/md20100609,36286433,https://doi.org/10.3390/md20100609
39811675_ref30,39811675,30,Evaluation of hypolipidemic peptide(Val–Phe–Val–Arg–Asn)virtual screened from chickpea peptides by pharmacophore model in high-fat diet-induced obese rat,J Funct Foods,2019,10.1016/j.jff.2019.01.001,,https://doi.org/10.1016/j.jff.2019.01.001
39811675_ref31,39811675,31,Mucosal vaccines: the promise and the challenge,Nat Rev Immunol,2006,10.1038/nri1777,16491139,https://doi.org/10.1038/nri1777
39811675_ref32,39811675,32,Bioactive food derived peptides: a review on correlation between structure of bioactive peptides and their functional properties,J Food Sci Technol,2019,10.1007/s13197-018-3549-4,30906011,https://doi.org/10.1007/s13197-018-3549-4
39811675_ref33,39811675,33,Common bean protein hydrolysate modulates lipid metabolism and prevents endothelial dysfunction in BALB/c mice fed an atherogenic diet,Nutr Metab Cardiovasc Dis,2020,10.1016/j.numecd.2019.07.020,31757569,https://doi.org/10.1016/j.numecd.2019.07.020
39811675_ref34,39811675,34,Isolation and identification by high resolution liquid chromatography tandem mass spectrometry of novel peptides with multifunctional lipid-lowering capacity,Food Res Int,2018,10.1016/j.foodres.2018.05.009,30007740,https://doi.org/10.1016/j.foodres.2018.05.009
39811675_ref35,39811675,35,Influence of CYP2D6 metabolizer status on risperidone and paliperidone tolerability in children and adolescents,J Child Adolesc Psychopharmacol,2024,10.1089/cap.2023.0046,38377522,https://doi.org/10.1089/cap.2023.0046
39811675_ref36,39811675,36,Recent advances in the determination of unbound concentration and plasma protein binding of drugs: analytical methods,Talanta,2021,10.1016/j.talanta.2020.122052,33592774,https://doi.org/10.1016/j.talanta.2020.122052
39811675_ref37,39811675,37,Bioactivity guided fractionation and hypolipidemic property of a novel HMG-CoA reductase inhibitor from Ficus virens Ait,Lipids Health Dis,2015,10.1186/s12944-015-0013-6,25884722,https://doi.org/10.1186/s12944-015-0013-6
39811675_ref38,39811675,38,Oligomeric proanthocyanidins mitigate cholesterol and cholic acid diet-induced hepatic dysfunction in male Sprague Dawley rats,J Biochem Mol Toxicol,2019,10.1002/jbt.22234,30273964,https://doi.org/10.1002/jbt.22234
39811675_ref39,39811675,39,Antihyperlipidemic studies of newly synthesized phenolic derivatives: in silico and in vivo approaches,Drug Des Devel Ther,2018,10.2147/DDDT.S158554,30127594,https://doi.org/10.2147/DDDT.S158554
39795157_ref1,39795157,1,Temporomandibular Joint Pain: A Critical Role for Trpv4 in the Trigeminal Ganglion,Pain,2013,10.1016/j.pain.2013.04.004,23726674,https://doi.org/10.1016/j.pain.2013.04.004
39795157_ref2,39795157,2,Role of Nonneuronal TRPV4 Signaling in Inflammatory Processes,Adv. Pharmacol.,2017,10.1016/bs.apha.2017.03.002,28528666,https://doi.org/10.1016/bs.apha.2017.03.002
39795157_ref3,39795157,3,Modulation of the TRPV4 Ion Channel as a Therapeutic Target for Disease,Pharmacol. Ther.,2017,10.1016/j.pharmthera.2017.02.019,28202366,https://doi.org/10.1016/j.pharmthera.2017.02.019
39795157_ref4,39795157,4,TRPV1 Structures in Nanodiscs Reveal Mechanisms of Ligand and Lipid Action,Nature,2016,10.1038/nature17964,27281200,https://doi.org/10.1038/nature17964
39795157_ref5,39795157,5,Extracellular Cap Domain Is an Essential Component of the TRPV1 Gating Mechanism,Nat. Commun.,2021,10.1038/s41467-021-22507-3,33846324,https://doi.org/10.1038/s41467-021-22507-3
39795157_ref6,39795157,6,TRPV3 activation by different agonists accompanied by lipid dissociation from the vanilloid site,Sci. Adv.,2024,10.1126/sciadv.adn2453,38691614,https://doi.org/10.1126/sciadv.adn2453
39795157_ref7,39795157,7,Structural Basis of TRPV1 Inhibition by SAF312 and Cholesterol,Nat. Commun.,2024,10.1038/s41467-024-51085-3,39107321,https://doi.org/10.1038/s41467-024-51085-3
39795157_ref8,39795157,8,Structure and Gating Mechanism of the Transient Receptor Potential Channel TRPV3,Nat. Struct. Mol. Biol.,2018,10.1038/s41594-018-0108-7,30127359,https://doi.org/10.1038/s41594-018-0108-7
39795157_ref9,39795157,9,Structural Bases of TRP Channel TRPV6 Allosteric Modulation by 2-APB,Nat. Commun.,2018,10.1038/s41467-018-04828-y,29941865,https://doi.org/10.1038/s41467-018-04828-y
39795157_ref10,39795157,10,Structure-Based Characterization of Novel TRPV5 Inhibitors,eLife,2019,10.7554/eLife.49572.001,31647410,https://doi.org/10.7554/eLife.49572.001
39795157_ref11,39795157,11,Structural Insights into TRPV2 Activation by Small Molecules,Nat. Commun.,2022,10.1038/s41467-022-30083-3,35484159,https://doi.org/10.1038/s41467-022-30083-3
39795157_ref12,39795157,12,Molecular Pathway and Structural Mechanism of Human Oncochannel TRPV6 Inhibition by the Phytocannabinoid Tetrahydrocannabivarin,Nat. Commun.,2023,10.1038/s41467-023-40362-2,37532722,https://doi.org/10.1038/s41467-023-40362-2
39795157_ref13,39795157,13,Cannabidiol Sensitizes TRPV2 Channels to Activation by 2-APB,eLife,2023,10.7554/eLife.86166,37199723,https://doi.org/10.7554/eLife.86166
39795157_ref14,39795157,14,Structural Basis of TRPV5 Channel Inhibition by Econazole Revealed by Cryo-EM,Nat. Struct. Mol. Biol.,2018,10.1038/s41594-017-0009-1,29323279,https://doi.org/10.1038/s41594-017-0009-1
39795157_ref15,39795157,15,Structural Mechanism of TRPV5 Inhibition by Econazole,Structure,2024,10.1016/j.str.2023.11.012,38141613,https://doi.org/10.1016/j.str.2023.11.012
39795157_ref16,39795157,16,Structural Mechanisms of TRPV6 Inhibition by Ruthenium Red and Econazole,Nat. Commun.,2021,10.1038/s41467-021-26608-x,34725357,https://doi.org/10.1038/s41467-021-26608-x
39795157_ref17,39795157,17,"Structural Determinants of 5′,6′-Epoxyeicosatrienoic Acid Binding to and Activation of TRPV4 Channel",Sci. Rep.,2017,10.1038/s41598-017-11274-1,28874838,https://doi.org/10.1038/s41598-017-11274-1
39795157_ref18,39795157,18,Cryo-EM Structural Studies of the Agonist Complexed Human TRPV4 Ion-Channel Reveals Novel Structural Rearrangements Resulting in an Open-Conformation,BioRxiv,2020,10.1101/2020.10.13.334797,,https://doi.org/10.1101/2020.10.13.334797
39795157_ref19,39795157,19,Structural Determinants of TRPV4 Inhibition and Identification of New Antagonists with Antiviral Activity,Br. J. Pharmacol.,2022,10.1111/bph.15267,32959389,https://doi.org/10.1111/bph.15267
39795157_ref20,39795157,20,TRPV4-Rho GTPase Complex Structures Reveal Mechanisms of Gating and Disease,Nat. Commun.,2023,10.1038/s41467-023-39345-0,37353484,https://doi.org/10.1038/s41467-023-39345-0
39795157_ref21,39795157,21,Structure of the TRPV1 Ion Channel Determined by Electron Cryo-Microscopy,Nature,2013,10.1038/nature12822,24305160,https://doi.org/10.1038/nature12822
39795157_ref22,39795157,22,Determinants of 4α-Phorbol Sensitivity in Transmembrane Domains 3 and 4 of the Cation Channel TRPV4,J. Biol. Chem.,2007,10.1074/jbc.M610485200,17341586,https://doi.org/10.1074/jbc.M610485200
39795157_ref23,39795157,23,Identification and Characterization of Novel TRPV4 Modulators,Biochem. Biophys. Res. Commun.,2009,10.1016/j.bbrc.2009.09.007,19737537,https://doi.org/10.1016/j.bbrc.2009.09.007
39795157_ref24,39795157,24,Structure of Human TRPV4 in Complex with GTPase RhoA,Nat. Commun.,2023,10.1038/s41467-023-39346-z,37353478,https://doi.org/10.1038/s41467-023-39346-z
39795157_ref25,39795157,25,Transient Receptor Potential Vanilloid(TRPV4)Channel Inhibition: A Novel Promising Approach for the Treatment of Lung Diseases,Biomed. Pharmacother.,2023,10.1016/j.biopha.2023.114861,37178575,https://doi.org/10.1016/j.biopha.2023.114861
39795157_ref26,39795157,26,Discovery of Novel Transient Receptor Potential Vanilloid 4(TRPV4)Agonists as Regulators of Chondrogenic Differentiation: Identification of Quinazolin-4(3 H)-Ones and in Vivo Studies on a Surgically Induced Rat Model of Osteoarthritis,J. Med. Chem.,2019,10.1021/acs.jmedchem.8b01615,30629441,https://doi.org/10.1021/acs.jmedchem.8b01615
39795157_ref27,39795157,27,Discovery of Dual TRPA1 and TRPV1 Antagonists as Novel Therapeutic Agents for Pain,Pharmaceuticals,2024,10.3390/ph17091209,39338371,https://doi.org/10.3390/ph17091209
39795157_ref28,39795157,28,Small Molecule Dual-Inhibitors of TRPV4 and TRPA1 for Attenuation of Inflammation and Pain,Sci. Rep.,2016,10.1038/srep26894,27247148,https://doi.org/10.1038/srep26894
39795157_ref29,39795157,29,Structural Pharmacology of TRPV4 Antagonists,Adv. Sci.,2024,10.1002/advs.202401583,38659239,https://doi.org/10.1002/advs.202401583
39795157_ref30,39795157,30,Pinosylvin Inhibits TRPA1-Induced Calcium Influx In Vitro and TRPA1-Mediated Acute Paw Inflammation In Vivo,Basic Clin. Pharmacol. Toxicol.,2016,10.1111/bcpt.12485,26335783,https://doi.org/10.1111/bcpt.12485
39795157_ref31,39795157,31,TRPA1 Channels as Targets for Resveratrol and Related Stilbenoids,Bioorg. Med. Chem. Lett.,2016,10.1016/j.bmcl.2015.12.065,26750258,https://doi.org/10.1016/j.bmcl.2015.12.065
39795157_ref32,39795157,32,Structural Basis of Ligand Activation and Inhibition in a Mammalian TRPV4 Ion Channel,Cell Discov.,2023,10.1038/s41421-023-00579-3,37429860,https://doi.org/10.1038/s41421-023-00579-3
39795157_ref33,39795157,33,Temperature-Sensitive Transient Receptor Potential Vanilloid Channels: Structural Insights into Ligand-Dependent Activation,Br. J. Pharmacol.,2020,10.1111/bph.15310,33155670,https://doi.org/10.1111/bph.15310
39795157_ref34,39795157,34,Cryo-EM and X-Ray Structures of TRPV4 Reveal Insight into Ion Permeation and Gating Mechanisms,Nat. Struct. Mol. Biol.,2018,10.1038/s41594-018-0037-5,29483651,https://doi.org/10.1038/s41594-018-0037-5
39795157_ref35,39795157,35,An Analysis of the Putative CBD Binding Site in the Ionotropic Cannabinoid Receptors,Front. Cell. Neurosci.,2020,10.3389/fncel.2020.615811,33362478,https://doi.org/10.3389/fncel.2020.615811
39795157_ref36,39795157,36,"Transport, Deglycosylation, and metabolism of Trans-Piceid by Small Epithelial Cells",Eur. J. Nutr.,2006,10.1007/s00394-006-0609-8,17009167,https://doi.org/10.1007/s00394-006-0609-8
39795157_ref37,39795157,37,"Fast, Scalable Generation of High-Quality Protein Multiple Sequence Alignments Using Clustal Omega",Mol. Syst. Biol.,2011,10.1038/msb.2011.75,21988835,https://doi.org/10.1038/msb.2011.75
39795157_ref38,39795157,38,Comparative Protein Structure Modeling Using MODELLER,Curr. Protoc. Bioinform.,2016,10.1002/cpbi.3,27322406,https://doi.org/10.1002/cpbi.3
39795157_ref39,39795157,39,Modeling of Loops in Protein Structures,Protein Sci.,2000,10.1110/ps.9.9.1753,11045621,https://doi.org/10.1110/ps.9.9.1753
39795157_ref40,39795157,40,Statistical Potential for Assessment and Prediction of Protein Structures,Protein Sci.,2006,10.1110/ps.062416606,17075131,https://doi.org/10.1110/ps.062416606
39795157_ref41,39795157,41,Chapter 21.4. PROCHECK: Validation of Protein-Structure Coordinates,Int. Tables Crystallogr.,2012,,,
39795157_ref42,39795157,42,Scalable Algorithms for Molecular Dynamics Simulations on Commodity Clusters,"Proceedings of the 2006 ACM/IEEE Conference on Supercomputing, SC’06",,,,
39795157_ref43,39795157,43,Identifying and Characterizing Binding Sites and Assessing Druggability,J. Chem. Inf. Model.,2009,10.1021/ci800324m,19434839,https://doi.org/10.1021/ci800324m
39795157_ref44,39795157,44,ConSurf: Identification of Functional Regions in Proteins by Surface-Mapping of Phylogenetic Information,Bioinformatics,2003,10.1093/bioinformatics/19.1.163,12499312,https://doi.org/10.1093/bioinformatics/19.1.163
39795157_ref45,39795157,45,Using Evolutionary Data to Make Sense of Macromolecules with a “Face-Lifted” ConSurf,Protein Sci.,2023,10.1002/pro.4582,36718848,https://doi.org/10.1002/pro.4582
39795157_ref46,39795157,46,"Protein and Ligand Preparation: Parameters, Protocols, and Influence on Virtual Screening Enrichments",J. Comput. Aided Mol. Des.,2013,10.1007/s10822-013-9644-8,23579614,https://doi.org/10.1007/s10822-013-9644-8
39795157_ref47,39795157,47,OPLS3e: Extending Force Field Coverage for Drug-Like Small Molecules,J. Chem. Theory Comput.,2019,10.1021/acs.jctc.8b01026,30768902,https://doi.org/10.1021/acs.jctc.8b01026
39795157_ref48,39795157,48,OPLS3: A Force Field Providing Broad Coverage of Drug-like Small Molecules and Proteins,J. Chem. Theory Comput.,2016,10.1021/acs.jctc.5b00864,26584231,https://doi.org/10.1021/acs.jctc.5b00864
39795157_ref49,39795157,49,"Glide: A New Approach for Rapid, Accurate Docking and Scoring. 2. Enrichment Factors in Database Screening",J. Med. Chem.,2004,10.1021/jm030644s,15027866,https://doi.org/10.1021/jm030644s
39795157_ref50,39795157,50,A Hierarchical Approach to All-Atom Protein Loop Prediction,Proteins Struct. Funct. Genet.,2004,10.1002/prot.10613,15048827,https://doi.org/10.1002/prot.10613
39795157_ref51,39795157,51,Development and Validation of a Genetic Algorithm for Flexible Docking,J. Mol. Biol.,1997,10.1006/jmbi.1996.0897,9126849,https://doi.org/10.1006/jmbi.1996.0897
39795157_ref52,39795157,52,Empirical Scoring Functions: I. The Development of a Fast Empirical Scoring Function to Estimate the Binding Affinity of Ligands in Receptor Complexes,J. Comput. Aided Mol. Des.,1997,10.1023/A:1007996124545,9385547,https://doi.org/10.1023/A:1007996124545
39795157_ref53,39795157,53,Flexible Docking Using Tabu Search and an Empirical Estimate of Binding Affinity,Proteins Struct. Funct. Genet.,1998,10.1002/(SICI)1097-0134(19981115)33:3&#x0003c;367::AID-PROT6&#x0003e;3.0.CO;2-W,9829696,https://doi.org/10.1002/(SICI)1097-0134(19981115)33:3&#x0003c;367::AID-PROT6&#x0003e;3.0.CO;2-W
39795157_ref54,39795157,54,Deciphering Common Failures in Molecular Docking of Ligand-Protein Complexes,J. Comput. Aided Mol. Des.,2000,10.1023/A:1008158231558,11131967,https://doi.org/10.1023/A:1008158231558
39795157_ref55,39795157,55,Guide GOLD User Guide Conditions of Use Introduction and Overview,,,,,https://www.ccdc.cam.ac.uk/media/Documentation/0C5D99BC-7CC3-49B6-8319-06BEA8CA342D/GOLD_User_Guide_2020_1.pdf
39795157_ref56,39795157,56,The VSGB 2.0 Model: A next Generation Energy Model for High Resolution Protein Structure Modeling,Proteins Struct. Funct. Bioinform.,2011,10.1002/prot.23106,21905107,https://doi.org/10.1002/prot.23106
39795157_ref57,39795157,57,OPLS4: Improving Force Field Accuracy on Challenging Regimes of Chemical Space,J. Chem. Theory Comput.,2021,10.1021/acs.jctc.1c00302,34096718,https://doi.org/10.1021/acs.jctc.1c00302
39795157_ref58,39795157,58,Comparison of Simple Potential Functions for Simulating Liquid Water,J. Chem. Phys.,1998,10.1063/1.445869,,https://doi.org/10.1063/1.445869
39795157_ref59,39795157,59,"Multipolar Ewald Methods, 1: Theory, Accuracy, and Performance",J. Chem. Theory Comput.,2015,10.1021/ct5007983,25691829,https://doi.org/10.1021/ct5007983
39795157_ref60,39795157,60,The u-Series: A Separable Decomposition for Electrostatics Computation with Improved Accuracy,J. Chem. Phys.,2020,10.1063/1.5129393,32113352,https://doi.org/10.1063/1.5129393
39795157_ref61,39795157,61,Novel Amino Acid Derivatives of Quinolines as Potential Antibacterial and Fluorophore Agents,Sci. Pharm.,2020,10.3390/scipharm88040057,,https://doi.org/10.3390/scipharm88040057
39795157_ref62,39795157,62,"PHASE: A New Engine for Pharmacophore Perception, 3D QSAR Model Development, and 3D Database Screening: 1. Methodology and Preliminary Results",J. Comput. Aided Mol. Des.,2006,10.1007/s10822-006-9087-6,17124629,https://doi.org/10.1007/s10822-006-9087-6
39795157_ref63,39795157,63,"SwissADME: A Free Web Tool to Evaluate Pharmacokinetics, Drug-Likeness and Medicinal Chemistry Friendliness of Small Molecules",Sci. Rep.,2017,10.1038/srep42717,28256516,https://doi.org/10.1038/srep42717
39795157_ref64,39795157,64,ProTox-II: A Webserver for the Prediction of Toxicity of Chemicals,Nucleic Acids Res.,2018,10.1093/nar/gky318,29718510,https://doi.org/10.1093/nar/gky318
39795157_ref65,39795157,65,Isolation of Stilbenoids from Fresh Knotwood of Scots Pine Using a High Yield Method,Holzforschung,2024,10.1515/hf-2024-0001,,https://doi.org/10.1515/hf-2024-0001
39795157_ref66,39795157,66,High Recovery of Stilbene Glucosides by Acetone Extraction of Fresh Inner Bark of Norway Spruce,Holzforschung,2021,10.1515/hf-2020-0263,,https://doi.org/10.1515/hf-2020-0263
39795157_ref67,39795157,67,Insights Into Molecular Interactions and Biological Effect of Natural Stilbenoids at The TRPA1 Ion Channel,ChemMedChem,2024,10.1002/cmdc.202400501,39432420,https://doi.org/10.1002/cmdc.202400501
39795157_ref68,39795157,68,Use of an Induced Fit Receptor Structure in Virtual Screening,Chem. Biol. Drug Des.,2006,10.1111/j.1747-0285.2005.00327.x,16492153,https://doi.org/10.1111/j.1747-0285.2005.00327.x
39795157_ref69,39795157,69,Novel Procedure for Modeling Ligand/Receptor Induced Fit Effects,J. Med. Chem.,2006,10.1021/jm050540c,16420040,https://doi.org/10.1021/jm050540c
39795157_ref70,39795157,70,"New Insights about HERG Blockade Obtained from Protein Modeling, Potential Energy Mapping, and Docking Studies",Bioorg. Med. Chem.,2006,10.1016/j.bmc.2005.12.032,16413785,https://doi.org/10.1016/j.bmc.2005.12.032
39795157_ref71,39795157,71,GemSpot: A Pipeline for Robust Modeling of Ligands into Cryo-EM Maps,Structure,2020,10.1016/j.str.2020.04.018,32413291,https://doi.org/10.1016/j.str.2020.04.018
39796080_ref1,39796080,1,A comprehensive review of feature based methods for drug target interaction prediction,J. Biomed. Inform.,2019,10.1016/j.jbi.2019.103159,30926470,https://doi.org/10.1016/j.jbi.2019.103159
39796080_ref2,39796080,2,Chemical-induced gene expression ranking and its application to pancreatic cancer drug repurposing,Patterns,2022,10.1016/j.patter.2022.100441,35465231,https://doi.org/10.1016/j.patter.2022.100441
39796080_ref3,39796080,3,The library of integrated network-based cellular signatures NIH program: System-level cataloging of human cells response to perturbations,Cell Syst.,2018,10.1016/j.cels.2017.11.001,29199020,https://doi.org/10.1016/j.cels.2017.11.001
39796080_ref4,39796080,4,A Bayesian approach to accurate and robust signature detection on LINCS L1000 data,Bioinformatics,2020,10.1093/bioinformatics/btaa064,32003771,https://doi.org/10.1093/bioinformatics/btaa064
39796080_ref5,39796080,5,DeepCOP: Deep learning-based approach to predict gene regulating effects of small molecules,Bioinformatics,2020,10.1093/bioinformatics/btz645,31504186,https://doi.org/10.1093/bioinformatics/btz645
39796080_ref6,39796080,6,A deep learning framework for high-throughput mechanism-driven phenotype compound screening and its application to COVID-19 drug repurposing,Nat. Mach. Intell.,2021,10.1038/s42256-020-00285-9,33796820,https://doi.org/10.1038/s42256-020-00285-9
39796080_ref7,39796080,7,Experimental and computational approaches to estimate solubility and permeability in drug discovery and development settings,Adv. Drug Deliv. Rev.,2012,10.1016/j.addr.2012.09.019,11259830,https://doi.org/10.1016/j.addr.2012.09.019
39796080_ref8,39796080,8,The chemical space project,Acc. Chem. Res.,2015,10.1021/ar500432k,25687211,https://doi.org/10.1021/ar500432k
39796080_ref9,39796080,9,"SMILES, a chemical language and information system. 1. Introduction to methodology and encoding rules",J. Chem. Inf. Comput. Sci.,1988,10.1021/ci00057a005,,https://doi.org/10.1021/ci00057a005
39796080_ref10,39796080,10,GuacaMol: Benchmarking models for de novo molecular design,J. Chem. Inf. Model.,2019,10.1021/acs.jcim.8b00839,30887799,https://doi.org/10.1021/acs.jcim.8b00839
39796080_ref11,39796080,11,Guiding deep molecular optimization with genetic exploration,Adv. Neural Inf. Process. Syst.,2020,,,
39796080_ref12,39796080,12,Development of scoring-assisted generative exploration(SAGE)and its application to dual inhibitor design for acetylcholinesterase and monoamine oxidase B,J. Cheminformatics,2024,10.1186/s13321-024-00845-w,38790018,https://doi.org/10.1186/s13321-024-00845-w
39796080_ref13,39796080,13,Development of Scoring-Assisted Generative Exploration(SAGE)and Its Application to Enzyme Inhibitor Design,Pharm. Res. Recent Adv. Trends,2024,10.9734/bpi/prrat/v5/1928,,https://doi.org/10.9734/bpi/prrat/v5/1928
39796080_ref14,39796080,14,Extension of scoring-assisted generative exploration for ionic liquids(SAGE-IL)and its application to ionic liquid design for CO2 capture,Mater. Today Adv.,2024,10.1016/j.mtadv.2024.100529,,https://doi.org/10.1016/j.mtadv.2024.100529
39796080_ref15,39796080,15,Immunoquantitation and size determination of intrinsic poly(ADP-ribose)polymerase from acid precipitates. An analysis of the in vivo status in mammalian species and in lower eukaryotes,J. Biol. Chem.,1988,10.1016/S0021-9258(18)68594-1,3130376,https://doi.org/10.1016/S0021-9258(18)68594-1
39796080_ref16,39796080,16,Poly(ADP-ribose)polymerase(PARP)inhibitors and radiation therapy,Front. Pharmacol.,2020,10.3389/fphar.2020.00170,32194409,https://doi.org/10.3389/fphar.2020.00170
39796080_ref17,39796080,17,Phosphatase 1 nuclear targeting subunit mediates recruitment and function of poly(ADP-ribose)polymerase 1 in DNA repair,Cancer Res.,2019,10.1158/0008-5472.CAN-18-1673,30733193,https://doi.org/10.1158/0008-5472.CAN-18-1673
39796080_ref18,39796080,18,Targeting the DNA repair defect in BRCA mutant cells as a therapeutic strategy,Nature,2005,10.1038/nature03445,15829967,https://doi.org/10.1038/nature03445
39796080_ref19,39796080,19,"A next generation connectivity map: L1000 platform and the first 1,000,000 profiles",Cell,2017,10.1016/j.cell.2017.10.049,29195078,https://doi.org/10.1016/j.cell.2017.10.049
39796080_ref20,39796080,20,Olaparib: An oral PARP-1 and PARP-2 inhibitor with promising activity in ovarian cancer,Future Oncol.,2015,10.2217/fon.14.313,25757679,https://doi.org/10.2217/fon.14.313
39796080_ref21,39796080,21,Combination of PARP inhibitor and temozolomide to suppress chordoma progression,J. Mol. Med.,2019,10.1007/s00109-019-01802-z,31201471,https://doi.org/10.1007/s00109-019-01802-z
39796080_ref22,39796080,22,"The novel poly(ADP-Ribose)polymerase inhibitor, AG14361, sensitizes cells to topoisomerase I poisons by increasing the persistence of DNA strand breaks",Clin. Cancer Res.,2005,10.1158/1078-0432.CCR-05-1224,16322308,https://doi.org/10.1158/1078-0432.CCR-05-1224
39796080_ref23,39796080,23,Understanding structural characteristics of PARP-1 inhibitors through combined 3D-QSAR and molecular docking studies and discovery of new inhibitors by multistage virtual screening,Struct. Chem.,2021,10.1007/s11224-021-01765-3,,https://doi.org/10.1007/s11224-021-01765-3
39796080_ref24,39796080,24,Ordinal regression methods: Survey and experimental study,IEEE Trans. Knowl. Data Eng.,2015,10.1109/TKDE.2015.2457911,,https://doi.org/10.1109/TKDE.2015.2457911
39796080_ref25,39796080,25,Evaluation of connectivity map shows limited reproducibility in drug repositioning,Sci. Rep.,2021,10.1038/s41598-021-97005-z,34475469,https://doi.org/10.1038/s41598-021-97005-z
39796080_ref26,39796080,26,Hierarchical multi-omics data integration and modeling predict cell-specific chemical proteomics and drug responses,Cell Rep. Methods,2023,10.1016/j.crmeth.2023.100452,37159671,https://doi.org/10.1016/j.crmeth.2023.100452
39796080_ref27,39796080,27,Convolutional networks on graphs for learning molecular fingerprints,Adv. Neural Inf. Process. Syst.,2015,,,
39796080_ref28,39796080,28,Reoptimization of MDL keys for use in drug discovery,J. Chem. Inf. Comput. Sci.,2002,10.1021/ci010132r,12444722,https://doi.org/10.1021/ci010132r
39796080_ref29,39796080,29,PubChem: Integrated platform of small molecules and biological activities,Annual Reports in Computational Chemistry,2008,,,
39796080_ref30,39796080,30,Extended-connectivity fingerprints,J. Chem. Inf. Model.,2010,10.1021/ci100050t,20426451,https://doi.org/10.1021/ci100050t
39796080_ref31,39796080,31,"Landrum G. RDKit: A Software Suite for Cheminformatics, Computational Chemistry, and Predictive Modeling Academic Press Cambridge, UK 2013","RDKit: A Software Suite for Cheminformatics, Computational Chemistry, and Predictive Modeling",2013,,,
39796080_ref32,39796080,32,The generation of a unique machine description for chemical structures-a technique developed at chemical abstracts service,J. Chem. Doc.,1965,10.1021/c160017a018,,https://doi.org/10.1021/c160017a018
39796080_ref33,39796080,33,Large-Scale Distributed Training of Transformers for Chemical Fingerprinting,J. Chem. Inf. Model.,2022,10.1021/acs.jcim.2c00715,36195574,https://doi.org/10.1021/acs.jcim.2c00715
39796080_ref34,39796080,34,Computational correction of copy number effect improves specificity of CRISPR–Cas9 essentiality screens in cancer cells,Nat. Genet.,2017,10.1038/ng.3984,29083409,https://doi.org/10.1038/ng.3984
39796080_ref35,39796080,35,Attention is all you need,Adv. Neural Inf. Process. Syst.,2017,,,
39796080_ref36,39796080,36,Long short-term memory,Neural Comput.,1997,10.1162/neco.1997.9.8.1735,9377276,https://doi.org/10.1162/neco.1997.9.8.1735
39796080_ref37,39796080,37,Long short-term memory,Supervised Sequence Labelling with Recurrent Neural Networks,2012,,,
39796080_ref38,39796080,38,Scikit-learn: Machine learning in Python,J. Mach. Learn. Res.,2011,,,
39796080_ref39,39796080,39,Linear inversion of band-limited reflection seismograms,SIAM J. Sci. Stat. Comput.,1986,10.1137/0907087,,https://doi.org/10.1137/0907087
39796080_ref40,39796080,40,Regression shrinkage and selection via the lasso,J. R. Stat. Soc. Ser. B Stat. Methodol.,1996,10.1111/j.2517-6161.1996.tb02080.x,,https://doi.org/10.1111/j.2517-6161.1996.tb02080.x
39796080_ref41,39796080,41,"Hilt D.E. Seegrist D.W. Ridge, a Computer Program for Calculating Ridge Regression Estimates Department of Agriculture, Forest Service, Northeastern Forest Experiment Upper Darby, PA, USA 1977","Ridge, a Computer Program for Calculating Ridge Regression Estimates",1977,,,
39796080_ref42,39796080,42,Regularization and variable selection via the elastic net,J. R. Stat. Soc. Ser. B Stat. Methodol.,2005,10.1111/j.1467-9868.2005.00503.x,,https://doi.org/10.1111/j.1467-9868.2005.00503.x
39796080_ref43,39796080,43,"Directory of useful decoys, enhanced(DUD-E): Better ligands and decoys for better benchmarking",J. Med. Chem.,2012,10.1021/jm300687e,22716043,https://doi.org/10.1021/jm300687e
39796080_ref44,39796080,44,ChEMBL: A large-scale bioactivity database for drug discovery,Nucleic Acids Res.,2012,10.1093/nar/gkr777,21948594,https://doi.org/10.1093/nar/gkr777
39796080_ref45,39796080,45,ZINC− a free database of commercially available compounds for virtual screening,J. Chem. Inf. Model.,2005,10.1021/ci049714+,15667143,https://doi.org/10.1021/ci049714+
39796080_ref46,39796080,46,Lightgbm: A highly efficient gradient boosting decision tree,Adv. Neural Inf. Process. Syst.,2017,,,
39796080_ref47,39796080,47,"Brownlee J. XGBoost With Python: Gradient Boosted Trees with XGBoost and Scikit-Learn Machine Learning Mastery Vermont, VIC, Australia 2016",XGBoost With Python: Gradient Boosted Trees with XGBoost and Scikit-Learn,2016,,,
39796080_ref48,39796080,48,Simple selection criteria for drug-like chemical matter,J. Med. Chem.,2001,10.1021/jm015507e,11384230,https://doi.org/10.1021/jm015507e
39796080_ref49,39796080,49,Retrosynthetic accessibility score(RAscore)–rapid machine learned synthesizability classification from AI driven retrosynthetic planning,Chem. Sci.,2021,10.1039/D0SC05401A,34164104,https://doi.org/10.1039/D0SC05401A
39796080_ref50,39796080,50,SolTranNet–A machine learning tool for fast aqueous solubility prediction,J. Chem. Inf. Model.,2021,10.1021/acs.jcim.1c00331,34038123,https://doi.org/10.1021/acs.jcim.1c00331
39796080_ref51,39796080,51,ADME properties evaluation in drug discovery: Prediction of Caco-2 cell permeability using a combination of NSGA-II and boosting,J. Chem. Inf. Model.,2016,10.1021/acs.jcim.5b00642,27018227,https://doi.org/10.1021/acs.jcim.5b00642
39796080_ref52,39796080,52,ADME evaluation in drug discovery. 7. Prediction of oral absorption by correlation and classification,J. Chem. Inf. Model.,2007,10.1021/ci600343x,17238266,https://doi.org/10.1021/ci600343x
39796080_ref53,39796080,53,Drug-likeness scoring based on unsupervised learning,Chem. Sci.,2022,10.1039/D1SC05248A,35126987,https://doi.org/10.1039/D1SC05248A
39796080_ref54,39796080,54,Dissecting the molecular determinants of clinical PARP1 inhibitor selectivity for tankyrase1,J. Biol. Chem.,2021,10.1074/jbc.RA120.016573,33361107,https://doi.org/10.1074/jbc.RA120.016573
39796080_ref55,39796080,55,On the role of the crystal environment in determining protein side-chain conformations,J. Mol. Biol.,2002,10.1016/S0022-2836(02)00470-9,12096912,https://doi.org/10.1016/S0022-2836(02)00470-9
39796080_ref56,39796080,56,PROPKA3: Consistent treatment of internal and surface residues in empirical p K a predictions,J. Chem. Theory Comput.,2011,10.1021/ct100578z,26596171,https://doi.org/10.1021/ct100578z
39796080_ref57,39796080,57,OPLS3: A force field providing broad coverage of drug-like small molecules and proteins,J. Chem. Theory Comput.,2016,10.1021/acs.jctc.5b00864,26584231,https://doi.org/10.1021/acs.jctc.5b00864
39796080_ref58,39796080,58,"Glide: A new approach for rapid, accurate docking and scoring. 1. Method and assessment of docking accuracy",J. Med. Chem.,2004,10.1021/jm0306430,15027865,https://doi.org/10.1021/jm0306430
39796080_ref59,39796080,59,Extra precision glide: Docking and scoring incorporating a model of hydrophobic enclosure for protein-ligand complexes,J. Med. Chem.,2006,10.1021/jm051256o,17034125,https://doi.org/10.1021/jm051256o
39796080_ref60,39796080,60,"Release S. 3: Desmond Molecular Dynamics System DE Shaw Research: Maestro-Desmond Interoperabillity Tools Schrödinger New York, NY, USA 2017",3: Desmond Molecular Dynamics System,2017,,,
39796080_ref61,39796080,61,A smooth particle mesh Ewald method,J. Chem. Phys.,1995,10.1063/1.470117,,https://doi.org/10.1063/1.470117
39796080_ref62,39796080,62,Canonical dynamics: Equilibrium phase-space distributions,Phys. Rev. A,1985,10.1103/PhysRevA.31.1695,9895674,https://doi.org/10.1103/PhysRevA.31.1695
39796080_ref63,39796080,63,Constant pressure molecular dynamics algorithms,J. Chem. Phys.,1994,10.1063/1.467468,,https://doi.org/10.1063/1.467468
39796080_ref64,39796080,64,A multiple-time-step molecular dynamics algorithm for macromolecules,J. Phys. Chem.,1994,10.1021/j100078a035,,https://doi.org/10.1021/j100078a035
39796080_ref65,39796080,65,Fragment molecular orbital method: Application to polypeptides,Chem. Phys. Lett.,2000,10.1016/S0009-2614(00)00070-1,,https://doi.org/10.1016/S0009-2614(00)00070-1
39796080_ref66,39796080,66,Pair interaction energy decomposition analysis,J. Comput. Chem.,2007,10.1002/jcc.20496,17109433,https://doi.org/10.1002/jcc.20496
39796080_ref67,39796080,67,GAMESS as a free quantum-mechanical platform for drug research,Curr. Top. Med. Chem.,2012,10.2174/156802612804910269,23110536,https://doi.org/10.2174/156802612804910269
39796080_ref68,39796080,68,Fragment molecular orbital calculation using the RI-MP2 method,Chem. Phys. Lett.,2009,10.1016/j.cplett.2009.04.045,26285854,https://doi.org/10.1016/j.cplett.2009.04.045
39796080_ref69,39796080,69,The polarizable continuum model(PCM)interfaced with the fragment molecular orbital method(FMO),J. Comput. Chem.,2006,10.1002/jcc.20406,16604514,https://doi.org/10.1002/jcc.20406
39737570_ref1,39737570,1,Tuberculosis,Lancet,2019,10.1016/S0140-6736(19)30308-3,30904262,https://doi.org/10.1016/S0140-6736(19)30308-3
39737570_ref2,39737570,2,Drug-resistant tuberculosis: time for visionary political leadership,Lancet Infect Dis,2013,10.1016/S1473-3099(13)70030-6,23531391,https://doi.org/10.1016/S1473-3099(13)70030-6
39737570_ref3,39737570,3,Bedaquiline-pretomanid-linezolid regimens for drug-resistant tuberculosis,N Engl J Med,2022,10.1056/NEJMoa2119430,36053506,https://doi.org/10.1056/NEJMoa2119430
39737570_ref4,39737570,4,Bedaquiline and delamanid in the treatment of multidrug-resistant tuberculosis: promising but challenging,Drug Dev Res,2019,10.1002/ddr.21498,30548290,https://doi.org/10.1002/ddr.21498
39737570_ref5,39737570,5,Prevalence of mycobacterium tuberculosis resistant to bedaquiline and delamanid in China,J Glob Antimicrob Resist,2021,10.1016/j.jgar.2021.06.007,34214699,https://doi.org/10.1016/j.jgar.2021.06.007
39737570_ref6,39737570,6,The evolution of antibiotic resistance is associated with collateral drug phenotypes in mycobacterium tuberculosis,Nat Commun,2023,10.1038/s41467-023-37184-7,36934122,https://doi.org/10.1038/s41467-023-37184-7
39737570_ref7,39737570,7,Structural analysis of phosphoribosyltransferase-mediated cell wall precursor synthesis in mycobacterium tuberculosis,Nat Microbiol,2024,10.1038/s41564-024-01643-8,38491273,https://doi.org/10.1038/s41564-024-01643-8
39737570_ref8,39737570,8,Overview of the development of DprE1 inhibitors for combating the menace of tuberculosis,J Med Chem,2018,10.1021/acs.jmedchem.8b00281,29851474,https://doi.org/10.1021/acs.jmedchem.8b00281
39737570_ref9,39737570,9,Structures of cell wall arabinosyltransferases with the anti-tuberculosis drug ethambutol,Science,2020,10.1126/science.aba9102,32327601,https://doi.org/10.1126/science.aba9102
39737570_ref10,39737570,10,Evybactin is a DNA gyrase inhibitor that selectively kills mycobacterium tuberculosis,Nat Chem Biol,2022,10.1038/s41589-022-01102-7,35996001,https://doi.org/10.1038/s41589-022-01102-7
39737570_ref11,39737570,11,A deep learning approach to antibiotic discovery,Cell,2020,10.1016/j.cell.2020.01.021,32084340,https://doi.org/10.1016/j.cell.2020.01.021
39737570_ref12,39737570,12,Systematic review of computational methods for drug combination prediction,Comput Struct Biotechnol J,2022,10.1016/j.csbj.2022.05.055,35685365,https://doi.org/10.1016/j.csbj.2022.05.055
39737570_ref13,39737570,13,Employing molecular conformations for ligand-based virtual screening with equivariant graph neural network and deep multiple instance learning,Molecules,2023,10.3390/molecules28165982,37630234,https://doi.org/10.3390/molecules28165982
39737570_ref14,39737570,14,Prediction of 5-hydroxytryptamine transporter inhibitors based on machine learning,Comput Biol Chem,2020,10.1016/j.compbiolchem.2020.107303,32563857,https://doi.org/10.1016/j.compbiolchem.2020.107303
39737570_ref15,39737570,15,VSFlow: an open-source ligand-based virtual screening tool,J Chem,2023,10.1186/s13321-023-00703-1,37004101,https://doi.org/10.1186/s13321-023-00703-1
39737570_ref16,39737570,16,"Pharmacophore model-based virtual screening, docking, biological evaluation and molecular dynamics simulations for inhibitors discovery against alpha-tryptophan synthase from mycobacterium tuberculosis",J Biomol Struct Dyn,2021,10.1080/07391102.2020.1715259,31937192,https://doi.org/10.1080/07391102.2020.1715259
39737570_ref17,39737570,17,Discovery of novel drug-like antitubercular hits targeting the MEP pathway enzyme DXPS by strategic application of ligand-based virtual screening,Chem Sci,2022,10.1039/D2SC02371G,36320685,https://doi.org/10.1039/D2SC02371G
39737570_ref18,39737570,18,Prediction of inhibitory activities of small molecules against pantothenate synthetase from mycobacterium tuberculosis using machine learning models,Comput Biol Med,2022,10.1016/j.compbiomed.2022.105453,35364306,https://doi.org/10.1016/j.compbiomed.2022.105453
39737570_ref19,39737570,19,Machine learning models for mycobacterium tuberculosis in vitro activity: prediction and target visualization,Mol Pharm,2022,10.1021/acs.molpharmaceut.1c00791,34964633,https://doi.org/10.1021/acs.molpharmaceut.1c00791
39737570_ref20,39737570,20,In silico drug repurposing approach: investigation of mycobacterium tuberculosis FadD32 targeted by FDA-approved drugs,Molecules,2022,10.3390/molecules27030668,35163931,https://doi.org/10.3390/molecules27030668
39737570_ref21,39737570,21,Identification of active molecules against mycobacterium tuberculosis through machine learning,Brief Bioinform,2021,10.1093/bib/bbab068,33822874,https://doi.org/10.1093/bib/bbab068
39737570_ref22,39737570,22,ChEMBL: a large-scale bioactivity database for drug discovery,Nucleic Acids Res,2012,10.1093/nar/gkr777,21948594,https://doi.org/10.1093/nar/gkr777
39737570_ref23,39737570,23,DrugBank 5.0: a major update to the DrugBank database for 2018,Nucleic Acids Res,2018,10.1093/nar/gkx1037,29126136,https://doi.org/10.1093/nar/gkx1037
39737570_ref24,39737570,24,GNN-MTB: an anti-mycobacterium drug virtual screening model based on graph neural network,Data Anal Knowl Discov,2022,10.11925/infotech.2096-3467.2022.0196,,https://doi.org/10.11925/infotech.2096-3467.2022.0196
39737570_ref25,39737570,25,MolVS: molecule validation and standardization,,,,,https://github.com/mcs07/MolVS
39737570_ref26,39737570,26,Comparing and validating machine learning models for mycobacterium tuberculosis drug discovery,Mol Pharm,2018,10.1021/acs.molpharmaceut.8b00083,29672063,https://doi.org/10.1021/acs.molpharmaceut.8b00083
39737570_ref27,39737570,27,Extended-connectivity fingerprints,J Chem Inf Model,2010,10.1021/ci100050t,20426451,https://doi.org/10.1021/ci100050t
39737570_ref28,39737570,28,Installation and operational experiences with MACCS(Molecular Access System),Online Review,1982,10.1108/eb024099,,https://doi.org/10.1108/eb024099
39737570_ref29,39737570,29,DGL-LifeSci: an open-source toolkit for deep learning on graphs in life science,ACS Omega,2021,10.1021/acsomega.1c04017,34693143,https://doi.org/10.1021/acsomega.1c04017
39737570_ref30,39737570,30,Scikit-learn: machine learning in Python,J Mach Learn Res,2011,,,
39737570_ref31,39737570,31,Semi-supervised classification with graph convolutional networks,,2016,10.48550/arXiv.1609.02907,,https://doi.org/10.48550/arXiv.1609.02907
39737570_ref32,39737570,32,Graph attention networks,,2017,10.48550/arXiv.1710.10903,,https://doi.org/10.48550/arXiv.1710.10903
39737570_ref33,39737570,33,Neural message passing for quantum chemistry,,2017,10.48550/arXiv.1704.01212,,https://doi.org/10.48550/arXiv.1704.01212
39737570_ref34,39737570,34,Pushing the boundaries of molecular representation for drug discovery with the graph attention mechanism,J Med Chem,2020,10.1021/acs.jmedchem.9b00959,31408336,https://doi.org/10.1021/acs.jmedchem.9b00959
39737570_ref35,39737570,35,An efficient curriculum learning-based strategy for molecular graph learning,Brief Bioinform,2022,10.1093/bib/bbac099,35368074,https://doi.org/10.1093/bib/bbac099
39737570_ref36,39737570,36,Quality of primary health care in China: challenges and recommendations,Lancet,2020,10.1016/S0140-6736(20)30122-7,32505251,https://doi.org/10.1016/S0140-6736(20)30122-7
39737570_ref37,39737570,37,A consensus compound/bioactivity dataset for data-driven drug design and chemogenomics,Molecules,2022,10.3390/molecules27082513,35458710,https://doi.org/10.3390/molecules27082513
39737570_ref38,39737570,38,Nosiheptide harbors potent in vitro and intracellular inhibitory activities against mycobacterium tuberculosis,Microbiol Spectr,2022,10.1128/spectrum.01444-22,36222690,https://doi.org/10.1128/spectrum.01444-22
39737570_ref39,39737570,39,Correlation of different phenotypic drug susceptibility testing methods for four fluoroquinolones in mycobacterium tuberculosis,J Antimicrob Chemother,2016,10.1093/jac/dkv499,26851609,https://doi.org/10.1093/jac/dkv499
39737570_ref40,39737570,40,"AutoDock Vina: improving the speed and accuracy of docking with a new scoring function, efficient optimization, and multithreading",J Comput Chem,2010,10.1002/jcc.21334,19499576,https://doi.org/10.1002/jcc.21334
39737570_ref41,39737570,41,LigPlot+: multiple ligand-protein interaction diagrams for drug discovery,J Chem Inf Model,2011,10.1021/ci200227u,21919503,https://doi.org/10.1021/ci200227u
39737570_ref42,39737570,42,AmberTools,J Chem Inf Model,2023,10.1021/acs.jcim.3c01153,37805934,https://doi.org/10.1021/acs.jcim.3c01153
39737570_ref43,39737570,43,CHARMM: the biomolecular simulation program,J Comput Chem,2009,10.1002/jcc.21287,19444816,https://doi.org/10.1002/jcc.21287
39737570_ref44,39737570,44,Development and testing of a general amber force field,J Comput Chem,2004,10.1002/jcc.20035,15116359,https://doi.org/10.1002/jcc.20035
39737570_ref45,39737570,45,Potent DNA gyrase inhibitors bind asymmetrically to their target using symmetrical bifurcated halogen bonds,Nat Commun,2021,10.1038/s41467-020-20405-8,33420011,https://doi.org/10.1038/s41467-020-20405-8
39737570_ref46,39737570,46,A long-acting formulation of rifabutin is effective for prevention and treatment of mycobacterium tuberculosis,Nat Commun,2022,10.1038/s41467-022-32043-3,35941109,https://doi.org/10.1038/s41467-022-32043-3
39737570_ref47,39737570,47,"9 months of delamanid, linezolid, levofloxacin, and pyrazinamide versus conventional therapy for treatment of fluoroquinolone-sensitive multidrug-resistant tuberculosis(MDR-END): a multicentre, randomised, open-label phase 2/3 non-inferiority trial in South Korea",Lancet,2022,10.1016/S0140-6736(22)01883-9,36522208,https://doi.org/10.1016/S0140-6736(22)01883-9
39737570_ref48,39737570,48,Virtual screening identifies novel and potent inhibitors of mycobacterium tuberculosis PknB with antibacterial activity,J Chem Inf Model,2022,10.1021/acs.jcim.2c00531,35994014,https://doi.org/10.1021/acs.jcim.2c00531
39737570_ref49,39737570,49,DNA topoisomerases as molecular targets for anticancer drugs,J Enzyme Inhib Med Chem,2020,10.1080/14756366.2020.1821676,32975138,https://doi.org/10.1080/14756366.2020.1821676
39737570_ref50,39737570,50,Structural insights into G-quadruplexes: towards new anticancer drugs,Future Med Chem,2010,10.4155/fmc.09.172,20563318,https://doi.org/10.4155/fmc.09.172
39737570_ref51,39737570,51,Thiophene antibacterials that allosterically stabilize DNA-cleavage complexes with DNA gyrase,Proc Natl Acad Sci U S A,2017,10.1073/pnas.1700721114,28507124,https://doi.org/10.1073/pnas.1700721114
39737570_ref52,39737570,52,Identification of a novel inhibitor of SARS-CoV-2 3CL-PRO through virtual screening and molecular dynamics simulation,Peerj,2021,10.7717/peerj.11261,33954055,https://doi.org/10.7717/peerj.11261
39737570_ref53,39737570,53,Aldoxorubicin therapy for the treatment of patients with advanced soft tissue sarcoma,Future Oncol,2018,10.2217/fon-2018-0047,29869517,https://doi.org/10.2217/fon-2018-0047
39737570_ref54,39737570,54,Aldoxorubicin and temozolomide combination in a xenograft mice model of human glioblastoma,Oncotarget,2018,10.18632/oncotarget.26183,30405885,https://doi.org/10.18632/oncotarget.26183
39737570_ref55,39737570,55,Doxorubicin prodrug-based nanomedicines for the treatment of cancer,Eur J Med Chem,2023,10.1016/j.ejmech.2023.115612,37441851,https://doi.org/10.1016/j.ejmech.2023.115612
39737570_ref56,39737570,56,Phase I and pharmacokinetic study of the(6-maleimidocaproyl)hydrazone derivative of doxorubicin,Clin Cancer Res,2007,10.1158/1078-0432.CCR-06-2776,17699865,https://doi.org/10.1158/1078-0432.CCR-06-2776
39737570_ref57,39737570,57,Discovery and development of the G-rich oligonucleotide AS1411 as a novel treatment for cancer,Exp Mol Pathol,2009,10.1016/j.yexmp.2009.01.004,19454272,https://doi.org/10.1016/j.yexmp.2009.01.004
39737570_ref58,39737570,58,"G-quadruplex, friend or foe: the role of the G-quartet in anticancer strategies",Trends Mol Med,2020,10.1016/j.molmed.2020.05.002,32467069,https://doi.org/10.1016/j.molmed.2020.05.002
39737570_ref59,39737570,59,Mapping and characterization of G-quadruplexes in mycobacterium tuberculosis gene promoter regions,Sci Rep,2017,10.1038/s41598-017-05867-z,28720801,https://doi.org/10.1038/s41598-017-05867-z
39737570_ref60,39737570,60,The drug repurposing hub: a next-generation drug library and information resource,Nat Med,2017,10.1038/nm.4306,28388612,https://doi.org/10.1038/nm.4306
40074429_ref1,40074429,1,"Assessment of heavy metals in farmed shrimp, Penaeus monodon sampled from Khulna, Bangladesh: an inimical to food safety aspects",Heliyon.,2021,10.1016/j.heliyon.2021.e06587,33851059,https://doi.org/10.1016/j.heliyon.2021.e06587
40074429_ref2,40074429,2,The economics of shrimp disease,J Invertebr Pathol,2021,10.1016/J.JIP.2020.107397,32446865,https://doi.org/10.1016/J.JIP.2020.107397
40074429_ref3,40074429,3,"Physiological, biochemical and genetic responses of black tiger shrimp(Penaeus monodon)to differential exposure to white spot syndrome virus and Vibrio parahaemolyticus",Aquaculture,2022,10.1016/J.AQUACULTURE.2021.737337,,https://doi.org/10.1016/J.AQUACULTURE.2021.737337
40074429_ref4,40074429,4,Temperature induced changes in physiological traits and expression of selected candidate genes in black tiger shrimp(Penaeus monodon)larvae,Aquac Rep.,2021,10.1016/J.AQREP.2021.100620,,https://doi.org/10.1016/J.AQREP.2021.100620
40074429_ref5,40074429,5,Do plasticity in gene expression and physiological responses in Palaemonid prawns facilitate adaptive response to different osmotic challenges?,Comp Biochem Physiol A Mol Integr Physiol,2021,10.1016/J.CBPA.2020.110810,33022410,https://doi.org/10.1016/J.CBPA.2020.110810
40074429_ref6,40074429,6,Exploring the antiviral potential of paeonol from medicinal plants: a promising strategy for controlling white spot syndrome virus,Aquaculture,2024,10.1016/J.AQUACULTURE.2024.740623,,https://doi.org/10.1016/J.AQUACULTURE.2024.740623
40074429_ref7,40074429,7,Structural modelling and preventive strategy targeting of WSSV hub proteins to combat viral infection in shrimp Penaeus monodon,PLoS One,2024,10.1371/JOURNAL.PONE.0307976,39074084,https://doi.org/10.1371/JOURNAL.PONE.0307976
40074429_ref8,40074429,8,"Verbruggen B, Bickley LK, van Aerle R, et al. Molecular Mechanisms of White Spot Syndrome Virus Infection and Perspectives on Treatments. Viruses 2016, Vol 8, Page 23. 2016;8(1):23. doi:10.3390/V8010023. 10.3390/v8010023 PMC4728583 26797629",,,10.3390/v8010023,26797629,https://doi.org/10.3390/v8010023
40074429_ref9,40074429,9,Molecular identification of white spot syndrome virus(WSSV)and associated risk factors for white spot disease(WSD)prevalence in shrimp(Penaeus monodon)aquaculture in Bangladesh,J Invertebr Pathol,2021,10.1016/J.JIP.2021.107535,33516723,https://doi.org/10.1016/J.JIP.2021.107535
40074429_ref10,40074429,10,"Causative agent, diagnosis and management of white spot disease in shrimp: a review",Rev Aquac,2020,10.1111/RAQ.12352,,https://doi.org/10.1111/RAQ.12352
40074429_ref11,40074429,11,"Kumer A, Chakma U, Rana MM, et al. Investigation of the New Inhibitors by Sulfadiazine and Modified Derivatives of α-D-glucopyranoside for White Spot Syndrome Virus Disease of Shrimp by In Silico: Quantum Calculations, Molecular Docking, ADMET and Molecular Dynamics Study. Molecules 2022, 27, 3694. 2022;27(12):3694. doi:10.3390/MOLECULES27123694. 10.3390/molecules27123694 PMC9228161 35744817",,,10.3390/molecules27123694,35744817,https://doi.org/10.3390/molecules27123694
40074429_ref12,40074429,12,Computational identification of self-inhibitory peptides from white spot syndrome virus envelope protein VP28,Aquac Rep.,2019,10.1016/J.AQREP.2019.100195,32289063,https://doi.org/10.1016/J.AQREP.2019.100195
40074429_ref13,40074429,13,Lessons in self-defence: inhibition of virus entry by intrinsic immunity,Nat Rev Immunol,"2021 22:6. 2021,",10.1038/s41577-021-00626-8,34646033,https://doi.org/10.1038/s41577-021-00626-8
40074429_ref14,40074429,14,Generation of microalga Chlamydomonas reinhardtii expressing VP28 protein as oral vaccine candidate for shrimps against White Spot Syndrome Virus(WSSV)infection,Aquaculture,2021,10.1016/J.AQUACULTURE.2021.736737,,https://doi.org/10.1016/J.AQUACULTURE.2021.736737
40074429_ref15,40074429,15,Challenges and prospects of Viral Envelope protein VP28-based control strategies to combat white spot syndrome virus in penaeid shrimps: a review,Rev Aquac,2021,10.1111/RAQ.12497,,https://doi.org/10.1111/RAQ.12497
40074429_ref16,40074429,16,Molecular characterization of a novel white spot syndrome virus response protein(dubbed LvWRP)from Litopenaeus vannamei,Dev Comp Immunol,2019,10.1016/J.DCI.2019.04.013,31051195,https://doi.org/10.1016/J.DCI.2019.04.013
40074429_ref17,40074429,17,Interaction between shrimp and white spot syndrome virus through PmRab7-VP28 complex: an insight using simulation and docking studies,J Mol Model,2013,10.1007/S00894-012-1672-0/FIGURES/12,23179770,https://doi.org/10.1007/S00894-012-1672-0/FIGURES/12
40074429_ref18,40074429,18,Identification of phytochemical compounds to inhibit the matrix-like linker protein VP26 to block the assembles of white spot syndrome virus(WSSV)envelope and nucleocapsid protein of marine shrimp: in silico approach,J King Saud Univ Sci.,2022,10.1016/J.JKSUS.2022.102346,,https://doi.org/10.1016/J.JKSUS.2022.102346
40074429_ref19,40074429,19,Crystal structures of major envelope proteins VP26 and VP28 from white spot syndrome virus shed light on their evolutionary relationship,J Virol,2007,10.1128/JVI.02505-06/ASSET/CF614625-9166-4938-8237-B1EF9EC00F3E/ASSETS/GRAPHIC/ZJV0120792390006.JPEG,17409146,https://doi.org/10.1128/JVI.02505-06/ASSET/CF614625-9166-4938-8237-B1EF9EC00F3E/ASSETS/GRAPHIC/ZJV0120792390006.JPEG
40074429_ref20,40074429,20,Molecular docking and simulation studies of Phyllanthus amarus phytocompounds against structural and nucleocapsid proteins of white spot syndrome virus. 3,Biotech,2017,10.1007/S13205-017-0938-8/METRICS,29062674,https://doi.org/10.1007/S13205-017-0938-8/METRICS
40074429_ref21,40074429,21,"Devi MB, Assumi SR, Talang HD, Vanlalruati, Bhadrecha P. Medicinal Plants and Herbs: Fortune for Antiviral Drug Discovery. Promising Antiviral Herbal and Medicina l Plants. Published online January 1, 2024:37-50. doi:10.1201/9781003329169-3/MEDICINAL-PLANTS-HERBS-BILASHINI-DEVI-ASSUMI-TALANG-VANLALRUATI-POOJA-BHADRECHA.",,,,,
40074429_ref22,40074429,22,"AVPCD: a plant-derived medicine database of antiviral phytochemicals for cancer, Covid-19, malaria and HIV",Database,2023,10.1093/DATABASE/BAAD056,37594855,https://doi.org/10.1093/DATABASE/BAAD056
40074429_ref23,40074429,23,Identification of natural antiviral drug candidates against Tilapia Lake Virus: computational drug design approaches,PLoS One,2023,10.1371/JOURNAL.PONE.0287944,37939069,https://doi.org/10.1371/JOURNAL.PONE.0287944
40074429_ref24,40074429,24,Development of small molecules targeting the pseudokinase Her3,Bioorg Med Chem Lett,2015,10.1016/J.BMCL.2015.04.103,26094118,https://doi.org/10.1016/J.BMCL.2015.04.103
40074429_ref25,40074429,25,High-throughput virtual screening of marine algae metabolites as high-affinity inhibitors of ISKNV major capsid protein: an analysis of in-silico models and DFT calculation to find novel drug molecules for fighting infectious spleen and kidney necrosis virus(ISKNV),Heliyon.,2023,10.1016/J.HELIYON.2023.E16383/ASSET/D68EAA14-3C58-4070-BC1C-F2FA77B2ED60/MAIN.ASSETS/FX14.JPG,37292285,https://doi.org/10.1016/J.HELIYON.2023.E16383/ASSET/D68EAA14-3C58-4070-BC1C-F2FA77B2ED60/MAIN.ASSETS/FX14.JPG
40074429_ref26,40074429,26,Analysis of therapeutic targets for SARS-CoV-2 and discovery of potential drugs by computational methods,Acta Pharm Sin B,2020,10.1016/J.APSB.2020.02.008,32292689,https://doi.org/10.1016/J.APSB.2020.02.008
40074429_ref27,40074429,27,Identifying potential compounds from Bacopa monnieri(brahmi)against coxsackievirus A16 RdRp targeting HFM disease(tomato flu),Med Nov Technol Devices.,2023,10.1016/J.MEDNTD.2023.100270,,https://doi.org/10.1016/J.MEDNTD.2023.100270
40074429_ref28,40074429,28,Screening of potential drug from Azadirachta Indica(Neem)extracts for SARS-CoV-2: An insight from molecular docking and MD-simulation studies,J Mol Struct,2021,10.1016/J.MOLSTRUC.2020.129390,33041371,https://doi.org/10.1016/J.MOLSTRUC.2020.129390
40074429_ref29,40074429,29,Molecular Docking of Phytoligands to the viral protein receptor P. monodon Rab7,Bioinformation,2017,10.6026/97320630013116,28539733,https://doi.org/10.6026/97320630013116
40074429_ref30,40074429,30,An update on mechanism of entry of white spot syndrome virus into shrimps,Fish Shellfish Immunol,2017,10.1016/J.FSI.2017.06.007,28587833,https://doi.org/10.1016/J.FSI.2017.06.007
40074429_ref31,40074429,31,The protein data bank,Nucleic Acids Res,2000,10.1093/NAR/28.1.235,10592235,https://doi.org/10.1093/NAR/28.1.235
40074429_ref32,40074429,32,"BIOVIA Discovery Studio | Dassault Systèmes. Accessed October 16, 2024. https://www.3ds.com/products/biovia/discovery-studio.",,,,,https://www.3ds.com/products/biovia/discovery-studio
40074429_ref33,40074429,33,Automated comparative protein structure modeling with SWISS-MODEL and Swiss-PdbViewer: a historical perspective,Electrophoresis,2009,10.1002/ELPS.200900140,19517507,https://doi.org/10.1002/ELPS.200900140
40074429_ref34,40074429,34,IMPPAT 2.0: an enhanced and expanded phytochemical atlas of Indian medicinal plants,ACS Omega,2023,10.1021/ACSOMEGA.3C00156/ASSET/IMAGES/LARGE/AO3C00156_0012.JPEG,36910986,https://doi.org/10.1021/ACSOMEGA.3C00156/ASSET/IMAGES/LARGE/AO3C00156_0012.JPEG
40074429_ref35,40074429,35,"Search the Databases | Dr. Duke’s Phytochemical and Ethnobotanical Databases. Accessed October 16, 2024. https://phytochem.nal.usda.gov/.",,,,,https://phytochem.nal.usda.gov/
40074429_ref36,40074429,36,PubChem 2023 update,Nucleic Acids Res,2023,10.1093/NAR/GKAC956,36305812,https://doi.org/10.1093/NAR/GKAC956
40074429_ref37,40074429,37,Open babel: an open chemical toolbox,J Cheminform.,2011,10.1186/1758-2946-3-33/TABLES/2,21982300,https://doi.org/10.1186/1758-2946-3-33/TABLES/2
40074429_ref38,40074429,38,Small-molecule library screening by docking with PyRx,Methods Mol Biol,2015,10.1007/978-1-4939-2269-7_19,25618350,https://doi.org/10.1007/978-1-4939-2269-7_19
40074429_ref39,40074429,39,CASTp: computed atlas of surface topography of proteins,Nucleic Acids Res,2003,10.1093/NAR/GKG512,12824325,https://doi.org/10.1093/NAR/GKG512
40074429_ref40,40074429,40,Identification of COX-2 inhibitors via structure-based virtual screening and molecular dynamics simulation,J Mol Graph Model,2018,10.1016/J.JMGM.2018.05.010,29936228,https://doi.org/10.1016/J.JMGM.2018.05.010
40074429_ref41,40074429,41,"CB-Dock2: improved protein-ligand blind docking by integrating cavity detection, docking and homologous template fitting",Nucleic Acids Res,2022,10.1093/NAR/GKAC394,35609983,https://doi.org/10.1093/NAR/GKAC394
40074429_ref42,40074429,42,UCSF Chimera–a visualization system for exploratory research and analysis,J Comput Chem,2004,10.1002/JCC.20084,15264254,https://doi.org/10.1002/JCC.20084
40074429_ref43,40074429,43,"Daina A, Michielin O, Zoete V. SwissADME: a free web tool to evaluate pharmacokinetics, drug-likeness and medicinal chemistry friendliness of small molecules. Scientif Rep 2017;7(1):1-13. doi: 10.1038/srep42717. 10.1038/srep42717 PMC5335600 28256516",,,10.1038/srep42717,28256516,https://doi.org/10.1038/srep42717
40074429_ref44,40074429,44,Experimental and computational approaches to estimate solubility and permeability in drug discovery and development settings,Adv Drug Deliv Rev,1997,10.1016/S0169-409X(96)00423-1,11259830,https://doi.org/10.1016/S0169-409X(96)00423-1
40074429_ref45,40074429,45,A knowledge-based approach in designing combinatorial or medicinal chemistry libraries for drug discovery. 1. a qualitative and quantitative characterization of known drug databases,J Comb Chem,1999,10.1021/CC9800071/ASSET/IMAGES/MEDIUM/CC9800071N00001.GIF,10746014,https://doi.org/10.1021/CC9800071/ASSET/IMAGES/MEDIUM/CC9800071N00001.GIF
40074429_ref46,40074429,46,Molecular properties that influence the oral bioavailability of drug candidates,J Med Chem,2002,10.1021/JM020017N/SUPPL_FILE/JM020017N_S.PDF,12036371,https://doi.org/10.1021/JM020017N/SUPPL_FILE/JM020017N_S.PDF
40074429_ref47,40074429,47,Prediction of drug absorption using multivariate statistics,J Med Chem,2000,10.1021/JM000292E/ASSET/IMAGES/MEDIUM/JM000292EN00001.GIF,11052792,https://doi.org/10.1021/JM000292E/ASSET/IMAGES/MEDIUM/JM000292EN00001.GIF
40074429_ref48,40074429,48,Simple selection criteria for drug-like chemical matter,J Med Chem,2001,10.1021/JM015507E/ASSET/IMAGES/MEDIUM/JM015507EN00001.GIF,11384230,https://doi.org/10.1021/JM015507E/ASSET/IMAGES/MEDIUM/JM015507EN00001.GIF
40074429_ref49,40074429,49,In silico ADME/T modelling for rational drug design,Q Rev Biophys,2015,10.1017/S0033583515000190,26328949,https://doi.org/10.1017/S0033583515000190
40074429_ref50,40074429,50,ProTox 3.0: a webserver for the prediction of toxicity of chemicals,Nucleic Acids Res,2024,10.1093/NAR/GKAE303,38647086,https://doi.org/10.1093/NAR/GKAE303
40074429_ref51,40074429,51,"Unveiling potent inhibitors for schistosomiasis through ligand-based drug design, molecular docking, molecular dynamics simulations and pharmacokinetics predictions",PLoS One,2024,10.1371/JOURNAL.PONE.0302390,38923997,https://doi.org/10.1371/JOURNAL.PONE.0302390
40074429_ref52,40074429,52,"Probing the interaction of memantine, an important Alzheimer’s drug, with human serum albumin: in silico and in vitro approach",J Mol Liq,2021,10.1016/J.MOLLIQ.2021.116888,,https://doi.org/10.1016/J.MOLLIQ.2021.116888
40074429_ref53,40074429,53,New ways to boost molecular dynamics simulations,J Comput Chem,2015,10.1002/JCC.23899,25824339,https://doi.org/10.1002/JCC.23899
40074429_ref54,40074429,54,Development and testing of a general amber force field,J Comput Chem,2004,10.1002/JCC.20035,15116359,https://doi.org/10.1002/JCC.20035
40074429_ref55,40074429,55,"Structure and dynamics of TIP3P, TIP4P, and TIP5P water near smooth and atomistic walls of different hydroaffinity",J Chem Phys,2014,10.1063/1.4872239/317226,24811640,https://doi.org/10.1063/1.4872239/317226
40074429_ref56,40074429,56,A smooth particle mesh Ewald method,J Chem Phys,1995,10.1063/1.470117,,https://doi.org/10.1063/1.470117
40074429_ref57,40074429,57,Antimalarial drug discovery against malaria parasites through haplopine modification: an advanced computational approach,J Cell Mol Med,2023,10.1111/JCMM.17940,37724615,https://doi.org/10.1111/JCMM.17940
40074429_ref58,40074429,58,Anti-parasitic drug discovery against Babesia microti by natural compounds: an extensive computational drug design approach,Front Cell Infect Microbiol,2023,10.3389/FCIMB.2023.1222913/BIBTEX,37662005,https://doi.org/10.3389/FCIMB.2023.1222913/BIBTEX
40074429_ref59,40074429,59,The MM/PBSA and MM/GBSA methods to estimate ligand-binding affinities,Expert Opin Drug Discov,2015,10.1517/17460441.2015.1032936,25835573,https://doi.org/10.1517/17460441.2015.1032936
40074429_ref60,40074429,60,Anti-parasitic drug discovery against Babesia microti by natural compounds: an extensive computational drug design approach,Front Cell Infect Microbiol,2023,10.3389/FCIMB.2023.1222913,37662005,https://doi.org/10.3389/FCIMB.2023.1222913
40074429_ref61,40074429,61,In silico identification and validation of natural antiviral compounds as potential inhibitors of SARS-CoV-2 methyltransferase,J Biomol Struct Dyn,2022,10.1080/07391102.2021.1886174,33583328,https://doi.org/10.1080/07391102.2021.1886174
40074429_ref62,40074429,62,Ligand-based drug design against Herpes Simplex Virus-1 capsid protein by modification of limonene through in silico approaches,Sci Rep,2024,10.1038/S41598-024-59577-4/MEDIAOBJECTS/41598_2024_59577_MOESM1_ESM.DOCX,38684729,https://doi.org/10.1038/S41598-024-59577-4/MEDIAOBJECTS/41598_2024_59577_MOESM1_ESM.DOCX
40074429_ref63,40074429,63,Ligand-based drug design against Herpes Simplex Virus-1 capsid protein by modification of limonene through in silico approaches,Scientif Rep,2024,10.1038/s41598-024-59577-4,38684729,https://doi.org/10.1038/s41598-024-59577-4
40074429_ref64,40074429,64,"Virtual screening, ADMET prediction and dynamics simulation of potential compounds targeting the main protease of SARS-CoV-2",J Biomol Struct Dyn,2021,10.1080/07391102.2020.1796812,32715956,https://doi.org/10.1080/07391102.2020.1796812
40074429_ref65,40074429,65,In silico prediction of chemical toxicity for drug design using machine learning methods and structural alerts,Front Chem,2018,10.3389/FCHEM.2018.00030/BIBTEX,29515993,https://doi.org/10.3389/FCHEM.2018.00030/BIBTEX
40074429_ref66,40074429,66,Modulating the antibacterial effect of the existing antibiotics along with repurposing drug metformin,Arch Microbiol,2024,10.1007/S00203-024-03917-5,38519821,https://doi.org/10.1007/S00203-024-03917-5
40074429_ref67,40074429,67,"Unveiling the potential of phytochemicals to inhibit nuclear receptor binding SET domain protein 2 for cancer: Pharmacophore screening, molecular docking, ADME properties, and molecular dynamics simulation investigations",PLoS One,2024,10.1371/JOURNAL.PONE.0308913,39163297,https://doi.org/10.1371/JOURNAL.PONE.0308913
40074429_ref68,40074429,68,Toward the identification of natural antiviral drug candidates against Merkel cell polyomavirus: computational drug design approaches,Pharmaceuticals.,2022,10.3390/PH15050501/S1,35631328,https://doi.org/10.3390/PH15050501/S1
40074429_ref69,40074429,69,Natural flavonoids effectively block the CD81 receptor of hepatocytes and inhibit HCV infection: a computational drug development approach,Mol Divers,2023,10.1007/S11030-022-10491-9,35821161,https://doi.org/10.1007/S11030-022-10491-9
39796007_ref1,39796007,1,Coronavirus Disease(COVID-19)Dashboard,,,,,https://covid19.who.int/
39796007_ref2,39796007,2,"Insights into SARS-CoV-2 genome, structure, evolution, pathogenesis and therapies: Structural genomics approach",Biochim. Biophys. Acta Mol. Basis Dis.,2020,10.1016/j.bbadis.2020.165878,32544429,https://doi.org/10.1016/j.bbadis.2020.165878
39796007_ref3,39796007,3,"SARS-CoV-2: Structure, Biology, and Structure-Based Therapeutics Development",Front. Cell Infect. Microbiol.,2020,10.3389/fcimb.2020.587269,33324574,https://doi.org/10.3389/fcimb.2020.587269
39796007_ref4,39796007,4,SARS-CoV-2 and bat RaTG13 spike glycoprotein structures inform on virus evolution and furin-cleavage effects,Nat. Struct. Mol. Biol.,2020,10.1038/s41594-020-0468-7,32647346,https://doi.org/10.1038/s41594-020-0468-7
39796007_ref5,39796007,5,Monitoring of SARS-CoV-2 Infection in Ragusa Area: Next Generation Sequencing and Serological Analysis,Int. J. Mol. Sci.,2023,10.3390/ijms24054742,36902172,https://doi.org/10.3390/ijms24054742
39796007_ref6,39796007,6,COVID-19 vaccines-The way forward,Allergy,2022,10.1111/all.14995,34191300,https://doi.org/10.1111/all.14995
39796007_ref7,39796007,7,"Structure, Function, and Antigenicity of the SARS-CoV-2 Spike Glycoprotein",Cell,2020,10.1016/j.cell.2020.02.058,32155444,https://doi.org/10.1016/j.cell.2020.02.058
39796007_ref8,39796007,8,Receptor binding and priming of the spike protein of SARS-CoV-2 for membrane fusion,Nature,2020,10.1038/s41586-020-2772-0,32942285,https://doi.org/10.1038/s41586-020-2772-0
39796007_ref9,39796007,9,"SARS-CoV-2 spike protein: Pathogenesis, vaccines, and potential therapies",Infection,2021,10.1007/s15010-021-01677-8,34339040,https://doi.org/10.1007/s15010-021-01677-8
39796007_ref10,39796007,10,SARS-CoV-2 Virus−Host Interaction: Currently Available Structures and Implications of Variant Emergence on Infectivity and Immune Response,Int. J. Mol. Sci.,2021,10.3390/ijms221910836,34639178,https://doi.org/10.3390/ijms221910836
39796007_ref11,39796007,11,"SARS-CoV-2 variants, spike mutations and immune escape",Nat. Rev. Microbiol.,2021,10.1038/s41579-021-00573-0,34075212,https://doi.org/10.1038/s41579-021-00573-0
39796007_ref12,39796007,12,Cryo-EM Structures of SARS-CoV-2 Spike without and with ACE2 Reveal a pH-Dependent Switch to Mediate Endosomal Positioning of Receptor-Binding Domains,Cell Host Microbe,2020,10.1016/j.chom.2020.11.004,33271067,https://doi.org/10.1016/j.chom.2020.11.004
39796007_ref13,39796007,13,Arachidonic acid as a bioactive molecule,J. Clin. Investig.,2001,10.1172/JCI13210,11390413,https://doi.org/10.1172/JCI13210
39796007_ref14,39796007,14,Synthetic virions reveal fatty acid-coupled adaptive immunogenicity of SARS-CoV-2 spike glycoprotein,Nat. Commun.,2022,10.1038/s41467-022-28446-x,35165285,https://doi.org/10.1038/s41467-022-28446-x
39796007_ref15,39796007,15,Free fatty acid binding pocket in the locked structure of SARS-CoV-2 spike protein,Science,2020,10.1126/science.abd3255,32958580,https://doi.org/10.1126/science.abd3255
39796007_ref16,39796007,16,Exploring the Fatty Acid Binding Pocket in the SARS-CoV-2 Spike Protein—Confirmed and Potential Ligands,J. Chem. Inf. Model.,2023,10.1021/acs.jcim.3c00803,37991468,https://doi.org/10.1021/acs.jcim.3c00803
39796007_ref17,39796007,17,The free fatty acid–binding pocket is a conserved hallmark in pathogenic β-coronavirus spike proteins from SARS-CoV to Omicron,Sci. Adv.,2022,10.1126/sciadv.adc9179,36417532,https://doi.org/10.1126/sciadv.adc9179
39796007_ref18,39796007,18,"Glide: A New Approach for Rapid, Accurate Docking and Scoring",1. Method and Assessment of Docking Accuracy. J. Med. Chem.,2004,10.1021/jm0306430,15027865,https://doi.org/10.1021/jm0306430
39796007_ref19,39796007,19,Extra Precision Glide: Docking and Scoring Incorporating a Model of Hydrophobic Enclosure for Protein−Ligand Complexes,J. Med. Chem.,2006,10.1021/jm051256o,17034125,https://doi.org/10.1021/jm051256o
39796007_ref20,39796007,20,Empirical scoring functions for advanced protein-ligand docking with PLANTS,J. Chem. Inf. Model.,2009,10.1021/ci800298z,19125657,https://doi.org/10.1021/ci800298z
39796007_ref21,39796007,21,"OpenEye, OEDOCKING 4.3.1.0",,,,,http://www.eyesopen.com.
39796007_ref22,39796007,22,Computational Studies towards the Identification of Novel Rhodopsin-Binding Compounds as Chemical Chaperones for Misfolded Opsins,Molecules,2020,10.3390/molecules25214904,33114011,https://doi.org/10.3390/molecules25214904
39796007_ref23,39796007,23,Polyunsaturated ω-3 fatty acids inhibit ACE2-controlled SARS-CoV-2 binding and cellular entry,Sci. Rep.,2021,10.1038/s41598-021-84850-1,33664446,https://doi.org/10.1038/s41598-021-84850-1
39796007_ref24,39796007,24,Palmitoylethanolamide(PEA)Inhibits SARS-CoV-2 Entry by Interacting with S Protein and ACE-2 Receptor,Viruses,2022,10.3390/v14051080,35632821,https://doi.org/10.3390/v14051080
39796007_ref25,39796007,25,"ISO 10993-5:2009 Biological Evaluation of Medical Devices—Part 5: Tests for In Vitro Cytotoxicity International Organization for Standardization Geneva, Switzerland 2009",Biological Evaluation of Medical Devices—Part 5: Tests for In Vitro Cytotoxicity,2009,,,
39796007_ref26,39796007,26,"SwissADME: A free web tool to evaluate pharmacokinetics, drug-likeness and medicinal chemistry friendliness of small molecules",Sci. Rep.,2017,10.1038/srep42717,28256516,https://doi.org/10.1038/srep42717
39796007_ref27,39796007,27,"Viability Reagent, PrestoBlue, in Comparison with Other Available Reagents, Utilized in Cytotoxicity and Antimicrobial Assays",Int. J. Microbiol.,2013,10.1155/2013/420601,23653650,https://doi.org/10.1155/2013/420601
39796007_ref28,39796007,28,Effect of DMSO on the Mechanical and Structural Properties of Model and Biological Membranes,Biophys. J.,2020,10.1016/j.bpj.2020.05.037,32610089,https://doi.org/10.1016/j.bpj.2020.05.037
39796007_ref29,39796007,29,SPECS Library,,,,,https://www.specs.net/
39796007_ref30,39796007,30,SARS-CoV-2 Spike Trimer(S1 + S2):ACE2 Inhibitor Screening Colorimetric Assay Kit,,,,,https://bpsbioscience.com/sars-cov-2-spike-trimer-s1-s2-mutant-ace2-inhibitor-screening-colorimetric-assay-kit-79999
39796007_ref31,39796007,31,Cryo-EM structure of the 2019-nCoV spike in the prefusion conformation,Science,2020,10.1126/science.abb2507,32075877,https://doi.org/10.1126/science.abb2507
39744090_ref1,39744090,1,Stabilizing biocatalysts,Chem Soc Rev,2013,10.1039/c3cs60137d,23807146,https://doi.org/10.1039/c3cs60137d
39744090_ref2,39744090,2,Directed evolution of an efficient and thermostable PET depolymerase,Nat Catal,2022,,,
39744090_ref3,39744090,3,The state‐of‐the‐art strategies of protein engineering for enzyme stabilization,Biotech Adv,2019,10.1016/j.biotechadv.2018.10.011,31138425,https://doi.org/10.1016/j.biotechadv.2018.10.011
39744090_ref4,39744090,4,Thermostability engineering of industrial enzymes through structure modification,Appl Microbiol Biotechnol,2022,10.1007/s00253-022-12067-x,35804158,https://doi.org/10.1007/s00253-022-12067-x
39744090_ref5,39744090,5,Engineering the third wave of biocatalysis,Nature,2012,10.1038/nature11117,22575958,https://doi.org/10.1038/nature11117
39744090_ref6,39744090,6,Biocatalysis engineering: the big picture,Chem Soc Rev,2017,10.1039/c6cs00854b,28287660,https://doi.org/10.1039/c6cs00854b
39744090_ref7,39744090,7,Rational design to improve protein thermostability: recent advances and prospects,ChemBioEng Rev,2015,,,
39744090_ref8,39744090,8,Engineering monolignol 4‐O‐methyltransferases to modulate lignin biosynthesis,J Biol Chem,2010,10.1074/jbc.M109.036673,19875443,https://doi.org/10.1074/jbc.M109.036673
39744090_ref9,39744090,9,Machine‐learning‐guided directed evolution for protein engineering,Nat Methods,2019,10.1038/s41592-019-0496-6,31308553,https://doi.org/10.1038/s41592-019-0496-6
39744090_ref10,39744090,10,Protein design is NP‐hard,Protein Eng Des Sel,2002,10.1093/protein/15.10.779,12468711,https://doi.org/10.1093/protein/15.10.779
39744090_ref11,39744090,11,Learning protein fitness landscapes with deep mutational scanning data from multiple sources,Cell Syst,2023,10.1016/j.cels.2023.07.003,37591206,https://doi.org/10.1016/j.cels.2023.07.003
39744090_ref12,39744090,12,Engineering improved thermostability of the GH11 xylanase from Neocallimastix patriciarum via computational library design,Appl Microbiol Biotechnol,2018,10.1007/s00253-018-8872-1,29500753,https://doi.org/10.1007/s00253-018-8872-1
39744090_ref13,39744090,13,Thermostability improvement of the glucose oxidase from Aspergillus niger for efficient gluconic acid production via computational design,Int J Biiol Macromol,2019,10.1016/j.ijbiomac.2019.06.094,31202848,https://doi.org/10.1016/j.ijbiomac.2019.06.094
39744090_ref14,39744090,14,Computational redesign of a PETase for plastic biodegradation under ambient condition by the GRAPE strategy,ACS Catal,2021,,,
39744090_ref15,39744090,15,The utility of fitness landscapes and big data for predicting evolution,Heredity,2018,10.1038/s41437-018-0128-4,30127530,https://doi.org/10.1038/s41437-018-0128-4
39744090_ref16,39744090,16,"Learning from protein fitness landscapes: a review of mutability, epistasis, and evolution",Curr Opin Syst Biol,2019,,,
39744090_ref17,39744090,17,Pervasive epistasis exposes intramolecular networks in adaptive enzyme evolution,Nat Commun,2023,10.1038/s41467-023-44333-5,38129396,https://doi.org/10.1038/s41467-023-44333-5
39744090_ref18,39744090,18,Learning epistasis and residue coevolution patterns: current trends and future perspectives for advancing enzyme engineering,ACS Catal,2022,,,
39744090_ref19,39744090,19,Epistasis in protein evolution,Prot Sci,2016,10.1002/pro.2897,26833806,https://doi.org/10.1002/pro.2897
39744090_ref20,39744090,20,Network of epistatic interactions in an enzyme active site revealed by large‐scale deep mutational scanning,Proc Natl Acad Sci USA,2024,10.1073/pnas.2313513121,38483989,https://doi.org/10.1073/pnas.2313513121
39744090_ref21,39744090,21,How mutational epistasis impairs predictability in protein evolution and design,Prot Sci,2016,10.1002/pro.2876,26757214,https://doi.org/10.1002/pro.2876
39744090_ref22,39744090,22,Biological structure and function emerge from scaling unsupervised learning to 250 million protein sequences,Proc Natl Acad Sci USA,2021,10.1073/pnas.2016239118,33876751,https://doi.org/10.1073/pnas.2016239118
39744090_ref23,39744090,23,Evolutionary‐scale prediction of atomic‐level protein structure with a language model,Science,2023,10.1126/science.ade2574,36927031,https://doi.org/10.1126/science.ade2574
39744090_ref24,39744090,24,Prottrans: toward understanding the language of life through self‐supervised learning,IEEE Trans Pattern Anal Mach Intell,2022,10.1109/TPAMI.2021.3095381,34232869,https://doi.org/10.1109/TPAMI.2021.3095381
39744090_ref25,39744090,25,Large language models generate functional protein sequences across diverse families,Nat Biotechnol,2023,10.1038/s41587-022-01618-2,36702895,https://doi.org/10.1038/s41587-022-01618-2
39744090_ref26,39744090,26,xTrimoPGLM: unified 100B‐Scale pre‐trained transformer for deciphering the language of protein,,2024,10.48550/arXiv.2401.06199,,https://doi.org/10.48550/arXiv.2401.06199
39744090_ref27,39744090,27,Protein design and variant prediction using autoregressive generative models,Nat Commun,2021,10.1038/s41467-021-22732-w,33893299,https://doi.org/10.1038/s41467-021-22732-w
39744090_ref28,39744090,28,UniProt: the universal protein knowledgebase in 2023,Nucleic Acids Res,2022,10.1093/nar/gkac1052,36408920,https://doi.org/10.1093/nar/gkac1052
39744090_ref29,39744090,29,Pfam: the protein families database in 2021,Nucleic Acids Res,2021,10.1093/nar/gkaa913,33125078,https://doi.org/10.1093/nar/gkaa913
39744090_ref30,39744090,30,ECNet is an evolutionary context‐integrated deep learning framework for protein engineering,Nat Commun,2021,10.1038/s41467-021-25976-8,34593817,https://doi.org/10.1038/s41467-021-25976-8
39744090_ref31,39744090,31,Rapid protein stability prediction using deep learning representations,eLife,2023,10.7554/eLife.82593,37184062,https://doi.org/10.7554/eLife.82593
39744090_ref32,39744090,32,Ensemble learning with supervised methods based on Large‐Scale protein language models for protein mutation effects prediction,Int J Mol Sci,2023,10.3390/ijms242216496,38003686,https://doi.org/10.3390/ijms242216496
39744090_ref33,39744090,33,A general temperature‐guided language model to design proteins of enhanced stability and activity,Sci Adv,2024,10.1126/sciadv.adr2641,39602544,https://doi.org/10.1126/sciadv.adr2641
39744090_ref34,39744090,34,Biochemical and molecular characterization of a novel high activity creatine amidinohydrolase from Arthrobacter nicotianae strain 02181,Process Biochem,2009,,,
39744090_ref35,39744090,35,Improved thermostability of creatinase from Alcaligenes faecalis through non‐biased phylogenetic consensus‐guided mutagenesis,Microb Cell Fact,2020,10.1186/s12934-020-01451-9,33069232,https://doi.org/10.1186/s12934-020-01451-9
39744090_ref36,39744090,36,Understanding activity‐stability tradeoffs in biocatalysts by enzyme proximity sequencing,Nat Commun,2024,10.1038/s41467-024-45630-3,38418512,https://doi.org/10.1038/s41467-024-45630-3
39744090_ref37,39744090,37,Large‐scale biophysical evaluation of protein PEGylation effects: in vitro properties of 61 protein entities,Mol Pharmaceutics,2016,10.1021/acs.molpharmaceut.6b00049,27043713,https://doi.org/10.1021/acs.molpharmaceut.6b00049
39744090_ref38,39744090,38,Entropic contribution to enhanced thermal stability in the thermostable P450 CYP119,Proc Natl Acad Sci USA,2018,10.1073/pnas.1807473115,30297413,https://doi.org/10.1073/pnas.1807473115
39744090_ref39,39744090,39,Creatinase: using increased entropy to improve the activity and thermostability,J Phys Chem B,2023,10.1021/acs.jpcb.2c08062,36926920,https://doi.org/10.1021/acs.jpcb.2c08062
39744090_ref40,39744090,40,Engineering of methionine sulfoxide reductase A with simultaneously improved stability and activity for kinetic resolution of chiral sulfoxides,Int J Biiol Macromol,2024,10.1016/j.ijbiomac.2024.129540,38244733,https://doi.org/10.1016/j.ijbiomac.2024.129540
39744090_ref41,39744090,41,Improving the thermostability of alginate lyase FlAlyA with high expression by computer‐aided rational design for industrial preparation of alginate oligosaccharides,Front Bioeng Biotechnol,2022,10.3389/fbioe.2022.1011273,36159669,https://doi.org/10.3389/fbioe.2022.1011273
39744090_ref42,39744090,42,Crucial role of pro 257 in the thermostability of Bacillus phytases: biochemical and structural investigation,Int J Biiol Macromol,2013,10.1016/j.ijbiomac.2012.11.020,23178368,https://doi.org/10.1016/j.ijbiomac.2012.11.020
39744090_ref43,39744090,43,Epistasis—the essential role of gene interactions in the structure and evolution of genetic systems,Nat Rev Genet,2008,10.1038/nrg2452,18852697,https://doi.org/10.1038/nrg2452
39744090_ref44,39744090,44,Epistasis shapes the fitness landscape of an allosteric specificity switch,Nat Commun,2021,10.1038/s41467-021-25826-7,34548494,https://doi.org/10.1038/s41467-021-25826-7
39744090_ref45,39744090,45,Enhanced thermostability of xylanase XynA via computationally designed assembly of multiple n‐terminal disulfide bridges,Process Biochem,2024,,,
39744090_ref46,39744090,46,The crucial role of methodology development in directed evolution of selective enzymes,Angew Chem Int Ed,2020,10.1002/anie.201901491,31267627,https://doi.org/10.1002/anie.201901491
39744090_ref47,39744090,47,Engineered enzymes for the synthesis of pharmaceuticals and other high‐value products,Nat Synthesis,2024,,,
39744090_ref48,39744090,48,A continuing career in biocatalysis: frances H. Arnold,ACS Catal,2019,10.1021/acscatal.9b02737,32728486,https://doi.org/10.1021/acscatal.9b02737
39744090_ref49,39744090,49,Structure‐guided SCHEMA recombination generates diverse chimeric channelrhodopsins,Proc Natl Acad Sci USA,2017,10.1073/pnas.1700269114,28283661,https://doi.org/10.1073/pnas.1700269114
39744090_ref50,39744090,50,Strategies for the discovery and engineering of enzymes for biocatalysis,Curr Opin Chem Biol,2013,10.1016/j.cbpa.2013.02.022,23523243,https://doi.org/10.1016/j.cbpa.2013.02.022
39744090_ref51,39744090,51,Computer‐assisted recombination(CompassR)teaches us how to recombine beneficial substitutions from directed evolution campaigns,Chem A Eur J,2020,10.1002/chem.201903994,31553080,https://doi.org/10.1002/chem.201903994
39744090_ref52,39744090,52,Informed training set design enables efficient machine learning‐assisted directed protein evolution,Cell Syst,2021,10.1016/j.cels.2021.07.008,34416172,https://doi.org/10.1016/j.cels.2021.07.008
39744090_ref53,39744090,53,Coupled molecular dynamics mediate long‐ and short‐range epistasis between mutations that affect stability and aggregation kinetics,Proc Natl Acad Sci USA,2018,10.1073/pnas.1810324115,30404916,https://doi.org/10.1073/pnas.1810324115
39744090_ref54,39744090,54,Exploiting correlated molecular‐dynamics networks to counteract enzyme activity–stability trade‐off,Proc Natl Acad Sci USA,2018,10.1073/pnas.1812204115,30530661,https://doi.org/10.1073/pnas.1812204115
39744090_ref55,39744090,55,Computation‐aided engineering of starch‐debranching pullulanase from Bacillus thermoleovorans for enhanced thermostability,Appl Microbiol Biotechnol,2020,10.1007/s00253-020-10764-z,32632476,https://doi.org/10.1007/s00253-020-10764-z
39744090_ref56,39744090,56,Machine learning‐aided engineering of hydrolases for PET depolymerization,Nature,2022,10.1038/s41586-022-04599-z,35478237,https://doi.org/10.1038/s41586-022-04599-z
39744090_ref57,39744090,57,SESNet: sequence‐structure feature‐integrated deep learning method for data‐efficient protein engineering,J Cheminf,2023,10.1186/s13321-023-00688-x,36737798,https://doi.org/10.1186/s13321-023-00688-x
39744090_ref58,39744090,58,EigenFold: generative protein structure prediction with diffusion models,ArXiv,2023,10.48550/arXiv.2304.021,,https://doi.org/10.48550/arXiv.2304.021
39744090_ref59,39744090,59,Direct generation of protein conformational ensembles via machine learning,Nat Commun,2023,10.1038/s41467-023-36443-x,36774359,https://doi.org/10.1038/s41467-023-36443-x
39744090_ref60,39744090,60,Genome‐wide CRISPR off‐target prediction and optimization using RNA‐DNA interaction fingerprints,Nat Commun,2023,10.1038/s41467-023-42695-4,37980345,https://doi.org/10.1038/s41467-023-42695-4
39744090_ref61,39744090,61,Optimization of protein purification and characterization using Thermofluor screens,Protein Expr Purif,2013,10.1016/j.pep.2013.08.002,23948764,https://doi.org/10.1016/j.pep.2013.08.002
39744090_ref62,39744090,62,Extraction of thermodynamic parameters of protein unfolding using parallelized differential scanning fluorimetry,J Phys Chem Lett,2017,10.1021/acs.jpclett.6b02894,28067526,https://doi.org/10.1021/acs.jpclett.6b02894
39744090_ref63,39744090,63,Chapter Two ‐ A beginner's guide to molecular dynamics simulations and the identification of cross‐correlation networks for enzyme engineering,,2020,10.1016/bs.mie.2020.04.020,32896280,https://doi.org/10.1016/bs.mie.2020.04.020
39744090_ref64,39744090,64,Integrating protein structural dynamics and evolutionary analysis with Bio3D,BMC Bioinformatics,2014,10.1186/s12859-014-0399-6,25491031,https://doi.org/10.1186/s12859-014-0399-6
39744090_ref65,39744090,65,VMD: visual molecular dynamics,J Mol Graphics,1996,10.1016/0263-7855(96)00018-5,8744570,https://doi.org/10.1016/0263-7855(96)00018-5
39707350_ref1,39707350,1,"To KKW, Sridhar S, Chiu KHY, Hung DLL, Li X, Hung IFN, et al. Lessons learned 1 year after SARS-CoV-2 emergence leading to COVID-19 pandemic. Emerg Microbes Infect. 2021;10:507–35. 10.1080/22221751.2021.1898291. 33666147 10.1080/22221751.2021.1898291 PMC8006950",,,10.1080/22221751.2021.1898291,33666147,https://doi.org/10.1080/22221751.2021.1898291
39707350_ref2,39707350,2,"COVID-Coronavirus Statistics: Worldometer n.d. https://www.worldometers.info/coronavirus/. Accessed Mar 13, 2023.",,,,,https://www.worldometers.info/coronavirus/
39707350_ref3,39707350,3,"Khan RU, Almakdi S, Alshehri M, Kumar R, Ali I, Hussain SM, et al. Probabilistic Approach to COVID-19 data analysis and forecasting future outbreaks using a multi-layer perceptron neural network. Diagnostics. 2022;12:2539. 10.3390/diagnostics12102539. 36292228 10.3390/diagnostics12102539 PMC9600455",,,10.3390/diagnostics12102539,36292228,https://doi.org/10.3390/diagnostics12102539
39707350_ref4,39707350,4,"Tao K, Tzou PL, Nouhin J, Gupta RK, de Oliveira T, Kosakovsky Pond SL, et al. The biological and clinical significance of emerging SARS-CoV-2 variants. Nat Rev Genet. 2021;22:757–73. 10.1038/s41576-021-00408-x. 34535792 10.1038/s41576-021-00408-x PMC8447121",,,10.1038/s41576-021-00408-x,34535792,https://doi.org/10.1038/s41576-021-00408-x
39707350_ref5,39707350,5,"Jackson CB, Farzan M, Chen B, Choe H. Mechanisms of SARS-CoV-2 entry into cells. Nat Rev Mol Cell Biol. 2022;23:3–20. 10.1038/s41580-021-00418-x. 34611326 10.1038/s41580-021-00418-x PMC8491763",,,10.1038/s41580-021-00418-x,34611326,https://doi.org/10.1038/s41580-021-00418-x
39707350_ref6,39707350,6,"Beheshtirouy S, Khani E, Khiali S, Entezari-Maleki T. Investigational antiviral drugs for the treatment of COVID-19 patients. Arch Virol. 2022;167:751–805. 10.1007/s00705-022-05368-z. 35138438 10.1007/s00705-022-05368-z",,,10.1007/s00705-022-05368-z,35138438,https://doi.org/10.1007/s00705-022-05368-z
39707350_ref7,39707350,7,Kim S. COVID-19 Drug Development 2022; 32:1–5. 10.4014/jmb.2110.10029. 10.4014/jmb.2110.10029 PMC9628783 34866128,,,10.4014/jmb.2110.10029,34866128,https://doi.org/10.4014/jmb.2110.10029
39707350_ref8,39707350,8,Commissioner O of the. Know Your Treatment Options for COVID-19. FDA 2023.,,,,,
39707350_ref9,39707350,9,"Research C for DE and. Coronavirus(COVID-19)| Drugs. FDA 2023. https://www.fda.gov/drugs/emergency-preparedness-drugs/coronavirus-covid-19-drugs. Accessed Mar 13, 2023.",,,,,https://www.fda.gov/drugs/emergency-preparedness-drugs/coronavirus-covid-19-drugs
39707350_ref10,39707350,10,"Veklury Side Effects: Common, Severe, Long Term. DrugsCom n.d. https://www.drugs.com/sfx/veklury-side-effects.html. Accessed Sept 18, 2023.",,,,,https://www.drugs.com/sfx/veklury-side-effects.html
39707350_ref11,39707350,11,"Olumiant Side Effects: Common, Severe, Long Term. DrugsCom n.d. https://www.drugs.com/sfx/olumiant-side-effects.html. Accessed Sept 18, 2023.",,,,,https://www.drugs.com/sfx/olumiant-side-effects.html
39707350_ref12,39707350,12,"Yang H, Rao Z. Structural biology of SARS-CoV-2 and implications for therapeutic development. Nat Rev Microbiol. 2021;19:685–700. 10.1038/s41579-021-00630-8. 34535791 10.1038/s41579-021-00630-8 PMC8447893",,,10.1038/s41579-021-00630-8,34535791,https://doi.org/10.1038/s41579-021-00630-8
39707350_ref13,39707350,13,"Sabbah DA, Hajjo R, Bardaweel SK, Zhong HA. An updated review on SARS-CoV-2 main proteinase(MPro): protein structure and small-molecule inhibitors. Curr Top Med Chem. 2021;21:442–60. 33292134 10.2174/1568026620666201207095117",,,10.2174/1568026620666201207095117,33292134,https://doi.org/10.2174/1568026620666201207095117
39707350_ref14,39707350,14,"Ullrich S, Nitsche C. The SARS-CoV-2 main protease as drug target. Bioorg Med Chem Lett. 2020;30:127377. 10.1016/j.bmcl.2020.127377. 32738988 10.1016/j.bmcl.2020.127377 PMC7331567",,,10.1016/j.bmcl.2020.127377,32738988,https://doi.org/10.1016/j.bmcl.2020.127377
39707350_ref15,39707350,15,"Boopathi S, Poma AB, Kolandaivel P. Novel 2019 coronavirus structure, mechanism of action, antiviral drug promises and rule out against its treatment. J Biomol Struct Dyn. 2021;39:3409–18. 10.1080/07391102.2020.1758788. 32306836 10.1080/07391102.2020.1758788 PMC7196923",,,10.1080/07391102.2020.1758788,32306836,https://doi.org/10.1080/07391102.2020.1758788
39707350_ref16,39707350,16,"Arya R, Kumari S, Pandey B, Mistry H, Bihani SC, Das A, et al. Structural insights into SARS-CoV-2 proteins. J Mol Biol. 2021;433:166725. 10.1016/j.jmb.2020.11.024. 33245961 10.1016/j.jmb.2020.11.024 PMC7685130",,,10.1016/j.jmb.2020.11.024,33245961,https://doi.org/10.1016/j.jmb.2020.11.024
39707350_ref17,39707350,17,"Shree P, Mishra P, Selvaraj C, Singh SK, Chaube R, Garg N, et al. Targeting COVID-19(SARS-CoV-2)main protease through active phytochemicals of ayurvedic medicinal plants–Withania somnifera(Ashwagandha), Tinospora cordifolia(Giloy)and Ocimum sanctum(Tulsi): a molecular docking study. J Biomol Struct Dyn. 2022;40:190–203. 10.1080/07391102.2020.1810778. 32851919 10.1080/07391102.2020.1810778 PMC7484581",,,10.1080/07391102.2020.1810778,32851919,https://doi.org/10.1080/07391102.2020.1810778
39707350_ref18,39707350,18,"Bepari AK, Reza HM. Identification of a novel inhibitor of SARS-CoV-2 3CL-PRO through virtual screening and molecular dynamics simulation. PeerJ. 2021;9: e11261. 10.7717/peerj.11261. 33954055 10.7717/peerj.11261 PMC8051358",,,10.7717/peerj.11261,33954055,https://doi.org/10.7717/peerj.11261
39707350_ref19,39707350,19,"Roy R, Sk MF, Jonniya NA, Poddar S, Kar P. Finding potent inhibitors against SARS-CoV-2 main protease through virtual screening, ADMET, and molecular dynamics simulation studies. J Biomol Struct Dyn. 2022;40:6556–68. 10.1080/07391102.2021.1897680. 33682642 10.1080/07391102.2021.1897680",,,10.1080/07391102.2021.1897680,33682642,https://doi.org/10.1080/07391102.2021.1897680
39707350_ref20,39707350,20,"Gupta Y, Kumar S, Zak SE, Jones KA, Upadhyay C, Sharma N, et al. Antiviral evaluation of hydroxyethylamine analogs: Inhibitors of SARS-CoV-2 main protease(3CLpro), a virtual screening and simulation approach. Bioorg Med Chem. 2021;47:116393. 10.1016/j.bmc.2021.116393. 34509862 10.1016/j.bmc.2021.116393 PMC8416325",,,10.1016/j.bmc.2021.116393,34509862,https://doi.org/10.1016/j.bmc.2021.116393
39707350_ref21,39707350,21,"Khan A, Ali SS, Khan MT, Saleem S, Ali A, Suleman M, et al. Combined drug repurposing and virtual screening strategies with molecular dynamics simulation identified potent inhibitors for SARS-CoV-2 main protease(3CLpro). J Biomol Struct Dyn. 2020. 10.1080/07391102.2020.1779128. 32552361 10.1080/07391102.2020.1779128 PMC7309305",,,10.1080/07391102.2020.1779128,32552361,https://doi.org/10.1080/07391102.2020.1779128
39707350_ref22,39707350,22,"Gimeno A, Ojeda-Montes MJ, Tomás-Hernández S, Cereto-Massagué A, Beltrán-Debón R, Mulero M, et al. The light and dark sides of virtual screening: what is there to know? Int J Mol Sci. 2019;20:1375. 10.3390/ijms20061375. 30893780 10.3390/ijms20061375 PMC6470506",,,10.3390/ijms20061375,30893780,https://doi.org/10.3390/ijms20061375
39707350_ref23,39707350,23,"Cheng T, Li Q, Zhou Z, Wang Y, Bryant SH. Structure-based virtual screening for drug discovery: a problem-centric review. AAPS J. 2012;14:133–41. 10.1208/s12248-012-9322-0. 22281989 10.1208/s12248-012-9322-0 PMC3282008",,,10.1208/s12248-012-9322-0,22281989,https://doi.org/10.1208/s12248-012-9322-0
39707350_ref24,39707350,24,"Chilingaryan G, Abelyan N, Sargsyan A, Nazaryan K, Serobian A, Zakaryan H. Combination of consensus and ensemble docking strategies for the discovery of human dihydroorotate dehydrogenase inhibitors. Sci Rep. 2021;11:11417. 10.1038/s41598-021-91069-7. 34075175 10.1038/s41598-021-91069-7 PMC8169699",,,10.1038/s41598-021-91069-7,34075175,https://doi.org/10.1038/s41598-021-91069-7
39707350_ref25,39707350,25,"Wolber G, Langer T. LigandScout: 3-D pharmacophores derived from protein-bound ligands and their use as virtual screening filters. J Chem Inf Model. 2005;45:160–9. 10.1021/ci049885e. 15667141 10.1021/ci049885e",,,10.1021/ci049885e,15667141,https://doi.org/10.1021/ci049885e
39707350_ref26,39707350,26,"Mysinger MM, Carchia M, Irwin John J, Shoichet BK. Directory of useful decoys, enhanced(DUD-E): better ligands and decoys for better benchmarking. J Med Chem. 2012;55:6582–94. 10.1021/jm300687e. 22716043 10.1021/jm300687e PMC3405771",,,10.1021/jm300687e,22716043,https://doi.org/10.1021/jm300687e
39707350_ref27,39707350,27,"Sunseri J, Koes DR. Pharmit: interactive exploration of chemical space. Nucleic Acids Res. 2016;44:W442–8. 10.1093/nar/gkw287. 27095195 10.1093/nar/gkw287 PMC4987880",,,10.1093/nar/gkw287,27095195,https://doi.org/10.1093/nar/gkw287
39707350_ref28,39707350,28,https://pharmit.csb.pitt.edu/.,,,,,https://pharmit.csb.pitt.edu/
39707350_ref29,39707350,29,https://www.rcsb.org/.,,,,,https://www.rcsb.org/
39707350_ref30,39707350,30,"Li J, Lin C, Zhou X, Zhong F, Zeng P, Yang Y, et al. Structural basis of the main proteases of coronavirus bound to drug candidate PF-07321332. J Virol. 2022;96:e02013-e2021. 10.1128/jvi.02013-21. 35389231 10.1128/jvi.02013-21 PMC9044943",,,10.1128/jvi.02013-21,35389231,https://doi.org/10.1128/jvi.02013-21
39707350_ref31,39707350,31,"Yang KS, Leeuwon SZ, Xu S, Liu WR. Evolutionary and structural insights about potential SARS-CoV-2 evasion of nirmatrelvir. J Med Chem. 2022;65:8686–98. 10.1021/acs.jmedchem.2c00404. 35731933 10.1021/acs.jmedchem.2c00404 PMC9236210",,,10.1021/acs.jmedchem.2c00404,35731933,https://doi.org/10.1021/acs.jmedchem.2c00404
39707350_ref32,39707350,32,"Owen DR, Allerton CMN, Anderson AS, Aschenbrenner L, Avery M, Berritt S, et al. An oral SARS-CoV-2 Mpro inhibitor clinical candidate for the treatment of COVID-19. Science. 2021;374:1586–93. 10.1126/science.abl4784. 34726479 10.1126/science.abl4784",,,10.1126/science.abl4784,34726479,https://doi.org/10.1126/science.abl4784
39707350_ref33,39707350,33,"Dampalla CS, Rathnayake AD, Galasiti Kankanamalage AC, Kim Y, Perera KD, Nguyen HN, et al. Structure-guided design of potent spirocyclic inhibitors of severe acute respiratory syndrome coronavirus-2 3C-like protease. J Med Chem. 2022;65:7818–32. 10.1021/acs.jmedchem.2c00224. 35638577 10.1021/acs.jmedchem.2c00224 PMC9172056",,,10.1021/acs.jmedchem.2c00224,35638577,https://doi.org/10.1021/acs.jmedchem.2c00224
39707350_ref34,39707350,34,"Su H, Yao S, Zhao W, Zhang Y, Liu J, Shao Q, et al. Identification of pyrogallol as a warhead in design of covalent inhibitors for the SARS-CoV-2 3CL protease. Nat Commun. 2021;12:3623. 10.1038/s41467-021-23751-3. 34131140 10.1038/s41467-021-23751-3 PMC8206078",,,10.1038/s41467-021-23751-3,34131140,https://doi.org/10.1038/s41467-021-23751-3
39707350_ref35,39707350,35,"Chen Y, Yang W-H, Chen H-F, Huang L-M, Gao J-Y, Lin C-W, et al. Tafenoquine and its derivatives as inhibitors for the severe acute respiratory syndrome coronavirus 2. J Biol Chem. 2022. 10.1016/j.jbc.2022.101658. 35101449 10.1016/j.jbc.2022.101658 PMC8800562",,,10.1016/j.jbc.2022.101658,35101449,https://doi.org/10.1016/j.jbc.2022.101658
39707350_ref36,39707350,36,"Douangamath A, Fearon D, Gehrtz P, Krojer T, Lukacik P, Owen CD, et al. Crystallographic and electrophilic fragment screening of the SARS-CoV-2 main protease. Nat Commun. 2020;11:5047. 10.1038/s41467-020-18709-w. 33028810 10.1038/s41467-020-18709-w PMC7542442",,,10.1038/s41467-020-18709-w,33028810,https://doi.org/10.1038/s41467-020-18709-w
39707350_ref37,39707350,37,"Abagyan R, Totrov M, Kuznetsov D. ICM—a new method for protein modeling and design: applications to docking and structure prediction from the distorted native conformation. J Comput Chem. 1994;15:488–506. 10.1002/jcc.540150503.",,,,,
39707350_ref38,39707350,38,"Trott O, Olson AJ. AutoDock Vina: improving the speed and accuracy of docking with a new scoring function, efficient optimization and multithreading. J Comput Chem. 2010;31:455–61. 10.1002/jcc.21334. 19499576 10.1002/jcc.21334 PMC3041641",,,10.1002/jcc.21334,19499576,https://doi.org/10.1002/jcc.21334
39707350_ref39,39707350,39,"Morris GM, Huey R, Lindstrom W, Sanner MF, Belew RK, Goodsell DS, et al. AutoDock4 and AutoDockTools4: automated docking with selective receptor flexibility. J Comput Chem. 2009;30:2785–91. 10.1002/jcc.21256. 19399780 10.1002/jcc.21256 PMC2760638",,,10.1002/jcc.21256,19399780,https://doi.org/10.1002/jcc.21256
39707350_ref40,39707350,40,"Poli G, Granchi C, Rizzolio F, Tuccinardi T. Application of MM-PBSA Methods in Virtual Screening. Mol Basel Switz. 2020;25:1971. 10.3390/molecules25081971. 10.3390/molecules25081971 PMC7221544 32340232",,,10.3390/molecules25081971,32340232,https://doi.org/10.3390/molecules25081971
39707350_ref41,39707350,41,https://github.com/dptech-corp/Uni-GBSA.,,,,,https://github.com/dptech-corp/Uni-GBSA
39707350_ref42,39707350,42,"Wang E, Sun H, Wang J, Wang Z, Liu H, Zhang JZH, et al. End-point binding free energy calculation with MM/PBSA and MM/GBSA: strategies and applications in drug design. Chem Rev. 2019;119:9478–508. 10.1021/acs.chemrev.9b00055. 31244000 10.1021/acs.chemrev.9b00055",,,10.1021/acs.chemrev.9b00055,31244000,https://doi.org/10.1021/acs.chemrev.9b00055
39707350_ref43,39707350,43,"Daina A, Michielin O, Zoete V. SwissADME: a free web tool to evaluate pharmacokinetics, drug-likeness and medicinal chemistry friendliness of small molecules. Sci Rep. 2017;7:42717. 10.1038/srep42717. 28256516 10.1038/srep42717 PMC5335600",,,10.1038/srep42717,28256516,https://doi.org/10.1038/srep42717
39707350_ref44,39707350,44,"Fu L, Shi S, Yi J, Wang N, He Y, Wu Z, et al. ADMETlab 3.0: an updated comprehensive online ADMET prediction platform enhanced with broader coverage, improved performance, API functionality and decision support. Nucleic Acids Res. 2024;52:W422–31. 10.1093/nar/gkae236. 38572755 10.1093/nar/gkae236 PMC11223840",,,10.1093/nar/gkae236,38572755,https://doi.org/10.1093/nar/gkae236
39707350_ref45,39707350,45,"Seidel T, Schuetz DA, Garon A, Langer T. The pharmacophore concept and its applications in computer-aided drug design. Prog Chem Org Nat Prod. 2019;110:99–141. 10.1007/978-3-030-14632-0_4. 31621012 10.1007/978-3-030-14632-0_4",,,10.1007/978-3-030-14632-0_4,31621012,https://doi.org/10.1007/978-3-030-14632-0_4
39707350_ref46,39707350,46,"Macip G, Garcia-Segura P, Mestres-Truyol J, Saldivar-Espinoza B, Ojeda-Montes MJ, Gimeno A, et al. Haste makes waste: a critical review of docking-based virtual screening in drug repurposing for SARS-CoV-2 main protease(M-pro)inhibition. Med Res Rev. 2022;42:744–69. 10.1002/med.21862. 34697818 10.1002/med.21862 PMC8662214",,,10.1002/med.21862,34697818,https://doi.org/10.1002/med.21862
39707350_ref47,39707350,47,"Mohammadi S, Narimani Z, Ashouri M, Firouzi R, Karimi-Jafari MH. Ensemble learning from ensemble docking: revisiting the optimum ensemble size problem. Sci Rep. 2022;12:410. 10.1038/s41598-021-04448-5. 35013496 10.1038/s41598-021-04448-5 PMC8748946",,,10.1038/s41598-021-04448-5,35013496,https://doi.org/10.1038/s41598-021-04448-5
39707350_ref48,39707350,48,"Khachatryan H, Matevosyan M, Harutyunyan V, Gevorgyan S, Shavina A, Tirosyan I, et al. Computational evaluation and benchmark study of 342 crystallographic holo-structures of SARS-CoV-2 Mpro enzyme. Sci Rep. 2024;14:14255. 10.1038/s41598-024-65228-5. 38902397 10.1038/s41598-024-65228-5 PMC11189913",,,10.1038/s41598-024-65228-5,38902397,https://doi.org/10.1038/s41598-024-65228-5
39707350_ref49,39707350,49,"Blanes-Mira C, Fernández-Aguado P, de Andrés-López J, Fernández-Carvajal A, Ferrer-Montiel A, Fernández-Ballester G. Comprehensive survey of consensus docking for high-throughput virtual screening. Mol Basel Switz. 2022;28:175. 10.3390/molecules28010175. 10.3390/molecules28010175 PMC9821981 36615367",,,10.3390/molecules28010175,36615367,https://doi.org/10.3390/molecules28010175
39707350_ref50,39707350,50,"Dos Santos MM, Soares Rodrigues GC, Silva Cavalcanti AB, Scotti L, Scotti MT. Consensus analyses in molecular docking studies applied to medicinal chemistry. Mini Rev Med Chem. 2020;20:1322–40. 10.2174/1389557520666200204121129. 32013847 10.2174/1389557520666200204121129",,,10.2174/1389557520666200204121129,32013847,https://doi.org/10.2174/1389557520666200204121129
39707350_ref51,39707350,51,"Liu X, Shi D, Zhou S, Liu H, Liu H, Yao X. Molecular dynamics simulations and novel drug discovery. Expert Opin Drug Discov. 2018;13:23–37. 10.1080/17460441.2018.1403419. 29139324 10.1080/17460441.2018.1403419",,,10.1080/17460441.2018.1403419,29139324,https://doi.org/10.1080/17460441.2018.1403419
39707350_ref52,39707350,52,"Wu X, Xu L-Y, Li E-M, Dong G. Application of molecular dynamics simulation in biomedicine. Chem Biol Drug Des. 2022;99:789–800. 10.1111/cbdd.14038. 35293126 10.1111/cbdd.14038",,,10.1111/cbdd.14038,35293126,https://doi.org/10.1111/cbdd.14038
39707350_ref53,39707350,53,"Sasidharan S, Gosu V, Tripathi T, Saudagar P. Molecular Dynamics simulation to study protein conformation and ligand interaction. In: Saudagar P, Tripathi T, editors. Protein folding dynamics and stability: experimental and computational methods. Singapore: Springer Nature Singapore; 2023. p. 107–27. 10.1007/978-981-99-2079-2_6.",,,,,
39707350_ref54,39707350,54,"Butina D, Segall MD, Frankcombe K. Predicting ADME properties in silico: methods and models. Drug Discov Today. 2002;7:S83–8. 10.1016/S1359-6446(02)02288-2. 12047885 10.1016/s1359-6446(02)02288-2",,,10.1016/s1359-6446(02)02288-2,12047885,https://doi.org/10.1016/s1359-6446(02)02288-2
39707350_ref55,39707350,55,"Lage O, Ramos M, Calisto R, Almeida E, Vasconcelos V, Vicente F. Current screening methodologies in drug discovery for selected human diseases. Mar Drugs. 2018;16:279. 10.3390/md16080279. 30110923 10.3390/md16080279 PMC6117650",,,10.3390/md16080279,30110923,https://doi.org/10.3390/md16080279
39707350_ref56,39707350,56,"Borhani DW, Shaw DE. The future of molecular dynamics simulations in drug discovery. J Comput Aided Mol Des. 2012;26:15–26. 10.1007/s10822-011-9517-y. 22183577 10.1007/s10822-011-9517-y PMC3268975",,,10.1007/s10822-011-9517-y,22183577,https://doi.org/10.1007/s10822-011-9517-y
39696768_ref1,39696768,1,Protein crystallography and computer graphics—toward rational drug design,Angewandte Chemie International Edition in English,1986,10.1002/anie.198607673,,https://doi.org/10.1002/anie.198607673
39696768_ref2,39696768,2,Knowledge-based prediction of protein structures and the design of novel molecules,Nature,1987,10.1038/326347a0,3550471,https://doi.org/10.1038/326347a0
39696768_ref3,39696768,3,Structure-based strategies for drug design and discovery,Science,1992,10.1126/science.257.5073.1078,1509259,https://doi.org/10.1126/science.257.5073.1078
39696768_ref4,39696768,4,"Structure-based drug design: progress, results and challenges",Structure,1994,10.1016/S0969-2126(00)00060-5,7922037,https://doi.org/10.1016/S0969-2126(00)00060-5
39696768_ref5,39696768,5,3D database searching in drug design,J. Med. Chem.,1992,10.1021/jm00090a001,1613742,https://doi.org/10.1021/jm00090a001
39696768_ref6,39696768,6,A fast new approach to pharmacophore mapping and its application to dopaminergic and benzodiazepine agonists,Journal of computer-aided molecular design,1993,10.1007/BF00141577,8097240,https://doi.org/10.1007/BF00141577
39696768_ref7,39696768,7,Identification of common functional configurations among molecules,Journal of chemical information and computer sciences,1996,10.1021/ci950273r,8690757,https://doi.org/10.1021/ci950273r
39696768_ref8,39696768,8,Hot-spots-guided receptor-based pharmacophores(HS-Pharm): a knowledge-based approach to identify ligand-anchoring atoms in protein cavities and prioritize structure-based pharmacophores,J. Chem. Inf. Model.,2008,10.1021/ci800064z,18570371,https://doi.org/10.1021/ci800064z
39696768_ref9,39696768,9,Targets looking for drugs: a multistep computational protocol for the development of structure-based pharmacophores and their applications for hit discovery,J. Chem. Inf. Model.,2008,10.1021/ci800105p,18942779,https://doi.org/10.1021/ci800105p
39696768_ref10,39696768,10,Forging the basis for developing protein–ligand interaction scoring functions,Accounts of chemical research,2017,10.1021/acs.accounts.6b00491,28182403,https://doi.org/10.1021/acs.accounts.6b00491
39696768_ref11,39696768,11,Quantitative high-throughput screening: a titration-based approach that efficiently identifies biological activities in large chemical libraries,Proc. Natl. Acad. Sci. U. S. A.,2006,10.1073/pnas.0604348103,16864780,https://doi.org/10.1073/pnas.0604348103
39696768_ref12,39696768,12,Impact of high-throughput screening in biomedical research,Nat. Rev. Drug Discovery,2011,10.1038/nrd3368,21358738,https://doi.org/10.1038/nrd3368
39696768_ref13,39696768,13,Structure-based virtual screening: an overview,Drug discovery today,2002,10.1016/S1359-6446(02)02483-2,12546894,https://doi.org/10.1016/S1359-6446(02)02483-2
39696768_ref14,39696768,14,Virtual screening of chemical libraries,Nature,2004,10.1038/nature03197,15602552,https://doi.org/10.1038/nature03197
39696768_ref15,39696768,15,The protein data bank,Nucleic acids research,2000,10.1093/nar/28.1.235,10592235,https://doi.org/10.1093/nar/28.1.235
39696768_ref16,39696768,16,The PDBbind database: Collection of binding affinities for protein-ligand complexes with known three-dimensional structures,Journal of medicinal chemistry,2004,10.1021/jm030580l,15163179,https://doi.org/10.1021/jm030580l
39696768_ref17,39696768,17,ZINC-a free database of commercially available compounds for virtual screening,J. Chem. Inf. Model.,2005,10.1021/ci049714+,15667143,https://doi.org/10.1021/ci049714+
39696768_ref18,39696768,18,DrugBank: a comprehensive resource for in silico drug discovery and exploration,Nucleic acids research,2006,10.1093/nar/gkj067,16381955,https://doi.org/10.1093/nar/gkj067
39696768_ref19,39696768,19,PubChem: a public information system for analyzing bioactivities of small molecules,Nucleic acids research,2009,10.1093/nar/gkp456,19498078,https://doi.org/10.1093/nar/gkp456
39696768_ref20,39696768,20,ChEMBL: a large-scale bioactivity database for drug discovery,Nucleic acids research,2012,10.1093/nar/gkr777,21948594,https://doi.org/10.1093/nar/gkr777
39696768_ref21,39696768,21,A three-dimensional model of the myoglobin molecule obtained by x-ray analysis,Nature,1958,10.1038/181662a0,13517261,https://doi.org/10.1038/181662a0
39696768_ref22,39696768,22,"Structure of hæmoglobin: a three-dimensional Fourier synthesis at 5.5-Å. resolution, obtained by X-ray analysis",Nature,1960,10.1038/185416a0,18990801,https://doi.org/10.1038/185416a0
39696768_ref23,39696768,23,Cryo-electron microscopy of vitrified specimens,Q. Rev. Biophys.,1988,10.1017/S0033583500004297,3043536,https://doi.org/10.1017/S0033583500004297
39696768_ref24,39696768,24,The resolution revolution,Science,2014,10.1126/science.1251652,24675944,https://doi.org/10.1126/science.1251652
39696768_ref25,39696768,25,Highly accurate protein structure prediction with AlphaFold,nature,2021,10.1038/s41586-021-03819-2,34265844,https://doi.org/10.1038/s41586-021-03819-2
39696768_ref26,39696768,26,Accurate prediction of protein structures and interactions using a three-track neural network,Science,2021,10.1126/science.abj8754,34282049,https://doi.org/10.1126/science.abj8754
39696768_ref27,39696768,27,ColabFold: making protein folding accessible to all,Nat. Methods,2022,10.1038/s41592-022-01488-1,35637307,https://doi.org/10.1038/s41592-022-01488-1
39696768_ref28,39696768,28,Estimation of the size of drug-like chemical space based on GDB-17 data,Journal of computer-aided molecular design,2013,10.1007/s10822-013-9672-4,23963658,https://doi.org/10.1007/s10822-013-9672-4
39696768_ref29,39696768,29,Deep learning for molecular design—a review of the state of the art,Molecular Systems Design & Engineering,2019,10.1039/C9ME00039A,,https://doi.org/10.1039/C9ME00039A
39696768_ref30,39696768,30,"SMILES, a chemical language and information system. 1. Introduction to methodology and encoding rules",Journal of chemical information and computer sciences,1988,10.1021/ci00057a005,,https://doi.org/10.1021/ci00057a005
39696768_ref31,39696768,31,Self-referencing embedded strings(SELFIES): A 100% robust molecular string representation,Machine Learning: Science and Technology,2020,10.1088/2632-2153/aba947,,https://doi.org/10.1088/2632-2153/aba947
39696768_ref32,39696768,32,Automatic chemical design using a data-driven continuous representation of molecules,ACS central science,2018,10.1021/acscentsci.7b00572,29532027,https://doi.org/10.1021/acscentsci.7b00572
39696768_ref33,39696768,33,Grammar variational autoencoder,International conference on machine learning,2017,,,
39696768_ref34,39696768,34,Junction tree variational autoencoder for molecular graph generation,International conference on machine learning,2018,,,
39696768_ref35,39696768,35,Objective-reinforced generative adversarial networks(organ)for sequence generation models,arXiv preprint arXiv:1705.10843,2017,,,
39696768_ref36,39696768,36,MolGAN: An implicit generative model for small molecular graphs,arXiv preprint arXiv:1805.11973,2018,,,
39696768_ref37,39696768,37,Graphnvp: An invertible flow model for generating molecular graphs,arXiv preprint arXiv:1905.11600,2019,,,
39696768_ref38,39696768,38,Graphaf: a flow-based autoregressive model for molecular graph generation,arXiv preprint arXiv:2001.09382,2020,,,
39696768_ref39,39696768,39,Molecular de-novo design through deep reinforcement learning,J. Cheminf.,2017,10.1186/s13321-017-0235-x,29086083,https://doi.org/10.1186/s13321-017-0235-x
39696768_ref40,39696768,40,ChemTS: an efficient python library for de novo molecular generation,Sci. Technol. Adv. Mater.,2017,10.1080/14686996.2017.1401424,29435094,https://doi.org/10.1080/14686996.2017.1401424
39696768_ref41,39696768,41,MERMAID: an open source automated hit-to-lead method based on deep reinforcement learning,J. Cheminf.,2021,10.1186/s13321-021-00572-6,34838134,https://doi.org/10.1186/s13321-021-00572-6
39696768_ref42,39696768,42,Smiles transformer: Pre-trained molecular fingerprint for low data drug discovery,arXiv preprint arXiv:1911.04738,2019,,,
39696768_ref43,39696768,43,Syntax-directed variational autoencoder for structured data,arXiv preprint arXiv:1802.08786,2018,,,
39696768_ref44,39696768,44,Graph convolutional policy network for goal-directed molecular graph generation,Advances in neural information processing systems,2018,,,
39696768_ref45,39696768,45,Symmetry-adapted generation of 3d point sets for the targeted discovery of molecules,Advances in neural information processing systems,2019,,,
39696768_ref46,39696768,46,A generative model for molecular distance geometry,arXiv preprint arXiv:1909.11459,2019,,,
39696768_ref47,39696768,47,Structure-based de novo molecular generator combined with artificial intelligence and docking simulations,J. Chem. Inf. Model.,2021,10.1021/acs.jcim.1c00679,34242036,https://doi.org/10.1021/acs.jcim.1c00679
39696768_ref48,39696768,48,Gargoyles: An open source graph-based molecular optimization method based on deep reinforcement learning,ACS omega,2023,10.1021/acsomega.3c05430,37841174,https://doi.org/10.1021/acsomega.3c05430
39696768_ref49,39696768,49,De novo molecule design through the molecular generative model conditioned by 3D information of protein binding sites,J. Chem. Inf. Model.,2021,10.1021/acs.jcim.0c01494,34197105,https://doi.org/10.1021/acs.jcim.0c01494
39696768_ref50,39696768,50,From target to drug: generative modeling for the multimodal structure-based ligand design,Mol. Pharmaceutics,2019,10.1021/acs.molpharmaceut.9b00634,31437001,https://doi.org/10.1021/acs.molpharmaceut.9b00634
39696768_ref51,39696768,51,Relation: A deep generative model for structure-based de novo drug design,J. Med. Chem.,2022,10.1021/acs.jmedchem.2c00732,35713420,https://doi.org/10.1021/acs.jmedchem.2c00732
39696768_ref52,39696768,52,Generating 3D molecules conditional on receptor binding sites with deep generative models,Chemical science,2022,10.1039/D1SC05976A,35356675,https://doi.org/10.1039/D1SC05976A
39696768_ref53,39696768,53,Pocket2mol: Efficient molecular sampling based on 3d protein pockets,International Conference on Machine Learning,2022,,,
39696768_ref54,39696768,54,Molecule Generation For Target Protein Binding with Structural Motifs,Eleventh International Conference on Learning Representations,2023,,,
39696768_ref55,39696768,55,Structure-based de novo drug design using 3D deep generative models,Chemical science,2021,10.1039/D1SC04444C,34760151,https://doi.org/10.1039/D1SC04444C
39696768_ref56,39696768,56,Equivariant diffusion for molecule generation in 3d,International conference on machine learning,2022,,,
39696768_ref57,39696768,57,Deep unsupervised learning using nonequilibrium thermodynamics,International conference on machine learning,2015,,,
39696768_ref58,39696768,58,Denoising diffusion probabilistic models,Advances in neural information processing systems,2020,,,
39696768_ref59,39696768,59,Structure-based drug design with equivariant diffusion models,arXiv preprint arXiv:2210.13695,2022,10.1038/s43588-024-00737-x,39653846,https://doi.org/10.1038/s43588-024-00737-x
39696768_ref60,39696768,60,A dual diffusion model enables 3D molecule generation and lead optimization based on target pockets,Nat. Commun.,2024,10.1038/s41467-024-46569-1,38531837,https://doi.org/10.1038/s41467-024-46569-1
39696768_ref61,39696768,61,DiffDec: structure-aware scaffold decoration with an end-to-end diffusion model,J. Chem. Inf. Model.,2024,10.1021/acs.jcim.3c01466,38267393,https://doi.org/10.1021/acs.jcim.3c01466
39696768_ref62,39696768,62,3D Equivariant Diffusion for Target-Aware Molecule Generation and Affinity Prediction,Eleventh International Conference on Learning Representations,2023,,,
39696768_ref63,39696768,63,Equivariant 3D-conditional diffusion model for molecular linker design,Nat. Mach. Intell.,2024,10.1038/s42256-024-00815-9,,https://doi.org/10.1038/s42256-024-00815-9
39696768_ref64,39696768,64,A computational procedure for determining energetically favorable binding sites on biologically important macromolecules,Journal of medicinal chemistry,1985,10.1021/jm00145a002,3892003,https://doi.org/10.1021/jm00145a002
39696768_ref65,39696768,65,Automated docking using a Lamarckian genetic algorithm and an empirical binding free energy function,Journal of computational chemistry,1998,10.1002/(SICI)1096-987X(19981115)19:14&#x0003c;1639::AID-JCC10&#x0003e;3.0.CO;2-B,,https://doi.org/10.1002/(SICI)1096-987X(19981115)19:14&#x0003c;1639::AID-JCC10&#x0003e;3.0.CO;2-B
39696768_ref66,39696768,66,Knowledge-based scoring function to predict protein-ligand interactions,Journal of molecular biology,2000,10.1006/jmbi.1999.3371,10623530,https://doi.org/10.1006/jmbi.1999.3371
39696768_ref67,39696768,67,Protein-based virtual screening of chemical databases. 1. Evaluation of different docking/scoring combinations,Journal of medicinal chemistry,2000,10.1021/jm001044l,11123984,https://doi.org/10.1021/jm001044l
39696768_ref68,39696768,68,Variational diffusion models,Advances in neural information processing systems,2021,,,
39696768_ref69,39696768,69,Three-dimensional convolutional neural networks and a cross-docked data set for structure-based drug design,J. Chem. Inf. Model.,2020,10.1021/acs.jcim.0c00411,32865404,https://doi.org/10.1021/acs.jcim.0c00411
39696768_ref70,39696768,70,A 3D generative model for structure-based drug design,Advances in Neural Information Processing Systems,2021,,,
39696768_ref71,39696768,71,MMseqs2 enables sensitive protein sequence searching for the analysis of massive data sets,Nature biotechnology,2017,10.1038/nbt.3988,29035372,https://doi.org/10.1038/nbt.3988
39696768_ref72,39696768,72,Open Drug Discovery Toolkit(ODDT): a new open-source player in the drug discovery field,J. Cheminf.,2015,10.1186/s13321-015-0078-2,26101548,https://doi.org/10.1186/s13321-015-0078-2
39696768_ref73,39696768,73,"Glide: a new approach for rapid, accurate docking and scoring. 1. Method and assessment of docking accuracy",Journal of medicinal chemistry,2004,10.1021/jm0306430,15027865,https://doi.org/10.1021/jm0306430
39696768_ref74,39696768,74,Extra precision glide: Docking and scoring incorporating a model of hydrophobic enclosure for protein-ligand complexes,Journal of medicinal chemistry,2006,10.1021/jm051256o,17034125,https://doi.org/10.1021/jm051256o
39696768_ref75,39696768,75,Improved method of structure-based virtual screening via interaction-energy-based learning,J. Chem. Inf. Model.,2019,10.1021/acs.jcim.8b00673,30808172,https://doi.org/10.1021/acs.jcim.8b00673
39696768_ref76,39696768,76,Quantifying the chemical beauty of drugs,Nature Chem.,2012,10.1038/nchem.1243,22270643,https://doi.org/10.1038/nchem.1243
39696768_ref77,39696768,77,Estimation of synthetic accessibility score of drug-like molecules based on molecular complexity and fragment contributions,J. Cheminf.,2009,10.1186/1758-2946-1-8,20298526,https://doi.org/10.1186/1758-2946-1-8
39696768_ref78,39696768,78,Prediction of physicochemical parameters by atomic contributions,Journal of chemical information and computer sciences,1999,10.1021/ci990307l,,https://doi.org/10.1021/ci990307l
39696768_ref79,39696768,79,A knowledge-based approach in designing combinatorial or medicinal chemistry libraries for drug discovery. 1. A qualitative and quantitative characterization of known drug databases,J. Comb. Chem.,1999,10.1021/cc9800071,10746014,https://doi.org/10.1021/cc9800071
39696768_ref80,39696768,80,Experimental and computational approaches to estimate solubility and permeability in drug discovery and development settings,Advanced drug delivery reviews,1997,10.1016/S0169-409X(96)00423-1,11259830,https://doi.org/10.1016/S0169-409X(96)00423-1
39696768_ref81,39696768,81,Why is Tanimoto index an appropriate choice for fingerprint-based similarity calculations?,J. Cheminf.,2015,10.1186/s13321-015-0069-3,26052348,https://doi.org/10.1186/s13321-015-0069-3
39696768_ref82,39696768,82,"RDKit: Open-source cheminformatics, 2006. http://www.rdkit.org.",RDKit: Open-source cheminformatics,2006,,,
39696768_ref83,39696768,83,Classification of total number of hydrogen bonds in drugs for suppressing virus,Biomedical Signal Processing and Control,2021,10.1016/j.bspc.2021.102704,,https://doi.org/10.1016/j.bspc.2021.102704
39700339_ref1,39700339,1,Mammalian Lipoxygenases and Their Biological Relevance,"Biochim. Biophys. Acta, Mol. Cell Biol. Lipids",2015,10.1016/j.bbalip.2014.10.002,25316652,https://doi.org/10.1016/j.bbalip.2014.10.002
39700339_ref2,39700339,2,Control of Oxygenation in Lipoxygenase and Cyclooxygenase Catalysis,Chem. Biol.,2007,10.1016/j.chembiol.2007.04.007,17524979,https://doi.org/10.1016/j.chembiol.2007.04.007
39700339_ref3,39700339,3,The Evolutionary Hypothesis of Reaction Specificity of Mammalian ALOX15 Orthologs,Prog. Lipid Res.,2018,10.1016/j.plipres.2018.09.002,30237084,https://doi.org/10.1016/j.plipres.2018.09.002
39700339_ref4,39700339,4,Thirty Years with Three-Dimensional Structures of Lipoxygenases,Arch. Biochem. Biophys.,2024,10.1016/j.abb.2023.109874,38145834,https://doi.org/10.1016/j.abb.2023.109874
39700339_ref5,39700339,5,"Polyunsaturated Fatty Acids and Fatty Acid-Derived Lipid Mediators: Recent Advances in the Understanding of Their Biosynthesis, Structures, and Functions",Prog. Lipid Res.,2022,10.1016/j.plipres.2022.101165,35508275,https://doi.org/10.1016/j.plipres.2022.101165
39700339_ref6,39700339,6,The Structure of Human 15-Lipoxygenase-2 with a Substrate Mimic,J. Biol. Chem.,2014,10.1074/jbc.M113.543777,24497644,https://doi.org/10.1074/jbc.M113.543777
39700339_ref7,39700339,7,The Role of Lipoxygenases in Pathophysiology; New Insights and Future Perspectives,Redox Biol.,2015,10.1016/j.redox.2015.08.006,26298204,https://doi.org/10.1016/j.redox.2015.08.006
39700339_ref8,39700339,8,"Arachidonate 15-Lipoxygenase Type B: Regulation, Function, and Its Role in Pathophysiology",Front. Pharmacol.,2022,10.3389/fphar.2022.1042420,36438817,https://doi.org/10.3389/fphar.2022.1042420
39700339_ref9,39700339,9,Kinetic and Structural Investigations of Novel Inhibitors of Human Epithelial 15-Lipoxygenase-2,Bioorg. Med. Chem.,2021,10.1016/j.bmc.2021.116349,34500187,https://doi.org/10.1016/j.bmc.2021.116349
39700339_ref10,39700339,10,Regulation and Functions of 15-Lipoxygenases in Human Macrophages,Front. Pharmacol.,2019,10.3389/fphar.2019.00719,31333453,https://doi.org/10.3389/fphar.2019.00719
39700339_ref11,39700339,11,"ALOX15B Controls Macrophage Cholesterol Homeostasis via Lipid Peroxidation, ERK1/2 and SREBP2",Redox Biol.,2024,10.1016/j.redox.2024.103149,38581859,https://doi.org/10.1016/j.redox.2024.103149
39700339_ref12,39700339,12,Hypoxia Increases LDL Oxidation and Expression of 15-Lipoxygenase-2 in Human Macrophages,"Arterioscler., Thromb., Vasc. Biol.",2004,10.1161/01.ATV.0000144951.08072.0b,15358603,https://doi.org/10.1161/01.ATV.0000144951.08072.0b
39700339_ref13,39700339,13,12-and 15-Lipoxygenases in Human Carotid Atherosclerotic Lesions: Associations with Cerebrovascular Symptoms,Atherosclerosis,2011,10.1016/j.atherosclerosis.2011.01.015,21316676,https://doi.org/10.1016/j.atherosclerosis.2011.01.015
39700339_ref14,39700339,14,15-Lipoxygenase-2 Is Expressed in Macrophages in Human Carotid Plaques and Regulated by Hypoxia-Inducible Factor-1α,Eur. J. Clin. Invest.,2010,10.1111/j.1365-2362.2009.02223.x,19912316,https://doi.org/10.1111/j.1365-2362.2009.02223.x
39700339_ref15,39700339,15,Arachidonate 15-Lipoxygenase Type B Knockdown Leads to Reduced Lipid Accumulation and Inflammation in Atherosclerosis,PLoS One,2012,10.1371/journal.pone.0043142,22912809,https://doi.org/10.1371/journal.pone.0043142
39700339_ref16,39700339,16,15-Lipoxygenase-2 Expression in Human Macrophages Induces Chemokine Secretion and T Cell Migration,Atherosclerosis,2008,10.1016/j.atherosclerosis.2007.10.027,18067895,https://doi.org/10.1016/j.atherosclerosis.2007.10.027
39700339_ref17,39700339,17,Up-Regulation of 15-Lipoxygenase Enzymes and Products in Functional and Non-Functional Pituitary Adenomas,Lipids Health Dis.,2019,10.1186/s12944-019-1089-1,31288808,https://doi.org/10.1186/s12944-019-1089-1
39700339_ref18,39700339,18,15-Lipoxygenase-2/15(S)-Hydroxyeicosatetraenoic Acid Regulates Cell Proliferation and Metastasis via the STAT3 Pathway in Lung Adenocarcinoma,Prostaglandins Other Lipid Mediators,2018,10.1016/j.prostaglandins.2018.07.003,30110652,https://doi.org/10.1016/j.prostaglandins.2018.07.003
39700339_ref19,39700339,19,Reduced Expression of 15-Lipoxygenase 2 in Human Head and Neck Carcinomas,Tumor Biol.,2006,10.1159/000094761,16874012,https://doi.org/10.1159/000094761
39700339_ref20,39700339,20,Reduction of Isoforms of 15-Lipoxygenase(15-LOX)-1 and 15-LOX-2 in Human Breast Cancer,"Prostaglandins, Leukotrienes Essent. Fatty Acids",2006,10.1016/j.plefa.2006.01.009,16556493,https://doi.org/10.1016/j.plefa.2006.01.009
39700339_ref21,39700339,21,Downregulation of 15-Lipoxygenase 2 by Glucocorticoid Receptor in Prostate Cancer Cells,Int. J. Oncol.,2010,10.3892/ijo_00000641,20428779,https://doi.org/10.3892/ijo_00000641
39700339_ref22,39700339,22,Inverse Relationship between 15-Lipoxygenase-2 and PPAR-γ Gene Expression in Normal Epithelia Compared with Tumor Epithelia,Neoplasia,2005,10.1593/neo.04457,15799828,https://doi.org/10.1593/neo.04457
39700339_ref23,39700339,23,Cyclooxygenases and Lipoxygenases in Cancer,Cancer Metastasis Rev.,2011,10.1007/s10555-011-9310-3,22002716,https://doi.org/10.1007/s10555-011-9310-3
39700339_ref24,39700339,24,Tumor-Associated Macrophages Mediate Immunosuppression in the Renal Cancer Microenvironment by Activating the 15-Lipoxygenase-2 Pathway,Cancer Res.,2011,10.1158/0008-5472.CAN-11-1261,21900394,https://doi.org/10.1158/0008-5472.CAN-11-1261
39700339_ref25,39700339,25,Targeting Lipoxygenases to Suppress Ferroptotic Cell Death,Proc. Natl. Acad. Sci. U.S.A.,2023,10.1073/pnas.2309317120,37406088,https://doi.org/10.1073/pnas.2309317120
39700339_ref26,39700339,26,The Chemical Basis of Ferroptosis,Nat. Chem. Biol.,2019,10.1038/s41589-019-0408-1,31740834,https://doi.org/10.1038/s41589-019-0408-1
39700339_ref27,39700339,27,Resolving the Role of Lipoxygenases in the Initiation and Execution of Ferroptosis,ACS Cent. Sci.,2018,10.1021/acscentsci.7b00589,29632885,https://doi.org/10.1021/acscentsci.7b00589
39700339_ref28,39700339,28,A High Throughput Screen Identifies Potent and Selective Inhibitors to Human Epithelial 15-Lipoxygenase-2,PLoS One,2014,10.1371/journal.pone.0104094,25111178,https://doi.org/10.1371/journal.pone.0104094
39700339_ref29,39700339,29,"Structure-Activity Relationship Studies of Flavonoids as Potent Inhibitors of Human Platelet 12-HLO, Reticulocyte 15-HLO-1, and Prostate Epithelial 15-HLO-2",Bioorg. Med. Chem.,2007,10.1016/j.bmc.2007.07.036,17869117,https://doi.org/10.1016/j.bmc.2007.07.036
39700339_ref30,39700339,30,Discovering Selective Antiferroptotic Inhibitors of the 15LOX/PEBP1 Complex Noninterfering with Biosynthesis of Lipid Mediators,Proc. Natl. Acad. Sci. U.S.A.,2023,10.1073/pnas.2218896120,37327313,https://doi.org/10.1073/pnas.2218896120
39700339_ref31,39700339,31,"Dual COX-2 and 15-LOX Inhibition Study of Novel 4-Arylidine-2-Mercapto-1-Phenyl-1H-Imidazolidin-5(4H)-Ones: Design, Synthesis, Docking, and Anti-Inflammatory Activity",Arch Pharm.,2024,10.1002/ardp.202300615,38315093,https://doi.org/10.1002/ardp.202300615
39700339_ref32,39700339,32,Inhibitory Investigations of Acyl-CoA Derivatives against Human Lipoxygenase Isozymes,Int. J. Mol. Sci.,2023,10.3390/ijms241310941,37446119,https://doi.org/10.3390/ijms241310941
39700339_ref33,39700339,33,"Virtual Ligand Screening: Strategies, Perspectives and Limitations",Drug Discovery Today,2006,10.1016/j.drudis.2006.05.012,16793526,https://doi.org/10.1016/j.drudis.2006.05.012
39700339_ref34,39700339,34,ZINC: A Free Tool to Discover Chemistry for Biology,J. Chem. Inf. Model.,2012,10.1021/ci3001277,22587354,https://doi.org/10.1021/ci3001277
39700339_ref35,39700339,35,ZINC–A Free Database of Commercially Available Compounds for Virtual Screening ZINC-A Free Database of Commercially Available Compounds for Virtual Screening,J. Chem. Inf. Model.,2005,10.1021/ci049714+,15667143,https://doi.org/10.1021/ci049714+
39700339_ref36,39700339,36,Target-Based Evaluation of “Drug-Like” Properties and Ligand Efficiencies,J. Med. Chem.,2021,10.1021/acs.jmedchem.1c00416,33983732,https://doi.org/10.1021/acs.jmedchem.1c00416
39700339_ref37,39700339,37,Computational Approaches to Identifying and Characterizing Protein Binding Sites for Ligand Design,J. Mol. Recognit.,2010,10.1002/jmr.984,19746440,https://doi.org/10.1002/jmr.984
39700339_ref38,39700339,38,TRAPP: A Tool for Analysis of Transient Binding Pockets in Proteins,J. Chem. Inf. Model.,2013,10.1021/ci4000294,23621586,https://doi.org/10.1021/ci4000294
39700339_ref39,39700339,39,Comparison of Shape-Matching and Docking as Virtual Screening Tools,J. Med. Chem.,2007,10.1021/jm0603365,17201411,https://doi.org/10.1021/jm0603365
39700339_ref40,39700339,40,Opportunities and Challenges for Fatty Acid Mimetics in Drug Discovery,J. Med. Chem.,2017,10.1021/acs.jmedchem.6b01287,28252961,https://doi.org/10.1021/acs.jmedchem.6b01287
39700339_ref41,39700339,41,Identification of New Rofecoxib-Based Cyclooxygenase-2 Inhibitors: A Bioinformatics Approach,Pharmaceuticals,2020,10.3390/ph13090209,32858871,https://doi.org/10.3390/ph13090209
39700339_ref42,39700339,42,"Discovery of Novel PPAR Ligands by a Virtual Screening Approach Based on Pharmacophore Modeling, 3D Shape, and Electrostatic Similarity Screening",J. Med. Chem.,2008,10.1021/jm800128k,18821746,https://doi.org/10.1021/jm800128k
39700339_ref43,39700339,43,"Structure-Based Drug Design of a Novel Family of PPARγ Partial Agonists: Virtual Screening, X-Ray Crystallography, and in Vitro/in Vivo Biological Activities",J. Med. Chem.,2006,10.1021/jm051129s,16640330,https://doi.org/10.1021/jm051129s
39700339_ref44,39700339,44,How to Optimize Shape-Based Virtual Screening: Choosing the Right Query and Including Chemical Information,J. Chem. Inf. Model.,2009,10.1021/ci8004226,19434901,https://doi.org/10.1021/ci8004226
39700339_ref45,39700339,45,Nonacidic Inhibitors of Human Microsomal Prostaglandin Synthase 1(MPGES 1)Identified by a Multistep Virtual Screening Protocol,J. Med. Chem.,2010,10.1021/jm9012505,20025212,https://doi.org/10.1021/jm9012505
39700339_ref46,39700339,46,Pharmacophore-Based Discovery of FXR Agonists. Part I: Model Development and Experimental Validation,Bioorg. Med. Chem.,2011,10.1016/j.bmc.2011.09.056,22018919,https://doi.org/10.1016/j.bmc.2011.09.056
39700339_ref47,39700339,47,Discovery of New Liver X Receptor Agonists by Pharmacophore Modeling and Shape-Based Virtual Screening,J. Chem. Inf. Model.,2014,10.1021/ci400682b,24502802,https://doi.org/10.1021/ci400682b
39700339_ref48,39700339,48,Scaffold-Hopping Cascade Yields Potent Inhibitors of 5-Lipoxygenase,ChemMedChem,2008,10.1002/cmdc.200800153,18688907,https://doi.org/10.1002/cmdc.200800153
39700339_ref49,39700339,49,Virtual Screening Approach for the Identification of Hydroxamic Acids as Novel Human Ecto-5′-Nucleotidase Inhibitors,J. Chem. Inf. Model.,2020,10.1021/acs.jcim.9b00884,31714079,https://doi.org/10.1021/acs.jcim.9b00884
39700339_ref50,39700339,50,A New Approach to Analysis and Display of Local Lipophilicity/ Hydrophilicity Mapped on Molecular Surfaces,J. Comput. Aided Mol. Des,1993,10.1007/BF00124359,8294943,https://doi.org/10.1007/BF00124359
39700339_ref51,39700339,51,"Tripos, a Certara Companie: 1699 South Hanley Rd., St. Louis, Missouri, 63144, USA",,2013,,,
39700339_ref52,39700339,52,Solvent-Accessible Surfaces of Proteins and Nucleic Acids,Science,1983,10.1126/science.6879170,6879170,https://doi.org/10.1126/science.6879170
39700339_ref53,39700339,53,Molecular Similarity in Medicinal Chemistry,J. Med. Chem.,2014,10.1021/jm401411z,24151987,https://doi.org/10.1021/jm401411z
39700339_ref54,39700339,54,Improved Protein–Ligand Docking Using GOLD,Proteins,2003,10.1002/prot.10465,12910460,https://doi.org/10.1002/prot.10465
39700339_ref55,39700339,55,Empirical Scoring Functions for Advanced Protein-Ligand Docking with PLANTS,J. Chem. Inf. Model.,2009,10.1021/ci800298z,19125657,https://doi.org/10.1021/ci800298z
39700339_ref56,39700339,56,General and Targeted Statistical Potentials for Protein-Ligand Interactions,"Proteins: Struct., Funct., Genet.",2005,10.1002/prot.20588,16106379,https://doi.org/10.1002/prot.20588
39700339_ref57,39700339,57,Development and Validation of a Genetic Algorithm for Flexible Docking,J. Mol. Biol.,1997,10.1006/jmbi.1996.0897,9126849,https://doi.org/10.1006/jmbi.1996.0897
39700339_ref58,39700339,58,Modeling the Expansion of Virtual Screening Libraries,Nat. Chem. Biol.,2023,10.1038/s41589-022-01234-w,36646956,https://doi.org/10.1038/s41589-022-01234-w
39700339_ref59,39700339,59,LigandScout: 3-D Pharmacophores Derived from Protein-Bound Ligands and Their Use as Virtual Screening Filters,J. Chem. Inf. Model.,2005,10.1021/ci049885e,15667141,https://doi.org/10.1021/ci049885e
39700339_ref60,39700339,60,A Detergent-Based Assay for the Detection of Promiscuous Inhibitors,Nat. Protoc.,2006,10.1038/nprot.2006.77,17191086,https://doi.org/10.1038/nprot.2006.77
39700339_ref61,39700339,61,A Common Mechanism Underlying Promiscuous Inhibitors from Virtual and High-Throughput Screening,J. Med. Chem.,2002,10.1021/jm010533y,11931626,https://doi.org/10.1021/jm010533y
39700339_ref62,39700339,62,A Specific Mechanism of Nonspecific Inhibition,J. Med. Chem.,2003,10.1021/jm030266r,13678405,https://doi.org/10.1021/jm030266r
39700339_ref63,39700339,63,The Ecstasy and Agony of Assay Interference Compounds,J. Med. Chem.,2017,10.1021/acs.jmedchem.7b00229,28244745,https://doi.org/10.1021/acs.jmedchem.7b00229
39700339_ref64,39700339,64,Be Aware of Aggregators in the Search for Potential Human Ecto-5′-Nucleotidase Inhibitors,Molecules,2018,10.3390/molecules23081876,30060466,https://doi.org/10.3390/molecules23081876
39700339_ref65,39700339,65,"OMEGA, v.4.1.2.0; OpenEye Scientific Software: Santa Fe, NM, USA. https://www.eyesopen.com/.",OMEGA,,,,
39700339_ref66,39700339,66,Conformer Generation with OMEGA: Learning from the Data Set and the Analysis of Failures,J. Chem. Inf. Model.,2012,10.1021/ci300314k,23082786,https://doi.org/10.1021/ci300314k
39700339_ref67,39700339,67,Conformer Generation with OMEGA: Algorithm and Validation Using High Quality Structures from the Protein Databank and Cambridge Structural Database,J. Chem. Inf. Model.,2010,10.1021/ci100031x,20235588,https://doi.org/10.1021/ci100031x
39700339_ref68,39700339,68,New Substructure Filters for Removal of Pan Assay Interference Compounds(PAINS)from Screening Libraries and for Their Exclusion in Bioassays,J. Med. Chem.,2010,10.1021/jm901137j,20131845,https://doi.org/10.1021/jm901137j
39700339_ref69,39700339,69,Chemistry: Chemical Con Artists Foil Drug Discovery,Nature,2014,10.1038/513481a,25254460,https://doi.org/10.1038/513481a
39700339_ref70,39700339,70,Getting Physical in Drug Discovery: A Contemporary Perspective on Solubility and Hydrophobicity,Drug Discovery Today,2010,10.1016/j.drudis.2010.05.016,20570751,https://doi.org/10.1016/j.drudis.2010.05.016
39700339_ref71,39700339,71,Experimental and Computational Approaches to Estimate Solubility and Permeability in Drug Discovery and Develop Ment Settings,Adv. Drug Delivery Rev.,1997,10.1016/S0169-409X(96)00423-1,11259830,https://doi.org/10.1016/S0169-409X(96)00423-1
39700339_ref72,39700339,72,Estimation of Aqueous Solubility of Chemical Compounds Using E-State Indices,J. Chem. Inf. Comput. Sci.,2001,10.1021/ci000392t,11749573,https://doi.org/10.1021/ci000392t
39700339_ref73,39700339,73,Will We Ever Be Able to Accurately Predict Solubility?,Sci. Data,2024,10.1038/s41597-024-03105-6,38499581,https://doi.org/10.1038/s41597-024-03105-6
39700339_ref74,39700339,74,"Rule of Five in 2015 and beyond: Target and Ligand Structural Limitations, Ligand Chemistry Structure and Drug Discovery Project Decisions",Adv. Drug Delivery Rev.,2016,10.1016/j.addr.2016.04.029,27154268,https://doi.org/10.1016/j.addr.2016.04.029
39700339_ref75,39700339,75,Drug-like Properties and the Causes of Poor Solubility and Poor Permeability,J. Pharmacol. Toxicol. Methods,2000,10.1016/S1056-8719(00)00107-6,11274893,https://doi.org/10.1016/S1056-8719(00)00107-6
39700339_ref76,39700339,76,"SwissADME: A Free Web Tool to Evaluate Pharmacokinetics, Drug-Likeness and Medicinal Chemistry Friendliness of Small Molecules",Sci. Rep,2017,10.1038/srep42717,28256516,https://doi.org/10.1038/srep42717
39700339_ref77,39700339,77,Two Decades under the Influence of the Rule of Five and the Changing Properties of Approved Oral Drugs,J. Med. Chem.,2019,10.1021/acs.jmedchem.8b00686,30212196,https://doi.org/10.1021/acs.jmedchem.8b00686
39700339_ref78,39700339,78,Mixed and Non-Competitive Enzyme Inhibition: Underlying Mechanisms and Mechanistic Irrelevance of the Formal Two-Site Model,J. Enzyme Inhib. Med. Chem.,2023,10.1080/14756366.2023.2245168,37577806,https://doi.org/10.1080/14756366.2023.2245168
39700339_ref79,39700339,79,Non-Competitive Inhibition by Active Site Binders,Chem. Biol. Drug Des.,2010,10.1111/j.1747-0285.2010.00972.x,20374252,https://doi.org/10.1111/j.1747-0285.2010.00972.x
39700339_ref80,39700339,80,"Enzyme–Inhibitor Interactions and a Simple, Rapid Method for Determining Inhibition Modality",SLAS Discovery,2019,10.1177/2472555219829898,30811960,https://doi.org/10.1177/2472555219829898
39700339_ref81,39700339,81,Kinetic and Structural Investigations of the Allosteric Site in Human Epithelial 15-Lipoxygenase-2,Biochemistry,2009,10.1021/bi9009242,19645454,https://doi.org/10.1021/bi9009242
39700339_ref82,39700339,82,Recognizing Pitfalls in Virtual Screening: A Critical Review,J. Chem. Inf. Model.,2012,10.1021/ci200528d,22435959,https://doi.org/10.1021/ci200528d
39700339_ref83,39700339,83,Evaluating Free Energies of Binding and Conservation of Crystallographic Waters Using SZMAP,J. Chem. Inf. Model.,2015,10.1021/ci500746d,26176600,https://doi.org/10.1021/ci500746d
39700339_ref84,39700339,84,How Diverse Are Diversity Assessment Methods? A Comparative Analysis and Benchmarking of Molecular Descriptor Space,J. Chem. Inf. Model.,2014,10.1021/ci400469u,24289493,https://doi.org/10.1021/ci400469u
39700339_ref85,39700339,85,Molecular Shape and Medicinal Chemistry: A Perspective,J. Med. Chem.,2010,10.1021/jm900818s,20158188,https://doi.org/10.1021/jm900818s
39700339_ref86,39700339,86,"SwissADME: A Free Web Tool to Evaluate Pharmacokinetics, Drug-Likeness and Medicinal Chemistry Friendliness of Small Molecules",Sci. Rep,2017,10.1038/srep42717,28256516,https://doi.org/10.1038/srep42717
39700339_ref87,39700339,87,Open Babel: An Open Chemical Toolbox,J. Cheminform.,2011,10.1186/1758-2946-3-33,21982300,https://doi.org/10.1186/1758-2946-3-33
39700339_ref88,39700339,88,"Babel, v.2.2.3.; Open Babel Development Team. https://github.com/openbabel/openbabel.",Babel,,,,
39700339_ref89,39700339,89,"GOLD, v.5.2; CCDC, The Cambridge Crystallographic Data Center: Cambridge, U.K.. https://www.ccdc.cam.ac.uk/solutions/software/gold/.",GOLD,,,,
39700339_ref90,39700339,90,"GraphPad Prism, v.9/v.10; GraphPad Software: Boston, MA, USA. https://www.graphpad.com/.",GraphPad Prism,,,,
39700339_ref91,39700339,91,"LigandScout. Inte:Ligand GmbH, Maria Enzersdorf, Austria. https://docs.inteligand.com/.",,,,,
39700339_ref92,39700339,92,New and Original PKa Prediction Method Using Grid Molecular Interaction Fields,J. Chem. Inf. Model.,2007,10.1021/ci700018y,17910431,https://doi.org/10.1021/ci700018y
39700339_ref93,39700339,93,"MoKa, v.2.6; Molecular Discovery Ltd: Borehamwood, UK. https://www.moldiscovery.com/software/moka/.",MoKa,,,,
39700339_ref94,39700339,94,"Open Babel, v.2.3.1.; Open Babel Development Team. https://github.com/openbabel/openbabel.",Open Babel,,,,
39700339_ref95,39700339,95,"The PyMOL Molecular Graphics System, v.2.5.0.; Schrödinger LCC. https://www.pymol.org/.",The PyMOL Molecular Graphics System,,,,
39700339_ref96,39700339,96,"QUACPAC, v.2.0.0.3; OpenEye Scientific Software: Santa Fe, NM, USA. https://www.eyesopen.com/.",QUACPAC,,,,
39700339_ref97,39700339,97,"ROCS, v.3.4.0.3; OpenEye Scientific Software: Santa Fe, NM, USA. https://www.eyesopen.com/.",ROCS,,,,
39700339_ref98,39700339,98,"SwissADME University of Lausanne: Lausanne, Switzerland. http://www.swissadme.ch/.",,,,,
39700339_ref99,39700339,99,Restart Procedures for the Conjugate Gradient Method,Math. Program.,1977,10.1007/BF01593790,,https://doi.org/10.1007/BF01593790
39700339_ref100,39700339,100,Property Distribution of Drug-Related Chemical Databases,J. Comput. Aided Mol. Des.,2000,10.1023/A:1008130001697,10756480,https://doi.org/10.1023/A:1008130001697
39700339_ref101,39700339,101,"FILTER, v.2.1.1.; OpenEye Scientific Software: Santa Fe, NM, USA. https://www.eyesopen.com/.",FILTER,,,,
39700339_ref102,39700339,102,Phantom PAINS: Problems with the Utility of Alerts for Pan-Assay INterference CompoundS,J. Chem. Inf. Model.,2017,10.1021/acs.jcim.6b00465,28165734,https://doi.org/10.1021/acs.jcim.6b00465
39700339_ref103,39700339,103,A Computer Program for Classifying Plants,Science,1960,10.1126/science.132.3434.1115,17790723,https://doi.org/10.1126/science.132.3434.1115
39700339_ref104,39700339,104,"R Core Team. R Foundation for Statistical Computing; R: A Language and Environment for Statistical Computing: Vienna, Austria, 2020.",R Foundation for Statistical Computing,2020,,,
39700339_ref105,39700339,105,Protein Identification and Analysis Tools on the Expasy Server,The Proteomics Protocols Handbook,2005,,,
39700339_ref106,39700339,106,Strict Regiospecificity of Human Epithelial 15-Lipoxygenase-2 Delineates Its Transcellular Synthesis Potential,Biochemistry,2016,10.1021/acs.biochem.5b01339,27145229,https://doi.org/10.1021/acs.biochem.5b01339
39696643_ref1,39696643,1,"Vemula D, Jayasurya P, Sushmitha V, Kumar YN, Bhandari V. CADD, AI and ML in drug discovery: A comprehensive review. Eur J Pharm Sci. 2023;181:106324. 36347444 10.1016/j.ejps.2022.106324",,,10.1016/j.ejps.2022.106324,36347444,https://doi.org/10.1016/j.ejps.2022.106324
39696643_ref2,39696643,2,"Zhang H, Shen C, Zhang HR, Chen WX, Luo QQ, Ding L. Discovery of novel DGAT1 inhibitors by combination of machine learning methods, pharmacophore model and 3D–QSAR model. Mol Divers. 2021;25:1481–95. 34160713 10.1007/s11030-021-10247-x",,,10.1007/s11030-021-10247-x,34160713,https://doi.org/10.1007/s11030-021-10247-x
39696643_ref3,39696643,3,"Sledz P, Caflisch A. Protein structure-based drug design: from docking to molecular dynamics. Curr Opin Struct Biol. 2018;48:93–102. 29149726 10.1016/j.sbi.2017.10.010",,,10.1016/j.sbi.2017.10.010,29149726,https://doi.org/10.1016/j.sbi.2017.10.010
39696643_ref4,39696643,4,"Lin Y, Zhang Y, Wang D, Yang B, Shen YQ. Computer especially AI-assisted drug virtual screening and design in traditional Chinese medicine. Phytomedicine. 2022;107:154481. 36215788 10.1016/j.phymed.2022.154481",,,10.1016/j.phymed.2022.154481,36215788,https://doi.org/10.1016/j.phymed.2022.154481
39696643_ref5,39696643,5,"Crampon K, Giorkallos A, Deldossi M, Baud S, Steffenel A. Machine-learning methods for ligand-protein molecular docking. Drug Discov Today. 2022;27:151–64. 34560276 10.1016/j.drudis.2021.09.007",,,10.1016/j.drudis.2021.09.007,34560276,https://doi.org/10.1016/j.drudis.2021.09.007
39696643_ref6,39696643,6,"Asiamah I, Obiri SA, Tamekloe W, Armah FA, Borquaye LS. Applications of molecular docking in natural products-based drug discovery. Sci Afr. 2023;20:e01593.",,,,,
39696643_ref7,39696643,7,"Solanki P, Rana N, Jha PC, Manhas A. A comprehensive analysis of the role of molecular docking in the development of anticancer agents against the cell cycle CDK enzyme. Biocell. 2023;47:707–29.",,,,,
39696643_ref8,39696643,8,"Rawat S, Subramaniam K, Subramanian SK, Subbarayan S, Dhanabalan S, Chidambaram SKM, Stalin B, Roy A, Nagaprasad N, Aruna M, Tesfaye JL, Badassa B, Krishnaraj R. Drug Repositioning Using Computer-aided Drug Design(CADD). Curr Pharm Biotechnol. 2024;25:301–12. 37605405 10.2174/1389201024666230821103601",,,10.2174/1389201024666230821103601,37605405,https://doi.org/10.2174/1389201024666230821103601
39696643_ref9,39696643,9,"Gahbauer S, DeLeon C, Braz JM, Craik V, Kang HJ, Wan X, Huang X, Billesbølle CB, Liu Y, Che T, Deshpande I, Jewell M, Fink EA, Kondratov IS, Moroz YS, Irwin JJ, Basbaum AI, Roth BL, Shoichet BK. Docking for EP4R antagonists active against inflammatory pain. Nat Commun. 2023;14:8067. 38057319 10.1038/s41467-023-43506-6 PMC10700596",,,10.1038/s41467-023-43506-6,38057319,https://doi.org/10.1038/s41467-023-43506-6
39696643_ref10,39696643,10,"Rehman HM, Sajjad M, Ali MA, Gul R, Naveed M, Aslam MS, Shinwari K, Bhinder MA, Ghani MU, Saleem M, Rather MA, Ahmad I, Amin A. Identification of RdRp inhibitors against SARS-CoV-2 through E-pharmacophore-based virtual screening, molecular docking and MD simulations approaches. Int J Biol Macromol. 2023;237:124169. 36990409 10.1016/j.ijbiomac.2023.124169 PMC10043960",,,10.1016/j.ijbiomac.2023.124169,36990409,https://doi.org/10.1016/j.ijbiomac.2023.124169
39696643_ref11,39696643,11,"Tran-Nguyen VK, Junaid M, Simeon S, Ballester PJ. A practical guide to machine-learning scoring for structure-based virtual screening. Nat Protoc. 2023;18:3460–511. 37845361 10.1038/s41596-023-00885-w",,,10.1038/s41596-023-00885-w,37845361,https://doi.org/10.1038/s41596-023-00885-w
39696643_ref12,39696643,12,"Li J, Fu A, Zhang L. An overview of scoring functions used for protein-ligand interactions in molecular docking. Interdisciplinary Sciences: Comput Life Sci. 2019;11:320–8. 10.1007/s12539-019-00327-w 30877639",,,10.1007/s12539-019-00327-w,30877639,https://doi.org/10.1007/s12539-019-00327-w
39696643_ref13,39696643,13,"Bender BJ, Gahbauer S, Luttens A, Lyu J, Webb CM, Stein RM, Fink EA, Balius TE, Carlsson J, Irwin JJ, Shoiche BK. A practical guide to large-scale docking. Nat Protoc. 2021;16:4799–832. 34561691 10.1038/s41596-021-00597-z PMC8522653",,,10.1038/s41596-021-00597-z,34561691,https://doi.org/10.1038/s41596-021-00597-z
39696643_ref14,39696643,14,"Cui H, Divakaran A, Hoell ZH, Ellingson MO, Scholtz CR, Zahid H, Johnson JA, Griffith EC, Gee CT, Lee AL, Khanal S, Shi K, Aihara H, Shah VH, Lee RE, Harki DA, Pomerantz WCK. A Structure-based Design Approach for Generating High Affinity BRD4 D1-Selective Chemical Probes. J Med Chem. 2022;65:2342–60. 35007061 10.1021/acs.jmedchem.1c01779 PMC9683399",,,10.1021/acs.jmedchem.1c01779,35007061,https://doi.org/10.1021/acs.jmedchem.1c01779
39696643_ref15,39696643,15,"Tang P, Zhang JF, Liu J, Cheng-Ming C, Liang QY. Targeting bromodomain and extraterminal proteins for drug discovery: from current progress to technological development. J Med Chem. 2021;64:2419–35. 33616410 10.1021/acs.jmedchem.0c01487 PMC8106541",,,10.1021/acs.jmedchem.0c01487,33616410,https://doi.org/10.1021/acs.jmedchem.0c01487
39696643_ref16,39696643,16,"Feng ZY, Chen AP, Shi J, Zhou DG, Shi W, Qiu QQ, Liu XH, Huang WL, Li JM, Qian H, Zhang WJ. Design, synthesis, and biological activity evaluation of a series of novel sulfonamide derivatives as BRD4 inhibitors against acute myeloid leukemia. Bioorg Chem. 2021;111:104849. 33798846 10.1016/j.bioorg.2021.104849",,,10.1016/j.bioorg.2021.104849,33798846,https://doi.org/10.1016/j.bioorg.2021.104849
39696643_ref17,39696643,17,"He ZX, Jiao HM, An Q, Zhang X, Zengyangzong D, Xu JL, Liu HM, Ma LY, Zhao W. Discovery of novel 4-phenylquinazoline-based BRD4 inhibitors for cardiac fibrosis. Acta Pharm Sin B. 2022;12:291–307. 35127386 10.1016/j.apsb.2021.07.018 PMC8799877",,,10.1016/j.apsb.2021.07.018,35127386,https://doi.org/10.1016/j.apsb.2021.07.018
39696643_ref18,39696643,18,"Gupta A, Purohit R. Identification of potent BRD4-BD1 inhibitors using classical and steered molecular dynamics based free energy analysis. J Cell Biochem. 2024;125:e30532. 38317535 10.1002/jcb.30532",,,10.1002/jcb.30532,38317535,https://doi.org/10.1002/jcb.30532
39696643_ref19,39696643,19,"Filippakopoulos P, Qi J, Picaud S, Shen Y, Smith WB, Fedorov O, Morse EM, Keates T, Hickman TT, Felletar I, Philpott M, Munro S, McKeown MR, Wang YC, Christie AL, West N, Cameron MJ, Schwartz B, Heightman TD, Thangue NL, French CA, Wiest O, Kung AL, Knapp S, Bradner JE. Selective inhibition of BET bromodomains. Nature. 2010;468:1067–73. 20871596 10.1038/nature09504 PMC3010259",,,10.1038/nature09504,20871596,https://doi.org/10.1038/nature09504
39696643_ref20,39696643,20,"Jiang F, Hu QH, Zhang ZM, Li HM, Li HL, Zhang DW, Li HW, Ma Y, Xu JJ, Chen HF, Cui Y, Zhi YL, Zhang YM, Xu JY, Zhu JP, Lu T, Chen YD. Discovery of Benzo[cd]indol-2(1H)-ones and Pyrrolo[4,3,2-de]quinolin-2(1H)-ones as Bromodomain and Extra-Terminal Domain(BET)Inhibitors with Selectivity for the First Bromodomain with Potential High Efficiency against Acute Gouty Arthritis. J Med Chem. 2019;62:11080–107. 31789032 10.1021/acs.jmedchem.9b01010",,,10.1021/acs.jmedchem.9b01010,31789032,https://doi.org/10.1021/acs.jmedchem.9b01010
39696643_ref21,39696643,21,"Gilan O, Rioja I, Knezevic K, Bell MJ, Yeung MM, Harker NR, Lam EYN, Chung CW, Bamborough P, Petretich M, Urh M, Atkinson SJ, Bassil AK, Roberts EJ, Vassiliadis D, Burr ML, Preston AGS, Wellaway C, Werner T, Gray JR, Michon AM, Gobbetti T, Kumar V, Soden PE, Haynes A, Vappiani J, Tough DF, Taylor S, Dawson SJ, Bantscheff M, Lindon M, Drewes G, Demont EH, Daniels DL, Grandi P, Prinjha RK, Dawson MA. Selective targeting of BD1 and BD2 of the BET proteins in cancer and immunoinflammation. Science. 2020;368:387–94. 32193360 10.1126/science.aaz8455 PMC7610820",,,10.1126/science.aaz8455,32193360,https://doi.org/10.1126/science.aaz8455
39696643_ref22,39696643,22,"Faivre EJ, McDaniel KF, Albert DH, Mantena SR, Plotnik JP, Wilcox D, Zhang L, Bui MH, Sheppard GS, Wang L, Sehgal V, Lin XY, Huang XL, Lu X, Uziel T, Hessler P, Lam LT, Bellin RJ, Mehta G, Fidanze S, Pratt JK, Liu DC, Hasvold LA, Sun CH, Panchal SC, Nicolette JJ, Fossey SL, Park CH, Longenecker K, Bigelow L, Torrent M, Rosenberg SH, Kati WM, Shen Y. Selective inhibition of the BD2 bromodomain of BET proteins in prostate cancer. Nature. 2020;578:306–10. 31969702 10.1038/s41586-020-1930-8",,,10.1038/s41586-020-1930-8,31969702,https://doi.org/10.1038/s41586-020-1930-8
39696643_ref23,39696643,23,"Ding MY, Shao YY, Sun DW, Meng S, Zang Y, Zhou YB, Li J, Lu W, Zhu SL. Design, synthesis, and biological evaluation of BRD4 degraders. Bioorg Med Chem. 2023;78:117134. 36563515 10.1016/j.bmc.2022.117134",,,10.1016/j.bmc.2022.117134,36563515,https://doi.org/10.1016/j.bmc.2022.117134
39696643_ref24,39696643,24,"Gavai AV, Norris D, Delucca G, Tortolani D, Tokarski JS, Dodd D, O’Malley D, Zhao YF, Quesnelle C, Gill P, Vaccaro W, Huynh T, Ahuja V, Han WC, Mussari C, Harikrishnan L, Kamau M, Poss M, Sheriff S, Yan CH, Marsilio F, Menard K, Wen ML, Rampulla R, Wu DR, Li JQ, Zhang HP, Li P, Sun D, Yip H, Traeger SC, Zhang YR, Mathur A, Zhang HY, Huang C, Yang Z, Ranasinghe A, Everlof G, Raghavan N, Tye CK, Wee S, Hunt JT, Vite G, Westhouse R, Lee FY. Discovery and Preclinical Pharmacology of an Oral Bromodomain and Extra-Terminal(BET)Inhibitor Using Scaffold-Hopping and Structure-Guided Drug Design. J Med Chem. 2021;64:14247–65. 34543572 10.1021/acs.jmedchem.1c00625",,,10.1021/acs.jmedchem.1c00625,34543572,https://doi.org/10.1021/acs.jmedchem.1c00625
39696643_ref25,39696643,25,"Dong J, Wang X. Identification of novel BRD4 inhibitors by pharmacophore screening, molecular docking, and molecular dynamics simulation. J Mol Struct. 2023;1274:134363.",,,,,
39696643_ref26,39696643,26,"Zhong H, Wang X, Chen S, Wang Z, Wang H, Xu L, Hou T, Yao X, Li D, Pan P. Discovery of Novel Inhibitors of BRD4 for Treating Prostate Cancer: A Comprehensive Case Study for Considering Water Networks in Virtual Screening and Drug Design. J Med Chem. 2024;67:138–51. 38153295 10.1021/acs.jmedchem.3c00996",,,10.1021/acs.jmedchem.3c00996,38153295,https://doi.org/10.1021/acs.jmedchem.3c00996
39696643_ref27,39696643,27,"Ibrahim MAA, Abdelhamid MMH, Abdeljawaad KAA, Abdelrahman AHM, Mekhemer GAH, Sidhom PA, Sayed SRM, Paré PW, Hegazy MF, Shoeib T. Pyronaridine as a Bromodomain-Containing Protein 4-N-Terminal Bromodomain(BRD4-BD1)Inhibitor: In Silico Database Mining, Molecular Docking, and Molecular Dynamics Simulation. Molecules. 2023;28:5713. 37570684 10.3390/molecules28155713 PMC10420099",,,10.3390/molecules28155713,37570684,https://doi.org/10.3390/molecules28155713
39696643_ref28,39696643,28,"Allen BK, Mehta S, Ember SWJ, Zhu J, Schönbrunn E, Ayad NG, Schürer SC. Identification of a novel class of BRD4 inhibitors by computational screening and binding simulations. ACS Omega. 2017;2:4760–71. 28884163 10.1021/acsomega.7b00553 PMC5579542",,,10.1021/acsomega.7b00553,28884163,https://doi.org/10.1021/acsomega.7b00553
39696643_ref29,39696643,29,Šinko G. Assessment of scoring functions and in silico parameters for AChE-ligand interactions as a tool for predicting inhibition potency. Chemi-Biol Interact. 2019;308:216–23. 10.1016/j.cbi.2019.05.047 31150627,,,10.1016/j.cbi.2019.05.047,31150627,https://doi.org/10.1016/j.cbi.2019.05.047
39696643_ref30,39696643,30,"Berman HM, Westbrook J, Feng Z, Gilliland G, Bhat TN, Weissig H, Shindyalov IN, Bourne PE. The Protein Data Bank. Nucleic Acids Res. 2000;28:235–42. 10592235 10.1093/nar/28.1.235 PMC102472",,,10.1093/nar/28.1.235,10592235,https://doi.org/10.1093/nar/28.1.235
39696643_ref31,39696643,31,"Filippakopoulos P, Picaud S, Mangos M, Keates T, Lambert JP, Barsyte-Lovejoy D, Felletar I, Volkmer R, Muller S, Pawson T, Gingras AC, Arrowsmith CH, Knapp S. Histone recognition and large scale structural analysis of the human bromodomain family. Cell. 2012;149:214–31. 22464331 10.1016/j.cell.2012.02.013 PMC3326523",,,10.1016/j.cell.2012.02.013,22464331,https://doi.org/10.1016/j.cell.2012.02.013
39696643_ref32,39696643,32,"Lian X, Xia Z, Li X, Karpov P, Jin H, Tetko IV, Xia J, Wu S. Anti-MRSA drug discovery by ligand-based virtual screening and biological evaluation. Bioorg Chem. 2021;114:105042. 34120024 10.1016/j.bioorg.2021.105042",,,10.1016/j.bioorg.2021.105042,34120024,https://doi.org/10.1016/j.bioorg.2021.105042
39696643_ref33,39696643,33,"Jiang Y, Gao H. Pharmacophore-based drug design for the identification of novel. 10.1016/j.phymed.2018.09.199 30668379",,,10.1016/j.phymed.2018.09.199,30668379,https://doi.org/10.1016/j.phymed.2018.09.199
39696643_ref34,39696643,34,butyrylcholinesterase inhibitors. against Alzheimer’s disease. Phytomedicine. 2019;54:278–90. 30668379 10.1016/j.phymed.2018.09.199,,,10.1016/j.phymed.2018.09.199,30668379,https://doi.org/10.1016/j.phymed.2018.09.199
39696643_ref35,39696643,35,"Ayoub AM, Hawk LML, Herzig RJ, Jiang J, Wisniewski AJ, Gee CT, Zhao P, Zhu JY, Berndt N, Offei-Addo NK, Scott TG, Qi J, Bradner JE, Ward TR, Schönbrunn E, Georg, Pomerantz WCK. BET Bromodomain Inhibitors with One-Step Synthesis Discovered from Virtual Screen. J Med Chem. 2017;60:4805–17. 28535045 10.1021/acs.jmedchem.6b01336 PMC5558211",,,10.1021/acs.jmedchem.6b01336,28535045,https://doi.org/10.1021/acs.jmedchem.6b01336
39696643_ref36,39696643,36,"Hou Y, Xie H, Dou G, Yang W, Ge J, Zhou B, Ren J, Li J, Wang J, Zhang Z, Wang X. Computational study on novel natural inhibitors targeting c-MET. Med(Baltim). 2021;100:e27171. 10.1097/MD.0000000000027171 PMC8462629 34559105",,,10.1097/MD.0000000000027171,34559105,https://doi.org/10.1097/MD.0000000000027171
39696643_ref37,39696643,37,"Wu G, Robertson DH, Brooks CL 3rd, Vieth M. Detailed analysis of grid-based molecular docking: A case study of CDOCKER-A CHARMm-based MD docking algorithm. J Comput Chem. 2003;24:1549–62. 12925999 10.1002/jcc.10306",,,10.1002/jcc.10306,12925999,https://doi.org/10.1002/jcc.10306
39696643_ref38,39696643,38,"Li Y, Zhao J, Gutgesell LM, Shen Z, Ratia K, Dye K, Dubrovskyi O, Zhao H, Huang F, Tonetti DA, Thatcher GRJ, Xiong R. Novel Pyrrolopyridone Bromodomain and Extra-Terminal Motif(BET)Inhibitors Effective in Endocrine-Resistant ER + Breast Cancer with Acquired Resistance to Fulvestrant and Palbociclib. J Med Chem. 2020;63:7186–210. 32453591 10.1021/acs.jmedchem.0c00456 PMC8258866",,,10.1021/acs.jmedchem.0c00456,32453591,https://doi.org/10.1021/acs.jmedchem.0c00456
39696643_ref39,39696643,39,"Picaud S, Da Costa D, Thanasopoulou A, Filippakopoulos P, Fish PV, Philpott M, Fedorov O, Brennan P, Bunnage ME, Owen DR, Bradner JE, Taniere P, O’Sullivan B, Muller S, Schwaller J, Stankovic T, Knapp S. PFI-1, a highly selective protein interaction inhibitor, targeting BET Bromodomains. Cancer Res. 2013;73:3336–46. 23576556 10.1158/0008-5472.CAN-12-3292 PMC3673830",,,10.1158/0008-5472.CAN-12-3292,23576556,https://doi.org/10.1158/0008-5472.CAN-12-3292
39696643_ref40,39696643,40,"Guest EE, Pickettb SD, Hirst JD. Structural variation of protein–ligand complexes of the first bromodomain of BRD4. Org Biomol Chem. 2021;19:5632. 34105560 10.1039/d1ob00658d",,,10.1039/d1ob00658d,34105560,https://doi.org/10.1039/d1ob00658d
39696643_ref41,39696643,41,"Li YF, Zhao J, Gutgesell LM, Shen Z, Ratia K, Dye K, Dubrovskyi O, Zhao H, Huang F, Tonetti DA, Thatcher GRJ, Xiong R. Novel Pyrrolopyridone Bromodomain and Extra-Terminal Motif(BET)Inhibitors Effective in Endocrine-Resistant ER + Breast Cancer with Acquired Resistance to Fulvestrant and Palbociclib. J Med Chem. 2020;63:7186–210. 32453591 10.1021/acs.jmedchem.0c00456 PMC8258866",,,10.1021/acs.jmedchem.0c00456,32453591,https://doi.org/10.1021/acs.jmedchem.0c00456
39696643_ref42,39696643,42,"Feng Z, Chen A, Shi J, Zhou D, Shi W, Qiu Q, Liu X, Huang W, Li J, Qian H, Zhang W. Design, synthesis, and biological activity evaluation of a series of novel sulfonamide derivatives as BRD4 inhibitors against acute myeloid leukemia. Bioorg Chem. 2021;111:104849. 33798846 10.1016/j.bioorg.2021.104849",,,10.1016/j.bioorg.2021.104849,33798846,https://doi.org/10.1016/j.bioorg.2021.104849
39696643_ref43,39696643,43,"Wang S, Jiang JH, Li RY, Deng P. Docking–based virtual screening of TβR1 inhibitors: evaluation of pose prediction and scoring functions. BMC Chem. 2020;14:52. 32818203 10.1186/s13065-020-00704-3 PMC7427878",,,10.1186/s13065-020-00704-3,32818203,https://doi.org/10.1186/s13065-020-00704-3
39696643_ref44,39696643,44,"Kim S, Chen J, Cheng T, Gindulyte A, He J, He S, Li Q, Shoemaker BA, Thiessen PA, Yu B, Zaslavsky L, Zhang J, Bolton EE. PubChem in 2021: new data content and improved web interfaces. Nucleic Acids Res. 2021;49:D1388–95. 33151290 10.1093/nar/gkaa971 PMC7778930",,,10.1093/nar/gkaa971,33151290,https://doi.org/10.1093/nar/gkaa971
39696643_ref45,39696643,45,"Hess B, Kutzner C, van der Spoel D, Lindahl E. GROMACS 4: algorithms for highly efficient, load-balanced, and scalable molecular simulation. J Chem Theory Comput. 2008;4:435–47. 26620784 10.1021/ct700301q",,,10.1021/ct700301q,26620784,https://doi.org/10.1021/ct700301q
39696643_ref46,39696643,46,"Yu YL, Krämer A, Venable RM, Simmonett AC, MacKerell AD Jr, Klauda JB, Pastor RW, Brooks BR. Semi-automated optimization of the CHARMM36 lipid force field to include explicit treatment of long-range dispersion. J Chem Theory Comput. 2021;17:1562–80. 33620214 10.1021/acs.jctc.0c01326 PMC8059446",,,10.1021/acs.jctc.0c01326,33620214,https://doi.org/10.1021/acs.jctc.0c01326
39696643_ref47,39696643,47,"Bussi G, Donadio D, Parrinello M. Canonical sampling through velocity rescaling. J Chem Phys. 2007;126:014101. 17212484 10.1063/1.2408420",,,10.1063/1.2408420,17212484,https://doi.org/10.1063/1.2408420
39696643_ref48,39696643,48,"Chen XZ, Yu XY, Dai C, Huang QY, Shen Y, Wang J, Hu Y, Lin ZH. Identification of potent CypD inhibitors via pharmacophore based virtual screening, docking and molecular dynamics simulation. J Mol Struct. 2022;1247:131355.",,,,,
39696643_ref49,39696643,49,"Yu D, Du J, He P, Wang N, Li L, Liu Y, Yang C, Xu H, Li Y. Identification of natural xanthine oxidase inhibitors: Virtual screening, anti-xanthine oxidase activity, and interaction mechanism. Int J Biol Macromol. 2024;259:129286. 38216015 10.1016/j.ijbiomac.2024.129286",,,10.1016/j.ijbiomac.2024.129286,38216015,https://doi.org/10.1016/j.ijbiomac.2024.129286
39771585_ref1,39771585,1,Diagnosis and classification of diabetes mellitus,Diabetes Care,2014,10.2337/dc14-S081,24357215,https://doi.org/10.2337/dc14-S081
39771585_ref2,39771585,2,Care in Diabetes—2022,Diabetes Care,2022,10.2337/dc22-S002,34964875,https://doi.org/10.2337/dc22-S002
39771585_ref3,39771585,3,"Solis-Herrera C. Triplitt C. Reasner C. DeFronzo R.A. Cersosimo E. Classification of Diabetes Mellitus MDText.com, Inc. South Dartmouth, MA, USA 2015",Classification of Diabetes Mellitus,2015,,,
39771585_ref4,39771585,4,"IDF Diabetes Atlas: Global, regional and country-level diabetes prevalence estimates for 2021 and projections for 2045",Diabetes Res. Clin. Pract.,2022,10.1016/j.diabres.2021.109119,34879977,https://doi.org/10.1016/j.diabres.2021.109119
39771585_ref5,39771585,5,Global aetiology and epidemiology of type 2 diabetes mellitus and its complications,Nat. Rev. Endocrinol.,2018,10.1038/nrendo.2017.151,29219149,https://doi.org/10.1038/nrendo.2017.151
39771585_ref6,39771585,6,Projections of global mortality and burden of disease from 2002 to 2030,PLoS Med.,2006,10.1371/journal.pmed.0030442,17132052,https://doi.org/10.1371/journal.pmed.0030442
39771585_ref7,39771585,7,Adipocentric origin of the common cardiometabolic complications of obesity in the young up to the very old: Pathophysiology and new therapeutic opportunities,Front. Med.,2024,10.3389/fmed.2024.1365183,38654832,https://doi.org/10.3389/fmed.2024.1365183
39771585_ref8,39771585,8,Bibliometric analysis of vitamin D and obesity research over the period 2000 to 2023,Front. Pharmacol.,2024,10.3389/fphar.2024.1445061,39092232,https://doi.org/10.3389/fphar.2024.1445061
39771585_ref9,39771585,9,"Obesity in Saudi Arabia in 2020: Prevalence, distribution, and its current association with various health conditions",Healthcare,2021,10.3390/healthcare9030311,33799725,https://doi.org/10.3390/healthcare9030311
39771585_ref10,39771585,10,"Prevalence of type 2 diabetes mellitus in the general population of Saudi Arabia, 2000–2020: A systematic review and meta-analysis of observational studies",Saudi J. Med. Med. Sci.,2023,10.4103/sjmms.sjmms_394_22,36909010,https://doi.org/10.4103/sjmms.sjmms_394_22
39771585_ref11,39771585,11,"Prevalence, risk factors, and interventions for obesity in Saudi Arabia: A systematic review",Obes. Rev.,2022,10.1111/obr.13448,35338558,https://doi.org/10.1111/obr.13448
39771585_ref12,39771585,12,WHO Global report on diabetes: A summary,Int. J. Noncommun. Dis.,2016,10.4103/2468-8827.184853,,https://doi.org/10.4103/2468-8827.184853
39771585_ref13,39771585,13,The worrying trend of diabetes mellitus in Saudi Arabia: An urgent call to action,Curr. Diabetes Rev.,2020,10.2174/18756417OTg2dNzMaTcVY,31146665,https://doi.org/10.2174/18756417OTg2dNzMaTcVY
39771585_ref14,39771585,14,Treating type 2 diabetes: How safe are current therapeutic agents?,Int. J. Clin. Pract.,2009,10.1111/j.1742-1241.2008.01980.x,19196370,https://doi.org/10.1111/j.1742-1241.2008.01980.x
39771585_ref15,39771585,15,GLP-1 secretagogues potential of medicinal plants in management of diabetes,J. Pharmacogn. Phytochem.,2015,,,
39771585_ref16,39771585,16,GLP-1: Molecular mechanisms and outcomes of a complex signaling system,Neurochem. Int.,2019,10.1016/j.neuint.2019.04.010,31002893,https://doi.org/10.1016/j.neuint.2019.04.010
39771585_ref17,39771585,17,9. Pharmacologic approaches to glycemic treatment: Standards of Medical Care in Diabetes—2021,Diabetes Care,2021,10.2337/dc21-S009,33298420,https://doi.org/10.2337/dc21-S009
39771585_ref18,39771585,18,Patent is extended or adjusted under 35 29. 23. Sites,Pancreas,1992,,,
39771585_ref19,39771585,19,Discovery of the once-weekly glucagon-like peptide-1(GLP-1)analogue semaglutide,J. Med. Chem.,2015,10.1021/acs.jmedchem.5b00726,26308095,https://doi.org/10.1021/acs.jmedchem.5b00726
39771585_ref20,39771585,20,"Dulaglutide, a long-acting GLP-1 analog fused with an Fc antibody fragment for the potential treatment of type 2 diabetes",Curr. Opin. Mol. Ther.,2010,,21154170,
39771585_ref21,39771585,21,GLP-1 derivatives as novel compounds for the treatment of type 2 diabetes: Selection of NN2211 for clinical development,Drugs Future,2001,10.1358/dof.2001.026.07.628723,,https://doi.org/10.1358/dof.2001.026.07.628723
39771585_ref22,39771585,22,Once-weekly semaglutide in adults with overweight or obesity,N. Engl. J. Med.,2021,10.1056/NEJMoa2032183,33567185,https://doi.org/10.1056/NEJMoa2032183
39771585_ref23,39771585,23,Efficacy and safety of liraglutide and semaglutide on weight loss in people with obesity or overweight: A systematic review,Clin. Epidemiol.,2022,10.2147/CLEP.S391819,36510488,https://doi.org/10.2147/CLEP.S391819
39771585_ref24,39771585,24,"A randomized, controlled trial of 3.0 mg of liraglutide in weight management",N. Engl. J. Med.,2015,10.1056/NEJMoa1411892,26132939,https://doi.org/10.1056/NEJMoa1411892
39771585_ref25,39771585,25,Oral glucagon-like peptide-1 receptor agonists and combinations of entero-pancreatic hormones as treatments for adults with type 2 diabetes: Where are we now?,Expert Opin. Pharmacother.,2024,10.1080/14656566.2024.2356254,38753454,https://doi.org/10.1080/14656566.2024.2356254
39771585_ref26,39771585,26,Degradation of endogenous and exogenous gastric inhibitory polypeptide in healthy and in type 2 diabetic subjects as revealed using a new assay for the intact peptide,J. Clin. Endocrinol. Metab.,2000,10.1210/jcem.85.10.6855,11061504,https://doi.org/10.1210/jcem.85.10.6855
39771585_ref27,39771585,27,Effect of oral semaglutide compared with placebo and subcutaneous semaglutide on glycemic control in patients with type 2 diabetes: A randomized clinical trial,Jama,2017,10.1001/jama.2017.14752,29049653,https://doi.org/10.1001/jama.2017.14752
39771585_ref28,39771585,28,"Efficacy, safety and cardiovascular outcomes of once-daily oral semaglutide in patients with type 2 diabetes: The PIONEER programme",Diabetes Obes. Metab.,2020,10.1111/dom.14054,32267058,https://doi.org/10.1111/dom.14054
39771585_ref29,39771585,29,Oral semaglutide and cardiovascular outcomes in patients with type 2 diabetes,N. Engl. J. Med.,2019,10.1056/NEJMoa1901118,31185157,https://doi.org/10.1056/NEJMoa1901118
39771585_ref30,39771585,30,Oral semaglutide: First-in-class oral GLP-1 receptor agonist for the treatment of type 2 diabetes mellitus,Ann. Pharmacother.,2020,10.1177/1060028019889064,31744308,https://doi.org/10.1177/1060028019889064
39771585_ref31,39771585,31,"Structural basis for GLP-1 receptor activation by LY3502970, an orally active nonpeptide agonist",Proc. Natl. Acad. Sci. USA,2020,10.1073/pnas.2014879117,33177239,https://doi.org/10.1073/pnas.2014879117
39771585_ref32,39771585,32,"Oral semaglutide versus subcutaneous liraglutide and placebo in type 2 diabetes(PIONEER 4): A randomised, double-blind, phase 3a trial",Lancet,2019,10.1016/S0140-6736(19)31271-1,31186120,https://doi.org/10.1016/S0140-6736(19)31271-1
39771585_ref33,39771585,33,Differential activation and modulation of the glucagon-like peptide-1 receptor by small molecule ligands,Mol. Pharmacol.,2013,10.1124/mol.112.084525,23348499,https://doi.org/10.1124/mol.112.084525
39771585_ref34,39771585,34,Insights into GLP-1 Receptor Activation with a Nonpeptide Agonist,Biochemistry,2020,10.1021/acs.biochem.0c00180,32297516,https://doi.org/10.1021/acs.biochem.0c00180
39771585_ref35,39771585,35,Peptidyl and non-peptidyl oral glucagon-like peptide-1 receptor agonists,Endocrinol. Metab.,2021,10.3803/EnM.2021.102,33677922,https://doi.org/10.3803/EnM.2021.102
39771585_ref36,39771585,36,A nonpeptidic agonist of glucagon-like peptide 1 receptors with efficacy in diabetic db/db mice,Proc. Natl. Acad. Sci. USA,2007,10.1073/pnas.0610173104,17213311,https://doi.org/10.1073/pnas.0610173104
39771585_ref37,39771585,37,Cyclobutane derivatives as novel nonpeptidic small molecule agonists of glucagon-like peptide-1 receptor,J. Med. Chem.,2012,10.1021/jm201150j,22103243,https://doi.org/10.1021/jm201150j
39771585_ref38,39771585,38,A small-molecule oral agonist of the human glucagon-like peptide-1 receptor,J. Med. Chem.,2022,10.1021/acs.jmedchem.1c01856,35647711,https://doi.org/10.1021/acs.jmedchem.1c01856
39771585_ref39,39771585,39,Activation of the GLP-1 receptor by a non-peptidic agonist,Nature,2020,10.1038/s41586-019-1902-z,31915381,https://doi.org/10.1038/s41586-019-1902-z
39771585_ref40,39771585,40,Daily oral GLP-1 receptor agonist orforglipron for adults with obesity,N. Engl. J. Med.,2023,10.1056/NEJMoa2302392,37351564,https://doi.org/10.1056/NEJMoa2302392
39771585_ref41,39771585,41,"Orforglipron(LY3502970), a novel, oral non-peptide glucagon-like peptide-1 receptor agonist: A Phase 1b, multicentre, blinded, placebo-controlled, randomized, multiple-ascending-dose study in people with type 2 diabetes",Diabetes Obes. Metab.,2023,10.1111/dom.15150,37264711,https://doi.org/10.1111/dom.15150
39771585_ref42,39771585,42,Non-peptide agonists and positive allosteric modulators of glucagon-like peptide-1 receptors: Alternative approaches for treatment of type 2 diabetes,Br. J. Pharmacol.,2022,10.1111/bph.15446,33724441,https://doi.org/10.1111/bph.15446
39771585_ref43,39771585,43,"Allostery: An overview of its history, concepts, methods, and applications",PLoS Comput. Biol.,2016,10.1371/journal.pcbi.1004966,27253437,https://doi.org/10.1371/journal.pcbi.1004966
39771585_ref44,39771585,44,Allosteric modulation of endogenous metabolites as an avenue for drug discovery,Mol. Pharmacol.,2012,10.1124/mol.112.079319,22576254,https://doi.org/10.1124/mol.112.079319
39771585_ref45,39771585,45,Thiochrome enhances acetylcholine affinity at muscarinic M4 receptors: Receptor subtype selectivity via cooperativity rather than affinity,Mol. Pharmacol.,2004,10.1124/mol.65.1.257,14722259,https://doi.org/10.1124/mol.65.1.257
39771585_ref46,39771585,46,Structural insights into probe-dependent positive allosterism of the GLP-1 receptor,Nat. Chem. Biol.,2020,10.1038/s41589-020-0589-7,32690941,https://doi.org/10.1038/s41589-020-0589-7
39771585_ref47,39771585,47,Medicinal plants of India with anti-diabetic potential,J. Ethnopharmacol.,2002,10.1016/S0378-8741(02)00059-4,12020931,https://doi.org/10.1016/S0378-8741(02)00059-4
39771585_ref48,39771585,48,Computer-aided Identification of Bioactive Compounds from Brachystegia eurycoma with Therapeutic Potential against Drug Targets of Type 2 Diabetes mellitus. Biointerface Res,Appl. Chem,2022,,,
39771585_ref49,39771585,49,Screening of potential antidiabetic phytochemicals from Gongronema latifolium leaf against therapeutic targets of type 2 diabetes mellitus: Multi-targets drug design,SN Appl. Sci.,2022,10.1007/s42452-021-04880-2,,https://doi.org/10.1007/s42452-021-04880-2
39771585_ref50,39771585,50,Mate tea(Ilex paraguariensis)promotes satiety and body weight lowering in mice: Involvement of glucagon-like peptide-1,Biol. Pharm. Bull.,2011,10.1248/bpb.34.1849,22130241,https://doi.org/10.1248/bpb.34.1849
39771585_ref51,39771585,51,"Cinchonine, a potential oral small-molecule glucagon-like peptide-1 receptor agonist, lowers blood glucose and ameliorates non-alcoholic steatohepatitis",Drug Des. Dev. Ther.,2023,10.2147/DDDT.S404055,37197367,https://doi.org/10.2147/DDDT.S404055
39771585_ref52,39771585,52,Potential Role of Phytochemicals as Glucagon-like Peptide 1 Receptor(GLP-1R)Agonists in the Treatment of Diabetes Mellitus,Pharmaceuticals,2024,10.3390/ph17060736,38931402,https://doi.org/10.3390/ph17060736
39771585_ref53,39771585,53,Lead-and drug-like compounds: The rule-of-five revolution,Drug Discov Today Technol.,2004,10.1016/j.ddtec.2004.11.007,24981612,https://doi.org/10.1016/j.ddtec.2004.11.007
39771585_ref54,39771585,54,Natural product-likeness score and its application for prioritization of compound libraries,J. Chem. Inf. Model.,2008,10.1021/ci700286x,18034468,https://doi.org/10.1021/ci700286x
39771585_ref55,39771585,55,Extra Precision Glide: Docking and Scoring Incorporating a Model of Hydrophobic Enclosure for Protein−Ligand Complexes,J. Med. Chem.,2006,10.1021/jm051256o,17034125,https://doi.org/10.1021/jm051256o
39771585_ref56,39771585,56,Advances in the development of shape similarity methods and their application in drug discovery,Front. Chem.,2018,10.3389/fchem.2018.00315,30090808,https://doi.org/10.3389/fchem.2018.00315
39771585_ref57,39771585,57,"RCSB Protein Data Bank: Powerful new tools for exploring 3D structures of biological macromolecules for basic and applied research and education in fundamental biology, biomedicine, biotechnology, bioengineering and energy sciences",Nucleic Acids Res.,2021,10.1093/nar/gkaa1038,33211854,https://doi.org/10.1093/nar/gkaa1038
39771585_ref58,39771585,58,OPLS4: Improving force field accuracy on challenging regimes of chemical space,J. Chem. Theory Comput.,2021,10.1021/acs.jctc.1c00302,34096718,https://doi.org/10.1021/acs.jctc.1c00302
39771585_ref59,39771585,59,Anti-Infective Activity of Momordica charantia Extract with Molecular Docking of Its Triterpenoid Glycosides,Antibiotics,2024,10.3390/antibiotics13060544,38927210,https://doi.org/10.3390/antibiotics13060544
39771585_ref60,39771585,60,In silico screening of isocitrate lyase for novel anti-buruli ulcer natural products originating from Africa,Molecules,2018,10.3390/molecules23071550,29954088,https://doi.org/10.3390/molecules23071550
39771585_ref61,39771585,61,Using a consensus docking approach to predict adverse drug reactions in combination drug therapies for gulf war illness,Int. J. Mol. Sci.,2018,10.3390/ijms19113355,30373189,https://doi.org/10.3390/ijms19113355
39771585_ref62,39771585,62,pkCSM: Predicting small-molecule pharmacokinetic and toxicity properties using graph-based signatures,J. Med. Chem.,2015,10.1021/acs.jmedchem.5b00104,25860834,https://doi.org/10.1021/acs.jmedchem.5b00104
39771585_ref63,39771585,63,"SwissADME: A free web tool to evaluate pharmacokinetics, drug-likeness and medicinal chemistry friendliness of small molecules",Sci. Rep.,2017,10.1038/srep42717,28256516,https://doi.org/10.1038/srep42717
39771585_ref64,39771585,64,FAF-Drugs2: Free ADME/tox filtering tool to assist drug discovery and chemical biology projects,BMC Bioinform.,2008,10.1186/1471-2105-9-396,18816385,https://doi.org/10.1186/1471-2105-9-396
39771585_ref65,39771585,65,COCONUT 2.0: A Comprehensive Overhaul and Curation of the Collection of Open Natural Products Database,ChemRxiv,2024,10.26434/chemrxiv-2024-fxq2s-v2,39588778,https://doi.org/10.26434/chemrxiv-2024-fxq2s-v2
39771585_ref66,39771585,66,COCONUT online: Collection of open natural products database,J. Cheminform.,2021,10.1186/s13321-020-00478-9,33423696,https://doi.org/10.1186/s13321-020-00478-9
39771585_ref67,39771585,67,DrugMetric: Quantitative drug-likeness scoring based on chemical space distance,Brief. Bioinform.,2024,10.1093/bib/bbae321,38975893,https://doi.org/10.1093/bib/bbae321
39771585_ref68,39771585,68,"The RCSB protein data bank: Integrative view of protein, gene and 3D structural information",Nucleic Acids Res.,2016,10.1093/nar/gkw1000,27794042,https://doi.org/10.1093/nar/gkw1000
39771585_ref69,39771585,69,Docking studies in target proteins involved in antibacterial action mechanisms: Extending the knowledge on standard antibiotics to antimicrobial mushroom compounds,Molecules,2014,10.3390/molecules19021672,24481116,https://doi.org/10.3390/molecules19021672
39689077_ref1,39689077,1,World Health Organization. Fact sheets: dementia[Internet]. Available from: https://www.who.int/news,,,,,https://www.who.int/news
39689077_ref2,39689077,2,Alzheimer’s disease hypothesis and related therapies,Transl Neurodegener,2018,10.1186/s40035-018-0107-y,29423193,https://doi.org/10.1186/s40035-018-0107-y
39689077_ref3,39689077,3,"Three dimensions of the amyloid hypothesis: time, space and ’wingmen’",Nat Neurosci,2015,10.1038/nn.4018,26007213,https://doi.org/10.1038/nn.4018
39689077_ref4,39689077,4,"Efficacy and safety of tau-aggregation inhibitor therapy in patients with mild or moderate Alzheimer’s disease: a randomised, controlled, double-blind, parallel-arm, phase 3 trial",Lancet,2016,10.1016/S0140-6736(16)31275-2,27863809,https://doi.org/10.1016/S0140-6736(16)31275-2
39689077_ref5,39689077,5,Tau-based therapies in neurodegeneration: opportunities and challenges,Nat Rev Drug Discov,2017,10.1038/nrd.2017.155,28983098,https://doi.org/10.1038/nrd.2017.155
39689077_ref6,39689077,6,The cholinergic hypothesis of Alzheimer’s disease: a review of progress,J Neurol Neurosurg Psychiatry,1999,10.1136/jnnp.66.2.137,10071091,https://doi.org/10.1136/jnnp.66.2.137
39689077_ref7,39689077,7,The Cholinergic Hypothesis of Age and Alzheimer’s Disease-Related Cognitive Deficits: Recent Challenges and Their Implications for Novel Drug Development,J Pharmacol Exp Ther,2003,10.1124/jpet.102.041616,12805474,https://doi.org/10.1124/jpet.102.041616
39689077_ref8,39689077,8,"Barnard EA. Neuromuscular Transmission—Enzymatic Destruction of Acetylcholine. In: The Peripheral Nervous System. Boston, MA: Springer US; 1974. p. 201–224. doi: 10.1007/978-1-4615-8699-9_9",In: The Peripheral Nervous System,1974,10.1007/978-1-4615-8699-9_9,,https://doi.org/10.1007/978-1-4615-8699-9_9
39689077_ref9,39689077,9,Acetylcholinesterase: From 3D structure to function,Chem Biol Interact,2010,10.1016/j.cbi.2010.01.042,20138030,https://doi.org/10.1016/j.cbi.2010.01.042
39689077_ref10,39689077,10,Acetylcholinesterase: Mechanism of Catalysis and Inhibition,Curr Med Chem-CNS Agents,2001,10.2174/1568015013358536,,https://doi.org/10.2174/1568015013358536
39689077_ref11,39689077,11,New Acetylcholinesterase Inhibitors for Alzheimer’s Disease,Int J Alzheimers Dis,2012,10.1155/2012/728983,22216416,https://doi.org/10.1155/2012/728983
39689077_ref12,39689077,12,Acetylcholinesterase Inhibitors as Disease-Modifying Therapies for Alzheimer’s Disease,Curr Med Chem,2008,10.2174/092986708785909067,18855672,https://doi.org/10.2174/092986708785909067
39689077_ref13,39689077,13,Experimental and clinical toxicology of anticholinesterase agents,Toxicol Lett,1998,10.1016/s0378-4274(98)00245-8,10022304,https://doi.org/10.1016/s0378-4274(98)00245-8
39689077_ref14,39689077,14,In silico chemical profiling and identification of neuromodulators from Curcuma amada targeting acetylcholinesterase,Netw Model Anal Health Inform Bioinform,2021,10.1007/s13721-021-00334-2,,https://doi.org/10.1007/s13721-021-00334-2
39689077_ref15,39689077,15,Music and dementia,In: Progress in Brain Research,2015,10.1016/bs.pbr.2014.11.028,25725917,https://doi.org/10.1016/bs.pbr.2014.11.028
39689077_ref16,39689077,16,Revisiting the role of acetylcholinesterase in Alzheimer’s disease: cross-talk with P-tau and β-amyloid,Front Mol Neurosci,2011,10.3389/fnmol.2011.00022,21949503,https://doi.org/10.3389/fnmol.2011.00022
39689077_ref17,39689077,17,Hepatotoxic Effects of Tacrine Administration in Patients With Alzheimer’s Disease,JAMA,1994,10.1001/jama.1994.03510370044030,8139084,https://doi.org/10.1001/jama.1994.03510370044030
39689077_ref18,39689077,18,Pharmacotherapies for Alzheimer’s disease: Beyond cholinesterase inhibitors,Pharmacol Ther,2012,10.1016/j.pharmthera.2011.12.002,22198801,https://doi.org/10.1016/j.pharmthera.2011.12.002
39689077_ref19,39689077,19,Screening and identification of secondary metabolites in the bark of Bauhinia variegata to treat Alzheimer’s disease by using molecular docking and molecular dynamics simulations,J Biomol Struct Dyn,2021,10.1080/07391102.2020.1796798,32720564,https://doi.org/10.1080/07391102.2020.1796798
39689077_ref20,39689077,20,Rivastigmine for Alzheimer’s disease,Cochrane Database Syst Rev,2015,10.1002/14651858.CD001191.pub3,25858345,https://doi.org/10.1002/14651858.CD001191.pub3
39689077_ref21,39689077,21,Neuroprotective and cholinergic properties of multifunctional glutamic acid derivatives for the treatment of Alzheimer’s disease,J Med Chem,2009,10.1021/jm900628z,19856923,https://doi.org/10.1021/jm900628z
39689077_ref22,39689077,22,"Regioselective acylation, alkylation, silylation and glycosylation of monosaccharides",Tetrahedron,2016,10.1016/j.tet.2016.08.019,,https://doi.org/10.1016/j.tet.2016.08.019
39689077_ref23,39689077,23,Natural Products for the Treatment of Neurodegenerative Diseases,Curr Med Chem,2020,10.2174/0929867326666190527120614,31131744,https://doi.org/10.2174/0929867326666190527120614
39689077_ref24,39689077,24,New neuroprotective perspectives in fighting oxidative stress and improving cellular energy metabolism by oleocanthal,Neural Regen Res,2019,10.4103/1673-5374.251327,30804251,https://doi.org/10.4103/1673-5374.251327
39689077_ref25,39689077,25,The Autophagy Signaling Pathway: A Potential Multifunctional Therapeutic Target of Curcumin in Neurological and Neuromuscular Diseases,Nutrients,2019,10.3390/nu11081881,31412596,https://doi.org/10.3390/nu11081881
39689077_ref26,39689077,26,Sulforaphane Activates Heat Shock Response and Enhances Proteasome Activity through Up-regulation of Hsp27,J Biol Chem,2010,10.1074/jbc.M110.152686,20833711,https://doi.org/10.1074/jbc.M110.152686
39689077_ref27,39689077,27,Potential Cancer-and Alzheimer’s Disease-Targeting Phosphodiesterase Inhibitors from Uvaria alba: Insights from In Vitro and Consensus Virtual Screening,ACS Omega,2021,10.1021/acsomega.1c00137,33817501,https://doi.org/10.1021/acsomega.1c00137
39689077_ref28,39689077,28,Trachyspermum ammi,Pharmacogn Rev,2012,10.4103/0973-7847.95871,22654405,https://doi.org/10.4103/0973-7847.95871
39689077_ref29,39689077,29,"Thymol in Trachyspermum ammi seed extract exhibits neuroprotection, learning, and memory enhancement in scopolamine‐induced Alzheimer’s disease mouse model",Phytother Res,2023,10.1002/ptr.7777,36808768,https://doi.org/10.1002/ptr.7777
39689077_ref30,39689077,30,"Trachyspermum ammi Bioactives Promote Neuroprotection by Inhibiting Acetylcholinesterase, Aβ-Oligomerization/Fibrilization, and Mitigating Oxidative Stress In Vitro",Antioxidants,2023,10.3390/antiox13010009,38275629,https://doi.org/10.3390/antiox13010009
39689077_ref31,39689077,31,"Unveiling potent inhibitors for schistosomiasis through ligand-based drug design, molecular docking, molecular dynamics simulations, and pharmacokinetics predictions",PLoS ONE,2024,10.1371/journal.pone.0302390,38923997,https://doi.org/10.1371/journal.pone.0302390
39689077_ref32,39689077,32,In vitro and in silico investigation of effects of antimicrobial peptides from Solanaceae plants against rice sheath blight pathogen Rhizoctonia solani,PLoS ONE,2024,10.1371/journal.pone.0302440,38870165,https://doi.org/10.1371/journal.pone.0302440
39689077_ref33,39689077,33,Development of multi epitope subunit vaccines against emerging carp viruses Cyprinid herpesvirus 1 and 3 using immunoinformatics approach,Sci Rep,2024,10.1038/s41598-024-61074-7,38782944,https://doi.org/10.1038/s41598-024-61074-7
39689077_ref34,39689077,34,In-silico formulation of a next-generation polyvalent vaccine against multiple strains of monkeypox virus and other related poxviruses,PLoS ONE,2024,10.1371/journal.pone.0300778,38758816,https://doi.org/10.1371/journal.pone.0300778
39689077_ref35,39689077,35,Antifungal plant flavonoids identified in silico with potential to control rice blast disease caused by Magnaporthe oryzae,PLoS ONE,2024,10.1371/journal.pone.0301519,38578751,https://doi.org/10.1371/journal.pone.0301519
39689077_ref36,39689077,36,Computational designing of a novel subunit vaccine for human cytomegalovirus by employing the immunoinformatics framework,J Biomol Struct Dyn,2023,10.1080/07391102.2021.2014969,36617426,https://doi.org/10.1080/07391102.2021.2014969
39689077_ref37,39689077,37,Subtractive proteomics analysis to uncover the potent drug targets for distinctive drug design of Candida auris,Heliyon,2023,10.1016/j.heliyon.2023.e08002,37484251,https://doi.org/10.1016/j.heliyon.2023.e08002
39689077_ref38,39689077,38,A computational approach to design a polyvalent vaccine against human respiratory syncytial virus,Sci Rep,2023,10.1038/s41598-022-07553-7,37322049,https://doi.org/10.1038/s41598-022-07553-7
39689077_ref39,39689077,39,Immunoinformatics approach to design novel subunit vaccine against the Epstein-Barr virus,Microbiol Spectr,2022,10.1128/spectrum.01151-22,36094198,https://doi.org/10.1128/spectrum.01151-22
39689077_ref40,39689077,40,Computational modeling of potential milciclib derivatives inhibitor-CDK2 binding through global docking and accelerated molecular dynamics simulations,Inform Med Unlocked,2022,10.1016/j.imu.2021.101069,,https://doi.org/10.1016/j.imu.2021.101069
39689077_ref41,39689077,41,Immunoinformatic design of a multivalent peptide vaccine against mucormycosis: Targeting FTR1 protein of major causative fungi,Front Immunol,2022,10.3389/fimmu.2022.863234,35720422,https://doi.org/10.3389/fimmu.2022.863234
39689077_ref42,39689077,42,Immunoinformatics approach to designing a multi-epitope vaccine against Saint Louis Encephalitis Virus,Inform Med Unlocked,2021,10.1016/j.imu.2021.100500,,https://doi.org/10.1016/j.imu.2021.100500
39689077_ref43,39689077,43,Designing novel epitope-based polyvalent vaccines against herpes simplex virus-1 and 2 exploiting the immunoinformatics approach,J Biomol Struct Dyn,2021,10.1080/07391102.2020.1803969,32762514,https://doi.org/10.1080/07391102.2020.1803969
39689077_ref44,39689077,44,Screening of novel alkaloid inhibitors for vascular endothelial growth factor in cancer cells: an integrated computational approach,Genomics Inform,2021,10.5808/gi.20068,33840170,https://doi.org/10.5808/gi.20068
39689077_ref45,39689077,45,Protracted molecular dynamics and secondary structure introspection to identify dual-target inhibitors of Nipah virus exerting approved small molecules repurposing,Sci Rep,2024,10.1038/s41598-024-54281-9,38355980,https://doi.org/10.1038/s41598-024-54281-9
39689077_ref46,39689077,46,Identification of Helicobacter pylori-carcinogenic TNF-alpha-inducing protein inhibitors via daidzein derivatives through computational approaches,J Cell Mol Med,2024,10.1111/jcmm.18358,38693868,https://doi.org/10.1111/jcmm.18358
39689077_ref47,39689077,47,IMPPAT 2.0: An Enhanced and Expanded Phytochemical Atlas of Indian Medicinal Plants,ACS Omega,2023,10.1021/acsomega.3c00156,36910986,https://doi.org/10.1021/acsomega.3c00156
39689077_ref48,39689077,48,Quantifying the chemical beauty of drugs,Nat Chem,2012,10.1038/nchem.1243,22270643,https://doi.org/10.1038/nchem.1243
39689077_ref49,39689077,49,"SwissADME: a free web tool to evaluate pharmacokinetics, drug-likeness and medicinal chemistry friendliness of small molecules",Sci Rep,2017,10.1038/srep42717,28256516,https://doi.org/10.1038/srep42717
39689077_ref50,39689077,50,ProTox-II: a webserver for the prediction of toxicity of chemicals,Nucleic Acids Res,2018,10.1093/nar/gky318,29718510,https://doi.org/10.1093/nar/gky318
39689077_ref51,39689077,51,SWISS-MODEL and the Swiss-PdbViewer: an environment for comparative protein modeling,Electrophoresis,1997,10.1002/elps.1150181505,9504803,https://doi.org/10.1002/elps.1150181505
39689077_ref52,39689077,52,"Structure based pharmacophore modeling, virtual screening, molecular docking and ADMET approaches for identification of natural anti-cancer agents targeting XIAP protein",Sci Rep,2021,10.1038/s41598-021-83626-x,33603068,https://doi.org/10.1038/s41598-021-83626-x
39689077_ref53,39689077,53,Identification of Novel Quinolone and Quinazoline Alkaloids as Phosphodiesterase 10A Inhibitors for Parkinson’s Disease through a Computational Approach,ACS Omega,2024,10.1021/acsomega.3c10351,38617664,https://doi.org/10.1021/acsomega.3c10351
39689077_ref54,39689077,54,In silico evaluation of anti-colorectal cancer inhibitors by Resveratrol derivatives targeting Armadillo repeats domain of APC: molecular docking and molecular dynamics simulation,Front Oncol,2024,10.3389/fonc.2024.1360745,38746675,https://doi.org/10.3389/fonc.2024.1360745
39689077_ref55,39689077,55,Gromacs: A parallel computer for molecular dynamics simulations; pp. 252–256 in Physics computing 92,Edited by RA de Groot and J Nadrchal,1993,,,
39689077_ref56,39689077,56,CHARMM36 all-atom additive protein force field: validation based on comparison to NMR data,J Comput Chem,2013,10.1002/jcc.23354,23832629,https://doi.org/10.1002/jcc.23354
39689077_ref57,39689077,57,CHARMM: The Biomolecular Simulation Program,J Comput Chem,2009,10.1002/jcc.21287,19444816,https://doi.org/10.1002/jcc.21287
39689077_ref58,39689077,58,"Structure and dynamics of the TIP3P, SPC, and SPC/E water models at 298 K",The Journal of Physical Chemistry A,2001,10.1021/jp003020w,,https://doi.org/10.1021/jp003020w
39689077_ref59,39689077,59,High-resolution structures with bound Mn2+ and Cd2+ map the metal import pathway in an Nramp transporter,Elife,2023,10.7554/eLife.84006,37039477,https://doi.org/10.7554/eLife.84006
39689077_ref60,39689077,60,"GROMACS 4: algorithms for highly efficient, load-balanced, and scalable molecular simulation",J Chem Theory Comput,2008,10.1021/ct700301q,26620784,https://doi.org/10.1021/ct700301q
39689077_ref61,39689077,61,VMD: visual molecular dynamics,J Mol Graph,1996,10.1016/0263-7855(96)00018-5,8744570,https://doi.org/10.1016/0263-7855(96)00018-5
39689077_ref62,39689077,62,Screening for human ADME/Tox drug properties in drug discovery,Drug Discov Today,2001,10.1016/s1359-6446(01)01712-3,11267922,https://doi.org/10.1016/s1359-6446(01)01712-3
39689077_ref63,39689077,63,pkCSM: Predicting small-molecule pharmacokinetic and toxicity properties using graph-based signatures,J Med Chem,2015,10.1021/acs.jmedchem.5b00104,25860834,https://doi.org/10.1021/acs.jmedchem.5b00104
39689077_ref64,39689077,64,Density-functional thermochemistry. III. The role of exact exchange,J Chem Phys,1993,,,
39689077_ref65,39689077,65,Ab initio calculation of vibrational absorption and circular dichroism spectra using density functional force fields,J Phys Chem,1994,,,
39689077_ref66,39689077,66,Comparison of density functional and MP2 calculations on the water monomer and dimer,J Phys Chem,1994,,,
39689077_ref67,39689077,67,Density functional theory of electronic structure,J Phys Chem,1996,,,
39689077_ref68,39689077,68,Absolute electronegativity and hardness: application to inorganic chemistry,Inorg Chem,1988,,,
39689077_ref69,39689077,69,Electrophilicity index,J Am Chem Soc,1999,,,
39689077_ref70,39689077,70,Chemical reactivity profiles of two selected polychlorinated biphenyls,J Phys Chem A,2003,,,
39689077_ref71,39689077,71,Target specific inhibition of West Nile virus envelope glycoprotein and methyltransferase using phytocompounds: an in silico strategy leveraging molecular docking and dynamics simulation,Front Microbiol,2023,10.3389/fmicb.2023.1189786,37455711,https://doi.org/10.3389/fmicb.2023.1189786
39689077_ref72,39689077,72,Novel computational and drug design strategies for the inhibition of human T-cell leukemia virus 1-associated lymphoma by Astilbin derivatives,J Biomol Struct Dyn,2023,10.1080/07391102.2023.2294376,38131136,https://doi.org/10.1080/07391102.2023.2294376
39689077_ref73,39689077,73,Identification of Helicobacter pylori‐carcinogenic TNF‐alpha‐inducing protein inhibitors via daidzein derivatives through computational approaches,J Cell Mol Med,2024,10.1111/jcmm.18358,38693868,https://doi.org/10.1111/jcmm.18358
39689077_ref74,39689077,74,Mechanistic inhibition of gastric cancer-associated bacteria Helicobacter pylori by selected phytocompounds: A new cutting-edge computational approach,Heliyon,2023,10.1016/j.heliyon.2023.e20670,37876433,https://doi.org/10.1016/j.heliyon.2023.e20670
39689077_ref75,39689077,75,Comprehensive analysis of motions in molecular dynamics trajectories of the actin capping protein and its inhibitor complexes,Proteins,2016,10.1002/prot.25043,27028786,https://doi.org/10.1002/prot.25043
39689077_ref76,39689077,76,Aptamer biosensor design for the detection of endocrine-disrupting chemicals small organic molecules using novel bioinformatics methods,J Mol Graph Model,2024,10.1016/j.jmgm.2024.108785,38820705,https://doi.org/10.1016/j.jmgm.2024.108785
39689077_ref77,39689077,77,The molecular dynamics of Trypanosoma brucei UDP-galactose 4’-epimerase: a drug target for African sleeping sickness,Chem Biol Drug Des,2012,10.1111/j.1747-0285.2012.01392.x,22487100,https://doi.org/10.1111/j.1747-0285.2012.01392.x
39689077_ref78,39689077,78,Unravelling the molecular mechanistic pathway underlying the anticancer effects of kaempferol in colorectal cancer: a reverse pharmacology network approach,Mol Divers,2024,10.1007/s11030-024-10890-0,38795259,https://doi.org/10.1007/s11030-024-10890-0
39689077_ref79,39689077,79,End-point binding free energy calculation with MM/PBSA and MM/GBSA: Strategies and applications in drug design,Chem Rev,2019,10.1021/acs.chemrev.9b00055,31244000,https://doi.org/10.1021/acs.chemrev.9b00055
39689077_ref80,39689077,80,"Molecular docking, validation, dynamics simulations, and pharmacokinetic prediction of phytochemicals isolated from Croton dichogamus against the HIV-1 reverse transcriptase",Bioinform Biol Insights,2022,10.1177/11779322221125605,36185760,https://doi.org/10.1177/11779322221125605
39689077_ref81,39689077,81,"Eyes on Lipinski’s Rule of Five: A new ""rule of thumb"" for physicochemical design space of ophthalmic drugs",J Ocul Pharmacol Ther,2022,10.1089/jop.2021.0069,34905402,https://doi.org/10.1089/jop.2021.0069
39689077_ref82,39689077,82,Evaluation of free online ADMET tools for academic or small biotech environments,Molecules,2023,10.3390/molecules28020776,36677832,https://doi.org/10.3390/molecules28020776
39689077_ref83,39689077,83,hERG trafficking inhibition in drug-induced lethal cardiac arrhythmia,Eur J Pharmacol,2014,10.1016/j.ejphar.2014.06.044,24998878,https://doi.org/10.1016/j.ejphar.2014.06.044
39689077_ref84,39689077,84,"Molecular structure, HOMO–LUMO, and NLO studies of some quinoxaline 1,4-dioxide derivatives: Computational(HF and DFT)analysis",Results Chem,2024,10.1016/j.rechem.2024.101437,,https://doi.org/10.1016/j.rechem.2024.101437
39689077_ref85,39689077,85,Hydrogen bonding interactions between Hibiscetin and ethanol/water: DFT studies on structure and topologies,Chem Phys Impact,2024,10.1016/j.chphi.2023.100416,,https://doi.org/10.1016/j.chphi.2023.100416
39689077_ref86,39689077,86,"Politzer P, Murray JS. Molecular electrostatic potentials and chemical reactivity. In: Lipkowitz KB, Boyd DB, editors. Reviews in Computational Chemistry. New York: Wiley; 1991. doi: 10.1002/9780470125793.ch7",Reviews in Computational Chemistry,1991,10.1002/9780470125793.ch7,,https://doi.org/10.1002/9780470125793.ch7
