section_id,pmid,topic_category,path,section_category,article_category,fig_ids,table_ids,section_title
38598310_sec0,38598310,Protein Structure & Enzyme Engineering,abstract,abstract,research,,,Abstract
38598310_sec1,38598310,Protein Structure & Enzyme Engineering,Introduction,introduction,research,343310464182;890955914657;924841041127,,Introduction
38598310_sec2,38598310,Protein Structure & Enzyme Engineering,Calculation Method,method,research,,,Calculation Method
38598310_sec3,38598310,Protein Structure & Enzyme Engineering,Calculation Method > Molecular Dynamics Simulations,method,research,,,Molecular Dynamics Simulations
38598310_sec4,38598310,Protein Structure & Enzyme Engineering,Calculation Method > Conformational Search,method,research,624825210552,,Conformational Search
38598310_sec5,38598310,Protein Structure & Enzyme Engineering,Calculation Method > MS-VTST Rate Constants,method,research,,,MS-VTST Rate Constants
38598310_sec6,38598310,Protein Structure & Enzyme Engineering,Calculation Method > Factorization of the Catalytic Ratio,method,research,,,Factorization of the Catalytic Ratio
38598310_sec7,38598310,Protein Structure & Enzyme Engineering,Results and Discussion,result,research,,,Results and Discussion
38598310_sec8,38598310,Protein Structure & Enzyme Engineering,Results and Discussion > Accessible Conformers,result,research,422130045508,,Accessible Conformers
38598310_sec9,38598310,Protein Structure & Enzyme Engineering,Results and Discussion > Conformational Analysis,result,research,186649089775;637248801576,,Conformational Analysis
38598310_sec10,38598310,Protein Structure & Enzyme Engineering,Results and Discussion > Thermal Rate Constants and Catalytic Effect,result,research,366379240010,tbl1,Thermal Rate Constants and Catalytic Effect
38598310_sec11,38598310,Protein Structure & Enzyme Engineering,Conclusions,discussion,research,,,Conclusions
38996455_sec0,38996455,Protein Structure & Enzyme Engineering,abstract,abstract,research,,,Abstract
36779817_sec0,36779817,Protein Structure & Enzyme Engineering,abstract,abstract,review,,,Abstract
36779817_sec1,36779817,Protein Structure & Enzyme Engineering,INTRODUCTION,introduction,review,,,INTRODUCTION
36779817_sec2,36779817,Protein Structure & Enzyme Engineering,"SIMULATIONS OF PROTEIN FOLDING, MISFOLDING, AND AGGREGATION WITH ALL‐ATOM PHYSICS‐BASED MODELS",main,review,,,"SIMULATIONS OF PROTEIN FOLDING, MISFOLDING, AND AGGREGATION WITH ALL‐ATOM PHYSICS‐BASED MODELS"
36779817_sec3,36779817,Protein Structure & Enzyme Engineering,"FUNCTIONAL ROLE OF FOLDING INTERMEDIATE IN PROTEIN AGGREGATION, FUNCTION, AND REGULATION, CASE I: PRIONS",main,review,,,"FUNCTIONAL ROLE OF FOLDING INTERMEDIATE IN PROTEIN AGGREGATION, FUNCTION, AND REGULATION, CASE I: PRIONS"
36779817_sec4,36779817,Protein Structure & Enzyme Engineering,"FUNCTIONAL ROLE OF FOLDING INTERMEDIATE IN PROTEIN AGGREGATION, FUNCTION AND REGULATION, CASE II : SERPINS",main,review,848414316680,,"FUNCTIONAL ROLE OF FOLDING INTERMEDIATE IN PROTEIN AGGREGATION, FUNCTION AND REGULATION, CASE II: SERPINS"
36779817_sec5,36779817,Protein Structure & Enzyme Engineering,FUNCTIONAL FOLDING INTERMEDIATES AND PTMs,main,review,,,FUNCTIONAL FOLDING INTERMEDIATES AND PTMs
36779817_sec6,36779817,Protein Structure & Enzyme Engineering,PHARMACOLOGICAL VALUE OF TARGETING FOLDING INTERMEDIATES,main,review,276824168000,,PHARMACOLOGICAL VALUE OF TARGETING FOLDING INTERMEDIATES
36779817_sec7,36779817,Protein Structure & Enzyme Engineering,CONCLUSIONS,discussion,review,,,CONCLUSIONS
36779817_sec8,36779817,Protein Structure & Enzyme Engineering,CONFLICT OF INTEREST,main,review,,,CONFLICT OF INTEREST
40919504_sec0,40919504,Protein Structure & Enzyme Engineering,abstract,abstract,review,,,Abstract
40919504_sec1,40919504,Protein Structure & Enzyme Engineering,Introduction,introduction,review,,,Introduction
40919504_sec2,40919504,Protein Structure & Enzyme Engineering,Measuring stability,main,review,81051211637,,Measuring stability
40919504_sec3,40919504,Protein Structure & Enzyme Engineering,Calorimetry measures global unfolding,main,review,,,Calorimetry measures global unfolding
40919504_sec4,40919504,Protein Structure & Enzyme Engineering,Stability in dilute solution,main,review,,,Stability in dilute solution
40919504_sec5,40919504,Protein Structure & Enzyme Engineering,Osmolytes and monomers of synthetic polymers,main,review,,,Osmolytes and monomers of synthetic polymers
40919504_sec6,40919504,Protein Structure & Enzyme Engineering,Synthetic polymers,main,review,,,Synthetic polymers
40919504_sec7,40919504,Protein Structure & Enzyme Engineering,Protein crowders and in-cell efforts,main,review,,,Protein crowders and in-cell efforts
40919504_sec8,40919504,Protein Structure & Enzyme Engineering,What's next,main,review,,,What's next
40919504_sec9,40919504,Protein Structure & Enzyme Engineering,CRediT authorship contribution statement,main,review,,,CRediT authorship contribution statement
40919504_sec10,40919504,Protein Structure & Enzyme Engineering,Declaration of competing interest,main,review,,,Declaration of competing interest
39739814_sec0,39739814,Protein Structure & Enzyme Engineering,abstract,abstract,research,,,Abstract
39739814_sec2,39739814,Protein Structure & Enzyme Engineering,Results > Identification of MALT1 as a Modulator of GPX4 Protein.,result,research,889192632976,,Identification of MALT1 as a Modulator of GPX4 Protein.
39739814_sec3,39739814,Protein Structure & Enzyme Engineering,Results > MALT1 Stabilizes GPX4 through Cleavage of E3 Ubiquitin Ligase RC3H1.,result,research,83030601360,,MALT1 Stabilizes GPX4 through Cleavage of E3 Ubiquitin Ligase RC3H1.
39739814_sec4,39739814,Protein Structure & Enzyme Engineering,Results > MALT1 Inhibition Triggers Ferroptosis in Liver Cancer Cells.,result,research,756397226797,,MALT1 Inhibition Triggers Ferroptosis in Liver Cancer Cells.
39739814_sec5,39739814,Protein Structure & Enzyme Engineering,Results > MALT1 Inhibitor Down-Regulates GPX4 through Ubiquitination-Mediated Degradation via RC3H1.,result,research,305162515488,,MALT1 Inhibitor Down-Regulates GPX4 through Ubiquitination-Mediated Degradation via RC3H1.
39739814_sec6,39739814,Protein Structure & Enzyme Engineering,Results > MALT1 Inhibition Is Synergistic with Sorafenib or Regorafenib.,result,research,409607464568,,MALT1 Inhibition Is Synergistic with Sorafenib or Regorafenib.
39739814_sec7,39739814,Protein Structure & Enzyme Engineering,Discussion,discussion,research,,,Discussion
39739814_sec8,39739814,Protein Structure & Enzyme Engineering,Materials and Methods,method,research,,,Materials and Methods
39739814_sec9,39739814,Protein Structure & Enzyme Engineering,Materials and Methods > Human Cell Lines and Culture Conditions.,method,research,,,Human Cell Lines and Culture Conditions.
39739814_sec10,39739814,Protein Structure & Enzyme Engineering,Materials and Methods > Compounds and Antibodies.,method,research,,,Compounds and Antibodies.
39739814_sec11,39739814,Protein Structure & Enzyme Engineering,Materials and Methods > FACS-Based CRISPR-Cas9 Screening.,method,research,,,FACS-Based CRISPR-Cas9 Screening.
39739814_sec12,39739814,Protein Structure & Enzyme Engineering,Materials and Methods > Established Stable Cells.,method,research,,,Established Stable Cells.
39739814_sec13,39739814,Protein Structure & Enzyme Engineering,Materials and Methods > qRT-PCR.,method,research,,,qRT-PCR.
39739814_sec14,39739814,Protein Structure & Enzyme Engineering,Materials and Methods > Western Blotting.,method,research,,,Western Blotting.
39739814_sec15,39739814,Protein Structure & Enzyme Engineering,Materials and Methods > Proteomic Analysis.,method,research,,,Proteomic Analysis.
39739814_sec16,39739814,Protein Structure & Enzyme Engineering,Materials and Methods > Ubiquitination Assay.,method,research,,,Ubiquitination Assay.
39739814_sec17,39739814,Protein Structure & Enzyme Engineering,Materials and Methods > Coimmunoprecipitation.,method,research,,,Coimmunoprecipitation.
39739814_sec18,39739814,Protein Structure & Enzyme Engineering,Materials and Methods > Compound Screens.,method,research,,,Compound Screens.
39739814_sec19,39739814,Protein Structure & Enzyme Engineering,Materials and Methods > Long-Term Cell Proliferation Assay.,method,research,,,Long-Term Cell Proliferation Assay.
39739814_sec20,39739814,Protein Structure & Enzyme Engineering,Materials and Methods > Transmission Electron Microscopy.,method,research,,,Transmission Electron Microscopy.
39739814_sec21,39739814,Protein Structure & Enzyme Engineering,Materials and Methods > Lipid Peroxidation Assessment.,method,research,,,Lipid Peroxidation Assessment.
39739814_sec22,39739814,Protein Structure & Enzyme Engineering,Materials and Methods > Xenografts.,method,research,,,Xenografts.
39739814_sec23,39739814,Protein Structure & Enzyme Engineering,Materials and Methods > CRISPR-Cas9 Genetic Screens.,method,research,,,CRISPR-Cas9 Genetic Screens.
39739814_sec24,39739814,Protein Structure & Enzyme Engineering,Materials and Methods > CellTitle-Blue Cell Viability Assay.,method,research,,,CellTitle-Blue Cell Viability Assay.
39739814_sec25,39739814,Protein Structure & Enzyme Engineering,Materials and Methods > Tissue Microarray and Scoring.,method,research,,,Tissue Microarray and Scoring.
39739814_sec26,39739814,Protein Structure & Enzyme Engineering,Materials and Methods > Generation of Liver Cancer Organoid.,method,research,,,Generation of Liver Cancer Organoid.
39739814_sec27,39739814,Protein Structure & Enzyme Engineering,Materials and Methods > Immunohistochemical Staining.,method,research,,,Immunohistochemical Staining.
39739814_sec28,39739814,Protein Structure & Enzyme Engineering,Materials and Methods > Statistics.,method,research,,,Statistics.
39739814_sec29,39739814,Protein Structure & Enzyme Engineering,Supplementary Material,other,research,,,Supplementary Material
39742998_sec0,39742998,Protein Structure & Enzyme Engineering,abstract,abstract,research,,,Abstract
39742998_sec2,39742998,Protein Structure & Enzyme Engineering,Results > H80 and E166 are essential for RNase J2 activity,result,research,391864557279,,H80 and E166 are essential for RNase J2 activity
39742998_sec3,39742998,Protein Structure & Enzyme Engineering,Results > Impact of the protonation state of H80 on RNase J2 activity,result,research,,,Impact of the protonation state of H80 on RNase J2 activity
39742998_sec4,39742998,Protein Structure & Enzyme Engineering,Results > Influence of the active site dynamics on RNase J2 activity,result,research,285615816132,,Influence of the active site dynamics on RNase J2 activity
39742998_sec5,39742998,Protein Structure & Enzyme Engineering,Results > Multiple residues can serve as a Lewis acid or base in RNase J2,result,research,710885609451,,Multiple residues can serve as a Lewis acid or base in RNase J2
39742998_sec6,39742998,Protein Structure & Enzyme Engineering,Results > A structural role for the metal cofactor in RNase J2,result,research,,tbl1,A structural role for the metal cofactor in RNase J2
39742998_sec7,39742998,Protein Structure & Enzyme Engineering,Results > The metal cofactor M B tethers interdomain movement in RNase J2,result,research,275635876383,,The metal cofactor M B tethers interdomain movement in RNase J2
39742998_sec8,39742998,Protein Structure & Enzyme Engineering,Results > Catalytically important water molecules at the active site,result,research,81931174572;872636412858,,Catalytically important water molecules at the active site
39742998_sec9,39742998,Protein Structure & Enzyme Engineering,Discussion,discussion,research,,,Discussion
39742998_sec11,39742998,Protein Structure & Enzyme Engineering,Method > Protein purification and crystallization,method,research,,,Protein purification and crystallization
39742998_sec12,39742998,Protein Structure & Enzyme Engineering,Method > Data collection and structure determination,method,research,,,Data collection and structure determination
39742998_sec13,39742998,Protein Structure & Enzyme Engineering,Method > Estimation of the protonation state of histidine from high-resolution crystal structures,method,research,,,Estimation of the protonation state of histidine from high-resolution crystal structures
39742998_sec14,39742998,Protein Structure & Enzyme Engineering,Method > RT-FeDEx assay for RNase J2 and its mutants,method,research,,,RT-FeDEx assay for RNase J2 and its mutants
39742998_sec15,39742998,Protein Structure & Enzyme Engineering,Method > Cloning of rnjB mutants for transformation in a rnjB deletion strain,method,research,,,Cloning of rnjB mutants for transformation in a rnjB deletion strain
39742998_sec16,39742998,Protein Structure & Enzyme Engineering,Method > Hemolysis assay,method,research,,,Hemolysis assay
39742998_sec17,39742998,Protein Structure & Enzyme Engineering,Method > Bacterial RNA isolation and relative expression of genes by RT-qPCR,method,research,,,Bacterial RNA isolation and relative expression of genes by RT-qPCR
39742998_sec19,39742998,Protein Structure & Enzyme Engineering,Method > Quantum mechanics/molecular mechanics (QM/MM) > Input files,method,research,,,Input files
39742998_sec20,39742998,Protein Structure & Enzyme Engineering,Method > Quantum mechanics/molecular mechanics (QM/MM) > MD simulations,method,research,,,MD simulations
39742998_sec21,39742998,Protein Structure & Enzyme Engineering,Method > Quantum mechanics/molecular mechanics (QM/MM) > QM/MM minimization,method,research,,,QM/MM minimization
39742998_sec22,39742998,Protein Structure & Enzyme Engineering,Data availability,other,research,,,Data availability
39742998_sec24,39742998,Protein Structure & Enzyme Engineering,Conflict of interest,other,research,,,Conflict of interest
39793047_sec0,39793047,Protein Structure & Enzyme Engineering,abstract,abstract,research,,,Abstract
39793047_sec2,39793047,Protein Structure & Enzyme Engineering,Results and Discussion > Engineered Linked TRAP Dimers (dTRAP) Enable Control Over Nearest-Neighbor Configurations.,result,research,,,Engineered Linked TRAP Dimers(dTRAP)Enable Control Over Nearest-Neighbor Configurations.
39793047_sec3,39793047,Protein Structure & Enzyme Engineering,Results and Discussion > Aha dTRAP Retains Native Oligomeric Structure and Strong Cooperativity in Trp Binding.,result,research,752824357686,,Aha dTRAP Retains Native Oligomeric Structure and Strong Cooperativity in Trp Binding.
39793047_sec4,39793047,Protein Structure & Enzyme Engineering,Results and Discussion > Eliminating NN Interactions Impairs Trp Binding.,result,research,215964148948,,Eliminating NN Interactions Impairs Trp Binding.
39793047_sec5,39793047,Protein Structure & Enzyme Engineering,Results and Discussion > Cryo-EM Single Particle Reconstruction of dTRAP WT-WT and WT-Mut Constructs.,result,research,213098102257;232739649958,,Cryo-EM Single Particle Reconstruction of dTRAP WT-WT and WT-Mut Constructs.
39793047_sec6,39793047,Protein Structure & Enzyme Engineering,Results and Discussion > Map Differences Correspond Primarily to the Trp Binding Loops.,result,research,,,Map Differences Correspond Primarily to the Trp Binding Loops.
39793047_sec7,39793047,Protein Structure & Enzyme Engineering,Results and Discussion > Ligand Binding Induces Increased Order at Neighboring Sites.,result,research,,,Ligand Binding Induces Increased Order at Neighboring Sites.
39793047_sec8,39793047,Protein Structure & Enzyme Engineering,Conclusions,discussion,research,139926982386,,Conclusions
39793047_sec10,39793047,Protein Structure & Enzyme Engineering,Methods > Preparation of Linked Aha TRAP Variants (dTRAP).,method,research,,,Preparation of Linked Aha TRAP Variants(dTRAP).
39793047_sec11,39793047,Protein Structure & Enzyme Engineering,Methods > Concentration of Components.,method,research,,,Concentration of Components.
39793047_sec12,39793047,Protein Structure & Enzyme Engineering,Methods > CD.,method,research,,,CD.
39793047_sec13,39793047,Protein Structure & Enzyme Engineering,Methods > ITC.,method,research,,,ITC.
39793047_sec14,39793047,Protein Structure & Enzyme Engineering,Methods > TROSY-HSQC NMR Spectra of Aha TRAP and dTRAP Variants.,method,research,,,TROSY-HSQC NMR Spectra of Aha TRAP and dTRAP Variants.
39793047_sec15,39793047,Protein Structure & Enzyme Engineering,Methods > dTRAP Structure Modeling and Prediction.,method,research,,,dTRAP Structure Modeling and Prediction.
39793047_sec16,39793047,Protein Structure & Enzyme Engineering,Methods > RNA Filter Binding Assay.,method,research,,,RNA Filter Binding Assay.
39793047_sec17,39793047,Protein Structure & Enzyme Engineering,Methods > Native Mass Spectrometry (nMS).,method,research,,,Native Mass Spectrometry(nMS).
39793047_sec18,39793047,Protein Structure & Enzyme Engineering,Methods > Cryo-EM Sample Preparation.,method,research,,,Cryo-EM Sample Preparation.
39793047_sec19,39793047,Protein Structure & Enzyme Engineering,Methods > Cryo-EM Data Collection.,method,research,,,Cryo-EM Data Collection.
39793047_sec20,39793047,Protein Structure & Enzyme Engineering,Methods > Cryo-EM Data Processing.,method,research,,,Cryo-EM Data Processing.
39793047_sec21,39793047,Protein Structure & Enzyme Engineering,Methods > Cryo-EM Model Building.,method,research,,,Cryo-EM Model Building.
39795995_sec0,39795995,Protein Structure & Enzyme Engineering,abstract,abstract,research,,,Abstract
39795995_sec1,39795995,Protein Structure & Enzyme Engineering,1. Introduction,introduction,research,,,Introduction
39795995_sec3,39795995,Protein Structure & Enzyme Engineering,2. Results > 2.1. The Productivity of the Fusion Protein R31 Needs to Be Enhanced,result,research,,,The Productivity of the Fusion Protein R31 Needs to Be Enhanced
39795995_sec4,39795995,Protein Structure & Enzyme Engineering,"2. Results > 2.2. The Productivity of R31 Was Improved by Incorporating an Additional Disulfide Bond, V231C/Y250C",result,research,,,"The Productivity of R31 Was Improved by Incorporating an Additional Disulfide Bond, V231C/Y250C"
39795995_sec5,39795995,Protein Structure & Enzyme Engineering,2. Results > 2.3. The Fusion Protein R31-G176K-V231C/Y250C Exhibited Improved Productivity and Thermal Stability,result,research,,,The Fusion Protein R31-G176K-V231C/Y250C Exhibited Improved Productivity and Thermal Stability
39795995_sec6,39795995,Protein Structure & Enzyme Engineering,2. Results > 2.4. The Fusion Protein R31-G176K-V231C/Y250C Showed Increased Anti-Fibrotic Activity,result,research,,,The Fusion Protein R31-G176K-V231C/Y250C Showed Increased Anti-Fibrotic Activity
39795995_sec7,39795995,Protein Structure & Enzyme Engineering,3. Discussion,discussion,research,,,Discussion
39795995_sec9,39795995,Protein Structure & Enzyme Engineering,4. Materials and Methods > 4.1. Animals,method,research,,,Animals
39795995_sec10,39795995,Protein Structure & Enzyme Engineering,4. Materials and Methods > 4.2. Expression and Purification of Fusion Proteins,method,research,,,Expression and Purification of Fusion Proteins
39795995_sec11,39795995,Protein Structure & Enzyme Engineering,4. Materials and Methods > 4.3. SDS-PAGE and Western Blot Analysis,method,research,,,SDS-PAGE and Western Blot Analysis
39795995_sec12,39795995,Protein Structure & Enzyme Engineering,4. Materials and Methods > 4.4. Computational Analysis of Residue Interactions,method,research,,,Computational Analysis of Residue Interactions
39795995_sec13,39795995,Protein Structure & Enzyme Engineering,4. Materials and Methods > 4.5. Protein Thermal Shift (PTS) Assay,method,research,,,Protein Thermal Shift(PTS)Assay
39795995_sec14,39795995,Protein Structure & Enzyme Engineering,4. Materials and Methods > 4.6. Isolation of Mouse Hepatic Stellate Cells (HSCs),method,research,,,Isolation of Mouse Hepatic Stellate Cells(HSCs)
39795995_sec15,39795995,Protein Structure & Enzyme Engineering,4. Materials and Methods > 4.7. Quantitative Real-Time PCR,method,research,,,Quantitative Real-Time PCR
39795995_sec16,39795995,Protein Structure & Enzyme Engineering,4. Materials and Methods > 4.8. Statistical Analysis,method,research,,,Statistical Analysis
39795995_sec17,39795995,Protein Structure & Enzyme Engineering,5. Conclusions,discussion,research,,,Conclusions
39795995_sec18,39795995,Protein Structure & Enzyme Engineering,6. Patents,other,research,,,Patents
39744096_sec0,39744096,Protein Structure & Enzyme Engineering,abstract,abstract,review,,,Abstract
39744096_sec1,39744096,Protein Structure & Enzyme Engineering,INTRODUCTION,introduction,review,,,INTRODUCTION
39744096_sec2,39744096,Protein Structure & Enzyme Engineering,KNOWLEDGE ALIGNMENT: PROTEIN ENGINEERING AND DEEP LEARNING,main,review,,,KNOWLEDGE ALIGNMENT: PROTEIN ENGINEERING AND DEEP LEARNING
39744096_sec3,39744096,Protein Structure & Enzyme Engineering,KNOWLEDGE ALIGNMENT: PROTEIN ENGINEERING AND DEEP LEARNING > The central dogma of protein engineering,main,review,794337632060,,The central dogma of protein engineering
39744096_sec4,39744096,Protein Structure & Enzyme Engineering,KNOWLEDGE ALIGNMENT: PROTEIN ENGINEERING AND DEEP LEARNING > Numerical characterization of proteins,main,review,,,Numerical characterization of proteins
39744096_sec5,39744096,Protein Structure & Enzyme Engineering,KNOWLEDGE ALIGNMENT: PROTEIN ENGINEERING AND DEEP LEARNING > Numerical characterization of proteins > Sequence,main,review,,,Sequence
39744096_sec6,39744096,Protein Structure & Enzyme Engineering,KNOWLEDGE ALIGNMENT: PROTEIN ENGINEERING AND DEEP LEARNING > Numerical characterization of proteins > Structure,main,review,,,Structure
39744096_sec7,39744096,Protein Structure & Enzyme Engineering,KNOWLEDGE ALIGNMENT: PROTEIN ENGINEERING AND DEEP LEARNING > Numerical characterization of proteins > Molecular properties,main,review,,,Molecular properties
39744096_sec8,39744096,Protein Structure & Enzyme Engineering,PROTEIN REPRESENTATION LEARNING,main,review,,,PROTEIN REPRESENTATION LEARNING
39744096_sec9,39744096,Protein Structure & Enzyme Engineering,PROTEIN REPRESENTATION LEARNING > Protein sequence encoding with language models,main,review,,,Protein sequence encoding with language models
39744096_sec10,39744096,Protein Structure & Enzyme Engineering,PROTEIN REPRESENTATION LEARNING > Protein sequence encoding with language models > Encoder‐only models,main,review,266500137035,,Encoder‐only models
39744096_sec11,39744096,Protein Structure & Enzyme Engineering,PROTEIN REPRESENTATION LEARNING > Protein sequence encoding with language models > Decoder‐only models,main,review,,,Decoder‐only models
39744096_sec12,39744096,Protein Structure & Enzyme Engineering,PROTEIN REPRESENTATION LEARNING > Protein sequence encoding with language models > Encoder‐decoder models,main,review,,,Encoder‐decoder models
39744096_sec13,39744096,Protein Structure & Enzyme Engineering,PROTEIN REPRESENTATION LEARNING > Protein structure encoding with geometric deep learning,main,review,574908976639,,Protein structure encoding with geometric deep learning
39744096_sec14,39744096,Protein Structure & Enzyme Engineering,PROTEIN REPRESENTATION LEARNING > Protein structure encoding with geometric deep learning > Neural message passing,main,review,,,Neural message passing
39744096_sec15,39744096,Protein Structure & Enzyme Engineering,PROTEIN REPRESENTATION LEARNING > Protein structure encoding with geometric deep learning > CNNs,main,review,,,CNNs
39744096_sec16,39744096,Protein Structure & Enzyme Engineering,PROTEIN REPRESENTATION LEARNING > Protein multimodal and multiscale joint encoding,main,review,,,Protein multimodal and multiscale joint encoding
39744096_sec17,39744096,Protein Structure & Enzyme Engineering,BENCHMARKS ON THE DOWNSTREAM TASKS,main,review,,mlf212157-tbl-0001,BENCHMARKS ON THE DOWNSTREAM TASKS
39744096_sec18,39744096,Protein Structure & Enzyme Engineering,BENCHMARKS ON THE DOWNSTREAM TASKS > General benchmark,main,review,,,General benchmark
39744096_sec19,39744096,Protein Structure & Enzyme Engineering,BENCHMARKS ON THE DOWNSTREAM TASKS > Mutation effect prediction,main,review,,,Mutation effect prediction
39744096_sec20,39744096,Protein Structure & Enzyme Engineering,BENCHMARKS ON THE DOWNSTREAM TASKS > Structural homology detection,main,review,,,Structural homology detection
39744096_sec21,39744096,Protein Structure & Enzyme Engineering,BENCHMARKS ON THE DOWNSTREAM TASKS > Function prediction,main,review,,,Function prediction
39744096_sec22,39744096,Protein Structure & Enzyme Engineering,BENCHMARKS ON THE DOWNSTREAM TASKS > Function prediction > Solubility prediction,main,review,,,Solubility prediction
39744096_sec23,39744096,Protein Structure & Enzyme Engineering,BENCHMARKS ON THE DOWNSTREAM TASKS > Function prediction > Localization prediction,main,review,,,Localization prediction
39744096_sec24,39744096,Protein Structure & Enzyme Engineering,BENCHMARKS ON THE DOWNSTREAM TASKS > Function prediction > Annotation prediction,main,review,,,Annotation prediction
39744096_sec25,39744096,Protein Structure & Enzyme Engineering,BENCHMARKS ON THE DOWNSTREAM TASKS > Protein binding,main,review,,,Protein binding
39744096_sec26,39744096,Protein Structure & Enzyme Engineering,BENCHMARKS ON THE DOWNSTREAM TASKS > Protein binding > Compound–protein interaction,main,review,,,Compound–protein interaction
39744096_sec27,39744096,Protein Structure & Enzyme Engineering,BENCHMARKS ON THE DOWNSTREAM TASKS > Protein binding > Protein–protein interaction,main,review,,,Protein–protein interaction
39744096_sec28,39744096,Protein Structure & Enzyme Engineering,CONCLUDING REMARKS,discussion,review,,,CONCLUDING REMARKS
39744090_sec0,39744090,Protein Structure & Enzyme Engineering,abstract,abstract,research,,,Abstract
39744090_sec1,39744090,Protein Structure & Enzyme Engineering,INTRODUCTION,introduction,research,,,INTRODUCTION
39744090_sec3,39744090,Protein Structure & Enzyme Engineering,RESULTS > Efficient combination of multiple mutations guided by the fine‐tuned model,result,research,282875172603;421647246113;564846073807,,Efficient combination of multiple mutations guided by the fine‐tuned model
39744090_sec4,39744090,Protein Structure & Enzyme Engineering,RESULTS > Thermodynamic and kinetic stability of the best‐stabilized variant,result,research,,mlf212151-tbl-0001,Thermodynamic and kinetic stability of the best‐stabilized variant
39744090_sec5,39744090,Protein Structure & Enzyme Engineering,RESULTS > Molecular mechanisms underlying higher thermostability of 13M4,result,research,226769452598;723885884985,,Molecular mechanisms underlying higher thermostability of 13M4
39744090_sec6,39744090,Protein Structure & Enzyme Engineering,RESULTS > Epistatic effects of mutations captured by the fine‐tuned Pro‐PRIME model,result,research,376379813061,,Epistatic effects of mutations captured by the fine‐tuned Pro‐PRIME model
39744090_sec7,39744090,Protein Structure & Enzyme Engineering,DISCUSSION,discussion,research,,,DISCUSSION
39744090_sec9,39744090,Protein Structure & Enzyme Engineering,MATERIALS AND METHODS > Materials,method,research,,,Materials
39744090_sec10,39744090,Protein Structure & Enzyme Engineering,MATERIALS AND METHODS > Protein expression and purification,method,research,,,Protein expression and purification
39744090_sec11,39744090,Protein Structure & Enzyme Engineering,MATERIALS AND METHODS > Activity assay,method,research,,,Activity assay
39744090_sec12,39744090,Protein Structure & Enzyme Engineering,MATERIALS AND METHODS > Thermodynamic stability analysis,method,research,,,Thermodynamic stability analysis
39744090_sec13,39744090,Protein Structure & Enzyme Engineering,MATERIALS AND METHODS > Kinetic stability analysis,method,research,,,Kinetic stability analysis
39744090_sec14,39744090,Protein Structure & Enzyme Engineering,MATERIALS AND METHODS > Kinetic parameters,method,research,,,Kinetic parameters
39744090_sec15,39744090,Protein Structure & Enzyme Engineering,MATERIALS AND METHODS > Fine‐tuning of the Pro‐PRIME,method,research,,,Fine‐tuning of the Pro‐PRIME
39744090_sec16,39744090,Protein Structure & Enzyme Engineering,MATERIALS AND METHODS > Molecular dynamics simulations,method,research,,,Molecular dynamics simulations
39744090_sec17,39744090,Protein Structure & Enzyme Engineering,MATERIALS AND METHODS > Dynamics cross‐correlation matrix,method,research,,,Dynamics cross‐correlation matrix
39744090_sec18,39744090,Protein Structure & Enzyme Engineering,AUTHOR CONTRIBUTIONS,other,research,,,AUTHOR CONTRIBUTIONS
39725033_sec0,39725033,Protein Structure & Enzyme Engineering,abstract,abstract,research,,,Abstract
39725033_sec2,39725033,Protein Structure & Enzyme Engineering,Results > Impact of an SSA analog on the thermostability of SF3B1 in nuclear extract,result,research,920743619482,,Impact of an SSA analog on the thermostability of SF3B1 in nuclear extract
39725033_sec3,39725033,Protein Structure & Enzyme Engineering,Results > An unknown factor affects SF3B1 thermostability in some nuclear extract preparations,result,research,515044391345;720955001381,,An unknown factor affects SF3B1 thermostability in some nuclear extract preparations
39725033_sec4,39725033,Protein Structure & Enzyme Engineering,Results > Modulation of SF3B1 stability by other natural product scaffolds,result,research,193544203989,,Modulation of SF3B1 stability by other natural product scaffolds
39725033_sec5,39725033,Protein Structure & Enzyme Engineering,Results > WX-02-23 shifts SF3B1 thermostability and inhibits pre-mRNA splicing in vitro,result,research,43883393544;335025462873,,WX-02-23 shifts SF3B1 thermostability and inhibits pre-mRNA splicing in vitro
39725033_sec7,39725033,Protein Structure & Enzyme Engineering,Discussion > SF3B1 thermostability and natural product splicing inhibitors,discussion,research,,,SF3B1 thermostability and natural product splicing inhibitors
39725033_sec8,39725033,Protein Structure & Enzyme Engineering,Discussion > A new SF3B1 splicing inhibitor,discussion,research,,,A new SF3B1 splicing inhibitor
39725033_sec10,39725033,Protein Structure & Enzyme Engineering,Method > SF3B1 inhibitors,method,research,,,SF3B1 inhibitors
39725033_sec11,39725033,Protein Structure & Enzyme Engineering,Method > HeLa nuclear extract preparation,method,research,,,HeLa nuclear extract preparation
39725033_sec12,39725033,Protein Structure & Enzyme Engineering,Method > Thermal shift assay,method,research,,,Thermal shift assay
39725033_sec13,39725033,Protein Structure & Enzyme Engineering,Method > Dot blots,method,research,,,Dot blots
39725033_sec14,39725033,Protein Structure & Enzyme Engineering,Method > Western blot,method,research,,,Western blot
39725033_sec15,39725033,Protein Structure & Enzyme Engineering,Method > In vitro splicing assays,method,research,,,In vitro splicing assays
39725033_sec16,39725033,Protein Structure & Enzyme Engineering,Method > Native gel analysis,method,research,,,Native gel analysis
39725033_sec18,39725033,Protein Structure & Enzyme Engineering,Conflict of interest,other,research,,,Conflict of interest
39795912_sec0,39795912,Protein Structure & Enzyme Engineering,abstract,abstract,review,,,Abstract
39795912_sec1,39795912,Protein Structure & Enzyme Engineering,1. Introduction,introduction,review,,,Introduction
39795912_sec2,39795912,Protein Structure & Enzyme Engineering,2. New Framework for the Relationship Between Protein Folding and Aggregation,main,review,,,New Framework for the Relationship Between Protein Folding and Aggregation
39795912_sec3,39795912,Protein Structure & Enzyme Engineering,3. Relationship Between Misfolding and Aggregation,main,review,,,Relationship Between Misfolding and Aggregation
39795912_sec4,39795912,Protein Structure & Enzyme Engineering,4. Relationship Between Anfinsen’s Thermodynamic Hypothesis and Aggregation,main,review,,,Relationship Between Anfinsen’s Thermodynamic Hypothesis and Aggregation
39795912_sec5,39795912,Protein Structure & Enzyme Engineering,5. Relationship Between Molecular Chaperones and Aggregation,main,review,,,Relationship Between Molecular Chaperones and Aggregation
39795912_sec6,39795912,Protein Structure & Enzyme Engineering,5. Relationship Between Molecular Chaperones and Aggregation > 5.1. Independence Between Direct and Indirect Protein Folding Assistance of Molecular Chaperones,main,review,,,Independence Between Direct and Indirect Protein Folding Assistance of Molecular Chaperones
39795912_sec7,39795912,Protein Structure & Enzyme Engineering,5. Relationship Between Molecular Chaperones and Aggregation > 5.2. GroEL/ES Chamber: Delineating Independence Between Protein Folding and Aggregation,main,review,,,GroEL/ES Chamber: Delineating Independence Between Protein Folding and Aggregation
39795912_sec8,39795912,Protein Structure & Enzyme Engineering,5. Relationship Between Molecular Chaperones and Aggregation > 5.3. Overlooked Aspects of the Complex Cellular Milieu in the Molecular Chaperone Concept,main,review,,,Overlooked Aspects of the Complex Cellular Milieu in the Molecular Chaperone Concept
39795912_sec9,39795912,Protein Structure & Enzyme Engineering,6. Generic Intrinsic Chaperone-like Activities of Cellular Macromolecules: Their Independent Effects on Protein Folding and Aggregation,main,review,,,Generic Intrinsic Chaperone-like Activities of Cellular Macromolecules: Their Independent Effects on Protein Folding and Aggregation
39795912_sec10,39795912,Protein Structure & Enzyme Engineering,6. Generic Intrinsic Chaperone-like Activities of Cellular Macromolecules: Their Independent Effects on Protein Folding and Aggregation > 6.1. Independent Effects of Macromolecular Tethering on Protein Folding and Aggregation,main,review,,,Independent Effects of Macromolecular Tethering on Protein Folding and Aggregation
39795912_sec11,39795912,Protein Structure & Enzyme Engineering,6. Generic Intrinsic Chaperone-like Activities of Cellular Macromolecules: Their Independent Effects on Protein Folding and Aggregation > 6.2. Biological Relevance and Significance of Protein Fusion Approaches,main,review,,,Biological Relevance and Significance of Protein Fusion Approaches
39795912_sec12,39795912,Protein Structure & Enzyme Engineering,6. Generic Intrinsic Chaperone-like Activities of Cellular Macromolecules: Their Independent Effects on Protein Folding and Aggregation > 6.3. Artificial Chaperone System: Conversion of a Soluble Protein into a Potent Chaperone,main,review,,,Artificial Chaperone System: Conversion of a Soluble Protein into a Potent Chaperone
39795912_sec13,39795912,Protein Structure & Enzyme Engineering,7. Aggregation Inhibition by Structure-Destabilizing Intermolecular Repulsive Forces,main,review,,,Aggregation Inhibition by Structure-Destabilizing Intermolecular Repulsive Forces
39795912_sec14,39795912,Protein Structure & Enzyme Engineering,7. Aggregation Inhibition by Structure-Destabilizing Intermolecular Repulsive Forces > 7.1. Pitfalls of Modern Protein Science,main,review,,,Pitfalls of Modern Protein Science
39795912_sec15,39795912,Protein Structure & Enzyme Engineering,7. Aggregation Inhibition by Structure-Destabilizing Intermolecular Repulsive Forces > 7.2. Structure-Destabilizing Intermolecular Repulsive Forces in Protein Folding,main,review,,,Structure-Destabilizing Intermolecular Repulsive Forces in Protein Folding
39795912_sec16,39795912,Protein Structure & Enzyme Engineering,7. Aggregation Inhibition by Structure-Destabilizing Intermolecular Repulsive Forces > 7.3. Role of Intermolecular Repulsive Forces in Aggregation Inhibition,main,review,,,Role of Intermolecular Repulsive Forces in Aggregation Inhibition
39795912_sec17,39795912,Protein Structure & Enzyme Engineering,7. Aggregation Inhibition by Structure-Destabilizing Intermolecular Repulsive Forces > 7.4. The Role of Intermolecular Repulsive Forces in the Substrate Stabilization by Molecular Chaperones,main,review,,,The Role of Intermolecular Repulsive Forces in the Substrate Stabilization by Molecular Chaperones
39795912_sec18,39795912,Protein Structure & Enzyme Engineering,8. Metastability Revisited Through the New Framework,main,review,,,Metastability Revisited Through the New Framework
39795912_sec19,39795912,Protein Structure & Enzyme Engineering,8. Metastability Revisited Through the New Framework > 8.1. Strategies for Decreasing the Effective Concentration of Shared Aggregation Monomers,main,review,,,Strategies for Decreasing the Effective Concentration of Shared Aggregation Monomers
39795912_sec20,39795912,Protein Structure & Enzyme Engineering,8. Metastability Revisited Through the New Framework > 8.2. Thermodynamic Destabilization of Aggregates by Physical Linkage of Cellular Macromolecules,main,review,,,Thermodynamic Destabilization of Aggregates by Physical Linkage of Cellular Macromolecules
39795912_sec21,39795912,Protein Structure & Enzyme Engineering,9. Applications of the New Framework to Therapeutic Interventions for Proteinopathies,main,review,,,Applications of the New Framework to Therapeutic Interventions for Proteinopathies
39795912_sec22,39795912,Protein Structure & Enzyme Engineering,9. Applications of the New Framework to Therapeutic Interventions for Proteinopathies > 9.1. Targeting Cellular Macromolecules as Drug Candidates in Proteinopathies,main,review,,,Targeting Cellular Macromolecules as Drug Candidates in Proteinopathies
39795912_sec23,39795912,Protein Structure & Enzyme Engineering,9. Applications of the New Framework to Therapeutic Interventions for Proteinopathies > 9.2. Cellular Macromolecules as Native Interactors: Promising Drug Targets in Proteinopathies,main,review,,,Cellular Macromolecules as Native Interactors: Promising Drug Targets in Proteinopathies
39795912_sec24,39795912,Protein Structure & Enzyme Engineering,10. Conclusions and Future Perspectives,discussion,review,,,Conclusions and Future Perspectives
39744088_sec0,39744088,Protein Structure & Enzyme Engineering,abstract,abstract,research,,,Abstract
39744088_sec1,39744088,Protein Structure & Enzyme Engineering,AUTHOR CONTRIBUTIONS,other,research,,,AUTHOR CONTRIBUTIONS
39770093_sec0,39770093,Protein Structure & Enzyme Engineering,abstract,abstract,research,,,Abstract
39770093_sec1,39770093,Protein Structure & Enzyme Engineering,1. Introduction,introduction,research,,,Introduction
39770093_sec3,39770093,Protein Structure & Enzyme Engineering,2. Results and Discussion > 2.1. Synthesis Pathway of EGT in L. edodes,result,research,19818143218,,Synthesis Pathway of EGT in L. edodes
39770093_sec4,39770093,Protein Structure & Enzyme Engineering,2. Results and Discussion > 2.2. The Enzymatic Catalytic Mechanism of Egt1 and Egt2,result,research,,,The Enzymatic Catalytic Mechanism of Egt1 and Egt2
39770093_sec6,39770093,Protein Structure & Enzyme Engineering,3. Materials and Methods > 3.1. Heterologous Expression Protein in Escherichia coli,method,research,,,Heterologous Expression Protein in Escherichia coli
39770093_sec7,39770093,Protein Structure & Enzyme Engineering,3. Materials and Methods > 3.2. Detection of EGT,method,research,,,Detection of EGT
39770093_sec8,39770093,Protein Structure & Enzyme Engineering,3. Materials and Methods > 3.3. Molecular Docking,method,research,,,Molecular Docking
39770093_sec9,39770093,Protein Structure & Enzyme Engineering,3. Materials and Methods > 3.4. Molecular Dynamics,method,research,,,Molecular Dynamics
39770093_sec10,39770093,Protein Structure & Enzyme Engineering,4. Conclusions,discussion,research,,,Conclusions
39769378_sec0,39769378,Protein Structure & Enzyme Engineering,abstract,abstract,research,,,Abstract
39769378_sec1,39769378,Protein Structure & Enzyme Engineering,1. Introduction,introduction,research,,,Introduction
39769378_sec3,39769378,Protein Structure & Enzyme Engineering,2. Results > 2.1. Identification of Active Sunflower LTR Retrotransposons by Nanopore Sequencing of Extrachromosomal Circular DNA (eccDNA),result,research,,,Identification of Active Sunflower LTR Retrotransposons by Nanopore Sequencing of Extrachromosomal Circular DNA(eccDNA)
39769378_sec4,39769378,Protein Structure & Enzyme Engineering,2. Results > 2.2. Phylogenetic Analysis of the Active Sunflower RTEs,result,research,,,Phylogenetic Analysis of the Active Sunflower RTEs
39769378_sec5,39769378,Protein Structure & Enzyme Engineering,2. Results > 2.3. Insertional Landscape of Active RTEs in Sunflower Cultivars,result,research,,,Insertional Landscape of Active RTEs in Sunflower Cultivars
39769378_sec6,39769378,Protein Structure & Enzyme Engineering,2. Results > 2.4. Comparative Analysis of Integrase and Chromodomain Sequences of Active Tekay RTEs,result,research,,,Comparative Analysis of Integrase and Chromodomain Sequences of Active Tekay RTEs
39769378_sec7,39769378,Protein Structure & Enzyme Engineering,2. Results > 2.5. Structural Features’ Additional RTE Proteins,result,research,,,Structural Features’ Additional RTE Proteins
39769378_sec8,39769378,Protein Structure & Enzyme Engineering,3. Discussion,discussion,research,,,Discussion
39769378_sec10,39769378,Protein Structure & Enzyme Engineering,4. Materials and Methods > 4.1. Plant Material,method,research,,,Plant Material
39769378_sec11,39769378,Protein Structure & Enzyme Engineering,4. Materials and Methods > 4.2. Seed Sterilization and In Vitro Growth Conditions,method,research,,,Seed Sterilization and In Vitro Growth Conditions
39769378_sec12,39769378,Protein Structure & Enzyme Engineering,4. Materials and Methods > 4.3. Chemical and Stress Treatment,method,research,,,Chemical and Stress Treatment
39769378_sec13,39769378,Protein Structure & Enzyme Engineering,4. Materials and Methods > 4.4. DNA Isolation,method,research,,,DNA Isolation
39769378_sec14,39769378,Protein Structure & Enzyme Engineering,4. Materials and Methods > 4.5. eccDNA Isolation,method,research,,,eccDNA Isolation
39769378_sec15,39769378,Protein Structure & Enzyme Engineering,4. Materials and Methods > 4.6. eccDNA Validation,method,research,,,eccDNA Validation
39769378_sec16,39769378,Protein Structure & Enzyme Engineering,4. Materials and Methods > 4.7. Library Preparation and Nanopore Sequencing,method,research,,,Library Preparation and Nanopore Sequencing
39769378_sec17,39769378,Protein Structure & Enzyme Engineering,4. Materials and Methods > 4.8. Transposable Elements’ Annotation,method,research,,,Transposable Elements’ Annotation
39769378_sec18,39769378,Protein Structure & Enzyme Engineering,4. Materials and Methods > 4.9. RTE Insertion Time Estimation,method,research,,,RTE Insertion Time Estimation
39769378_sec19,39769378,Protein Structure & Enzyme Engineering,4. Materials and Methods > 4.10. Insertion Detection,method,research,,,Insertion Detection
39769378_sec20,39769378,Protein Structure & Enzyme Engineering,4. Materials and Methods > 4.11. Circos Plot Drawing and TIPs’ Visualization,method,research,,,Circos Plot Drawing and TIPs’ Visualization
39769378_sec21,39769378,Protein Structure & Enzyme Engineering,4. Materials and Methods > 4.12. Retrotransposon Family Identification,method,research,,,Retrotransposon Family Identification
39769378_sec22,39769378,Protein Structure & Enzyme Engineering,4. Materials and Methods > 4.13. Phylogenetic Analyses and Domain Annotation of RTEs,method,research,,,Phylogenetic Analyses and Domain Annotation of RTEs
39769378_sec23,39769378,Protein Structure & Enzyme Engineering,4. Materials and Methods > 4.14. ORF Prediction and Protein Structural Analyses,method,research,,,ORF Prediction and Protein Structural Analyses
39769378_sec24,39769378,Protein Structure & Enzyme Engineering,4. Materials and Methods > 4.15. Code Availability,method,research,,,Code Availability
39769378_sec25,39769378,Protein Structure & Enzyme Engineering,5. Conclusions,discussion,research,,,Conclusions
39764114_sec0,39764114,Protein Structure & Enzyme Engineering,abstract,abstract,research,,,Abstract
39764114_sec1,39764114,Protein Structure & Enzyme Engineering,INTRODUCTION,introduction,research,,,INTRODUCTION
39764114_sec3,39764114,Protein Structure & Enzyme Engineering,MATERIALS AND METHODS > Pathogenic predictor tools,method,research,,,Pathogenic predictor tools
39764114_sec4,39764114,Protein Structure & Enzyme Engineering,MATERIALS AND METHODS > rexDMD Simulation,method,research,,,rexDMD Simulation
39764114_sec5,39764114,Protein Structure & Enzyme Engineering,MATERIALS AND METHODS > Protein expression and purification,method,research,,,Protein expression and purification
39764114_sec6,39764114,Protein Structure & Enzyme Engineering,MATERIALS AND METHODS > Fluorescence measurements,method,research,,,Fluorescence measurements
39764114_sec7,39764114,Protein Structure & Enzyme Engineering,MATERIALS AND METHODS > Overall Impact,method,research,,,Overall Impact
39764114_sec8,39764114,Protein Structure & Enzyme Engineering,MATERIALS AND METHODS > Circular dichroism experiments,method,research,,,Circular dichroism experiments
39764114_sec10,39764114,Protein Structure & Enzyme Engineering,RESULTS > R1020S is the most destabilizing mutation by pathogenicity prediction tools,result,research,,,R1020S is the most destabilizing mutation by pathogenicity prediction tools
39764114_sec11,39764114,Protein Structure & Enzyme Engineering,RESULTS > Discrete Molecular Dynamics Simulations showed the R1020S as the most destabilizing mutant.,result,research,,,Discrete Molecular Dynamics Simulations showed the R1020S as the most destabilizing mutant.
39764114_sec12,39764114,Protein Structure & Enzyme Engineering,RESULTS > Thermal stability showed irreversible process with R1020S impactful mutation,result,research,,,Thermal stability showed irreversible process with R1020S impactful mutation
39764114_sec13,39764114,Protein Structure & Enzyme Engineering,RESULTS > Chemical stability showed reversibility and R1020S the most impactful mutation,result,research,,,Chemical stability showed reversibility and R1020S the most impactful mutation
39764114_sec14,39764114,Protein Structure & Enzyme Engineering,DISCUSSION,discussion,research,,,DISCUSSION
39700257_sec0,39700257,Protein Structure & Enzyme Engineering,abstract,abstract,research,,,Abstract
39700257_sec1,39700257,Protein Structure & Enzyme Engineering,Introduction,introduction,research,,,Introduction
39700257_sec2,39700257,Protein Structure & Enzyme Engineering,Results,result,research,113024099041,,Results
39700257_sec3,39700257,Protein Structure & Enzyme Engineering,Results > Selection functions for tuneable exploration vs exploitation,result,research,951282716277,,Selection functions for tuneable exploration vs exploitation
39700257_sec4,39700257,Protein Structure & Enzyme Engineering,Results > Population splitting for improved exploration,result,research,351434596567,,Population splitting for improved exploration
39700257_sec5,39700257,Protein Structure & Enzyme Engineering,Results > Multi-dimensional selection with simulated novel selection methods,result,research,989275874232,,Multi-dimensional selection with simulated novel selection methods
39700257_sec6,39700257,Protein Structure & Enzyme Engineering,Results > Translation to empirical fitness landscapes,result,research,391459823935,,Translation to empirical fitness landscapes
39700257_sec7,39700257,Protein Structure & Enzyme Engineering,Discussion,discussion,research,,,Discussion
39700257_sec9,39700257,Protein Structure & Enzyme Engineering,Methods > Model,method,research,,,Model
39700257_sec10,39700257,Protein Structure & Enzyme Engineering,Methods > Selection functions,method,research,,,Selection functions
39700257_sec11,39700257,Protein Structure & Enzyme Engineering,Methods > NK landscapes,method,research,,,NK landscapes
39700257_sec12,39700257,Protein Structure & Enzyme Engineering,Methods > Empirical landscapes,method,research,,,Empirical landscapes
39700257_sec13,39700257,Protein Structure & Enzyme Engineering,Supporting information,other,research,,,Supporting information
39695007_sec0,39695007,Protein Structure & Enzyme Engineering,abstract,abstract,research,,,Abstract
39695007_sec1,39695007,Protein Structure & Enzyme Engineering,Introduction,introduction,research,,,Introduction
39695007_sec3,39695007,Protein Structure & Enzyme Engineering,"Materials and methods > Strains, plasmids and growth conditions",method,research,,Tab1,"Strains, plasmids and growth conditions"
39695007_sec4,39695007,Protein Structure & Enzyme Engineering,Materials and methods > Molecular binding analysis of substrate binding sites and construction of the variants,method,research,,,Molecular binding analysis of substrate binding sites and construction of the variants
39695007_sec5,39695007,Protein Structure & Enzyme Engineering,Materials and methods > Expression and purification of proteins,method,research,,,Expression and purification of proteins
39695007_sec6,39695007,Protein Structure & Enzyme Engineering,Materials and methods > Characterization of activity and stability,method,research,,,Characterization of activity and stability
39695007_sec8,39695007,Protein Structure & Enzyme Engineering,Results > Construction of the variants,result,research,,,Construction of the variants
39695007_sec9,39695007,Protein Structure & Enzyme Engineering,Results > Characterization of activity and stability,result,research,712721953548;725975264586,Tab2,Characterization of activity and stability
39695007_sec10,39695007,Protein Structure & Enzyme Engineering,Results > pH and temperature stability,result,research,,,pH and temperature stability
39695007_sec11,39695007,Protein Structure & Enzyme Engineering,Results > Structural analysis based on Tm,result,research,431073356819,,Structural analysis based on Tm
39695007_sec12,39695007,Protein Structure & Enzyme Engineering,Discussion,discussion,research,414409097138;686323767361;958646047625,,Discussion
39695007_sec13,39695007,Protein Structure & Enzyme Engineering,Electronic Supplementary Material,other,research,,,Electronic Supplementary Material
39868219_sec0,39868219,Protein Structure & Enzyme Engineering,abstract,abstract,research,,,Abstract
39868219_sec1,39868219,Protein Structure & Enzyme Engineering,Introduction,introduction,research,,,Introduction
39868219_sec3,39868219,Protein Structure & Enzyme Engineering,"Results > P.69T C-terminus (PCt) is stably folded, in contrast to PNt",result,research,,,"P.69T C-terminus(PCt)is stably folded, in contrast to PNt"
39868219_sec4,39868219,Protein Structure & Enzyme Engineering,Results > PCt unfolds much more slowly than P.69T,result,research,,,PCt unfolds much more slowly than P.69T
39868219_sec5,39868219,Protein Structure & Enzyme Engineering,Results > Unfolding of Nt accelerates Ct unfolding,result,research,,,Unfolding of Nt accelerates Ct unfolding
39868219_sec6,39868219,Protein Structure & Enzyme Engineering,Results > PFS* is an on-pathway unfolding intermediate,result,research,,,PFS* is an on-pathway unfolding intermediate
39868219_sec7,39868219,Protein Structure & Enzyme Engineering,Results > PFS* likely also represents the on-pathway intermediate for P.69T folding,result,research,,,PFS* likely also represents the on-pathway intermediate for P.69T folding
39868219_sec8,39868219,Protein Structure & Enzyme Engineering,Discussion,discussion,research,,,Discussion
39868219_sec10,39868219,Protein Structure & Enzyme Engineering,Materials & Methods > Cloning,method,research,,,Cloning
39868219_sec11,39868219,Protein Structure & Enzyme Engineering,Materials & Methods > Protein purification,method,research,,,Protein purification
39868219_sec12,39868219,Protein Structure & Enzyme Engineering,Materials & Methods > Far-UV circular dichroism spectrometry,method,research,,,Far-UV circular dichroism spectrometry
39868219_sec13,39868219,Protein Structure & Enzyme Engineering,Materials & Methods > Proteolytic digestion,method,research,,,Proteolytic digestion
39868219_sec14,39868219,Protein Structure & Enzyme Engineering,Materials & Methods > Fluorescence spectroscopy,method,research,,,Fluorescence spectroscopy
39868219_sec15,39868219,Protein Structure & Enzyme Engineering,Materials & Methods > Equilibrium time course unfolding and refolding,method,research,,,Equilibrium time course unfolding and refolding
39868219_sec16,39868219,Protein Structure & Enzyme Engineering,Materials & Methods > Kinetic measurements,method,research,,,Kinetic measurements
39868219_sec17,39868219,Protein Structure & Enzyme Engineering,Materials & Methods > Data analysis and statistics,method,research,,,Data analysis and statistics
39670334_sec0,39670334,Protein Structure & Enzyme Engineering,abstract,abstract,research,,,Abstract
39670334_sec1,39670334,Protein Structure & Enzyme Engineering,Introduction,introduction,research,,,Introduction
39670334_sec3,39670334,Protein Structure & Enzyme Engineering,"Results and Discussion > Directed Evolution and
Atomistic Design",result,research,642282500846,,Directed Evolution and Atomistic Design
39670334_sec4,39670334,Protein Structure & Enzyme Engineering,Results and Discussion > Ancestral Sequence Reconstruction,result,research,982997636190,,Ancestral Sequence Reconstruction
39670334_sec5,39670334,Protein Structure & Enzyme Engineering,"Results and Discussion > Bringing ASR and Laboratory
Evolution Together",result,research,,,Bringing ASR and Laboratory Evolution Together
39670334_sec6,39670334,Protein Structure & Enzyme Engineering,Results and Discussion > Large-Scale Production in Pichia pastoris and Biochemical Characterization,result,research,325053273146,tbl1,Large-Scale Production in Pichia pastoris and Biochemical Characterization
39670334_sec7,39670334,Protein Structure & Enzyme Engineering,Results and Discussion > Mutational Analysis of GOase Variants,result,research,666447444659,,Mutational Analysis of GOase Variants
39670334_sec8,39670334,Protein Structure & Enzyme Engineering,Conclusions,discussion,research,,,Conclusions
39319912_sec0,39319912,Cancer Biology & Oncology,abstract,abstract,research,,,Abstract
39319912_sec1,39319912,Cancer Biology & Oncology,INTRODUCTION,introduction,research,,,INTRODUCTION
39319912_sec3,39319912,Cancer Biology & Oncology,"METHODS > Study design, location, and period",method,research,,,"Study design, location, and period"
39319912_sec4,39319912,Cancer Biology & Oncology,METHODS > Inclusion and exclusion criteria,method,research,,,Inclusion and exclusion criteria
39319912_sec5,39319912,Cancer Biology & Oncology,METHODS > Study protocol,method,research,,,Study protocol
39319912_sec6,39319912,Cancer Biology & Oncology,METHODS > Data analysis,method,research,,,Data analysis
39319912_sec7,39319912,Cancer Biology & Oncology,METHODS > Ethical aspects,method,research,,,Ethical aspects
39319912_sec8,39319912,Cancer Biology & Oncology,RESULTS,result,research,970132200359,T1;T2;T3;T4,RESULTS
39319912_sec9,39319912,Cancer Biology & Oncology,DISCUSSION,discussion,research,,,DISCUSSION
41189730_sec0,41189730,Cancer Biology & Oncology,abstract,abstract,research,,,Abstract
41189730_sec1,41189730,Cancer Biology & Oncology,Introduction,introduction,research,,,Introduction
41189730_sec2,41189730,Cancer Biology & Oncology,Multifunctional Poly(Lactic Acid) (PLA)‐Based Nanoparticle (NP) Co‐Entraps Tumor‐Associated Protein or Peptide Antigens and Oligonucleotides,other,research,932064872920,,Multifunctional Poly(Lactic Acid)(PLA)‐Based Nanoparticle(NP)Co‐Entraps Tumor‐Associated Protein or Peptide Antigens and Oligonucleotides
41189730_sec3,41189730,Cancer Biology & Oncology,Multifunctional Nanovaccines Activate and Improve Dendritic Cell Activation and Maturation,other,research,,,Multifunctional Nanovaccines Activate and Improve Dendritic Cell Activation and Maturation
41189730_sec4,41189730,Cancer Biology & Oncology,Synergistic Anti‐Tumor Effects Between αOX40 and Multifunctional Nanovaccine Targeting TGF‐β,other,research,354814801062;425563115278;801978048509,,Synergistic Anti‐Tumor Effects Between αOX40 and Multifunctional Nanovaccine Targeting TGF‐β
41189730_sec5,41189730,Cancer Biology & Oncology,Modulation of MDSC Improved TNBC Growth Control but Did Not Synergize with the Nano‐Immunotherapy,other,research,,,Modulation of MDSC Improved TNBC Growth Control but Did Not Synergize with the Nano‐Immunotherapy
41189730_sec6,41189730,Cancer Biology & Oncology,PD‐1 Blockade Did Not Improve the Anti‐Tumor Effect of Nano‐Immunotherapy,other,research,,,PD‐1 Blockade Did Not Improve the Anti‐Tumor Effect of Nano‐Immunotherapy
41189730_sec7,41189730,Cancer Biology & Oncology,Nano‐Immunotherapy Controlled Tumor Growth and Prolonged Survival of Luminal B‐Type Breast Cancer Mouse Model,other,research,190718602089;199338333795,,Nano‐Immunotherapy Controlled Tumor Growth and Prolonged Survival of Luminal B‐Type Breast Cancer Mouse Model
41189730_sec8,41189730,Cancer Biology & Oncology,Conclusion,discussion,research,,,Conclusion
41189730_sec10,41189730,Cancer Biology & Oncology,Experimental Section > Materials,method,research,,,Materials
41189730_sec11,41189730,Cancer Biology & Oncology,Experimental Section > Preparation of Chitosan‐siRNA Polyplexes,method,research,,,Preparation of Chitosan‐siRNA Polyplexes
41189730_sec12,41189730,Cancer Biology & Oncology,Experimental Section > Gel Retardation Assay,method,research,,,Gel Retardation Assay
41189730_sec13,41189730,Cancer Biology & Oncology,Experimental Section > Preparation of Multifunctional Biodegradable Nanoparticles,method,research,,,Preparation of Multifunctional Biodegradable Nanoparticles
41189730_sec14,41189730,Cancer Biology & Oncology,Experimental Section > Size Distribution and ζ‐Potential Measurements,method,research,,,Size Distribution and ζ‐Potential Measurements
41189730_sec15,41189730,Cancer Biology & Oncology,Experimental Section > Particle Morphology,method,research,,,Particle Morphology
41189730_sec16,41189730,Cancer Biology & Oncology,Experimental Section > NP Physical Stability Assay,method,research,,,NP Physical Stability Assay
41189730_sec17,41189730,Cancer Biology & Oncology,Experimental Section > Entrapment Efficiency and Loading Capacity of Antigens and Immune Potentiators,method,research,,,Entrapment Efficiency and Loading Capacity of Antigens and Immune Potentiators
41189730_sec18,41189730,Cancer Biology & Oncology,Experimental Section > Integrity of the Antigen Entrapped in NP,method,research,,,Integrity of the Antigen Entrapped in NP
41189730_sec19,41189730,Cancer Biology & Oncology,Experimental Section > NP Antigen Release,method,research,,,NP Antigen Release
41189730_sec20,41189730,Cancer Biology & Oncology,Experimental Section > Cell Lines,method,research,,,Cell Lines
41189730_sec21,41189730,Cancer Biology & Oncology,Experimental Section > Animal Studies,method,research,,,Animal Studies
41189730_sec22,41189730,Cancer Biology & Oncology,Experimental Section > Isolation of Murine Hematopoietic Stem Cells from Bone Marrow and Differentiation into BMDC,method,research,,,Isolation of Murine Hematopoietic Stem Cells from Bone Marrow and Differentiation into BMDC
41189730_sec23,41189730,Cancer Biology & Oncology,Experimental Section > In Vitro and Ex Vivo Cell Viability in the Presence of NP,method,research,,,In Vitro and Ex Vivo Cell Viability in the Presence of NP
41189730_sec24,41189730,Cancer Biology & Oncology,Experimental Section > In Vitro and Ex Vivo NP Internalization by Targeted Cells,method,research,,,In Vitro and Ex Vivo NP Internalization by Targeted Cells
41189730_sec25,41189730,Cancer Biology & Oncology,Experimental Section > Ex Vivo Analysis of NP Effect on DC Activation and Maturation,method,research,,,Ex Vivo Analysis of NP Effect on DC Activation and Maturation
41189730_sec26,41189730,Cancer Biology & Oncology,Experimental Section > In Vivo Study of NP Internalization by APC in Draining Lymph Nodes,method,research,,,In Vivo Study of NP Internalization by APC in Draining Lymph Nodes
41189730_sec27,41189730,Cancer Biology & Oncology,Experimental Section > NP In Vivo Biodistribution,method,research,,,NP In Vivo Biodistribution
41189730_sec28,41189730,Cancer Biology & Oncology,Experimental Section > Intervention Combination Therapies in 4T1 Triple‐Negative Breast Carcinoma,method,research,,,Intervention Combination Therapies in 4T1 Triple‐Negative Breast Carcinoma
41189730_sec29,41189730,Cancer Biology & Oncology,Experimental Section > Intervention Combination Therapies in EO771 Luminal B‐Type Breast Cancer,method,research,,,Intervention Combination Therapies in EO771 Luminal B‐Type Breast Cancer
41189730_sec30,41189730,Cancer Biology & Oncology,Experimental Section > Characterization of Tumor‐Infiltrating Immune Populations and Germinal Centers in Inguinal LN by Flow Cytometry,method,research,,,Characterization of Tumor‐Infiltrating Immune Populations and Germinal Centers in Inguinal LN by Flow Cytometry
41189730_sec31,41189730,Cancer Biology & Oncology,Experimental Section > Panels for 4T1 Tumors,method,research,,,Panels for 4T1 Tumors
41189730_sec32,41189730,Cancer Biology & Oncology,Experimental Section > Panels for EO771 Tumors,method,research,,,Panels for EO771 Tumors
41189730_sec33,41189730,Cancer Biology & Oncology,"Experimental Section > Panel for Germinal Center B cell, Tfh, and Tfr Cells",method,research,,,"Panel for Germinal Center B cell, Tfh, and Tfr Cells"
41189730_sec34,41189730,Cancer Biology & Oncology,Experimental Section > Assessment of TGF‐β1 Expression in Tumors,method,research,,,Assessment of TGF‐β1 Expression in Tumors
41189730_sec35,41189730,Cancer Biology & Oncology,Experimental Section > Functional assessment of T cells,method,research,,,Functional assessment of T cells
41189730_sec36,41189730,Cancer Biology & Oncology,Experimental Section > Intervention Combination Therapies in B16.MO5 Murine Model,method,research,,,Intervention Combination Therapies in B16.MO5 Murine Model
41189730_sec37,41189730,Cancer Biology & Oncology,Experimental Section > Functional Assessment of T Cells Using Tetramer Staining,method,research,,,Functional Assessment of T Cells Using Tetramer Staining
41189730_sec38,41189730,Cancer Biology & Oncology,Experimental Section > In Vivo Assessment of the NP Composition Effect,method,research,,,In Vivo Assessment of the NP Composition Effect
41189730_sec39,41189730,Cancer Biology & Oncology,Experimental Section > Droplet‐Based Single‐Cell RNA‐Seq Data Processing,method,research,,,Droplet‐Based Single‐Cell RNA‐Seq Data Processing
41189730_sec40,41189730,Cancer Biology & Oncology,Experimental Section > Single‐Cell RNA‐seq Clustering,method,research,,,Single‐Cell RNA‐seq Clustering
41189730_sec41,41189730,Cancer Biology & Oncology,Experimental Section > Genes Differentially Expressed Between Clusters,method,research,,,Genes Differentially Expressed Between Clusters
41189730_sec42,41189730,Cancer Biology & Oncology,Experimental Section > Visualization of Single‐Cell Data,method,research,,,Visualization of Single‐Cell Data
41189730_sec43,41189730,Cancer Biology & Oncology,Experimental Section > Single‐Cell Gene Signature Scoring,method,research,,,Single‐Cell Gene Signature Scoring
41189730_sec44,41189730,Cancer Biology & Oncology,Experimental Section > Statistical Methods,method,research,,,Statistical Methods
41189730_sec45,41189730,Cancer Biology & Oncology,Experimental Section > Ethics Approval Statement,method,research,,,Ethics Approval Statement
41189730_sec46,41189730,Cancer Biology & Oncology,Conflict of Interest,other,research,,,Conflict of Interest
39756372_sec0,39756372,Cancer Biology & Oncology,abstract,abstract,research,,,Abstract
39756372_sec1,39756372,Cancer Biology & Oncology,Introduction,introduction,research,,,Introduction
39756372_sec3,39756372,Cancer Biology & Oncology,Materials and Methods > 1. Patients,method,research,,,Patients
39756372_sec4,39756372,Cancer Biology & Oncology,Materials and Methods > 2. Preoperative evaluation and operation,method,research,,,Preoperative evaluation and operation
39756372_sec5,39756372,Cancer Biology & Oncology,Materials and Methods > 3. Tyrosine kinase inhibitor treatment,method,research,,,Tyrosine kinase inhibitor treatment
39756372_sec6,39756372,Cancer Biology & Oncology,Materials and Methods > 4. Follow-up,method,research,,,Follow-up
39756372_sec7,39756372,Cancer Biology & Oncology,Materials and Methods > 5. Statistical analysis,method,research,,,Statistical analysis
39756372_sec9,39756372,Cancer Biology & Oncology,Results > 1. Patient,result,research,,,Patient
39756372_sec10,39756372,Cancer Biology & Oncology,Results > 2. Treatments,result,research,,,Treatments
39756372_sec11,39756372,Cancer Biology & Oncology,Results > 3. Clinical outcomes,result,research,,,Clinical outcomes
39756372_sec12,39756372,Cancer Biology & Oncology,Results > 4. Prognostic factors,result,research,,,Prognostic factors
39756372_sec13,39756372,Cancer Biology & Oncology,Discussion,discussion,research,,,Discussion
41262671_sec0,41262671,Cancer Biology & Oncology,abstract,abstract,research,,,Abstract
41262671_sec1,41262671,Cancer Biology & Oncology,Introduction,introduction,research,,,Introduction
41262671_sec3,41262671,Cancer Biology & Oncology,Methods and materials > Cell culture,method,research,,,Cell culture
41262671_sec4,41262671,Cancer Biology & Oncology,Methods and materials > MTT and colony formation assay,method,research,,,MTT and colony formation assay
41262671_sec5,41262671,Cancer Biology & Oncology,Methods and materials > Wound healing assay,method,research,,,Wound healing assay
41262671_sec6,41262671,Cancer Biology & Oncology,Methods and materials > Transwell migration assay,method,research,,,Transwell migration assay
41262671_sec7,41262671,Cancer Biology & Oncology,Methods and materials > Western blot,method,research,,,Western blot
41262671_sec8,41262671,Cancer Biology & Oncology,Methods and materials > Animals,method,research,,,Animals
41262671_sec9,41262671,Cancer Biology & Oncology,Methods and materials > Bioluminescence assay in the xenograft model,method,research,,,Bioluminescence assay in the xenograft model
41262671_sec10,41262671,Cancer Biology & Oncology,Methods and materials > Histology analysis,method,research,,,Histology analysis
41262671_sec11,41262671,Cancer Biology & Oncology,Methods and materials > Statistical analysis,method,research,,,Statistical analysis
41262671_sec13,41262671,Cancer Biology & Oncology,Results > ISL's cytotoxicity toward MDA-MB-231 and 4T1-luc cells,result,research,978009082687,,ISL's cytotoxicity toward MDA-MB-231 and 4T1-luc cells
41262671_sec14,41262671,Cancer Biology & Oncology,Results > Effects of ISL on invasion and migration of MDA-MB-231 and 4T1 BC cells,result,research,952510387368,,Effects of ISL on invasion and migration of MDA-MB-231 and 4T1 BC cells
41262671_sec15,41262671,Cancer Biology & Oncology,Results > In vitro effects of ISL on MMP-2/9 expression,result,research,715759323248,,In vitro effects of ISL on MMP-2/9 expression
41262671_sec16,41262671,Cancer Biology & Oncology,Results > ISL suppresses tumor growth of BC cells through the reduces the expression of PI3K/AKT/mTOR pathways,result,research,,,ISL suppresses tumor growth of BC cells through the reduces the expression of PI3K/AKT/mTOR pathways
41262671_sec17,41262671,Cancer Biology & Oncology,Results > ISL prevents BC lung metastasis in the 4T1-luc xenograft model,result,research,848264141537;866307232581,,ISL prevents BC lung metastasis in the 4T1-luc xenograft model
41262671_sec18,41262671,Cancer Biology & Oncology,Results > ISL suppresses migration and invasion through the expression of MMP2/9 and N-cadherin in 4T1-luc xenograft mice,result,research,,,ISL suppresses migration and invasion through the expression of MMP2/9 and N-cadherin in 4T1-luc xenograft mice
41262671_sec19,41262671,Cancer Biology & Oncology,Results > ISL suppresses tumor growth of BC cells through the expression of PI3K/AKT/mTOR pathways,result,research,707676902568,,ISL suppresses tumor growth of BC cells through the expression of PI3K/AKT/mTOR pathways
41262671_sec20,41262671,Cancer Biology & Oncology,Results > ISL prevents organ toxicity in vivo,result,research,,,ISL prevents organ toxicity in vivo
41262671_sec21,41262671,Cancer Biology & Oncology,Discussion,discussion,research,,,Discussion
41262671_sec22,41262671,Cancer Biology & Oncology,Discussion > Limitations of the study,discussion,research,,,Limitations of the study
41262671_sec23,41262671,Cancer Biology & Oncology,Conclusion,discussion,research,,,Conclusion
41262671_sec24,41262671,Cancer Biology & Oncology,CRediT authorship contribution statement,other,research,,,CRediT authorship contribution statement
41262671_sec25,41262671,Cancer Biology & Oncology,Funding,other,research,,,Funding
41262671_sec26,41262671,Cancer Biology & Oncology,Ethics approval and consent to participate,other,research,,,Ethics approval and consent to participate
41262671_sec28,41262671,Cancer Biology & Oncology,Declaration of competing interest,other,research,,,Declaration of competing interest
41255893_sec0,41255893,Cancer Biology & Oncology,abstract,abstract,research,,,Abstract
41255893_sec1,41255893,Cancer Biology & Oncology,INTRODUCTION,introduction,research,,,INTRODUCTION
41255893_sec2,41255893,Cancer Biology & Oncology,CASE REPORT,other,research,654869886482;789937799067;835738061919,,CASE REPORT
41255893_sec3,41255893,Cancer Biology & Oncology,DISCUSSION,discussion,research,,,DISCUSSION
41255893_sec4,41255893,Cancer Biology & Oncology,CONCLUSION,discussion,research,,,CONCLUSION
41255902_sec0,41255902,Cancer Biology & Oncology,abstract,abstract,research,,,Abstract
41255902_sec1,41255902,Cancer Biology & Oncology,INTRODUCTION,introduction,research,,,INTRODUCTION
41255902_sec2,41255902,Cancer Biology & Oncology,CASE REPORT,other,research,734037749742,,CASE REPORT
41255902_sec3,41255902,Cancer Biology & Oncology,DISCUSSION,discussion,research,,,DISCUSSION
41255902_sec4,41255902,Cancer Biology & Oncology,CONCLUSION,discussion,research,,,CONCLUSION
39633221_sec0,39633221,Cancer Biology & Oncology,abstract,abstract,research,,,Abstract
39633221_sec1,39633221,Cancer Biology & Oncology,Introduction,introduction,research,,,Introduction
39633221_sec3,39633221,Cancer Biology & Oncology,Materials and Methods > Cell Culture,method,research,,,Cell Culture
39633221_sec4,39633221,Cancer Biology & Oncology,Materials and Methods > Cell Infection and Transfection,method,research,,,Cell Infection and Transfection
39633221_sec5,39633221,Cancer Biology & Oncology,Materials and Methods > Cell Migration Assay,method,research,,,Cell Migration Assay
39633221_sec6,39633221,Cancer Biology & Oncology,Materials and Methods > Flow Cytometry Analysis,method,research,,,Flow Cytometry Analysis
39633221_sec7,39633221,Cancer Biology & Oncology,Materials and Methods > Cell Counting Kit-8 (CCK-8) Assay,method,research,,,Cell Counting Kit-8(CCK-8)Assay
39633221_sec8,39633221,Cancer Biology & Oncology,Materials and Methods > qPCR Assay,method,research,,,qPCR Assay
39633221_sec9,39633221,Cancer Biology & Oncology,Materials and Methods > Western Blotting,method,research,,,Western Blotting
39633221_sec10,39633221,Cancer Biology & Oncology,Materials and Methods > Statistical Analysis,method,research,,,Statistical Analysis
39633221_sec12,39633221,Cancer Biology & Oncology,Results > Hypoxia Induces Dysfunction and Promotes the Expression of lncRNA H19 and Angiogenesis-Related Genes in MPAECs,result,research,738453558772,,Hypoxia Induces Dysfunction and Promotes the Expression of lncRNA H19 and Angiogenesis-Related Genes in MPAECs
39633221_sec13,39633221,Cancer Biology & Oncology,Results > LncRNA H19 Promotes Protein Expression of HIF-1α and VEGF in MPAECs Under Hypoxic Conditions,result,research,749555673497,,LncRNA H19 Promotes Protein Expression of HIF-1α and VEGF in MPAECs Under Hypoxic Conditions
39633221_sec14,39633221,Cancer Biology & Oncology,Results > LncRNA H19 Affects Migration and Proliferation of MPAECs Under Hypoxic Conditions,result,research,504508676520,,LncRNA H19 Affects Migration and Proliferation of MPAECs Under Hypoxic Conditions
39633221_sec15,39633221,Cancer Biology & Oncology,Results > LncRNA H19 Affects Apoptosis and Cell Cycle of MPAECs Under Hypoxic Conditions,result,research,106917344305,,LncRNA H19 Affects Apoptosis and Cell Cycle of MPAECs Under Hypoxic Conditions
39633221_sec16,39633221,Cancer Biology & Oncology,Results > miR-20a-5p Alleviates Dysfunction of MPAECs by Regulating the HIF-1α/VEGF Signaling Pathway,result,research,513054870841,,miR-20a-5p Alleviates Dysfunction of MPAECs by Regulating the HIF-1α/VEGF Signaling Pathway
39633221_sec17,39633221,Cancer Biology & Oncology,Results > lncRNA H19 Influences MPAECs Migration and Apoptosis by Regulating miR-20a-5p,result,research,771767892509,,lncRNA H19 Influences MPAECs Migration and Apoptosis by Regulating miR-20a-5p
39633221_sec18,39633221,Cancer Biology & Oncology,Discussion,discussion,research,,,Discussion
39633221_sec19,39633221,Cancer Biology & Oncology,Supplementary Information,other,research,,,Supplementary Information
41169943_sec0,41169943,Cancer Biology & Oncology,abstract,abstract,research,,,Abstract
41169943_sec1,41169943,Cancer Biology & Oncology,Abbreviations,other,research,,,Abbreviations
41169943_sec2,41169943,Cancer Biology & Oncology,Introduction,introduction,research,,,Introduction
41169943_sec4,41169943,Cancer Biology & Oncology,Materials and methods > Materials,method,research,,,Materials
41169943_sec5,41169943,Cancer Biology & Oncology,Materials and methods > Preparation of Tubiechong gel plasters,method,research,,,Preparation of Tubiechong gel plasters
41169943_sec6,41169943,Cancer Biology & Oncology,Materials and methods > Preparation of Tubiechong gel plasters > Preparation of gel plasters with different azone content,method,research,,,Preparation of gel plasters with different azone content
41169943_sec7,41169943,Cancer Biology & Oncology,Materials and methods > Preparation of Tubiechong gel plasters > Preparation of gel plasters for animal experiment,method,research,,tbl1,Preparation of gel plasters for animal experiment
41169943_sec8,41169943,Cancer Biology & Oncology,Materials and methods > Organoleptic characteristics of prepared plasters,method,research,,,Organoleptic characteristics of prepared plasters
41169943_sec9,41169943,Cancer Biology & Oncology,Materials and methods > Stability studies,method,research,,,Stability studies
41169943_sec10,41169943,Cancer Biology & Oncology,Materials and methods > Adhesive evaluation,method,research,,,Adhesive evaluation
41169943_sec11,41169943,Cancer Biology & Oncology,Materials and methods > Adhesive evaluation > Tacking strength,method,research,,,Tacking strength
41169943_sec12,41169943,Cancer Biology & Oncology,Materials and methods > Adhesive evaluation > Cohesive strength,method,research,,,Cohesive strength
41169943_sec13,41169943,Cancer Biology & Oncology,Materials and methods > Adhesive evaluation > Peeling strength,method,research,,,Peeling strength
41169943_sec14,41169943,Cancer Biology & Oncology,Materials and methods > HPLC analysis,method,research,,,HPLC analysis
41169943_sec15,41169943,Cancer Biology & Oncology,Materials and methods > Animals,method,research,,,Animals
41169943_sec17,41169943,Cancer Biology & Oncology,Materials and methods > In vitro skin permeation study > Preparation of rat skin in vitro,method,research,,,Preparation of rat skin in vitro
41169943_sec18,41169943,Cancer Biology & Oncology,Materials and methods > In vitro skin permeation study > In vitro permeation tests,method,research,,,In vitro permeation tests
41169943_sec19,41169943,Cancer Biology & Oncology,Materials and methods > In vitro skin permeation study > HUVECs proliferation activity assay,method,research,,,HUVECs proliferation activity assay
41169943_sec21,41169943,Cancer Biology & Oncology,Materials and methods > Evaluation of Tubiechong gel plasters in promoting fracture healing in rats > Design of animal experiments,method,research,,,Design of animal experiments
41169943_sec22,41169943,Cancer Biology & Oncology,Materials and methods > Evaluation of Tubiechong gel plasters in promoting fracture healing in rats > Radiological analysis,method,research,,,Radiological analysis
41169943_sec23,41169943,Cancer Biology & Oncology,Materials and methods > Evaluation of Tubiechong gel plasters in promoting fracture healing in rats > Detection of bone metabolism indicators,method,research,,,Detection of bone metabolism indicators
41169943_sec24,41169943,Cancer Biology & Oncology,Materials and methods > Evaluation of Tubiechong gel plasters in promoting fracture healing in rats > Immunohistochemical staining and safranin O/fast green staining,method,research,,,Immunohistochemical staining and safranin O/fast green staining
41169943_sec25,41169943,Cancer Biology & Oncology,Materials and methods > Statistical analysis,method,research,,,Statistical analysis
41169943_sec27,41169943,Cancer Biology & Oncology,Results > Transdermal penetration of Tubiechong gel plaster,result,research,532677694673,tbl2,Transdermal penetration of Tubiechong gel plaster
41169943_sec28,41169943,Cancer Biology & Oncology,Results > Organoleptic characteristics,result,research,,,Organoleptic characteristics
41169943_sec29,41169943,Cancer Biology & Oncology,Results > Stability studies,result,research,,tbl3,Stability studies
41169943_sec30,41169943,Cancer Biology & Oncology,Results > Radioactivity analysis,result,research,395966595305,,Radioactivity analysis
41169943_sec31,41169943,Cancer Biology & Oncology,Results > Differences in serum bone metabolism index and VEGF content,result,research,220579248260,,Differences in serum bone metabolism index and VEGF content
41169943_sec32,41169943,Cancer Biology & Oncology,Results > Safranin O and fast green staining analysis,result,research,207818458061,,Safranin O and fast green staining analysis
41169943_sec33,41169943,Cancer Biology & Oncology,Results > Immunohistochemical expression of CD31 in callus tissue,result,research,184234871976,,Immunohistochemical expression of CD31 in callus tissue
41169943_sec34,41169943,Cancer Biology & Oncology,Discussion and conclusion,discussion,research,,,Discussion and conclusion
41169943_sec35,41169943,Cancer Biology & Oncology,Conflict of interest statement,other,research,,,Conflict of interest statement
41169943_sec36,41169943,Cancer Biology & Oncology,Authors' contributions,other,research,,,Authors' contributions
41169943_sec37,41169943,Cancer Biology & Oncology,Declaration of competing interest,other,research,,,Declaration of competing interest
41103331_sec0,41103331,Cancer Biology & Oncology,abstract,abstract,research,,,Abstract
41103331_sec1,41103331,Cancer Biology & Oncology,1. Background,introduction,research,,,Background
41103331_sec2,41103331,Cancer Biology & Oncology,2. Objectives,other,research,,,Objectives
41103331_sec4,41103331,Cancer Biology & Oncology,3. Methods > 3.1. Ethics Statement,method,research,,,Ethics Statement
41103331_sec5,41103331,Cancer Biology & Oncology,3. Methods > 3.2. Systematic Search,method,research,,,Systematic Search
41103331_sec6,41103331,Cancer Biology & Oncology,3. Methods > 3.3. Participants and Recruitment,method,research,,,Participants and Recruitment
41103331_sec7,41103331,Cancer Biology & Oncology,3. Methods > 3.4. Data Collection,method,research,,A141797TBL1,Data Collection
41103331_sec8,41103331,Cancer Biology & Oncology,3. Methods > 3.5. Data Analysis,method,research,,,Data Analysis
41103331_sec9,41103331,Cancer Biology & Oncology,4. Results,result,research,48946187522;290244715844,A141797TBL2;A141797TBL3;A141797TBL4;A141797TBL5;A141797TBL6,Results
41103331_sec10,41103331,Cancer Biology & Oncology,5. Discussion,discussion,research,,,Discussion
41103331_sec11,41103331,Cancer Biology & Oncology,5. Discussion > 5.1. Conclusions,discussion,research,,,Conclusions
35156633_sec0,35156633,Cancer Biology & Oncology,abstract,abstract,research,,,Abstract
35156633_sec1,35156633,Cancer Biology & Oncology,Introduction,introduction,research,,,Introduction
35156633_sec2,35156633,Cancer Biology & Oncology,Case Presentation,other,research,,,Case Presentation
35156633_sec3,35156633,Cancer Biology & Oncology,Discussion,discussion,research,,,Discussion
39375945_sec0,39375945,Cancer Biology & Oncology,abstract,abstract,research,,,Abstract
39375945_sec1,39375945,Cancer Biology & Oncology,Introduction,introduction,research,,,Introduction
39375945_sec3,39375945,Cancer Biology & Oncology,Materials and methods > Cell lines,method,research,,,Cell lines
39375945_sec4,39375945,Cancer Biology & Oncology,Materials and methods > Western blotting assay,method,research,,,Western blotting assay
39375945_sec5,39375945,Cancer Biology & Oncology,Materials and methods > Enzyme-linked immunosorbent assay (ELISA),method,research,,,Enzyme-linked immunosorbent assay(ELISA)
39375945_sec6,39375945,Cancer Biology & Oncology,Materials and methods > RNA extraction and real-time reverse transcription-PCR (qRT-PCR),method,research,,,RNA extraction and real-time reverse transcription-PCR(qRT-PCR)
39375945_sec7,39375945,Cancer Biology & Oncology,Materials and methods > Methylthiazolyldiphenyl-tetrazolium bromide (MTT) assay,method,research,,,Methylthiazolyldiphenyl-tetrazolium bromide(MTT)assay
39375945_sec8,39375945,Cancer Biology & Oncology,Materials and methods > Colony formation assay,method,research,,,Colony formation assay
39375945_sec9,39375945,Cancer Biology & Oncology,Materials and methods > Wound-healing assay,method,research,,,Wound-healing assay
39375945_sec10,39375945,Cancer Biology & Oncology,Materials and methods > Transwell assay,method,research,,,Transwell assay
39375945_sec11,39375945,Cancer Biology & Oncology,Materials and methods > Tube formation assay,method,research,,,Tube formation assay
39375945_sec12,39375945,Cancer Biology & Oncology,Materials and methods > Immunofluorescence staining,method,research,,,Immunofluorescence staining
39375945_sec13,39375945,Cancer Biology & Oncology,Materials and methods > Patient information,method,research,,,Patient information
39375945_sec14,39375945,Cancer Biology & Oncology,Materials and methods > Xenograft experiment,method,research,,,Xenograft experiment
39375945_sec15,39375945,Cancer Biology & Oncology,Materials and methods > Immunohistochemistry (IHC) assay,method,research,,,Immunohistochemistry(IHC)assay
39375945_sec16,39375945,Cancer Biology & Oncology,Materials and methods > TdT-mediated dUTP nick end labeling (TUNEL) assay,method,research,,,TdT-mediated dUTP nick end labeling(TUNEL)assay
39375945_sec17,39375945,Cancer Biology & Oncology,Materials and methods > Statistical analysis,method,research,,,Statistical analysis
39375945_sec19,39375945,Cancer Biology & Oncology,Results > Anlotinib reversed clinical osimertinib resistance and EMT formation in Osi-R patients,result,research,757526479823,,Anlotinib reversed clinical osimertinib resistance and EMT formation in Osi-R patients
39375945_sec20,39375945,Cancer Biology & Oncology,Results > Establishment and identification of PC9-OR and HCC827-OR cells,result,research,659603541919,,Establishment and identification of PC9-OR and HCC827-OR cells
39375945_sec21,39375945,Cancer Biology & Oncology,Results > EMT of PC9-OR and HCC827-OR cells,result,research,798615662256,,EMT of PC9-OR and HCC827-OR cells
39375945_sec22,39375945,Cancer Biology & Oncology,Results > Anlotinib exhibited a synergistic effect in overcoming osimertinib resistance in PC9-OR and HCC827-OR cells,result,research,227682478380,,Anlotinib exhibited a synergistic effect in overcoming osimertinib resistance in PC9-OR and HCC827-OR cells
39375945_sec23,39375945,Cancer Biology & Oncology,Results > Anlotinib reversed EMT and tube formation in Osi-R cells,result,research,342944099817;899230789246,,Anlotinib reversed EMT and tube formation in Osi-R cells
39375945_sec24,39375945,Cancer Biology & Oncology,Results > Reversal of osimertinib resistance by the combination of osimertinib and anlotinib in vivo,result,research,444069016081,,Reversal of osimertinib resistance by the combination of osimertinib and anlotinib in vivo
39375945_sec25,39375945,Cancer Biology & Oncology,Discussion,discussion,research,,,Discussion
39390833_sec0,39390833,Cancer Biology & Oncology,abstract,abstract,research,,,Abstract
39390833_sec2,39390833,Cancer Biology & Oncology,INTRODUCTION > Background,introduction,research,,,Background
39390833_sec3,39390833,Cancer Biology & Oncology,INTRODUCTION > Rationale and Knowledge Gap,introduction,research,,,Rationale and Knowledge Gap
39390833_sec4,39390833,Cancer Biology & Oncology,CASE PRESENTATION,other,research,,,CASE PRESENTATION
39390833_sec5,39390833,Cancer Biology & Oncology,DISCUSSION,discussion,research,,,DISCUSSION
39390833_sec6,39390833,Cancer Biology & Oncology,CONCLUSION,discussion,research,,,CONCLUSION
38570403_sec0,38570403,Cancer Biology & Oncology,abstract,abstract,review,,,Abstract
38570403_sec1,38570403,Cancer Biology & Oncology,Background,introduction,review,,,Background
38570403_sec3,38570403,Cancer Biology & Oncology,Methods > Search strategy,method,review,,,Search strategy
38570403_sec4,38570403,Cancer Biology & Oncology,Methods > Eligibility criteria,method,review,,,Eligibility criteria
38570403_sec5,38570403,Cancer Biology & Oncology,Methods > Data extraction,method,review,,,Data extraction
38570403_sec6,38570403,Cancer Biology & Oncology,Methods > Risk of bias assessment,method,review,,,Risk of bias assessment
38570403_sec7,38570403,Cancer Biology & Oncology,Results,main,review,752312987499,,Results
38570403_sec8,38570403,Cancer Biology & Oncology,Results > Intervention characteristics,main,review,,,Intervention characteristics
38570403_sec9,38570403,Cancer Biology & Oncology,Results > Retention rates of exercise oncology trials: immediate post-intervention,main,review,,Tab1,Retention rates of exercise oncology trials: immediate post-intervention
38570403_sec10,38570403,Cancer Biology & Oncology,Results > Retention rates of exercise oncology trials: follow-up assessments,main,review,,,Retention rates of exercise oncology trials: follow-up assessments
38570403_sec11,38570403,Cancer Biology & Oncology,Results > Reasons for trial non-retention,main,review,,Tab2,Reasons for trial non-retention
38570403_sec12,38570403,Cancer Biology & Oncology,Results > Trial retention strategies,main,review,,Tab3,Trial retention strategies
38570403_sec13,38570403,Cancer Biology & Oncology,Discussion,discussion,review,,,Discussion
38570403_sec14,38570403,Cancer Biology & Oncology,Limitations of review,main,review,,,Limitations of review
38570403_sec15,38570403,Cancer Biology & Oncology,Conclusion,discussion,review,,,Conclusion
38570403_sec16,38570403,Cancer Biology & Oncology,Supplementary Information,main,review,,,Supplementary Information
41035572_sec0,41035572,Cancer Biology & Oncology,abstract,abstract,research,,,Abstract
41035572_sec1,41035572,Cancer Biology & Oncology,Introduction,introduction,research,,,Introduction
41035572_sec3,41035572,Cancer Biology & Oncology,Materials and Methods > Data collection and processing,method,research,,,Data collection and processing
41035572_sec4,41035572,Cancer Biology & Oncology,Materials and Methods > Identification of Significant Double Alterations,method,research,,,Identification of Significant Double Alterations
41035572_sec5,41035572,Cancer Biology & Oncology,Materials and Methods > Pathway Analysis,method,research,,,Pathway Analysis
41035572_sec6,41035572,Cancer Biology & Oncology,Materials and Methods > Oncoprint Maps,method,research,,,Oncoprint Maps
41035572_sec7,41035572,Cancer Biology & Oncology,Materials and Methods > Transcriptome Analysis,method,research,,,Transcriptome Analysis
41035572_sec8,41035572,Cancer Biology & Oncology,Materials and Methods > FPGrowth Tree Construction,method,research,,,FPGrowth Tree Construction
41035572_sec9,41035572,Cancer Biology & Oncology,Materials and Methods > Personalized PageRank Algorithm,method,research,,,Personalized PageRank Algorithm
41035572_sec10,41035572,Cancer Biology & Oncology,Materials and Methods > Tissue Specific Subnetworks,method,research,,,Tissue Specific Subnetworks
41035572_sec12,41035572,Cancer Biology & Oncology,Results > Co-occurrence of frequent and rare mutations in different genes in tumorigenesis,result,research,,,Co-occurrence of frequent and rare mutations in different genes in tumorigenesis
41035572_sec13,41035572,Cancer Biology & Oncology,Results > Some gene pairs co-mutate in certain tissues,result,research,,,Some gene pairs co-mutate in certain tissues
41035572_sec14,41035572,Cancer Biology & Oncology,Results > Double mutations can change transcriptional output,result,research,,,Double mutations can change transcriptional output
41035572_sec15,41035572,Cancer Biology & Oncology,Results > Functionally equivalent alterations do not co-exist in tumors,result,research,,,Functionally equivalent alterations do not co-exist in tumors
41035572_sec16,41035572,Cancer Biology & Oncology,Results > Cancer type-specific subnetworks,result,research,,,Cancer type-specific subnetworks
41035572_sec17,41035572,Cancer Biology & Oncology,Results > Double mutations are mostly present in primary tumors and some rare doubles are signature of metastatic tumors,result,research,,,Double mutations are mostly present in primary tumors and some rare doubles are signature of metastatic tumors
41035572_sec18,41035572,Cancer Biology & Oncology,Discussion,discussion,research,,,Discussion
39816803_sec0,39816803,Cancer Biology & Oncology,abstract,abstract,research,,,Abstract
39816803_sec2,39816803,Cancer Biology & Oncology,Results > Chemical Synthesis of HYL001,result,research,1898006802;399814757697;665231533342,,Chemical Synthesis of HYL001
39816803_sec3,39816803,Cancer Biology & Oncology,Results > Selectivity Profile of HYL001,result,research,625953531448,,Selectivity Profile of HYL001
39816803_sec4,39816803,Cancer Biology & Oncology,Results > In Vitro Enzymatic Activity,result,research,,tbl1;tbl2,In Vitro Enzymatic Activity
39816803_sec5,39816803,Cancer Biology & Oncology,Results > Pharmacological Characterization,result,research,,,Pharmacological Characterization
39816803_sec6,39816803,Cancer Biology & Oncology,Results > In Vitro Safety Pharmacology,result,research,,,In Vitro Safety Pharmacology
39816803_sec7,39816803,Cancer Biology & Oncology,Results > Mutagenic Potential,result,research,,,Mutagenic Potential
39816803_sec8,39816803,Cancer Biology & Oncology,Results > Preclinical Toxicity in Rodents,result,research,,,Preclinical Toxicity in Rodents
39816803_sec9,39816803,Cancer Biology & Oncology,Results > Preclinical Toxicity in Rodents > Toxicology in SD Rats,result,research,590051066665,,Toxicology in SD Rats
39816803_sec10,39816803,Cancer Biology & Oncology,Results > Preclinical Toxicity in Rodents > Toxicology in SD Rats > Bones,result,research,,,Bones
39816803_sec11,39816803,Cancer Biology & Oncology,Results > Preclinical Toxicity in Rodents > Toxicology in SD Rats > Heart,result,research,,,Heart
39816803_sec12,39816803,Cancer Biology & Oncology,Results > Preclinical Toxicity in Rodents > Toxicology in SD Rats > Gastrointestinal Tract,result,research,,,Gastrointestinal Tract
39816803_sec13,39816803,Cancer Biology & Oncology,Results > Preclinical Toxicity in Rodents > Toxicology in Balb/C Mice,result,research,643603038325,,Toxicology in Balb/C Mice
39816803_sec14,39816803,Cancer Biology & Oncology,Results > Preclinical Toxicity in Rodents > Toxicology in Balb/C Mice > Bones,result,research,,,Bones
39816803_sec15,39816803,Cancer Biology & Oncology,Results > Preclinical Toxicity in Rodents > Toxicology in Balb/C Mice > Heart,result,research,,,Heart
39816803_sec16,39816803,Cancer Biology & Oncology,Results > Preclinical Toxicity in Rodents > Toxicology in Balb/C Mice > Gastrointestinal Tract,result,research,,,Gastrointestinal Tract
39816803_sec17,39816803,Cancer Biology & Oncology,"Results > In Vivo HYL001 Efficacy as Immunotherapy against
CRC Metastases",result,research,417980074053;445312729435,,In Vivo HYL001 Efficacy as Immunotherapy against CRC Metastases
39816803_sec18,39816803,Cancer Biology & Oncology,Discussion and Conclusions,discussion,research,,,Discussion and Conclusions
39816803_sec20,39816803,Cancer Biology & Oncology,Experimental Section > Synthesis of Compounds,method,research,,,Synthesis of Compounds
39816803_sec21,39816803,Cancer Biology & Oncology,"Experimental Section > Synthesis of Compounds > 2-(6-Methoxyquinolin-4-yl)-1-(6-methylpyridin-2-yl)ethan-1-one
( 4a )",method,research,,,2-(6-Methoxyquinolin-4-yl)-1-(6-methylpyridin-2-yl)ethan-1-one(4a)
39816803_sec22,39816803,Cancer Biology & Oncology,"Experimental Section > Synthesis of Compounds > 2-(6-Bromoquinolin-4-yl)-1-(6-methylpyridin-2-yl)ethan-1-one
( 4b )",method,research,,,2-(6-Bromoquinolin-4-yl)-1-(6-methylpyridin-2-yl)ethan-1-one(4b)
39816803_sec23,39816803,Cancer Biology & Oncology,"Experimental Section > Synthesis of Compounds > 6-Methoxy-4-(2-(6-methylpyridin-2-yl)-5,6-dihydro-4 H -pyrrolo[1,2- b ]pyrazol-3-yl) Quinoline ( 5a )",method,research,,,"6-Methoxy-4-(2-(6-methylpyridin-2-yl)-5,6-dihydro-4 H -pyrrolo[1,2- b ]pyrazol-3-yl)Quinoline(5a)"
39816803_sec24,39816803,Cancer Biology & Oncology,"Experimental Section > Synthesis of Compounds > 6-Bromo-4-(2-(6-methylpyridin-2-yl)-5,6-dihydro-4 H -pyrrolo[1,2- b ]pyrazol-3-yl) Quinoline ( 5b )",method,research,,,"6-Bromo-4-(2-(6-methylpyridin-2-yl)-5,6-dihydro-4 H -pyrrolo[1,2- b ]pyrazol-3-yl)Quinoline(5b)"
39816803_sec25,39816803,Cancer Biology & Oncology,"Experimental Section > Synthesis of Compounds > 4-(2-(6-Methylpyridin-2-yl)-5,6-dihydro-4 H -pyrrolo[1,2- b ]pyrazol-3-yl)quinolin-6-ol (HYL001)",method,research,,,"4-(2-(6-Methylpyridin-2-yl)-5,6-dihydro-4 H -pyrrolo[1,2- b ]pyrazol-3-yl)quinolin-6-ol(HYL001)"
39816803_sec26,39816803,Cancer Biology & Oncology,"Experimental Section > In Vitro Cellular TGFβ Reporter Activity
Assays",method,research,,,In Vitro Cellular TGFβ Reporter Activity Assays
39816803_sec27,39816803,Cancer Biology & Oncology,Experimental Section > Animal Experiments,method,research,,,Animal Experiments
39816803_sec28,39816803,Cancer Biology & Oncology,Experimental Section > Mouse Injections,method,research,,,Mouse Injections
39816803_sec29,39816803,Cancer Biology & Oncology,Experimental Section > Mouse Treatment,method,research,,,Mouse Treatment
41000584_sec0,41000584,Cancer Biology & Oncology,abstract,abstract,research,,,Abstract
41000584_sec1,41000584,Cancer Biology & Oncology,METHODS,method,research,,,METHODS
41000584_sec2,41000584,Cancer Biology & Oncology,RESULTS,result,research,,T1,RESULTS
41000584_sec3,41000584,Cancer Biology & Oncology,DISCUSSION,discussion,research,908813243652,,DISCUSSION
41001603_sec0,41001603,Cancer Biology & Oncology,abstract,abstract,research,,,Abstract
41001603_sec1,41001603,Cancer Biology & Oncology,METHODS,method,research,,,METHODS
41001603_sec2,41001603,Cancer Biology & Oncology,RESULTS,result,research,,T1;T2;T3;T4,RESULTS
41001603_sec3,41001603,Cancer Biology & Oncology,DISCUSSION,discussion,research,,,DISCUSSION
39602041_sec0,39602041,Cancer Biology & Oncology,abstract,abstract,research,,,Abstract
39602041_sec1,39602041,Cancer Biology & Oncology,Introduction,introduction,research,,,Introduction
39602041_sec3,39602041,Cancer Biology & Oncology,Methods > Datasets and tools,method,research,,,Datasets and tools
39602041_sec4,39602041,Cancer Biology & Oncology,Methods > Library preparation,method,research,,,Library preparation
39602041_sec5,39602041,Cancer Biology & Oncology,Methods > Virtual screening,method,research,,,Virtual screening
39602041_sec6,39602041,Cancer Biology & Oncology,Methods > Molecular dynamics simulations,method,research,,,Molecular dynamics simulations
39602041_sec7,39602041,Cancer Biology & Oncology,Methods > Analysis of the trajectories,method,research,,,Analysis of the trajectories
39602041_sec9,39602041,Cancer Biology & Oncology,Results > Virtual screening of library compounds to identify top-scoring compounds,result,research,10688998333;172165092997;258338812301,,Virtual screening of library compounds to identify top-scoring compounds
39602041_sec10,39602041,Cancer Biology & Oncology,Results > Molecular dynamics simulation and free energy estimation of docked complexes,result,research,301103959871;821668584018,,Molecular dynamics simulation and free energy estimation of docked complexes
39602041_sec11,39602041,Cancer Biology & Oncology,Results > The mechanistic insights of the interaction of SETD7 residues with the inhibitors,result,research,958135949583,,The mechanistic insights of the interaction of SETD7 residues with the inhibitors
39602041_sec12,39602041,Cancer Biology & Oncology,Results > Comparison of pharmacokinetic properties of IMPHY002979 with known inhibitors,result,research,,Tab1,Comparison of pharmacokinetic properties of IMPHY002979 with known inhibitors
39602041_sec13,39602041,Cancer Biology & Oncology,Discussion,discussion,research,,,Discussion
39602041_sec14,39602041,Cancer Biology & Oncology,Supplementary Information,other,research,,,Supplementary Information
37338497_sec0,37338497,Cancer Biology & Oncology,abstract,abstract,review,,,Abstract
37338497_sec1,37338497,Cancer Biology & Oncology,INTRODUCTION,introduction,review,,,INTRODUCTION
37338497_sec2,37338497,Cancer Biology & Oncology,"DIET, LIFESTYLE AND ENVIRONMENT",main,review,,,"DIET, LIFESTYLE AND ENVIRONMENT"
37338497_sec3,37338497,Cancer Biology & Oncology,ROLE OF MICROBIOME IN ONCOLOGY,main,review,,,ROLE OF MICROBIOME IN ONCOLOGY
37338497_sec4,37338497,Cancer Biology & Oncology,ROLE OF MICROBIOME IN ONCOLOGY > Gut microbiota and immunotherapy,main,review,,,Gut microbiota and immunotherapy
37338497_sec5,37338497,Cancer Biology & Oncology,"ROLE OF MICROBIOME IN ONCOLOGY > Microbiome modification through prebiotics, probiotics and postbiotics",main,review,,,"Microbiome modification through prebiotics, probiotics and postbiotics"
37338497_sec6,37338497,Cancer Biology & Oncology,ROLE OF MICROBIOME IN ONCOLOGY > Microbiome modification through antibiotics,main,review,,,Microbiome modification through antibiotics
37338497_sec7,37338497,Cancer Biology & Oncology,THE ASIAN MICROBIOME,main,review,,,THE ASIAN MICROBIOME
37338497_sec8,37338497,Cancer Biology & Oncology,CONCLUSION,discussion,review,,,CONCLUSION
39602893_sec0,39602893,Cancer Biology & Oncology,abstract,abstract,review,,,Abstract
39602893_sec1,39602893,Cancer Biology & Oncology,Introduction,introduction,review,646404608625;850296772591,,Introduction
39602893_sec2,39602893,Cancer Biology & Oncology,Onkopti ® – The Database of Digitized Therapy Protocols,main,review,,,Onkopti ® – The Database of Digitized Therapy Protocols
39602893_sec3,39602893,Cancer Biology & Oncology,The Relational Database,main,review,,,The Relational Database
39602893_sec4,39602893,Cancer Biology & Oncology,The Relational Database > Relational SQL Database,main,review,,,Relational SQL Database
39602893_sec5,39602893,Cancer Biology & Oncology,Author Portal,main,review,,,Author Portal
39602893_sec6,39602893,Cancer Biology & Oncology,"Online Publication, Download, Import into Software for Use in German and English",main,review,29822678858,T1,"Online Publication, Download, Import into Software for Use in German and English"
39602893_sec7,39602893,Cancer Biology & Oncology,"Online Publication, Download, Import into Software for Use in German and English > Online and PDF Format",main,review,,,Online and PDF Format
39602893_sec8,39602893,Cancer Biology & Oncology,"Online Publication, Download, Import into Software for Use in German and English > Import into Application Software",main,review,,,Import into Application Software
39602893_sec9,39602893,Cancer Biology & Oncology,"Online Publication, Download, Import into Software for Use in German and English > Import into Application Software > BD Cato™",main,review,,,BD Cato™
39602893_sec10,39602893,Cancer Biology & Oncology,"Online Publication, Download, Import into Software for Use in German and English > Import into Application Software > OptiTemplate",main,review,,,OptiTemplate
39602893_sec11,39602893,Cancer Biology & Oncology,"Online Publication, Download, Import into Software for Use in German and English > Import into Application Software > Import into Other Software Applications",main,review,,,Import into Other Software Applications
39602893_sec12,39602893,Cancer Biology & Oncology,Discussion,discussion,review,,T2;T3,Discussion
39602893_sec13,39602893,Cancer Biology & Oncology,Conclusion,discussion,review,,,Conclusion
39602893_sec14,39602893,Cancer Biology & Oncology,Conflict of Interest Statement,main,review,,,Conflict of Interest Statement
39602893_sec15,39602893,Cancer Biology & Oncology,Funding Sources,main,review,,,Funding Sources
39602893_sec16,39602893,Cancer Biology & Oncology,Author Contributions,main,review,,,Author Contributions
39602041_sec0,39602041,AI-based Modeling & Design,abstract,abstract,research,,,Abstract
39602041_sec1,39602041,AI-based Modeling & Design,Introduction,introduction,research,,,Introduction
39602041_sec3,39602041,AI-based Modeling & Design,Methods > Datasets and tools,method,research,,,Datasets and tools
39602041_sec4,39602041,AI-based Modeling & Design,Methods > Library preparation,method,research,,,Library preparation
39602041_sec5,39602041,AI-based Modeling & Design,Methods > Virtual screening,method,research,,,Virtual screening
39602041_sec6,39602041,AI-based Modeling & Design,Methods > Molecular dynamics simulations,method,research,,,Molecular dynamics simulations
39602041_sec7,39602041,AI-based Modeling & Design,Methods > Analysis of the trajectories,method,research,,,Analysis of the trajectories
39602041_sec9,39602041,AI-based Modeling & Design,Results > Virtual screening of library compounds to identify top-scoring compounds,result,research,132608272780;200803726338;204686292925,,Virtual screening of library compounds to identify top-scoring compounds
39602041_sec10,39602041,AI-based Modeling & Design,Results > Molecular dynamics simulation and free energy estimation of docked complexes,result,research,320259863148;711589556262,,Molecular dynamics simulation and free energy estimation of docked complexes
39602041_sec11,39602041,AI-based Modeling & Design,Results > The mechanistic insights of the interaction of SETD7 residues with the inhibitors,result,research,33983660005,,The mechanistic insights of the interaction of SETD7 residues with the inhibitors
39602041_sec12,39602041,AI-based Modeling & Design,Results > Comparison of pharmacokinetic properties of IMPHY002979 with known inhibitors,result,research,,Tab1,Comparison of pharmacokinetic properties of IMPHY002979 with known inhibitors
39602041_sec13,39602041,AI-based Modeling & Design,Discussion,discussion,research,,,Discussion
39602041_sec14,39602041,AI-based Modeling & Design,Supplementary Information,other,research,,,Supplementary Information
40662150_sec0,40662150,AI-based Modeling & Design,abstract,abstract,research,,,Abstract
40662150_sec1,40662150,AI-based Modeling & Design,Introduction,introduction,research,,,Introduction
40662150_sec3,40662150,AI-based Modeling & Design,"Materials and methods > RNA-sequencing data retrieval, read quantification, and differential gene expression analysis",method,research,,,"RNA-sequencing data retrieval, read quantification, and differential gene expression analysis"
40662150_sec4,40662150,AI-based Modeling & Design,"Materials and methods > Protein-protein interaction, hub genes identification, and functional enrichment analysis",method,research,,,"Protein-protein interaction, hub genes identification, and functional enrichment analysis"
40662150_sec5,40662150,AI-based Modeling & Design,Materials and methods > Structure retrieval of selected target proteins and domain analysis,method,research,,,Structure retrieval of selected target proteins and domain analysis
40662150_sec6,40662150,AI-based Modeling & Design,Materials and methods > Natural compounds retrieval,method,research,,,Natural compounds retrieval
40662150_sec7,40662150,AI-based Modeling & Design,Materials and methods > Selected protein targets virtual screening against natural compounds,method,research,,,Selected protein targets virtual screening against natural compounds
40662150_sec9,40662150,AI-based Modeling & Design,Results > Identification of differentially expressed genes,result,research,,,Identification of differentially expressed genes
40662150_sec10,40662150,AI-based Modeling & Design,Results > GO terms for dysregulated genes,result,research,,,GO terms for dysregulated genes
40662150_sec11,40662150,AI-based Modeling & Design,Results > Pathways enrichment analysis,result,research,,,Pathways enrichment analysis
40662150_sec12,40662150,AI-based Modeling & Design,Results > PPI analysis and hub genes identification,result,research,,,PPI analysis and hub genes identification
40662150_sec13,40662150,AI-based Modeling & Design,Results > Structural retrieval and virtual screening against natural compounds,result,research,660038935283;769901339123,,Structural retrieval and virtual screening against natural compounds
40662150_sec14,40662150,AI-based Modeling & Design,Results > Protein-ligand interaction analysis,result,research,,,Protein-ligand interaction analysis
40662150_sec15,40662150,AI-based Modeling & Design,Discussion,discussion,research,,,Discussion
40662150_sec16,40662150,AI-based Modeling & Design,Conclusion,discussion,research,,,Conclusion
40420790_sec0,40420790,AI-based Modeling & Design,abstract,abstract,research,,,Abstract
40420790_sec1,40420790,AI-based Modeling & Design,INTRODUCTION,introduction,research,,,INTRODUCTION
40420790_sec3,40420790,AI-based Modeling & Design,MATERIALS AND METHODS > Materials,method,research,,,Materials
40420790_sec4,40420790,AI-based Modeling & Design,MATERIALS AND METHODS > Molecular Docking Setup,method,research,,,Molecular Docking Setup
40420790_sec6,40420790,AI-based Modeling & Design,EXPERIMENTAL > Synthesis of tert-butyl (2-(4-oxo-6-methyl-pyrimidin-2-yl)propan-2-yl)carbamate (3),method,research,,,Synthesis of tert-butyl(2-(4-oxo-6-methyl-pyrimidin-2-yl)propan-2-yl)carbamate(3)
40420790_sec7,40420790,AI-based Modeling & Design,"EXPERIMENTAL > Synthesis of N-(2-(4,6-diphenylpyrimidin-2-yl)propan-2-yl)methanesulfonamide (10a)",method,research,,,"Synthesis of N-(2-(4,6-diphenylpyrimidin-2-yl)propan-2-yl)methanesulfonamide(10a)"
40420790_sec8,40420790,AI-based Modeling & Design,"EXPERIMENTAL > Synthesis of 2-(4,6-diphenylpyrimidin-2-yl)butan-2-amine hydrochloride (10k)",method,research,,,"Synthesis of 2-(4,6-diphenylpyrimidin-2-yl)butan-2-amine hydrochloride(10k)"
40420790_sec9,40420790,AI-based Modeling & Design,RESULTS AND DISCUSSION,result,research,,,RESULTS AND DISCUSSION
40420790_sec10,40420790,AI-based Modeling & Design,CONCLUSION,discussion,research,,,CONCLUSION
39715975_sec0,39715975,AI-based Modeling & Design,abstract,abstract,research,,,Abstract
39715975_sec1,39715975,AI-based Modeling & Design,Introduction,introduction,research,354055055480;865540485923,,Introduction
39715975_sec3,39715975,AI-based Modeling & Design,Materials and methods > Cell lines and cell culture,method,research,,,Cell lines and cell culture
39715975_sec4,39715975,AI-based Modeling & Design,Materials and methods > Generative deep learning to generate virtual molecular library,method,research,,,Generative deep learning to generate virtual molecular library
39715975_sec5,39715975,AI-based Modeling & Design,Materials and methods > Molecular docking,method,research,,,Molecular docking
39715975_sec6,39715975,AI-based Modeling & Design,Materials and methods > Molecular docking > Ligand preparation,method,research,,,Ligand preparation
39715975_sec7,39715975,AI-based Modeling & Design,Materials and methods > Molecular docking > Grid preparation,method,research,,,Grid preparation
39715975_sec8,39715975,AI-based Modeling & Design,Materials and methods > Molecular dynamics simulation,method,research,,,Molecular dynamics simulation
39715975_sec9,39715975,AI-based Modeling & Design,Materials and methods > Molecular dynamics simulation > Protein preparation,method,research,,,Protein preparation
39715975_sec10,39715975,AI-based Modeling & Design,Materials and methods > Molecular dynamics simulation > Ligand preparation,method,research,,,Ligand preparation
39715975_sec11,39715975,AI-based Modeling & Design,Materials and methods > Molecular dynamics simulation > System assembly,method,research,,,System assembly
39715975_sec12,39715975,AI-based Modeling & Design,Materials and methods > Molecular dynamics simulation > Force field parameters,method,research,,,Force field parameters
39715975_sec13,39715975,AI-based Modeling & Design,Materials and methods > Molecular dynamics simulation > Energy minimization,method,research,,,Energy minimization
39715975_sec14,39715975,AI-based Modeling & Design,Materials and methods > Molecular dynamics simulation > Production MD simulation,method,research,,,Production MD simulation
39715975_sec15,39715975,AI-based Modeling & Design,Materials and methods > Molecular dynamics simulation > Data collection,method,research,,,Data collection
39715975_sec16,39715975,AI-based Modeling & Design,Materials and methods > Molecular dynamics simulation > Software and hardware,method,research,,,Software and hardware
39715975_sec17,39715975,AI-based Modeling & Design,Materials and methods > Calculations of molecular properties,method,research,,,Calculations of molecular properties
39715975_sec18,39715975,AI-based Modeling & Design,Materials and methods > Calculations of molecular properties > Molecular weight (MW),method,research,,,Molecular weight(MW)
39715975_sec19,39715975,AI-based Modeling & Design,Materials and methods > Calculations of molecular properties > Water–octanol partition coefficient (LogP),method,research,,,Water–octanol partition coefficient(LogP)
39715975_sec20,39715975,AI-based Modeling & Design,Materials and methods > Calculations of molecular properties > Qualitative estimate of drug-likeness (QED),method,research,,,Qualitative estimate of drug-likeness(QED)
39715975_sec21,39715975,AI-based Modeling & Design,Materials and methods > Calculations of molecular properties > Topological polar surface area (TPSA),method,research,,,Topological polar surface area(TPSA)
39715975_sec22,39715975,AI-based Modeling & Design,Materials and methods > Calculations of molecular properties > Water solubility (LogS),method,research,,,Water solubility(LogS)
39715975_sec23,39715975,AI-based Modeling & Design,Materials and methods > Calculations of molecular properties > Hydrogen bond donors (HBD),method,research,,,Hydrogen bond donors(HBD)
39715975_sec24,39715975,AI-based Modeling & Design,Materials and methods > Calculations of molecular properties > Hydrogen bond acceptors (HBA),method,research,,,Hydrogen bond acceptors(HBA)
39715975_sec25,39715975,AI-based Modeling & Design,Materials and methods > Uniform manifold approximation and projection (UMAP),method,research,,,Uniform manifold approximation and projection(UMAP)
39715975_sec26,39715975,AI-based Modeling & Design,Materials and methods > Tree maps (TMAPs),method,research,,,Tree maps(TMAPs)
39715975_sec27,39715975,AI-based Modeling & Design,Materials and methods > Cell viability assay,method,research,,,Cell viability assay
39715975_sec28,39715975,AI-based Modeling & Design,Materials and methods > Colony-forming assay,method,research,,,Colony-forming assay
39715975_sec29,39715975,AI-based Modeling & Design,Materials and methods > Soft-agar colony formation assay,method,research,,,Soft-agar colony formation assay
39715975_sec30,39715975,AI-based Modeling & Design,Materials and methods > Western blotting analysis,method,research,,,Western blotting analysis
39715975_sec31,39715975,AI-based Modeling & Design,Materials and methods > Apoptotic assay,method,research,,,Apoptotic assay
39715975_sec32,39715975,AI-based Modeling & Design,Materials and methods > Immunofluorescence,method,research,,,Immunofluorescence
39715975_sec33,39715975,AI-based Modeling & Design,Materials and methods > DFT calculation,method,research,,,DFT calculation
39715975_sec34,39715975,AI-based Modeling & Design,Materials and methods > Virtual screening strategies,method,research,,,Virtual screening strategies
39715975_sec35,39715975,AI-based Modeling & Design,Materials and methods > Statistical analysis,method,research,,,Statistical analysis
39715975_sec37,39715975,AI-based Modeling & Design,Results > Generation of molecular libraries using generative deep learning,result,research,985373373260,,Generation of molecular libraries using generative deep learning
39715975_sec38,39715975,AI-based Modeling & Design,Results > Virtual screening and molecular docking,result,research,,,Virtual screening and molecular docking
39715975_sec39,39715975,AI-based Modeling & Design,Results > HG106 and HG110 inhibits the viability of NSCLC cells,result,research,,,HG106 and HG110 inhibits the viability of NSCLC cells
39715975_sec40,39715975,AI-based Modeling & Design,Results > HG106 and HG110 inhibits the proliferation of NSCLC cells,result,research,446204096525,,HG106 and HG110 inhibits the proliferation of NSCLC cells
39715975_sec41,39715975,AI-based Modeling & Design,Results > HG106 and HG110 promotes apoptosis in NSCLC cells,result,research,410545818823,,HG106 and HG110 promotes apoptosis in NSCLC cells
39715975_sec42,39715975,AI-based Modeling & Design,Results > HG106 and HG110 exert anti-tumor activity by suppressing the activation of STAT3,result,research,,,HG106 and HG110 exert anti-tumor activity by suppressing the activation of STAT3
39715975_sec43,39715975,AI-based Modeling & Design,Results > Binding model analysis and molecular dynamics simulations,result,research,40693248828,,Binding model analysis and molecular dynamics simulations
39715975_sec44,39715975,AI-based Modeling & Design,Discussion,discussion,research,,,Discussion
39715975_sec45,39715975,AI-based Modeling & Design,Conclusion,discussion,research,,,Conclusion
39715975_sec46,39715975,AI-based Modeling & Design,Supplementary Information,other,research,,,Supplementary Information
38437501_sec0,38437501,AI-based Modeling & Design,abstract,abstract,research,,,Abstract
38437501_sec1,38437501,AI-based Modeling & Design,Introduction,introduction,research,,,Introduction
38437501_sec3,38437501,AI-based Modeling & Design,Methods > Data Curation,method,research,,,Data Curation
38437501_sec4,38437501,AI-based Modeling & Design,Methods > Data Set Preparation,method,research,,,Data Set Preparation
38437501_sec5,38437501,AI-based Modeling & Design,Methods > Training and Test Split,method,research,,,Training and Test Split
38437501_sec6,38437501,AI-based Modeling & Design,Methods > Feature Selection,method,research,,,Feature Selection
38437501_sec7,38437501,AI-based Modeling & Design,Methods > Feature Selection > Fisher Weight (FW),method,research,,,Fisher Weight(FW)
38437501_sec8,38437501,AI-based Modeling & Design,Methods > Feature Selection > Random Forest (RF),method,research,,,Random Forest(RF)
38437501_sec9,38437501,AI-based Modeling & Design,Methods > Feature Selection > Principal Component Analysis (PCA),method,research,,,Principal Component Analysis(PCA)
38437501_sec10,38437501,AI-based Modeling & Design,Methods > Machine Learning (ML) Model Selection and Generation,method,research,,tbl1,Machine Learning(ML)Model Selection and Generation
38437501_sec11,38437501,AI-based Modeling & Design,Methods > Virtual Screening,method,research,,,Virtual Screening
38437501_sec12,38437501,AI-based Modeling & Design,Methods > In Vitro Assays,method,research,652307470788,,In Vitro Assays
38437501_sec14,38437501,AI-based Modeling & Design,Results and Discussion > Data Curation,result,research,,,Data Curation
38437501_sec15,38437501,AI-based Modeling & Design,Results and Discussion > Machine Learning Models,result,research,74564501690;661089129484;897014330639,tbl2,Machine Learning Models
38437501_sec16,38437501,AI-based Modeling & Design,Results and Discussion > Virtual Screening,result,research,,tbl3,Virtual Screening
38437501_sec17,38437501,AI-based Modeling & Design,Results and Discussion > Identified Hit Compounds Inhibit MRSA and MSSA Growth In Vitro,result,research,,tbl4,Identified Hit Compounds Inhibit MRSA and MSSA Growth In Vitro
38437501_sec18,38437501,AI-based Modeling & Design,Conclusions,discussion,research,,,Conclusions
39740163_sec0,39740163,AI-based Modeling & Design,abstract,abstract,research,,,Abstract
39740163_sec1,39740163,AI-based Modeling & Design,Introduction,introduction,research,484702142111,,Introduction
39740163_sec3,39740163,AI-based Modeling & Design,Method > Molecular Docking,method,research,,,Molecular Docking
39740163_sec4,39740163,AI-based Modeling & Design,Method > Structure-Based Virtual Screening,method,research,,,Structure-Based Virtual Screening
39740163_sec5,39740163,AI-based Modeling & Design,"Method > Interaction
Analysis",method,research,,,Interaction Analysis
39740163_sec6,39740163,AI-based Modeling & Design,Method > Kinase Assay,method,research,,,Kinase Assay
39740163_sec7,39740163,AI-based Modeling & Design,Method > Chemical Space Analysis,method,research,,,Chemical Space Analysis
39740163_sec8,39740163,AI-based Modeling & Design,Method > Cell Culture,method,research,,,Cell Culture
39740163_sec9,39740163,AI-based Modeling & Design,"Method > Cell Cytotoxicity
Assay",method,research,,,Cell Cytotoxicity Assay
39740163_sec10,39740163,AI-based Modeling & Design,Method > Immunoblot Analyses,method,research,,,Immunoblot Analyses
39740163_sec11,39740163,AI-based Modeling & Design,Method > Wound Healing Assay,method,research,,,Wound Healing Assay
39740163_sec12,39740163,AI-based Modeling & Design,"Method > Cellular Fractionation
Procedure",method,research,,,Cellular Fractionation Procedure
39740163_sec13,39740163,AI-based Modeling & Design,Method > Statistical Analysis,method,research,,,Statistical Analysis
39740163_sec15,39740163,AI-based Modeling & Design,"Results > Structure-Based
Virtual Screening Campaign",result,research,,tbl1,Structure-Based Virtual Screening Campaign
39740163_sec16,39740163,AI-based Modeling & Design,"Results > Validation of Selected
Molecules",result,research,783610860765,,Validation of Selected Molecules
39740163_sec17,39740163,AI-based Modeling & Design,Results > Interaction Analysis and Structural Characteristics of P162-0948,result,research,369046750797,,Interaction Analysis and Structural Characteristics of P162-0948
39740163_sec18,39740163,AI-based Modeling & Design,Results > Selectivity of P162-0948,result,research,309348763205,,Selectivity of P162-0948
39740163_sec19,39740163,AI-based Modeling & Design,Results > P162-0948 Is a Structurally Novel CDK8 Inhibitor,result,research,994184750371,,P162-0948 Is a Structurally Novel CDK8 Inhibitor
39740163_sec20,39740163,AI-based Modeling & Design,"Results > P162-0948 Modulates TGF-β1
Signaling through CDK8 Inhibition",result,research,307467631825,,P162-0948 Modulates TGF-β1 Signaling through CDK8 Inhibition
39740163_sec21,39740163,AI-based Modeling & Design,"Results > P162-0948 Reduces TGF-β1-Mediated
EMT Protein Expression",result,research,770423609079,,P162-0948 Reduces TGF-β1-Mediated EMT Protein Expression
39740163_sec22,39740163,AI-based Modeling & Design,"Results > P162-0948 Disrupts the TGF-β1/Smad3
Signaling Pathway",result,research,223925058823,,P162-0948 Disrupts the TGF-β1/Smad3 Signaling Pathway
39740163_sec23,39740163,AI-based Modeling & Design,Discussion,discussion,research,,,Discussion
39850657_sec0,39850657,AI-based Modeling & Design,abstract,abstract,research,,,Abstract
39850657_sec1,39850657,AI-based Modeling & Design,Introduction,introduction,research,,,Introduction
39850657_sec3,39850657,AI-based Modeling & Design,Material and methods > Features generation,method,research,961684129715,,Features generation
39850657_sec4,39850657,AI-based Modeling & Design,Material and methods > Features generation > Node feature:,method,research,,,Node feature:
39850657_sec5,39850657,AI-based Modeling & Design,Material and methods > Features generation > Edge features:,method,research,,,Edge features:
39850657_sec6,39850657,AI-based Modeling & Design,Material and methods > Dataset,method,research,,tbl0010;tbl0020,Dataset
39850657_sec7,39850657,AI-based Modeling & Design,Material and methods > Evaluation metrics and competing methods,method,research,,,Evaluation metrics and competing methods
39850657_sec8,39850657,AI-based Modeling & Design,Material and methods > Network architecture,method,research,,,Network architecture
39850657_sec9,39850657,AI-based Modeling & Design,Material and methods > Model training,method,research,,,Model training
39850657_sec10,39850657,AI-based Modeling & Design,Material and methods > Estimation of protein-protein interface quality:,method,research,,,Estimation of protein-protein interface quality:
39850657_sec12,39850657,AI-based Modeling & Design,Results and discussion > Ability to rank predicted models,result,research,663790657699;820742072388,,Ability to rank predicted models
39850657_sec13,39850657,AI-based Modeling & Design,Results and discussion > Ability to distinguish high-quality models,result,research,161963395131;694422590177,,Ability to distinguish high-quality models
39850657_sec14,39850657,AI-based Modeling & Design,Results and discussion > Ablation study,result,research,114644246021,,Ablation study
39850657_sec15,39850657,AI-based Modeling & Design,Conclusions,discussion,research,,,Conclusions
39850657_sec16,39850657,AI-based Modeling & Design,CRediT authorship contribution statement,other,research,,,CRediT authorship contribution statement
39850657_sec17,39850657,AI-based Modeling & Design,Declaration of Competing Interest,other,research,,,Declaration of Competing Interest
39811675_sec0,39811675,AI-based Modeling & Design,abstract,abstract,research,,,Abstract
39811675_sec1,39811675,AI-based Modeling & Design,Introduction,introduction,research,,,Introduction
39811675_sec3,39811675,AI-based Modeling & Design,Materials and methods > Chemicals and reagents,method,research,,,Chemicals and reagents
39811675_sec4,39811675,AI-based Modeling & Design,Materials and methods > Enzymatic digestion,method,research,,,Enzymatic digestion
39811675_sec5,39811675,AI-based Modeling & Design,Materials and methods > Sequence identification,method,research,,,Sequence identification
39811675_sec6,39811675,AI-based Modeling & Design,Materials and methods > Determining the inhibitory effect of peptides on the micelle solubility of cholesterol,method,research,,,Determining the inhibitory effect of peptides on the micelle solubility of cholesterol
39811675_sec7,39811675,AI-based Modeling & Design,Materials and methods > Determination of HMGCR activity,method,research,,,Determination of HMGCR activity
39811675_sec8,39811675,AI-based Modeling & Design,Materials and methods > Virtual screening,method,research,,,Virtual screening
39811675_sec9,39811675,AI-based Modeling & Design,Materials and methods > Cell culture,method,research,,,Cell culture
39811675_sec10,39811675,AI-based Modeling & Design,Materials and methods > Determination of blood lipid levels,method,research,,,Determination of blood lipid levels
39811675_sec11,39811675,AI-based Modeling & Design,Materials and methods > Molecular docking simulations,method,research,,,Molecular docking simulations
39811675_sec12,39811675,AI-based Modeling & Design,Materials and methods > Molecular dynamics simulations,method,research,,,Molecular dynamics simulations
39811675_sec13,39811675,AI-based Modeling & Design,Materials and methods > Statistical analysis,method,research,,,Statistical analysis
39811675_sec15,39811675,AI-based Modeling & Design,Results > Peptide yield and HMGCR inhibition rate of enzymatic hydrolysates,result,research,181130259140,,Peptide yield and HMGCR inhibition rate of enzymatic hydrolysates
39811675_sec16,39811675,AI-based Modeling & Design,Results > Virtual screening of small molecule active peptides targeting HMGR inhibition,result,research,790377889154,tab1;tab2,Virtual screening of small molecule active peptides targeting HMGR inhibition
39811675_sec17,39811675,AI-based Modeling & Design,Results > Effects of peptide fractions on TC content in high-fat Hep-G2 cells,result,research,920896643433,,Effects of peptide fractions on TC content in high-fat Hep-G2 cells
39811675_sec18,39811675,AI-based Modeling & Design,Results > Inhibition rate of HMGCR by peptide fractions in vitro,result,research,,,Inhibition rate of HMGCR by peptide fractions in vitro
39811675_sec19,39811675,AI-based Modeling & Design,Results > Inhibition of cholesterol micelle solubility of peptide fractions in vitro,result,research,,,Inhibition of cholesterol micelle solubility of peptide fractions in vitro
39811675_sec20,39811675,AI-based Modeling & Design,Results > Effect of abalone active peptides on TC and TG of Hep-G2 cells,result,research,504390980587,,Effect of abalone active peptides on TC and TG of Hep-G2 cells
39811675_sec21,39811675,AI-based Modeling & Design,Results > Effects of abalone active peptides on in vitro cholesterol micellar solubility inhibition rate,result,research,,,Effects of abalone active peptides on in vitro cholesterol micellar solubility inhibition rate
39811675_sec22,39811675,AI-based Modeling & Design,Results > HMGCR enzyme inhibition rate of abalone active peptides,result,research,303166086423,,HMGCR enzyme inhibition rate of abalone active peptides
39811675_sec23,39811675,AI-based Modeling & Design,Results > Molecular docking force between abalone active peptides and HMGCR,result,research,49423917233,tab3,Molecular docking force between abalone active peptides and HMGCR
39811675_sec24,39811675,AI-based Modeling & Design,Results > Stability analysis of abalone active peptide pair binding to HMGCR,result,research,490088289763,,Stability analysis of abalone active peptide pair binding to HMGCR
39811675_sec25,39811675,AI-based Modeling & Design,Discussion,discussion,research,,,Discussion
39811675_sec26,39811675,AI-based Modeling & Design,Conclusion,discussion,research,,,Conclusion
39795157_sec0,39795157,AI-based Modeling & Design,abstract,abstract,research,,,Abstract
39795157_sec1,39795157,AI-based Modeling & Design,1. Introduction,introduction,research,157023493137,,Introduction
39795157_sec3,39795157,AI-based Modeling & Design,2. Results and Discussion > 2.1. Comparative Modeling of hTRPV4 and Binding Site Prediction,result,research,,,Comparative Modeling of hTRPV4 and Binding Site Prediction
39795157_sec5,39795157,AI-based Modeling & Design,2. Results and Discussion > 2.2. Virtual Screening for the Discovery of Novel hTRPV4 Antagonists > 2.2.1. Structure-Based Virtual Screening,result,research,,,Structure-Based Virtual Screening
39795157_sec6,39795157,AI-based Modeling & Design,2. Results and Discussion > 2.2. Virtual Screening for the Discovery of Novel hTRPV4 Antagonists > 2.2.2. Ligand-Based Virtual Screening,result,research,,,Ligand-Based Virtual Screening
39795157_sec7,39795157,AI-based Modeling & Design,2. Results and Discussion > 2.2. Virtual Screening for the Discovery of Novel hTRPV4 Antagonists > 2.2.3. Prediction of ADMET Properties,result,research,,,Prediction of ADMET Properties
39795157_sec8,39795157,AI-based Modeling & Design,2. Results and Discussion > 2.3. Biological Activity of the Virtual Screening Hits,result,research,,,Biological Activity of the Virtual Screening Hits
39795157_sec9,39795157,AI-based Modeling & Design,2. Results and Discussion > 2.4. Assessing the Putative Binding Site and Biological Activity of the Natural Stilbenoids,result,research,,,Assessing the Putative Binding Site and Biological Activity of the Natural Stilbenoids
39795157_sec10,39795157,AI-based Modeling & Design,2. Results and Discussion > 2.5. Molecular Docking of the Hit Compounds to the 4α-PDD Binding Site at the VSLD,result,research,,,Molecular Docking of the Hit Compounds to the 4α-PDD Binding Site at the VSLD
39795157_sec11,39795157,AI-based Modeling & Design,2. Results and Discussion > 2.6. Post-Study Analysis in Light of More Recent Structural Data,result,research,,,Post-Study Analysis in Light of More Recent Structural Data
39795157_sec13,39795157,AI-based Modeling & Design,3. Materials and Methods > 3.1. Comparative Modeling of hTRPV4,method,research,,,Comparative Modeling of hTRPV4
39795157_sec14,39795157,AI-based Modeling & Design,3. Materials and Methods > 3.2. Active Site Prediction,method,research,,,Active Site Prediction
39795157_sec15,39795157,AI-based Modeling & Design,3. Materials and Methods > 3.3. Preparing Protein and Ligands,method,research,,,Preparing Protein and Ligands
39795157_sec16,39795157,AI-based Modeling & Design,3. Materials and Methods > 3.4. Structure-Based Virtual Screening by Molecular Docking,method,research,,,Structure-Based Virtual Screening by Molecular Docking
39795157_sec17,39795157,AI-based Modeling & Design,3. Materials and Methods > 3.5. Molecular Docking of Natural Stilbenoids,method,research,,,Molecular Docking of Natural Stilbenoids
39795157_sec18,39795157,AI-based Modeling & Design,3. Materials and Methods > 3.6. MM-GBSA Binding Free Energy Calculation,method,research,,,MM-GBSA Binding Free Energy Calculation
39795157_sec19,39795157,AI-based Modeling & Design,3. Materials and Methods > 3.7. MD Simulation Analysis,method,research,,,MD Simulation Analysis
39795157_sec20,39795157,AI-based Modeling & Design,3. Materials and Methods > 3.8. Ligand-Based Virtual Screening Using a Pharmacophore Model,method,research,,,Ligand-Based Virtual Screening Using a Pharmacophore Model
39795157_sec21,39795157,AI-based Modeling & Design,3. Materials and Methods > 3.9. Prediction of Pharmacokinetic and Toxicological Properties,method,research,,,Prediction of Pharmacokinetic and Toxicological Properties
39795157_sec22,39795157,AI-based Modeling & Design,3. Materials and Methods > 3.10. Biological Assay,method,research,,,Biological Assay
39795157_sec23,39795157,AI-based Modeling & Design,4. Conclusions,discussion,research,,,Conclusions
39796080_sec0,39796080,AI-based Modeling & Design,abstract,abstract,research,,,Abstract
39796080_sec1,39796080,AI-based Modeling & Design,1. Introduction,introduction,research,,,Introduction
39796080_sec3,39796080,AI-based Modeling & Design,2. Results > 2.1. Drug-Induced Gene Expression Ranking Analysis (DIGERA),result,research,,,Drug-Induced Gene Expression Ranking Analysis(DIGERA)
39796080_sec4,39796080,AI-based Modeling & Design,2. Results > 2.2. Generation of Numerical Features in DIGERA,result,research,,,Generation of Numerical Features in DIGERA
39796080_sec5,39796080,AI-based Modeling & Design,2. Results > 2.3. Model Evaluation in DIGERA,result,research,,,Model Evaluation in DIGERA
39796080_sec6,39796080,AI-based Modeling & Design,2. Results > 2.4. Model Performance Comparison in DIGERA for Single Cell Lines,result,research,,,Model Performance Comparison in DIGERA for Single Cell Lines
39796080_sec7,39796080,AI-based Modeling & Design,2. Results > 2.5. Model Performance Comparison in DIGERA for Multiple Cell Lines,result,research,,,Model Performance Comparison in DIGERA for Multiple Cell Lines
39796080_sec8,39796080,AI-based Modeling & Design,2. Results > 2.6. Application of DIGERA to De Novo Design for PARP1 Inhibitors,result,research,,,Application of DIGERA to De Novo Design for PARP1 Inhibitors
39796080_sec9,39796080,AI-based Modeling & Design,3. Discussion,discussion,research,,,Discussion
39796080_sec11,39796080,AI-based Modeling & Design,4. Materials and Methods > 4.1. The LINCS L1000 Gene Expression Datasets in DIGERA,method,research,,,The LINCS L1000 Gene Expression Datasets in DIGERA
39796080_sec12,39796080,AI-based Modeling & Design,4. Materials and Methods > 4.2. Numerical Features in DIGERA,method,research,,,Numerical Features in DIGERA
39796080_sec13,39796080,AI-based Modeling & Design,4. Materials and Methods > 4.3. Machine Learning in DIGERA,method,research,,,Machine Learning in DIGERA
39796080_sec14,39796080,AI-based Modeling & Design,4. Materials and Methods > 4.4. PARP1 Classification Models,method,research,,,PARP1 Classification Models
39796080_sec15,39796080,AI-based Modeling & Design,4. Materials and Methods > 4.5. Scoring-Assisted Generative Exploration (SAGE),method,research,,,Scoring-Assisted Generative Exploration(SAGE)
39796080_sec16,39796080,AI-based Modeling & Design,4. Materials and Methods > 4.6. Molecular Simulations,method,research,,,Molecular Simulations
39737570_sec0,39737570,AI-based Modeling & Design,abstract,abstract,research,,,Abstract
39737570_sec1,39737570,AI-based Modeling & Design,Introduction,introduction,research,,,Introduction
39737570_sec2,39737570,AI-based Modeling & Design,Materials and methods,method,research,570591947015,,Materials and methods
39737570_sec3,39737570,AI-based Modeling & Design,Materials and methods > Data preparation,method,research,,,Data preparation
39737570_sec4,39737570,AI-based Modeling & Design,Materials and methods > Molecular feature extraction,method,research,,,Molecular feature extraction
39737570_sec5,39737570,AI-based Modeling & Design,Materials and methods > Construction of ML models for LBVS,method,research,,,Construction of ML models for LBVS
39737570_sec6,39737570,AI-based Modeling & Design,Materials and methods > Model evaluation,method,research,,,Model evaluation
39737570_sec7,39737570,AI-based Modeling & Design,Materials and methods > Reference strain and clinical isolates,method,research,,,Reference strain and clinical isolates
39737570_sec8,39737570,AI-based Modeling & Design,Materials and methods > Determination of the minimum inhibitory concentration of selected compounds,method,research,,,Determination of the minimum inhibitory concentration of selected compounds
39737570_sec9,39737570,AI-based Modeling & Design,Materials and methods > Time–kill curves,method,research,,,Time–kill curves
39737570_sec10,39737570,AI-based Modeling & Design,Materials and methods > Intracellular killing and concentration–kill assays,method,research,,,Intracellular killing and concentration–kill assays
39737570_sec11,39737570,AI-based Modeling & Design,Materials and methods > Molecular docking,method,research,,,Molecular docking
39737570_sec12,39737570,AI-based Modeling & Design,Materials and methods > Molecular dynamics simulation,method,research,,,Molecular dynamics simulation
39737570_sec13,39737570,AI-based Modeling & Design,Materials and methods > Surface plasmon resonance analysis,method,research,,,Surface plasmon resonance analysis
39737570_sec15,39737570,AI-based Modeling & Design,Results > Molecular property distribution analysis,result,research,97392121763;885825125427,,Molecular property distribution analysis
39737570_sec16,39737570,AI-based Modeling & Design,Results > Construction and validation of ML models for LBVS,result,research,189927321087,TB1;TB2,Construction and validation of ML models for LBVS
39737570_sec17,39737570,AI-based Modeling & Design,Results > Screening of anti-Mtb compounds in the DrugBank database,result,research,,TB3;TB4,Screening of anti-Mtb compounds in the DrugBank database
39737570_sec18,39737570,AI-based Modeling & Design,Results > MIC values of the selected candidates against Mtb reference strain H37Rv and MDR-TB isolates,result,research,,TB5,MIC values of the selected candidates against Mtb reference strain H37Rv and MDR-TB isolates
39737570_sec19,39737570,AI-based Modeling & Design,Results > Time–kill curve assessments,result,research,837901365244,,Time–kill curve assessments
39737570_sec20,39737570,AI-based Modeling & Design,Results > Intracellular bacterial effect of aldoxorubicin and quarfloxin,result,research,725738289309,,Intracellular bacterial effect of aldoxorubicin and quarfloxin
39737570_sec21,39737570,AI-based Modeling & Design,Results > Protein–ligand binding analysis,result,research,882298824172,TB6;TB7,Protein–ligand binding analysis
39737570_sec22,39737570,AI-based Modeling & Design,Results > Analysis of the molecular dynamics simulation,result,research,819912142884,,Analysis of the molecular dynamics simulation
39737570_sec23,39737570,AI-based Modeling & Design,Results > Assessment of binding capacity by surface plasmon resonance,result,research,342903094414,,Assessment of binding capacity by surface plasmon resonance
39737570_sec24,39737570,AI-based Modeling & Design,Conclusion and discussion,discussion,research,,,Conclusion and discussion
39737570_sec25,39737570,AI-based Modeling & Design,Supplementary Material,other,research,,,Supplementary Material
40074429_sec1,40074429,AI-based Modeling & Design,Abbreviations,other,research,,,Abbreviations
40074429_sec2,40074429,AI-based Modeling & Design,Introduction,introduction,research,573236601750,,Introduction
40074429_sec4,40074429,AI-based Modeling & Design,Method and Materials > Protein preparation,method,research,689125110435,,Protein preparation
40074429_sec5,40074429,AI-based Modeling & Design,Method and Materials > Curation and preparation of compound library,method,research,182801256578,,Curation and preparation of compound library
40074429_sec6,40074429,AI-based Modeling & Design,Method and Materials > Protein binding site identification and grid box generation,method,research,,,Protein binding site identification and grid box generation
40074429_sec7,40074429,AI-based Modeling & Design,Method and Materials > Virtual screening,method,research,,,Virtual screening
40074429_sec8,40074429,AI-based Modeling & Design,Method and Materials > Pharmacokinetics analysis,method,research,,,Pharmacokinetics analysis
40074429_sec9,40074429,AI-based Modeling & Design,Method and Materials > Toxicity analysis,method,research,,,Toxicity analysis
40074429_sec10,40074429,AI-based Modeling & Design,Method and Materials > Molecular dynamics simulation,method,research,,,Molecular dynamics simulation
40074429_sec12,40074429,AI-based Modeling & Design,Results and discussion > Binding site identification and grid box generation,result,research,,,Binding site identification and grid box generation
40074429_sec13,40074429,AI-based Modeling & Design,Results and discussion > Virtual screening-based molecular docking,result,research,,t0005,Virtual screening-based molecular docking
40074429_sec14,40074429,AI-based Modeling & Design,Results and discussion > Virtual screening-based molecular docking > Protein-ligand interactions,result,research,4905739885;214601593186;386418773304,t0010,Protein-ligand interactions
40074429_sec15,40074429,AI-based Modeling & Design,Results and discussion > Pharmacokinetic properties,result,research,,t0015,Pharmacokinetic properties
40074429_sec16,40074429,AI-based Modeling & Design,Results and discussion > Toxicological evaluation,result,research,,t0020,Toxicological evaluation
40074429_sec17,40074429,AI-based Modeling & Design,Results and discussion > Molecular dynamics simulation,result,research,99003884670;414627319678,,Molecular dynamics simulation
40074429_sec18,40074429,AI-based Modeling & Design,Results and discussion > Molecular dynamics simulation > Structural stability and compactness assessment through RMSD analysis,result,research,,,Structural stability and compactness assessment through RMSD analysis
40074429_sec19,40074429,AI-based Modeling & Design,Results and discussion > Molecular dynamics simulation > RMSF analysis,result,research,,,RMSF analysis
40074429_sec20,40074429,AI-based Modeling & Design,Results and discussion > Molecular dynamics simulation > Radius of gyration (Rg) analysis,result,research,,,Radius of gyration(Rg)analysis
40074429_sec21,40074429,AI-based Modeling & Design,Results and discussion > Molecular dynamics simulation > SASA analysis,result,research,,,SASA analysis
40074429_sec22,40074429,AI-based Modeling & Design,Results and discussion > Molecular dynamics simulation > Hydrogen bonds analysis,result,research,,,Hydrogen bonds analysis
40074429_sec23,40074429,AI-based Modeling & Design,Results and discussion > Molecular dynamics simulation > MM-PBSA binding energy calculation,result,research,,,MM-PBSA binding energy calculation
40074429_sec24,40074429,AI-based Modeling & Design,Conclusion,discussion,research,,,Conclusion
40074429_sec25,40074429,AI-based Modeling & Design,CRediT authorship contribution statement,other,research,,,CRediT authorship contribution statement
40074429_sec26,40074429,AI-based Modeling & Design,Funding,other,research,,,Funding
40074429_sec27,40074429,AI-based Modeling & Design,Declaration of Competing Interest,other,research,,,Declaration of Competing Interest
39796007_sec0,39796007,AI-based Modeling & Design,abstract,abstract,research,,,Abstract
39796007_sec1,39796007,AI-based Modeling & Design,1. Introduction,introduction,research,,,Introduction
39796007_sec3,39796007,AI-based Modeling & Design,2. Results > 2.1. Identification of Compounds,result,research,,,Identification of Compounds
39796007_sec4,39796007,AI-based Modeling & Design,2. Results > 2.2. In Vitro Validation Assays,result,research,,,In Vitro Validation Assays
39796007_sec5,39796007,AI-based Modeling & Design,2. Results > 2.3. Cell Viability,result,research,,,Cell Viability
39796007_sec6,39796007,AI-based Modeling & Design,3. Discussion,discussion,research,,,Discussion
39796007_sec8,39796007,AI-based Modeling & Design,4. Materials and Methods > 4.1. Virtual Screening,method,research,,,Virtual Screening
39796007_sec9,39796007,AI-based Modeling & Design,4. Materials and Methods > 4.2. Source of Small Molecules,method,research,,,Source of Small Molecules
39796007_sec10,39796007,AI-based Modeling & Design,4. Materials and Methods > 4.3. Binding Assays,method,research,,,Binding Assays
39796007_sec11,39796007,AI-based Modeling & Design,4. Materials and Methods > 4.4. Cell Culture,method,research,,,Cell Culture
39796007_sec12,39796007,AI-based Modeling & Design,4. Materials and Methods > 4.5. Cytotoxicity—Presto Blue TM Viability Assay,method,research,,,Cytotoxicity—Presto Blue TM Viability Assay
39796007_sec13,39796007,AI-based Modeling & Design,5. Conclusions,discussion,research,,,Conclusions
39744090_sec0,39744090,AI-based Modeling & Design,abstract,abstract,research,,,Abstract
39744090_sec1,39744090,AI-based Modeling & Design,INTRODUCTION,introduction,research,,,INTRODUCTION
39744090_sec3,39744090,AI-based Modeling & Design,RESULTS > Efficient combination of multiple mutations guided by the fine‐tuned model,result,research,196557674186;307969364234;927355195892,,Efficient combination of multiple mutations guided by the fine‐tuned model
39744090_sec4,39744090,AI-based Modeling & Design,RESULTS > Thermodynamic and kinetic stability of the best‐stabilized variant,result,research,,mlf212151-tbl-0001,Thermodynamic and kinetic stability of the best‐stabilized variant
39744090_sec5,39744090,AI-based Modeling & Design,RESULTS > Molecular mechanisms underlying higher thermostability of 13M4,result,research,52410608806;829939141818,,Molecular mechanisms underlying higher thermostability of 13M4
39744090_sec6,39744090,AI-based Modeling & Design,RESULTS > Epistatic effects of mutations captured by the fine‐tuned Pro‐PRIME model,result,research,40414349075,,Epistatic effects of mutations captured by the fine‐tuned Pro‐PRIME model
39744090_sec7,39744090,AI-based Modeling & Design,DISCUSSION,discussion,research,,,DISCUSSION
39744090_sec9,39744090,AI-based Modeling & Design,MATERIALS AND METHODS > Materials,method,research,,,Materials
39744090_sec10,39744090,AI-based Modeling & Design,MATERIALS AND METHODS > Protein expression and purification,method,research,,,Protein expression and purification
39744090_sec11,39744090,AI-based Modeling & Design,MATERIALS AND METHODS > Activity assay,method,research,,,Activity assay
39744090_sec12,39744090,AI-based Modeling & Design,MATERIALS AND METHODS > Thermodynamic stability analysis,method,research,,,Thermodynamic stability analysis
39744090_sec13,39744090,AI-based Modeling & Design,MATERIALS AND METHODS > Kinetic stability analysis,method,research,,,Kinetic stability analysis
39744090_sec14,39744090,AI-based Modeling & Design,MATERIALS AND METHODS > Kinetic parameters,method,research,,,Kinetic parameters
39744090_sec15,39744090,AI-based Modeling & Design,MATERIALS AND METHODS > Fine‐tuning of the Pro‐PRIME,method,research,,,Fine‐tuning of the Pro‐PRIME
39744090_sec16,39744090,AI-based Modeling & Design,MATERIALS AND METHODS > Molecular dynamics simulations,method,research,,,Molecular dynamics simulations
39744090_sec17,39744090,AI-based Modeling & Design,MATERIALS AND METHODS > Dynamics cross‐correlation matrix,method,research,,,Dynamics cross‐correlation matrix
39744090_sec18,39744090,AI-based Modeling & Design,AUTHOR CONTRIBUTIONS,other,research,,,AUTHOR CONTRIBUTIONS
39707350_sec0,39707350,AI-based Modeling & Design,abstract,abstract,research,,,Abstract
39707350_sec1,39707350,AI-based Modeling & Design,Introduction,introduction,research,,,Introduction
39707350_sec4,39707350,AI-based Modeling & Design,"Materials and methods > Pharmacophore construction, validation, and screening > Ligands collection",method,research,,,Ligands collection
39707350_sec5,39707350,AI-based Modeling & Design,"Materials and methods > Pharmacophore construction, validation, and screening > Ligands clustering",method,research,,,Ligands clustering
39707350_sec6,39707350,AI-based Modeling & Design,"Materials and methods > Pharmacophore construction, validation, and screening > Pharmacophore model construction",method,research,,,Pharmacophore model construction
39707350_sec7,39707350,AI-based Modeling & Design,"Materials and methods > Pharmacophore construction, validation, and screening > Pharmacophore-based screening of the library",method,research,,,Pharmacophore-based screening of the library
39707350_sec9,39707350,AI-based Modeling & Design,Materials and methods > Molecular docking > Structure preparation,method,research,,,Structure preparation
39707350_sec10,39707350,AI-based Modeling & Design,Materials and methods > Molecular docking > ICM Pro,method,research,,,ICM Pro
39707350_sec11,39707350,AI-based Modeling & Design,Materials and methods > Molecular docking > Autodock Vina,method,research,,,Autodock Vina
39707350_sec12,39707350,AI-based Modeling & Design,Materials and methods > Molecular docking > Ensemble docking,method,research,,,Ensemble docking
39707350_sec13,39707350,AI-based Modeling & Design,Materials and methods > Molecular docking > Consensus docking,method,research,,,Consensus docking
39707350_sec14,39707350,AI-based Modeling & Design,Materials and methods > MM/PBSA,method,research,,,MM/PBSA
39707350_sec15,39707350,AI-based Modeling & Design,Materials and methods > Molecular dynamics simulations,method,research,,,Molecular dynamics simulations
39707350_sec16,39707350,AI-based Modeling & Design,Materials and methods > Calculation of ADME-Tox parameters,method,research,,,Calculation of ADME-Tox parameters
39707350_sec17,39707350,AI-based Modeling & Design,Materials and methods > In Vitro IC 50 evaluation,method,research,,,In Vitro IC 50 evaluation
39707350_sec20,39707350,AI-based Modeling & Design,"Results and discussion > Pharmacophore model construction, validation, and screening > Ligands collection and clustering",result,research,,,Ligands collection and clustering
39707350_sec21,39707350,AI-based Modeling & Design,"Results and discussion > Pharmacophore model construction, validation, and screening > Pharmacophore model construction",result,research,628127945736,,Pharmacophore model construction
39707350_sec22,39707350,AI-based Modeling & Design,"Results and discussion > Pharmacophore model construction, validation, and screening > Pharmacophore-based screening of library",result,research,,Tab1,Pharmacophore-based screening of library
39707350_sec23,39707350,AI-based Modeling & Design,Results and discussion > Molecular docking analysis,result,research,,,Molecular docking analysis
39707350_sec24,39707350,AI-based Modeling & Design,Results and discussion > Molecular docking analysis > Ensemble docking,result,research,,,Ensemble docking
39707350_sec25,39707350,AI-based Modeling & Design,Results and discussion > Molecular docking analysis > Consensus docking,result,research,,,Consensus docking
39707350_sec26,39707350,AI-based Modeling & Design,Results and discussion > MM/PBSA,result,research,,,MM/PBSA
39707350_sec27,39707350,AI-based Modeling & Design,Results and discussion > Molecular Dynamics,result,research,,,Molecular Dynamics
39707350_sec28,39707350,AI-based Modeling & Design,Results and discussion > ADME-Tox prediction,result,research,,Tab2,ADME-Tox prediction
39707350_sec29,39707350,AI-based Modeling & Design,Results and discussion > In Vitro IC 50 evaluation,result,research,77617098013,,In Vitro IC 50 evaluation
39707350_sec30,39707350,AI-based Modeling & Design,Results and discussion > Long molecular dynamics analysis of ID11 and ID35,result,research,401828439329;901449792041,,Long molecular dynamics analysis of ID11 and ID35
39707350_sec31,39707350,AI-based Modeling & Design,Conclusion,discussion,research,,,Conclusion
39707350_sec32,39707350,AI-based Modeling & Design,Supplementary Information,other,research,,,Supplementary Information
39696768_sec0,39696768,AI-based Modeling & Design,abstract,abstract,research,,,Abstract
39696768_sec1,39696768,AI-based Modeling & Design,Introduction,introduction,research,,,Introduction
39696768_sec3,39696768,AI-based Modeling & Design,Method > Overview of DiffInt,introduction,research,22934502668,,Overview of DiffInt
39696768_sec4,39696768,AI-based Modeling & Design,Method > Diffusion Process,method,research,,,Diffusion Process
39696768_sec5,39696768,AI-based Modeling & Design,Method > Generative Process,method,research,,,Generative Process
39696768_sec6,39696768,AI-based Modeling & Design,Method > Variational Lower Bound,method,research,,,Variational Lower Bound
39696768_sec7,39696768,AI-based Modeling & Design,Method > E(3)-Equivariant Graph Neural Network,method,research,,,E(3)-Equivariant Graph Neural Network
39696768_sec8,39696768,AI-based Modeling & Design,Method > Interaction Particles,method,research,814419847670,,Interaction Particles
39696768_sec9,39696768,AI-based Modeling & Design,Method > Data Construction,method,research,,,Data Construction
39696768_sec10,39696768,AI-based Modeling & Design,Method > Training Setting,method,research,,,Training Setting
39696768_sec11,39696768,AI-based Modeling & Design,Method > Baselines,method,research,,,Baselines
39696768_sec12,39696768,AI-based Modeling & Design,Method > Evaluation Metrics,method,research,,,Evaluation Metrics
39696768_sec13,39696768,AI-based Modeling & Design,Experimental Results and Discussion,result,research,14898255633,tbl1,Experimental Results and Discussion
39696768_sec14,39696768,AI-based Modeling & Design,Experimental Results and Discussion > Reconstruction of Hydrogen Bonds,result,research,783872584650,,Reconstruction of Hydrogen Bonds
39696768_sec15,39696768,AI-based Modeling & Design,Experimental Results and Discussion > Hydrogen Binding Energy,result,research,212868497817;725412670381,,Hydrogen Binding Energy
39696768_sec16,39696768,AI-based Modeling & Design,Experimental Results and Discussion > Substructure Analysis,result,research,782082530250;845216291177,,Substructure Analysis
39696768_sec17,39696768,AI-based Modeling & Design,Experimental Results and Discussion > Atom-Type Analysis,result,research,,tbl2,Atom-Type Analysis
39696768_sec18,39696768,AI-based Modeling & Design,Conclusions,discussion,research,,,Conclusions
39700339_sec0,39700339,AI-based Modeling & Design,abstract,abstract,research,,,Abstract
39700339_sec1,39700339,AI-based Modeling & Design,Introduction,introduction,research,107526793355;946377123391,,Introduction
39700339_sec2,39700339,AI-based Modeling & Design,Results and Discussion,result,research,102190781152,,Results and Discussion
39700339_sec3,39700339,AI-based Modeling & Design,Results and Discussion > Shape-Based Screening,result,research,114630480363,,Shape-Based Screening
39700339_sec4,39700339,AI-based Modeling & Design,Results and Discussion > 2D Structural “Dissimilarity” 53 Filter,result,research,,,2D Structural “Dissimilarity” 53 Filter
39700339_sec5,39700339,AI-based Modeling & Design,Results and Discussion > Docking and Visual Inspection Analyses,result,research,285925831764,,Docking and Visual Inspection Analyses
39700339_sec6,39700339,AI-based Modeling & Design,"Results and Discussion > Enzymatic Inhibition Assays for VS Experimental Validation and
Discussion on the VS Approach",result,research,96666335429;409814281332;725246914834,tbl1,Enzymatic Inhibition Assays for VS Experimental Validation and Discussion on the VS Approach
39700339_sec7,39700339,AI-based Modeling & Design,Conclusions,discussion,research,,,Conclusions
39700339_sec9,39700339,AI-based Modeling & Design,Experimental Section > Computational Programs,method,research,,,Computational Programs
39700339_sec10,39700339,AI-based Modeling & Design,Experimental Section > Protein Structure Preparation for the Virtual Screening Procedures,method,research,,,Protein Structure Preparation for the Virtual Screening Procedures
39700339_sec11,39700339,AI-based Modeling & Design,Experimental Section > Compounds Database Preparation,method,research,,,Compounds Database Preparation
39700339_sec12,39700339,AI-based Modeling & Design,Experimental Section > Shape-Based Model Generation and Screening Procedures,method,research,,,Shape-Based Model Generation and Screening Procedures
39700339_sec13,39700339,AI-based Modeling & Design,Experimental Section > 2D Structural “Dissimilarity” 53 Filter,method,research,,,2D Structural “Dissimilarity” 53 Filter
39700339_sec14,39700339,AI-based Modeling & Design,Experimental Section > Docking and Visual Inspection Procedures,method,research,,,Docking and Visual Inspection Procedures
39700339_sec15,39700339,AI-based Modeling & Design,Experimental Section > h15-LOX-2 Expression and Purification,method,research,,,h15-LOX-2 Expression and Purification
39700339_sec16,39700339,AI-based Modeling & Design,Experimental Section > Enzymatic Assays,method,research,,,Enzymatic Assays
39700339_sec17,39700339,AI-based Modeling & Design,Experimental Section > Purity Statement,method,research,,,Purity Statement
39700339_sec18,39700339,AI-based Modeling & Design,Experimental Section > Turbidimetric Assays for Solubility Estimations,method,research,,,Turbidimetric Assays for Solubility Estimations
39696643_sec0,39696643,AI-based Modeling & Design,abstract,abstract,research,,,Abstract
39696643_sec1,39696643,AI-based Modeling & Design,Introduction,introduction,research,,,Introduction
39696643_sec3,39696643,AI-based Modeling & Design,Methods > Crystal structures of BRD4 (BD1) complexes,method,research,293307434075,,Crystal structures of BRD4(BD1)complexes
39696643_sec4,39696643,AI-based Modeling & Design,Methods > Preparation of ligands,method,research,274734565129,,Preparation of ligands
39696643_sec5,39696643,AI-based Modeling & Design,Methods > Molecular docking,method,research,,,Molecular docking
39696643_sec6,39696643,AI-based Modeling & Design,Methods > Scoring functions,method,research,,,Scoring functions
39696643_sec7,39696643,AI-based Modeling & Design,Methods > In silico molecular properties of ligands,method,research,,,In silico molecular properties of ligands
39696643_sec8,39696643,AI-based Modeling & Design,Methods > Molecular dynamic simulation,method,research,,,Molecular dynamic simulation
39696643_sec10,39696643,AI-based Modeling & Design,Results and discussions > Assessment of docking methods,result,research,,Tab1,Assessment of docking methods
39696643_sec11,39696643,AI-based Modeling & Design,Results and discussions > Assessment of scoring functions,result,research,19314627377;488657521630;954797383061,Tab2,Assessment of scoring functions
39696643_sec12,39696643,AI-based Modeling & Design,Results and discussions > Assessment of in silico molecular properties,result,research,,Tab3,Assessment of in silico molecular properties
39696643_sec13,39696643,AI-based Modeling & Design,Results and discussions > Molecular interaction analysis,result,research,354453212663,,Molecular interaction analysis
39696643_sec14,39696643,AI-based Modeling & Design,Results and discussions > MD simulation,result,research,605036372093,,MD simulation
39696643_sec15,39696643,AI-based Modeling & Design,Conclusions,discussion,research,,,Conclusions
39696643_sec16,39696643,AI-based Modeling & Design,Electronic Supplementary Material,other,research,,,Electronic Supplementary Material
39771585_sec0,39771585,AI-based Modeling & Design,abstract,abstract,research,,,Abstract
39771585_sec1,39771585,AI-based Modeling & Design,1. Introduction,introduction,research,,,Introduction
39771585_sec3,39771585,AI-based Modeling & Design,2. Materials and Methods > 2.1. Materials and Software,method,research,,,Materials and Software
39771585_sec4,39771585,AI-based Modeling & Design,2. Materials and Methods > 2.2. Database Preparation,method,research,,,Database Preparation
39771585_sec5,39771585,AI-based Modeling & Design,2. Materials and Methods > 2.3. Shape Screening,method,research,,,Shape Screening
39771585_sec6,39771585,AI-based Modeling & Design,2. Materials and Methods > 2.4. Crystal Structures,method,research,,,Crystal Structures
39771585_sec7,39771585,AI-based Modeling & Design,2. Materials and Methods > 2.5. Protein Preparation,method,research,,,Protein Preparation
39771585_sec8,39771585,AI-based Modeling & Design,2. Materials and Methods > 2.6. Ligand Library Preparation,method,research,,,Ligand Library Preparation
39771585_sec9,39771585,AI-based Modeling & Design,2. Materials and Methods > 2.7. Validation of Molecular Docking,method,research,,,Validation of Molecular Docking
39771585_sec10,39771585,AI-based Modeling & Design,2. Materials and Methods > 2.8. Virtual Screening,method,research,,,Virtual Screening
39771585_sec11,39771585,AI-based Modeling & Design,2. Materials and Methods > 2.9. Docked Poses Filter,method,research,,,Docked Poses Filter
39771585_sec12,39771585,AI-based Modeling & Design,2. Materials and Methods > 2.10. Molecular Dynamics,method,research,,,Molecular Dynamics
39771585_sec13,39771585,AI-based Modeling & Design,2. Materials and Methods > 2.11. ADMET Profiling,method,research,,,ADMET Profiling
39771585_sec14,39771585,AI-based Modeling & Design,3. Results and Discussion,result,research,,,Results and Discussion
39771585_sec16,39771585,AI-based Modeling & Design,3. Results and Discussion > 3.1. Database Preparation for Virtual Screening > 3.1.1. Physicochemical Parameters and Drug-Likeness,result,research,,,Physicochemical Parameters and Drug-Likeness
39771585_sec17,39771585,AI-based Modeling & Design,3. Results and Discussion > 3.1. Database Preparation for Virtual Screening > 3.1.2. Shape Screening,result,research,,,Shape Screening
39771585_sec18,39771585,AI-based Modeling & Design,3. Results and Discussion > 3.2. Virtual Screening,result,research,,,Virtual Screening
39771585_sec19,39771585,AI-based Modeling & Design,3. Results and Discussion > 3.3. Molecular Dynamics,result,research,,,Molecular Dynamics
39771585_sec20,39771585,AI-based Modeling & Design,3. Results and Discussion > 3.4. Literature Analysis,result,research,,,Literature Analysis
39771585_sec21,39771585,AI-based Modeling & Design,3. Results and Discussion > 3.5. Scaffolds Identification for GLP-1 Allosteric Modulation,result,research,,,Scaffolds Identification for GLP-1 Allosteric Modulation
39771585_sec22,39771585,AI-based Modeling & Design,3. Results and Discussion > 3.6. ADMET and Drug-Likeness Profiling,result,research,,,ADMET and Drug-Likeness Profiling
39771585_sec23,39771585,AI-based Modeling & Design,4. Conclusions,discussion,research,,,Conclusions
39689077_sec0,39689077,AI-based Modeling & Design,abstract,abstract,research,,,Abstract
39689077_sec1,39689077,AI-based Modeling & Design,1. Introduction,introduction,research,,,Introduction
39689077_sec2,39689077,AI-based Modeling & Design,2. Methods,method,research,143504275422,,Methods
39689077_sec3,39689077,AI-based Modeling & Design,2. Methods > 2.1. Screening library of phytochemicals from Indian medicinal plants,method,research,,,Screening library of phytochemicals from Indian medicinal plants
39689077_sec4,39689077,AI-based Modeling & Design,2. Methods > 2.2. First-phase screening based on drug-likeness and bioavailability score,method,research,,,First-phase screening based on drug-likeness and bioavailability score
39689077_sec5,39689077,AI-based Modeling & Design,2. Methods > 2.3. Toxicity profiling,method,research,,,Toxicity profiling
39689077_sec6,39689077,AI-based Modeling & Design,"2. Methods > 2.4. Ligand collection, retrieving, and preparation",method,research,,,"Ligand collection, retrieving, and preparation"
39689077_sec7,39689077,AI-based Modeling & Design,2. Methods > 2.5. Preparation of receptor protein,method,research,,,Preparation of receptor protein
39689077_sec8,39689077,AI-based Modeling & Design,2. Methods > 2.6. Molecular docking and validation of docking protocol,method,research,,,Molecular docking and validation of docking protocol
39689077_sec9,39689077,AI-based Modeling & Design,2. Methods > 2.7. Molecular dynamics simulation analyses,method,research,,,Molecular dynamics simulation analyses
39689077_sec10,39689077,AI-based Modeling & Design,2. Methods > 2.8. Lipinski’s rule of five and ADMET determination,method,research,,,Lipinski’s rule of five and ADMET determination
39689077_sec11,39689077,AI-based Modeling & Design,2. Methods > 2.9. DFT optimization,method,research,75912892840,,DFT optimization
39689077_sec13,39689077,AI-based Modeling & Design,3. Results and discussion > 3.1. In silico chemical profiling and compound library,result,research,,,In silico chemical profiling and compound library
39689077_sec14,39689077,AI-based Modeling & Design,3. Results and discussion > 3.2. Molecular docking and non-bonding interaction analysis,result,research,791235647924,pone.0311401.t001,Molecular docking and non-bonding interaction analysis
39689077_sec15,39689077,AI-based Modeling & Design,3. Results and discussion > 3.3. Molecular dynamics simulation analyses,result,research,,,Molecular dynamics simulation analyses
39689077_sec16,39689077,AI-based Modeling & Design,3. Results and discussion > 3.3. Molecular dynamics simulation analyses > 3.3.1. Root mean square deviation analysis,result,research,772185608259,,Root mean square deviation analysis
39689077_sec17,39689077,AI-based Modeling & Design,3. Results and discussion > 3.3. Molecular dynamics simulation analyses > 3.3.2. Root mean square fluctuation analysis,result,research,,,Root mean square fluctuation analysis
39689077_sec18,39689077,AI-based Modeling & Design,3. Results and discussion > 3.3. Molecular dynamics simulation analyses > 3.3.3. Radius of gyration analysis,result,research,,,Radius of gyration analysis
39689077_sec19,39689077,AI-based Modeling & Design,3. Results and discussion > 3.3. Molecular dynamics simulation analyses > 3.3.4. Hydrogen bond analysis,result,research,743666180759,pone.0311401.t002,Hydrogen bond analysis
39689077_sec20,39689077,AI-based Modeling & Design,3. Results and discussion > 3.3. Molecular dynamics simulation analyses > 3.3.5. Principal component analysis and energy landscape analysis,result,research,643638578629,,Principal component analysis and energy landscape analysis
39689077_sec21,39689077,AI-based Modeling & Design,3. Results and discussion > 3.3. Molecular dynamics simulation analyses > 3.3.6. Dynamic cross‑ correlation matrix analysis,result,research,972728356683,,Dynamic cross‑ correlation matrix analysis
39689077_sec22,39689077,AI-based Modeling & Design,3. Results and discussion > 3.3. Molecular dynamics simulation analyses > 3.3.7. Binding free energy calculation using MM-PBSA,result,research,908931517126,pone.0311401.t003,Binding free energy calculation using MM-PBSA
39689077_sec23,39689077,AI-based Modeling & Design,3. Results and discussion > 3.4. Lipinki’s rule analysis,result,research,,pone.0311401.t004,Lipinki’s rule analysis
39689077_sec24,39689077,AI-based Modeling & Design,3. Results and discussion > 3.5. ADMET analysis,result,research,,pone.0311401.t005,ADMET analysis
39689077_sec25,39689077,AI-based Modeling & Design,3. Results and discussion > 3.6. DFT based chemical descriptors and analysis,result,research,,,DFT based chemical descriptors and analysis
39689077_sec26,39689077,AI-based Modeling & Design,4. Conclusion,discussion,research,,,Conclusion
39689077_sec27,39689077,AI-based Modeling & Design,Supporting information,other,research,,,Supporting information
